source,scenario,index,prediction,log_q
aimnet2,0,0,-5.417281833087883,-5.372724232610843
aimnet2,0,1,-5.285953296899811,-5.173390163651256
aimnet2,0,2,-5.012907572507674,-5.184331055521742
aimnet2,0,6,-5.410564424019971,-5.438605443644139
aimnet2,0,7,-5.494668256080224,-5.5848793061064805
aimnet2,0,8,-5.329014606792686,-5.312523378516737
aimnet2,0,9,-5.58575132056108,-5.549987366474067
aimnet2,0,12,-5.626053079392672,-5.402337719714092
aimnet2,0,13,-5.523648452298471,-5.053363364329137
aimnet2,0,14,-5.342317583990074,-5.464760363595247
aimnet2,0,15,-5.429468985599123,-5.65378357981139
aimnet2,0,17,-5.266306433613342,-5.147590098450126
aimnet2,0,18,-5.2116124180262355,-5.434945801425561
aimnet2,0,20,-5.498644236692208,-5.733708535500034
aimnet2,0,21,-5.533198727663314,-5.251476283518177
aimnet2,0,22,-5.387127242875504,-5.632126610878444
aimnet2,0,23,-5.527951842090672,-5.535123245201877
aimnet2,0,24,-5.088296690951392,-5.393815126748994
aimnet2,0,25,-5.328609321363901,-5.317839277412656
aimnet2,0,26,-5.371110899201658,-5.417225172371327
aimnet2,0,27,-5.320723601029224,-4.921437364161125
aimnet2,0,28,-4.96623641583308,-5.5835286350505955
aimnet2,0,29,-5.4956632136862025,-5.67628847710049
aimnet2,0,30,-5.148101621983427,-5.152982948779283
aimnet2,0,31,-5.284515660022174,-5.353159462934683
aimnet2,0,32,-5.432838177033291,-5.546159865218795
aimnet2,0,33,-5.432880932597538,-5.523237926738467
aimnet2,0,34,-5.069223944378217,-4.971878272185973
aimnet2,0,35,-5.46769521201147,-5.511381584346434
aimnet2,0,36,-5.0944911203431555,-4.7001177399703975
aimnet2,0,37,-5.218994389892798,-5.300942480700879
aimnet2,0,38,-5.239544077151367,-5.193373817944595
aimnet2,0,39,-5.530101210380379,-5.380249666290927
aimnet2,0,40,-5.390115297606379,-5.312325114215727
aimnet2,0,41,-5.709605049931779,-5.554352000381106
aimnet2,0,43,-5.421150346631704,-5.74403081651759
aimnet2,0,45,-5.412784138002886,-5.409590297895745
aimnet2,0,46,-5.628711820564153,-5.650002754479142
aimnet2,0,47,-5.040286905098384,-5.253502466447039
aimnet2,0,48,-5.223697227259113,-5.303533547723591
aimnet2,0,49,-5.5100773030362165,-5.565001254606335
aimnet2,0,50,-5.481619477167577,-5.525498951379994
aimnet2,0,51,-5.589393429363339,-5.592056160048799
aimnet2,0,52,-5.492300121509946,-5.444696600521216
aimnet2,0,53,-5.156177180652605,-5.367024392687499
aimnet2,0,54,-5.494600463456072,-5.603409871610905
aimnet2,0,56,-5.677560346240965,-5.611806545466477
aimnet2,0,57,-5.162844844620732,-5.261839054500424
aimnet2,0,58,-5.279284561960298,-5.05047376381867
aimnet2,0,59,-5.497530913266478,-5.225900124865989
aimnet2,0,61,-4.707553622432759,-4.872981285209024
aimnet2,0,64,-5.165077707140606,-5.036822968922606
aimnet2,0,65,-5.68838607998579,-5.536808771056936
aimnet2,0,66,-5.534091240914659,-5.407882245234784
aimnet2,0,67,-5.43995245009126,-4.994703904549293
aimnet2,0,68,-5.3676151610517415,-5.232325010783006
aimnet2,0,69,-5.530894988067804,-5.598180151445376
aimnet2,0,70,-5.3896015769767045,-5.370446094507789
aimnet2,0,71,-5.463397535347346,-5.239245807824743
aimnet2,0,73,-5.2782319567517835,-5.351244874158206
aimnet2,0,74,-5.402615071288461,-5.309212628415856
aimnet2,0,75,-5.289504770421058,-5.307788813338263
aimnet2,0,76,-5.5238758182123044,-5.699522009458397
aimnet2,0,77,-5.6680310663213325,-5.745482479924512
aimnet2,0,78,-5.462182727085709,-5.643076949656063
aimnet2,0,79,-4.781119530272615,-5.145953721175492
aimnet2,0,80,-5.029947652499955,-5.083958892892617
aimnet2,0,81,-5.305602456415202,-5.336136840804357
aimnet2,0,82,-5.5399122535710195,-5.464224004559571
aimnet2,0,83,-5.384770990335452,-5.52132173050266
aimnet2,0,84,-5.505434880587631,-5.6236210735889625
aimnet2,0,85,-4.935806647835128,-5.359928004967614
aimnet2,0,86,-5.055986066636462,-5.203993799266519
aimnet2,0,87,-5.49606225462282,-5.510557541593907
aimnet2,0,88,-5.512648834651957,-5.432486903609702
aimnet2,0,89,-5.65660585615489,-5.843894346844065
aimnet2,0,90,-5.378879086880284,-5.45784379774007
aimnet2,0,91,-5.521713050030818,-5.975200381252627
aimnet2,0,92,-5.246904995872084,-5.386753097270403
aimnet2,0,93,-5.615846300686165,-5.27796079214405
aimnet2,0,94,-5.524346558158983,-5.480824035000479
aimnet2,0,95,-5.599529893257536,-5.764790992807606
aimnet2,0,96,-5.551228250252572,-5.547021986049547
aimnet2,0,97,-5.409514674806918,-5.347743982965059
aimnet2,0,99,-5.369408274201256,-5.451022650228904
aimnet2,0,100,-5.569465551029159,-5.461757226703689
aimnet2,0,101,-5.384877121063482,-5.605604568774007
aimnet2,0,102,-5.285454434749307,-5.450636602167011
aimnet2,0,103,-5.486512573741739,-5.530786694323643
aimnet2,0,104,-5.235872109652822,-5.323185761019616
aimnet2,0,105,-5.510519300085684,-5.501291267052328
aimnet2,0,106,-5.227703340079064,-5.392125995779289
aimnet2,0,107,-5.2298910595178345,-5.7391633747852095
aimnet2,0,108,-5.346273228997759,-5.380359596490985
aimnet2,0,109,-4.929126153550959,-5.128589296743392
aimnet2,0,110,-5.4255072915998745,-5.5978173934197155
aimnet2,0,112,-5.329886688902101,-5.393125114217836
aimnet2,0,113,-5.585415423344751,-5.489130241253836
aimnet2,0,115,-4.8818286199374,-4.511278301746551
aimnet2,0,117,-5.639760275654813,-5.301423879693686
aimnet2,0,119,-5.540068019872612,-5.439279411318974
aimnet2,0,121,-5.381740514461097,-5.1886813545942845
aimnet2,0,122,-5.307965802527342,-5.253442461108738
aimnet2,0,123,-5.07397218496543,-4.773601888240796
aimnet2,0,124,-5.472874398144542,-5.526810286307026
aimnet2,0,125,-5.365870718565787,-5.4366220086228125
aimnet2,0,126,-5.488841128024311,-5.400045781554361
aimnet2,0,127,-5.462993489220258,-5.069587637244509
aimnet2,0,128,-5.087510158354927,-5.007425267741833
aimnet2,0,129,-5.586814814013728,-5.602300367937373
aimnet2,0,130,-5.024593987240772,-5.235205239435205
aimnet2,0,131,-5.735267568283134,-5.686327913723324
aimnet2,0,133,-5.1491952541734936,-4.9371839362769165
aimnet2,0,134,-5.157113549395413,-5.344872309406169
aimnet2,0,135,-5.269333397346059,-5.407555390111369
aimnet2,0,136,-5.43194531949819,-5.475592763356625
aimnet2,0,137,-5.505789130678759,-5.312813858327038
aimnet2,0,138,-5.323260308403862,-5.352721812969321
aimnet2,0,139,-4.6871054709496525,-4.689039237277794
aimnet2,0,140,-5.540521482603508,-5.547669934593338
aimnet2,0,141,-5.212687166899003,-5.046367586549077
aimnet2,0,142,-5.446004659664545,-4.995308245706043
aimnet2,0,143,-5.31852580363218,-5.603069999368903
aimnet2,0,144,-5.47237944932883,-5.452776200893882
aimnet2,0,145,-5.230404256317589,-5.268022092733289
aimnet2,0,146,-4.67170316914739,-4.547550903563861
aimnet2,0,148,-5.357437590103498,-5.374742648393858
aimnet2,0,149,-5.441180212856325,-5.528673957677821
aimnet2,0,150,-5.435234381562069,-5.257007578250838
aimnet2,0,152,-5.462994731662703,-5.479609528586307
aimnet2,0,153,-5.3125122019640205,-5.140347847831682
aimnet2,0,154,-5.572224026602924,-5.611388410679835
aimnet2,0,156,-5.549313445172341,-5.691842132997852
aimnet2,0,158,-5.409129930498902,-5.334519578410709
aimnet2,0,159,-5.595956790620482,-5.370771806073659
aimnet2,0,161,-4.632694643795704,-4.578021334426945
aimnet2,0,162,-5.177517218051154,-4.817592486857587
aimnet2,0,163,-5.2814445928743945,-5.63502405595774
aimnet2,0,164,-5.432071580775383,-5.451543794755946
aimnet2,0,165,-4.989105576786725,-4.785866241078142
aimnet2,0,166,-5.454135923498599,-5.587318106269246
aimnet2,0,167,-5.572357721984911,-5.605731929622396
aimnet2,0,169,-5.299239685894956,-5.24900257375261
aimnet2,0,170,-5.486579332593804,-5.47662022984525
aimnet2,0,171,-4.900698723606384,-5.199195306210382
aimnet2,0,172,-5.704226943686454,-5.7560255391916595
aimnet2,0,174,-5.531840625086151,-5.717078838051809
aimnet2,0,176,-5.611140929983403,-5.784723942898407
aimnet2,0,179,-5.40122426704262,-5.028105910573627
aimnet2,0,182,-5.599721444314862,-5.6762080928297625
aimnet2,0,183,-5.361596467218359,-5.741092071303001
aimnet2,0,184,-5.571976344135634,-5.558214767094737
aimnet2,0,185,-4.845046007928525,-5.070495581064392
aimnet2,0,186,-5.124575545981579,-4.962029547670586
aimnet2,0,187,-5.4130727854003045,-5.564919869968188
aimnet2,0,188,-5.33785473268339,-5.439219676310085
aimnet2,0,189,-5.068780998245524,-4.981205616843451
aimnet2,0,191,-5.394950487856064,-5.236031689961966
aimnet2,0,192,-5.5124150191579195,-5.498348105282676
aimnet2,0,193,-5.247953322657471,-5.317902991537486
aimnet2,0,195,-5.165228460337921,-5.235605943690497
aimnet2,0,197,-5.270999714750639,-5.426783600748886
aimnet2,0,198,-5.051595775159496,-5.196718216144798
aimnet2,0,200,-5.506729981667095,-5.627571235266286
aimnet2,0,201,-4.96369558106167,-4.947127425001331
aimnet2,0,202,-5.584130886325678,-5.588513675867974
aimnet2,0,203,-5.488429022261089,-5.3496395789429245
aimnet2,0,204,-5.351610320611546,-5.487099656888084
aimnet2,0,205,-5.308993008684877,-5.150071588107035
aimnet2,0,206,-5.409209586994032,-5.5278389570215
aimnet2,0,208,-5.618473770458394,-5.7392226337806305
aimnet2,0,209,-5.55071094335113,-5.811659491886019
aimnet2,0,210,-4.798906029669277,-4.828606753125969
aimnet2,0,211,-5.049520060244656,-5.348742472571856
aimnet2,0,212,-5.419665533602577,-5.518020524705836
aimnet2,0,214,-5.486258709307923,-5.503476915878669
aimnet2,0,216,-5.418409084907803,-5.330846215265568
aimnet2,0,217,-5.423127971618797,-5.434147244532957
aimnet2,0,219,-5.5883329447524615,-5.730010340162701
aimnet2,0,220,-5.449700469107046,-5.459769060675295
aimnet2,0,222,-5.484023532957561,-5.275609911723172
aimnet2,0,223,-5.469875196904202,-5.331735088460581
aimnet2,0,224,-5.527162245446263,-5.297726152020296
aimnet2,0,225,-5.42837233660624,-5.529712075071553
aimnet2,0,227,-5.628051201376638,-5.739838316784169
aimnet2,0,228,-5.114936295690799,-5.341403892466203
aimnet2,0,229,-5.348431952473935,-5.442306427790781
aimnet2,0,230,-5.251573621392236,-5.347022333262565
aimnet2,0,231,-5.292396069035528,-5.262966507797739
aimnet2,0,234,-5.399137008823407,-5.497183439301357
aimnet2,0,235,-4.954505027973575,-4.900073783581338
aimnet2,0,236,-5.391741937436003,-5.29426307536911
aimnet2,0,237,-5.179187479307583,-5.352252565488371
aimnet2,0,239,-5.481664889078139,-5.732818394786253
aimnet2,0,240,-5.403490772380616,-5.6318585138496475
aimnet2,0,241,-5.695935614737143,-5.647785817550448
aimnet2,0,242,-5.569402773216743,-5.587502982544666
aimnet2,0,243,-5.0891559454269775,-5.104549545242282
aimnet2,0,244,-5.517345327050752,-5.492600091695736
aimnet2,0,246,-5.489569777979454,-5.593146678799094
aimnet2,0,247,-5.235603783060536,-5.422779438116641
aimnet2,0,248,-5.2944385991040095,-5.417512179017813
aimnet2,0,249,-5.372513077128359,-5.402589929801415
aimnet2,0,250,-5.520175678827906,-5.477875320189984
aimnet2,0,251,-5.418081637854945,-5.442219315658296
aimnet2,0,252,-5.619627044460774,-5.338740130015239
aimnet2,0,254,-5.530726944444564,-5.5137143137477285
aimnet2,0,255,-5.6470875679850705,-5.586661907780988
aimnet2,0,257,-5.171243771415768,-5.519513562185256
aimnet2,0,258,-5.524486595732372,-5.509171021854181
aimnet2,0,260,-5.411895896378604,-5.530606349438241
aimnet2,0,261,-5.498514273942996,-5.6224576099086585
aimnet2,0,262,-5.3864420933078945,-5.372363077123021
aimnet2,0,264,-5.460682268619987,-5.522216281152835
aimnet2,0,265,-5.505291539137031,-5.222532569998593
aimnet2,0,268,-5.525495497931567,-5.594329453222838
aimnet2,0,269,-5.401754501557853,-5.253592378931193
aimnet2,0,270,-5.409488134297295,-5.258210868714043
aimnet2,0,271,-5.397370232996999,-5.678338913056353
aimnet2,0,272,-5.42663043072905,-5.4216144517733
aimnet2,0,273,-5.5492565136849255,-5.354224369991203
aimnet2,0,274,-5.590156774855548,-5.492280957880179
aimnet2,0,275,-5.510674893842258,-5.632367524393885
aimnet2,0,277,-5.571891738325509,-5.556595526744151
aimnet2,0,278,-4.831216269180218,-5.079389995634856
aimnet2,0,279,-5.500616049649719,-5.489283478740967
aimnet2,0,280,-5.00985451789487,-5.115615542296415
aimnet2,0,281,-5.388471084266511,-4.701586512880528
aimnet2,0,282,-5.44193422299725,-5.646879477046828
aimnet2,0,283,-5.405876326823477,-5.221526064585837
aimnet2,0,284,-5.8196318917984975,-5.53357186323358
aimnet2,0,285,-5.49202134322154,-5.365404192703602
aimnet2,0,286,-5.573415510501669,-5.356033309095935
aimnet2,0,287,-5.6483312692007175,-5.483771926334646
aimnet2,0,288,-5.193588550144867,-5.325871103712689
aimnet2,0,289,-5.496533697665573,-5.550156457794799
aimnet2,0,290,-5.1509822980893025,-5.195547444028906
aimnet2,0,291,-5.274117858227632,-5.496978521015899
aimnet2,0,292,-5.094089836748943,-5.4468652894365785
aimnet2,0,294,-5.517102715842906,-5.35741021505413
aimnet2,0,296,-4.932887254607182,-5.064949266560845
aimnet2,0,297,-5.586404114753967,-5.632139392943627
aimnet2,0,299,-5.610232647639182,-5.572851607774535
aimnet2,0,301,-5.321921739893366,-5.529607127773994
aimnet2,0,305,-5.657686547504268,-5.578831999103095
aimnet2,0,306,-5.5683574120617285,-5.679985574314406
aimnet2,0,307,-5.225226841740743,-5.4162016628065
aimnet2,0,308,-5.46642743830203,-5.63901030247035
aimnet2,0,309,-5.050930962953465,-5.376981670569952
aimnet2,0,310,-4.906663073328805,-4.456895413195401
aimnet2,0,314,-5.319120289132535,-5.241751852084153
aimnet2,0,315,-5.382593024783059,-5.534644737226944
aimnet2,0,316,-5.03084494419154,-4.842110287569096
aimnet2,0,318,-5.388458940232018,-5.379463681055959
aimnet2,0,319,-5.425198441592829,-5.432020890344279
aimnet2,0,320,-5.28928067994896,-4.898678911787029
aimnet2,0,322,-5.5299378609272605,-5.493266410657896
aimnet2,0,324,-5.631042605417706,-5.801641177921579
aimnet2,0,325,-5.463779628015364,-5.51895200358178
aimnet2,0,326,-5.562492189653118,-5.494590642106562
aimnet2,0,329,-5.526669041365364,-5.585158764689474
aimnet2,0,330,-5.4468921621882656,-5.1814108880759555
aimnet2,0,332,-5.771101803107895,-5.782208540669737
aimnet2,0,333,-5.462683184222214,-5.453103148029049
aimnet2,0,334,-5.386443412539144,-5.44024203991508
aimnet2,0,335,-5.392142255302488,-5.502211139474667
aimnet2,0,338,-5.506619814550663,-5.43902767229296
aimnet2,0,339,-5.5020508212859065,-5.327280550107714
aimnet2,0,340,-5.434962346596603,-5.511150596747141
aimnet2,0,341,-5.616740049594778,-5.417100465436059
aimnet2,0,342,-5.3322328175939075,-5.369410085618494
aimnet2,0,343,-5.224913279680997,-5.045627768694704
aimnet2,0,344,-5.085773046267623,-5.2243376947636095
aimnet2,0,345,-5.441546912904793,-5.69249878618729
aimnet2,0,346,-5.686567506584544,-5.571303256542875
aimnet2,0,347,-5.004038900872451,-5.232057644209708
aimnet2,0,348,-5.434580336022793,-5.348380738725201
aimnet2,0,349,-5.4557673850167046,-5.285797341355624
aimnet2,0,350,-5.4561016973788865,-5.772125023848459
aimnet2,0,352,-5.623000072917349,-5.511076092673298
aimnet2,0,353,-5.297345349665337,-5.3021449803837415
aimnet2,0,354,-5.307758214182665,-5.316808100069723
aimnet2,0,355,-5.3512117384527595,-5.177134711460751
aimnet2,0,356,-5.41283572395796,-5.67889210965234
aimnet2,0,357,-5.574045583869351,-5.452067525995985
aimnet2,0,358,-5.411475991827292,-5.322959357772299
aimnet2,0,360,-4.956038197343009,-4.918781983200845
aimnet2,0,361,-5.378484652905266,-5.5184899130521945
aimnet2,0,362,-5.376018517003062,-5.493604932663545
aimnet2,0,363,-5.649123505868128,-5.498502258588838
aimnet2,0,364,-5.2668065221120255,-5.492753558615719
aimnet2,0,365,-5.487781096617943,-5.345591355139113
aimnet2,0,366,-5.48282195296634,-5.246611252262085
aimnet2,0,368,-5.509055339394287,-5.528199190059098
aimnet2,0,369,-5.27467551134979,-5.143611871027536
aimnet2,0,370,-5.513648078461125,-5.548249614790919
aimnet2,0,371,-5.305976048695801,-4.7988605374548765
aimnet2,0,373,-5.451376690881193,-5.3750726033087926
aimnet2,0,374,-5.508304923695027,-5.457734873618124
aimnet2,0,375,-5.551962370473803,-5.487392217383156
aimnet2,0,376,-5.299935396060233,-5.365720995407181
aimnet2,0,377,-5.204315012702814,-5.529039681432702
aimnet2,0,379,-5.483452374149931,-5.233875965398343
aimnet2,0,380,-5.630526075572907,-5.57053527949373
aimnet2,0,381,-5.2940595392948495,-5.26024523573058
aimnet2,0,382,-5.635598371289606,-5.611997607273029
aimnet2,0,383,-5.526450002472568,-5.512042613342429
aimnet2,0,384,-5.466169367959244,-5.254071485504015
aimnet2,0,386,-5.260890739777698,-5.1296383078473795
aimnet2,0,387,-5.182221426561647,-5.324085976113699
aimnet2,0,388,-5.626775297734676,-5.402830425832777
aimnet2,0,389,-5.577358774838839,-5.599567361765787
aimnet2,0,390,-5.542688195943384,-5.414458502372031
aimnet2,0,391,-5.040541069236872,-4.881278728229034
aimnet2,0,392,-5.289006925679917,-5.331138118840353
aimnet2,0,394,-5.471268801907624,-5.341508484018909
aimnet2,0,395,-5.439275644913857,-5.46867866830533
aimnet2,0,396,-5.4374555018093815,-5.634265790316827
aimnet2,0,398,-5.259325105015003,-5.214828951536885
aimnet2,0,399,-5.514414187028161,-5.451529787328316
aimnet2,0,400,-5.493810083405404,-5.597050611303152
aimnet2,0,403,-5.5440058489160045,-5.8586464276572805
aimnet2,0,404,-5.300843170936208,-5.479990579301213
aimnet2,0,405,-5.286095887537939,-5.288608455906295
aimnet2,0,406,-5.670323301756868,-5.798672379879525
aimnet2,0,408,-5.439775172066463,-5.533556704852007
aimnet2,0,409,-5.585370724884081,-5.665329711421157
aimnet2,0,410,-5.4092684209822846,-5.5113531009928876
aimnet2,0,411,-4.885099342469749,-4.75020878035625
aimnet2,0,412,-5.582709876324967,-5.5629358700774
aimnet2,0,413,-5.464844736164269,-5.4796249759499345
aimnet2,0,415,-5.548488490402642,-5.708345004362867
aimnet2,0,416,-5.355752179575201,-5.416523289858351
aimnet2,0,417,-5.553129638583564,-5.494495471816994
aimnet2,0,418,-5.544741421037677,-5.482931412216287
aimnet2,0,419,-5.378488035834511,-5.4987107154801045
aimnet2,0,420,-5.478877188647869,-5.438691750119829
aimnet2,0,421,-5.721429360093309,-5.528139361584692
aimnet2,0,422,-5.337646613422409,-5.483457603421166
aimnet2,0,423,-5.5905216417420815,-5.618815948221566
aimnet2,0,424,-5.602107961834959,-5.595805712807691
aimnet2,0,425,-5.2061997007102105,-5.444560126114202
aimnet2,0,426,-5.429517616259669,-5.422111724166456
aimnet2,0,427,-5.042713796012222,-4.607958002104382
aimnet2,0,429,-5.367928978527706,-5.575801013982644
aimnet2,0,430,-5.457399969617497,-5.373491373409468
aimnet2,0,431,-5.415249117328134,-5.367045190872352
aimnet2,0,434,-5.49822582418319,-5.637127365034439
aimnet2,0,435,-5.504219366625606,-5.316228311175422
aimnet2,0,436,-5.337031474890921,-4.6273332737751005
aimnet2,0,437,-5.194758630562926,-5.396558205426909
aimnet2,0,438,-5.080395806311342,-5.174029218486077
aimnet2,0,439,-5.274507576814636,-5.584228671058805
aimnet2,0,440,-5.344286140630168,-5.3543065901583935
aimnet2,0,442,-5.370846540570033,-5.645688038127703
aimnet2,0,443,-5.43747564663725,-5.7614745776773
aimnet2,0,444,-5.102257274302144,-4.894586464359022
aimnet2,0,445,-5.427542397420066,-5.242190207924222
aimnet2,0,446,-5.463091879058387,-5.548528687592872
aimnet2,0,447,-5.46447087127711,-5.3345249593101824
aimnet2,0,449,-5.3972836049324835,-5.561234451365878
aimnet2,0,450,-5.478412522191879,-5.386336769875004
aimnet2,0,452,-5.201727758870109,-5.443178117873153
aimnet2,0,453,-5.501931150673938,-5.453842885453538
aimnet2,0,454,-4.9306019376304375,-4.621193262481148
aimnet2,0,455,-5.539129568212347,-5.6370783799440565
aimnet2,0,456,-5.469728467347133,-5.32576598666101
aimnet2,0,457,-5.407510162274241,-5.371197946420765
aimnet2,0,460,-5.500316481510036,-5.616913365152795
aimnet2,0,461,-5.237952391623881,-5.50101215082747
aimnet2,0,462,-5.244711261314134,-5.590657211040716
aimnet2,0,463,-5.4011801998288576,-5.447909217321555
aimnet2,0,464,-5.142551247395972,-4.673512752927729
aimnet2,0,465,-5.293696838628711,-5.550548950407493
aimnet2,0,466,-5.231999901024038,-5.546444312565142
aimnet2,0,467,-5.7878084197449775,-5.882895554579389
aimnet2,0,468,-5.374483183073147,-5.363700025130849
aimnet2,0,469,-5.393840329010747,-5.37368847436467
aimnet2,0,471,-5.468334606411491,-5.751642823631293
aimnet2,0,472,-5.565336019305912,-5.771768874144443
aimnet2,0,473,-5.4559166058357205,-5.538699871029607
aimnet2,0,474,-5.110183857434031,-5.293773514803381
aimnet2,0,475,-5.473976492192948,-5.352428446216099
aimnet2,0,476,-5.087236131597166,-5.167231217270482
aimnet2,0,477,-4.734346585863506,-5.04025485837948
aimnet2,0,478,-5.525067081604814,-5.374633731857293
aimnet2,0,479,-5.486359200325157,-5.506573539038571
aimnet2,0,480,-5.567482506159934,-5.438978778119648
aimnet2,0,481,-5.411412722818086,-5.452948484403199
aimnet2,0,482,-5.598542513855555,-5.2816433880843405
aimnet2,0,483,-5.490566439059354,-5.427765776802321
aimnet2,0,484,-5.272586672304059,-5.403351194213937
aimnet2,0,485,-5.514274355692546,-5.631155427593121
aimnet2,0,486,-4.368675208653231,-4.578759238631062
aimnet2,0,487,-5.4633747088487405,-5.538898970130552
aimnet2,0,488,-5.3601935787861,-5.51637080043848
aimnet2,0,490,-5.573901909433661,-5.60293516919823
aimnet2,0,491,-5.506600989254298,-5.469649496589012
aimnet2,0,492,-5.390743127824709,-5.501018844111254
aimnet2,0,493,-5.233839904884185,-5.360327920866664
aimnet2,0,494,-5.379139205230605,-5.60510314384156
aimnet2,0,495,-5.42020289302092,-5.6050354181665005
aimnet2,0,496,-5.006136909168474,-4.946164854622456
aimnet2,0,498,-5.009362330379383,-5.291661259472283
aimnet2,0,500,-5.222107334187891,-5.33455798548909
aimnet2,0,501,-5.25503075451725,-5.290929485865519
aimnet2,0,502,-5.398115314861236,-5.353930819270285
aimnet2,0,503,-5.495144097302392,-5.2754259056574755
aimnet2,0,504,-5.206683757395277,-5.181173352101823
aimnet2,0,506,-5.541087972096836,-5.549670064864509
aimnet2,0,508,-5.24674119111152,-5.53687509477478
aimnet2,0,509,-5.618088467427258,-5.535291587387614
aimnet2,0,510,-5.502123442037218,-5.279117677435531
aimnet2,0,511,-5.287754622155111,-5.66959717338321
aimnet2,0,513,-5.328455986117187,-5.222847838445376
aimnet2,0,514,-5.447274996156744,-5.60443425691462
aimnet2,0,515,-5.585481908785618,-5.131914471303435
aimnet2,0,516,-5.24622599932872,-5.492102949159354
aimnet2,0,520,-5.606436567825639,-5.6737283777798755
aimnet2,0,521,-5.513286626268161,-5.548083798533498
aimnet2,0,522,-5.201628754051823,-5.360645799465988
aimnet2,0,523,-5.475996496391473,-5.571844697919591
aimnet2,0,524,-5.612001126604707,-5.525569042914171
aimnet2,0,525,-4.906512911194267,-4.859640882546354
aimnet2,0,527,-5.286351833416013,-5.351847171211841
aimnet2,0,529,-5.17548070320785,-4.963181586256476
aimnet2,0,530,-5.458857951918813,-5.486681024522994
aimnet2,0,531,-5.195612728547499,-5.5736193390816755
aimnet2,0,532,-5.12403254257943,-5.761280534893849
aimnet2,0,533,-5.566381130031274,-5.5201444356524245
aimnet2,0,534,-5.3760745139477315,-5.5386637792315865
aimnet2,0,535,-5.426275157691627,-5.3774048218128785
aimnet2,0,537,-5.608739204993442,-5.532958721032056
aimnet2,0,539,-5.2925820971196496,-4.898114998549767
aimnet2,0,540,-5.136823848976151,-4.655298918142648
aimnet2,0,541,-5.601408560131821,-5.681599660516688
aimnet2,0,542,-5.190049128115638,-5.569585213446093
aimnet2,0,543,-5.420740338682587,-5.372577849584587
aimnet2,0,545,-5.423016116003433,-5.386943140039729
aimnet2,0,546,-5.752572098442259,-5.649906878580912
aimnet2,0,547,-5.508011314034744,-5.500970509954242
aimnet2,0,548,-5.5452838615198266,-5.4201602273312695
aimnet2,0,549,-5.360216523464379,-5.145209816083206
aimnet2,0,550,-5.487614734103173,-5.23591313552469
aimnet2,0,551,-5.50742497548445,-5.352476508142728
aimnet2,0,552,-5.399964685126667,-5.430375549872399
aimnet2,0,553,-5.580453853459891,-5.500178060653146
aimnet2,0,555,-5.1528235090751116,-5.566720643409444
aimnet2,0,560,-5.699519400073737,-6.0401567196141155
aimnet2,0,561,-5.261334741657664,-5.2673311470102595
aimnet2,0,562,-5.579311536255337,-5.745923896563387
aimnet2,0,563,-5.491394184348823,-5.848835992533247
aimnet2,0,564,-5.33687632778099,-5.423961433427699
aimnet2,0,565,-5.0127150923466886,-5.490870676377344
aimnet2,0,566,-5.31503884367636,-5.439100363946838
aimnet2,0,569,-5.266141626108074,-5.557350120898779
aimnet2,0,570,-5.498337313520408,-5.408311133944871
aimnet2,0,571,-5.4034653665486365,-5.343598767439775
aimnet2,0,572,-5.678649965874868,-5.737925498705629
aimnet2,0,573,-5.501955368551566,-5.451439854400293
aimnet2,0,574,-5.374147525930408,-5.365999937043202
aimnet2,0,576,-5.580997692235589,-5.555715130291851
aimnet2,0,577,-5.58550688004705,-5.517251059285258
aimnet2,0,578,-5.330937287008267,-5.234228136013047
aimnet2,0,579,-5.213673673431816,-5.534373499589131
aimnet2,0,580,-5.545983857210182,-5.619939000107097
aimnet2,0,581,-5.145932745412613,-5.417391024397704
aimnet2,0,582,-5.59515289834544,-5.609883676927003
aimnet2,0,584,-5.513325499610273,-5.57246104741551
aimnet2,0,585,-5.608224911247249,-5.812536885811219
aimnet2,0,586,-5.621046041995216,-5.923753527939442
aimnet2,0,587,-5.350667218963147,-5.354380988776889
aimnet2,0,588,-5.328219512271092,-5.550701590550353
aimnet2,0,589,-5.079878298630632,-5.330392409765722
aimnet2,0,592,-5.509585270819935,-5.374803357114901
aimnet2,0,593,-5.543676579102551,-5.557516274917873
aimnet2,0,596,-5.476767876854078,-5.761506530735237
aimnet2,0,598,-5.507825202497509,-5.626929922220307
aimnet2,0,599,-5.666100565474682,-5.527946834543126
aimnet2,0,600,-5.431666034385454,-5.559980234443215
aimnet2,0,601,-5.64973152286883,-5.584191894979187
aimnet2,0,603,-5.453017377117517,-5.69227646760609
aimnet2,0,604,-5.374552587266752,-5.581959884269557
aimnet2,0,605,-5.695850934791769,-5.627435558740642
aimnet2,0,606,-5.530195329438691,-5.57263100888966
aimnet2,0,607,-5.352291168324036,-5.637493513339741
aimnet2,0,608,-5.330208057216471,-5.4882765450399305
aimnet2,0,609,-5.300449302881459,-5.179529058802658
aimnet2,0,610,-5.978572950174454,-5.678624375900188
aimnet2,0,612,-5.564934560337747,-5.4516347639591975
aimnet2,0,613,-5.452412284588395,-5.568449127392991
aimnet2,0,614,-5.307052031138194,-5.464284730943607
aimnet2,0,615,-4.9502996821781995,-5.22955000483229
aimnet2,0,616,-5.54566370495268,-5.4673279447934044
aimnet2,0,617,-5.425867818860699,-5.13671366761388
aimnet2,0,618,-5.524563729518236,-5.549797971111038
aimnet2,0,619,-5.537367834356574,-5.497729115030448
aimnet2,0,620,-5.315851486538333,-5.363473951573999
aimnet2,0,621,-5.332790721755899,-5.008197599356606
aimnet2,0,622,-5.323151038805766,-5.220314653256448
aimnet2,0,624,-5.45045638922142,-5.676938329948996
aimnet2,0,625,-4.612902416108079,-4.590048219309799
aimnet2,0,626,-4.93636460750195,-5.358038072329425
aimnet2,0,629,-5.681988543908259,-5.667976281396359
aimnet2,0,630,-5.675618754367792,-5.557691790872156
aimnet2,0,631,-5.632748609217784,-5.724633439988978
aimnet2,0,632,-4.968925485231485,-4.6835021177453955
aimnet2,0,633,-5.56067173284635,-5.630943135678741
aimnet2,0,636,-5.176883867369011,-5.022341498240817
aimnet2,0,637,-5.398430555756507,-5.304445322924821
aimnet2,0,640,-5.571358975398213,-5.48484513429809
aimnet2,0,641,-5.148537882509625,-5.295861910604831
aimnet2,0,642,-5.5137283505309815,-5.346727204108157
aimnet2,0,643,-5.378033915134493,-5.393307006854021
aimnet2,0,644,-4.506908594692634,-4.796540966982636
aimnet2,0,645,-5.338759537940759,-5.123396886256651
aimnet2,0,646,-5.423003319861902,-5.291969364750609
aimnet2,0,648,-5.233279669149716,-5.291756379785126
aimnet2,0,649,-5.389065141853557,-5.4962895521242325
aimnet2,0,650,-5.6214351808847045,-5.749254350747133
aimnet2,0,651,-5.571133548686343,-5.677146874907568
aimnet2,0,652,-5.4424760241216354,-5.578879220357877
aimnet2,0,654,-5.230248972123947,-5.289596794650005
aimnet2,0,655,-5.4420522046960595,-5.486097751999797
aimnet2,0,656,-5.391959644745401,-5.293530066370922
aimnet2,0,657,-5.122803267828017,-5.1091818233270905
aimnet2,0,658,-5.161014077191008,-5.507406945302213
aimnet2,0,660,-5.474811577794205,-5.754731336478422
aimnet2,0,661,-5.2809765629151055,-5.450792534212616
aimnet2,0,662,-4.766699127811108,-4.587688696596934
aimnet2,0,663,-5.368777532119933,-5.608820557246282
aimnet2,0,664,-5.557848374984259,-5.71720476108855
aimnet2,0,667,-5.555405168182518,-5.509939627467112
aimnet2,0,668,-5.551185383766693,-5.469757037132732
aimnet2,0,669,-5.237213725124575,-5.369119014076587
aimnet2,0,670,-5.446129259216946,-5.288060856585971
aimnet2,0,674,-5.600704639083887,-5.608288689342055
aimnet2,0,675,-5.423297663992988,-5.352899535089699
aimnet2,0,676,-5.556912015810414,-5.399526226459338
aimnet2,0,677,-5.330592675709826,-5.470718760206384
aimnet2,0,678,-5.488612852839908,-5.583162078864463
aimnet2,0,679,-5.537382754956353,-5.608175403218577
aimnet2,0,680,-5.44579043078573,-5.533698075436634
aimnet2,0,681,-5.2581864463308685,-5.442472703373489
aimnet2,0,682,-5.116093993773406,-5.329064495136888
aimnet2,0,684,-5.175609782864399,-5.524305695828407
aimnet2,0,685,-5.4876420339274175,-5.480334939206885
aimnet2,0,686,-5.59588676888154,-5.4960274596522005
aimnet2,0,687,-5.480578725760145,-5.57976605175183
aimnet2,0,688,-5.5772348124583555,-5.362546911158394
aimnet2,0,690,-5.452960657036646,-5.354101989096741
aimnet2,0,691,-5.500028011005328,-5.625106806385883
aimnet2,0,692,-5.435343649874192,-5.442440707403634
aimnet2,0,694,-5.478682699961598,-5.414548209886874
aimnet2,0,695,-5.415458397934009,-5.01021238440165
aimnet2,0,696,-5.555452735549759,-5.585223975191148
aimnet2,0,700,-5.138992343233475,-5.471222677971905
aimnet2,0,702,-5.577479634846184,-5.3968943121171495
aimnet2,0,703,-5.252791963115178,-4.683197518737399
aimnet2,0,704,-5.539172344133876,-5.493966785396818
aimnet2,0,705,-4.832180871050647,-4.966266522001571
aimnet2,0,706,-5.310294214938282,-4.858600995706392
aimnet2,0,707,-5.111179778101812,-5.637226074318298
aimnet2,0,709,-5.33622656436971,-5.719917019686152
aimnet2,0,710,-5.461458278620092,-5.433322574791456
aimnet2,0,712,-5.3618313781110425,-5.578499193522733
aimnet2,0,713,-5.423686825817044,-5.540821759737534
aimnet2,0,714,-5.376399388013464,-5.200323009465637
aimnet2,0,715,-4.835143565821784,-4.881391812551818
aimnet2,0,716,-5.607929661921645,-5.586949487279348
aimnet2,0,717,-5.524544995465816,-5.381126951335806
aimnet2,0,718,-5.120654056218114,-5.2909418797138965
aimnet2,0,719,-5.43777209494138,-5.517908049249788
aimnet2,0,720,-5.645955205828168,-5.604156640886036
aimnet2,0,721,-5.546900902509271,-5.610275847688545
aimnet2,0,722,-5.591173069622447,-5.398889194001308
aimnet2,0,723,-5.260089014372157,-5.310456340317621
aimnet2,0,724,-5.219296578153867,-5.072601367202448
aimnet2,0,725,-5.379885828961931,-5.343795645457114
aimnet2,0,726,-5.487640318657736,-5.402297737161995
aimnet2,0,727,-5.33390331149755,-5.488854990003954
aimnet2,0,728,-5.255937640613747,-5.438287990178064
aimnet2,0,729,-4.999954459772081,-4.954426980916448
aimnet2,0,730,-5.716698722576852,-5.3905127646775695
aimnet2,0,733,-5.560054722099266,-5.344773422760796
aimnet2,0,734,-5.34363006020364,-5.380276486501486
aimnet2,0,735,-5.428053480682627,-5.5163369435613365
aimnet2,0,737,-5.611143030152053,-5.495131753917573
aimnet2,0,739,-5.524381732586392,-5.6498812131979905
aimnet2,0,740,-5.195449611738008,-5.169066693148931
aimnet2,0,741,-5.470175108125884,-5.213530416501931
aimnet2,0,743,-5.430573412606203,-5.696133362598435
aimnet2,0,744,-5.49177485262641,-5.551068351341005
aimnet2,0,745,-5.369544761633438,-5.388608062234017
aimnet2,0,746,-5.123750959003539,-5.163915841672332
aimnet2,0,747,-4.905419823879992,-4.947182737118312
aimnet2,0,748,-5.449879573069194,-5.681812360450942
aimnet2,0,749,-5.511377739694821,-5.4046067203164085
aimnet2,0,750,-5.450350264436804,-5.453526361947395
aimnet2,0,751,-5.6334628734556,-5.600770562346012
aimnet2,0,753,-5.870715283913996,-5.625040331227712
aimnet2,0,754,-5.432617051693506,-5.4582706118996605
aimnet2,0,755,-5.564428305451053,-5.552612781501628
aimnet2,0,757,-4.999989406402192,-4.758842901686128
aimnet2,0,758,-5.464761774960836,-5.827404051976678
aimnet2,0,759,-5.575416386301031,-5.499780712238419
aimnet2,0,760,-4.8277643244086175,-5.089852345078635
aimnet2,0,762,-5.631845624362029,-5.829257651248805
aimnet2,0,763,-5.455877580241843,-5.354814012746039
aimnet2,0,764,-5.239746337299455,-5.429190839327498
aimnet2,0,766,-5.569076923044098,-5.507894082252107
aimnet2,0,767,-5.332372778728941,-5.448608998761106
aimnet2,0,768,-5.438560479351127,-5.6204931124165185
aimnet2,0,769,-5.920924070107478,-5.726308052324498
aimnet2,0,771,-5.322721365669678,-5.283834828503801
aimnet2,0,773,-5.615384297017679,-5.535398825588839
aimnet2,0,774,-5.482283802888439,-5.532295607329278
aimnet2,0,776,-5.3662844485502275,-5.428744529637845
aimnet2,0,777,-5.620850246567232,-5.488276278271757
aimnet2,0,778,-5.3501602362515115,-5.4888170237012055
aimnet2,0,779,-5.311898535500804,-5.5467670232360105
aimnet2,0,780,-5.270225565477298,-4.9677703158262885
aimnet2,0,782,-5.560747012047747,-5.507684902290193
aimnet2,0,783,-5.09061094713871,-5.309797930670186
aimnet2,0,785,-5.610328405595289,-5.584116128364407
aimnet2,0,787,-5.256395011039989,-5.3395221561437785
aimnet2,0,788,-5.472999520561512,-5.649374900436262
aimnet2,0,789,-5.58674116648119,-5.428881250465655
aimnet2,0,792,-5.535749241356514,-5.434931481183623
aimnet2,0,793,-5.455124561627843,-5.449870249720204
aimnet2,0,794,-5.425969048613375,-5.3468382540344574
aimnet2,0,795,-5.372788533847213,-5.3760253775959885
aimnet2,0,796,-5.327701923132523,-5.42000671312435
aimnet2,0,797,-5.483156498542628,-5.473530452915162
aimnet2,0,798,-5.6277062615311575,-5.688081039870021
aimnet2,0,799,-5.37193172789428,-5.429466544394786
aimnet2,0,801,-5.381470704484611,-5.49980693079767
aimnet2,0,802,-5.320660373466525,-5.6111347850520765
aimnet2,0,803,-5.416256233794959,-5.470735199031578
aimnet2,0,805,-5.312983152857262,-5.490360426633044
aimnet2,0,806,-5.431784196861954,-5.502315645819717
aimnet2,0,807,-5.562096371716183,-5.62241412001866
aimnet2,0,808,-5.567198068462828,-5.5817017829772775
aimnet2,0,809,-5.4699722722263004,-5.22473670916852
aimnet2,0,810,-5.3824437815710295,-5.486031549631017
aimnet2,0,811,-5.567798881256882,-5.408463159027157
aimnet2,0,812,-5.438218758229124,-5.392983426143113
aimnet2,0,813,-4.921310699876463,-4.965971822499805
aimnet2,0,814,-5.347000109066015,-5.442853298578553
aimnet2,0,815,-5.034670305110134,-4.928843449016051
aimnet2,0,816,-5.350834597070788,-5.333664953861832
aimnet2,0,818,-5.477348831764567,-5.300992426970205
aimnet2,0,819,-5.461128168860351,-5.439154852985118
aimnet2,0,820,-5.266886186243241,-4.860781731000975
aimnet2,0,821,-4.872573646768373,-4.399917718974125
aimnet2,0,822,-5.818240130469995,-5.642989144067815
aimnet2,0,825,-5.485411694465597,-5.581513166735269
aimnet2,0,827,-5.499804001930213,-5.488100515129875
aimnet2,0,830,-5.335187002676011,-5.457413995684233
aimnet2,0,831,-5.428149705365221,-5.400688357620959
aimnet2,0,832,-5.271195559525485,-5.619804144856047
aimnet2,0,834,-5.443145358776372,-5.541074196646695
aimnet2,0,835,-5.361470480312542,-5.361560043518831
aimnet2,0,836,-5.587343427150099,-5.401716203680498
aimnet2,0,837,-5.52613387111975,-5.2807803146522
aimnet2,0,838,-5.292365403673946,-5.546933035752443
aimnet2,0,840,-5.65278304553729,-5.88812497640171
aimnet2,0,842,-5.31151457602357,-5.349157733151326
aimnet2,0,843,-5.227882584719209,-5.46467168707816
aimnet2,0,844,-5.461096252090038,-5.39616358395197
aimnet2,0,845,-5.543374822232629,-5.435234674047518
aimnet2,0,846,-4.781536964933697,-4.713606054587405
aimnet2,0,847,-4.9685102258716745,-4.1702918645401885
aimnet2,0,848,-5.270884191801879,-5.486159856401141
aimnet2,0,849,-4.946042820647596,-5.318305815755857
aimnet2,0,850,-5.373589878504325,-5.295132935193446
aimnet2,0,851,-5.41627033422425,-5.3969328747951195
aimnet2,0,852,-5.365944491364537,-5.512064822853327
aimnet2,0,853,-5.247517806769714,-5.248608980195601
aimnet2,0,855,-5.329780899032674,-5.317155678589411
aimnet2,0,856,-5.481943320191443,-5.441009300847338
aimnet2,0,857,-5.5459938329036484,-5.6207146334235345
aimnet2,0,858,-5.5368301886605416,-5.453728606380779
aimnet2,0,860,-5.460299822939016,-5.415431335304363
aimnet2,0,861,-5.380861391395679,-5.215426810458657
aimnet2,0,862,-5.032847869663738,-4.739638841839175
aimnet2,0,863,-5.57870009167593,-5.48779744902236
aimnet2,0,864,-5.147932215657646,-5.330012482792142
aimnet2,0,865,-4.963408779480972,-5.362916792019207
aimnet2,0,866,-5.191045666269705,-5.350086992590118
aimnet2,0,867,-4.993742537248618,-4.952634203491461
aimnet2,0,868,-5.503336597509248,-5.400701035697398
aimnet2,0,869,-5.405862167616658,-5.5082322463848445
aimnet2,0,870,-5.388790962343346,-4.980459703270167
aimnet2,0,871,-5.404070788837721,-5.445463343900191
aimnet2,0,872,-5.044364030191299,-5.306719488181095
aimnet2,0,873,-5.461665237527561,-5.334695626786509
aimnet2,0,875,-5.2899116429028465,-5.542517171115172
aimnet2,0,876,-5.661486134194805,-5.7557992161242995
aimnet2,0,877,-5.465614492111688,-5.387443115112418
aimnet2,0,878,-5.5445488661265925,-5.502757800432727
aimnet2,0,880,-5.516686010424044,-5.456408383764262
aimnet2,0,881,-5.500674535861676,-5.382320005936607
aimnet2,0,882,-5.112833632312676,-5.2132543602566015
aimnet2,0,883,-5.39279521308483,-5.438445901150131
aimnet2,0,885,-5.6020489382335334,-5.147480218734309
aimnet2,0,886,-5.533895323453826,-5.534766305558597
aimnet2,0,887,-5.564310330098796,-5.441261091832272
aimnet2,0,888,-5.4969346086029125,-5.577287677613706
aimnet2,0,889,-5.0195329494014675,-5.348693415747115
aimnet2,0,890,-5.416372689951088,-5.323660738458809
aimnet2,0,892,-5.403689676703767,-5.369792499703258
aimnet2,0,893,-5.655456618143115,-5.688241346340186
aimnet2,0,894,-5.29779264546412,-5.273784481651432
aimnet2,0,895,-5.404909051480571,-5.555354660068223
aimnet2,0,897,-5.55804472987292,-5.541244192022069
aimnet2,0,898,-5.402429100511635,-5.52999417346833
aimnet2,0,899,-5.624008395363383,-5.260986864803824
aimnet2,0,902,-5.408213785315664,-5.5604967683231
aimnet2,0,903,-5.031747879230564,-4.453371969734358
aimnet2,0,904,-5.4716542340486,-5.245925651467617
aimnet2,0,905,-5.526713872601272,-5.380299820912568
aimnet2,0,906,-5.317123083429894,-5.23456895897357
aimnet2,0,907,-5.747037413182883,-5.527145547063053
aimnet2,0,908,-5.466187929538213,-5.557353631809228
aimnet2,0,910,-5.447707218036909,-5.548026697847785
aimnet2,0,911,-5.607092266693231,-5.776916650355881
aimnet2,0,912,-5.414291776635831,-5.176545915398044
aimnet2,0,913,-5.1810181199924745,-5.158282336588113
aimnet2,0,914,-5.4041090464432555,-5.362004557946201
aimnet2,0,915,-5.390608056545762,-5.803761395200504
aimnet2,0,916,-5.49972588040126,-5.687050169255196
aimnet2,0,918,-5.614951426482937,-5.440299391514479
aimnet2,0,919,-5.36483812704088,-5.451196317416065
aimnet2,0,920,-5.2030717647755464,-5.1274668376913715
aimnet2,0,921,-5.509778630082937,-5.4340888028122665
aimnet2,0,922,-5.487137685714208,-5.503009453708447
aimnet2,0,923,-5.532003209811863,-5.587528198572859
aimnet2,0,924,-5.204907779749402,-5.177260929324676
aimnet2,0,925,-5.393058213623746,-5.3849098194300336
aimnet2,0,926,-5.20006277602622,-5.360282928233256
aimnet2,0,927,-5.164355858354001,-5.261403775085102
aimnet2,0,928,-4.698886326968966,-4.815328501695299
aimnet2,0,932,-5.631350995066287,-5.309235112911684
aimnet2,0,933,-5.392582933811904,-5.457662026037741
aimnet2,0,934,-5.488773805244816,-5.842833608237292
aimnet2,0,935,-5.394988694603359,-5.35366624494184
aimnet2,0,936,-5.458637492464834,-5.681393579670766
aimnet2,0,937,-5.551406104886892,-5.338083400380286
aimnet2,0,938,-5.364189938617444,-5.520048207508968
aimnet2,0,939,-5.224095164120189,-5.243288104692479
aimnet2,0,940,-5.330103832991714,-5.5943299732589695
aimnet2,0,941,-5.424815451526397,-5.569767851175201
aimnet2,0,942,-5.353049655114164,-5.30815675858625
aimnet2,0,943,-5.388613681953692,-5.3725328696744405
aimnet2,0,944,-5.446249694152531,-5.1103543560356535
aimnet2,0,945,-5.252398716278902,-5.504920192721256
aimnet2,0,946,-5.296869150185352,-5.605074456120872
aimnet2,0,947,-5.372784452891978,-5.402419811150827
aimnet2,0,950,-5.681208810136348,-5.485393884826449
aimnet2,0,951,-5.676162420830701,-5.696090786663773
aimnet2,0,952,-5.365995897217478,-4.957839430711633
aimnet2,0,953,-5.197291509464604,-4.7793257813738395
aimnet2,0,954,-5.458002765169507,-5.61224643847383
aimnet2,0,955,-5.68035997093512,-5.410571984550158
aimnet2,0,956,-5.298256260398297,-5.459569410385539
aimnet2,0,958,-5.33084224247211,-5.423656121704746
aimnet2,0,959,-5.567548516622989,-5.151242387261736
aimnet2,0,960,-5.651429555437769,-5.564080887850975
aimnet2,0,961,-5.525409420128373,-5.498491031416427
aimnet2,0,965,-5.395870269777386,-5.434811122396638
aimnet2,0,966,-5.384044954329014,-5.671502608100516
aimnet2,0,967,-5.584092546239221,-5.685711076157917
aimnet2,0,968,-5.212559713047181,-5.132067318205938
aimnet2,0,969,-5.58557525694108,-5.663668316385295
aimnet2,0,970,-5.546480958086878,-5.597776082485754
aimnet2,0,971,-5.06678574422622,-5.0050947897165505
aimnet2,0,972,-5.173682835562083,-5.0197351400487165
aimnet2,0,973,-5.40242434757358,-5.2397942347855775
aimnet2,0,974,-5.4800893810419185,-5.551176723753739
aimnet2,0,975,-5.649749183946622,-5.664089397552901
aimnet2,0,976,-5.567503249376078,-5.624818424347712
aimnet2,0,977,-5.338268314107063,-5.329398915296111
aimnet2,0,979,-5.180609369382204,-5.117067633828785
aimnet2,0,980,-4.865010782217147,-5.15892546825305
aimnet2,0,981,-5.376578487958378,-5.249677921576255
aimnet2,0,983,-5.5730260397006965,-5.633784580051879
aimnet2,0,985,-4.787697912670349,-4.8450517994860975
aimnet2,0,986,-5.529459366501966,-5.4780662847882
aimnet2,0,988,-5.4950549466078416,-5.528326870436171
aimnet2,0,990,-5.285153906850277,-5.257733640810502
aimnet2,0,991,-4.940612470556024,-4.855401037985006
aimnet2,0,992,-5.2435208378349785,-5.273873613595484
aimnet2,0,993,-5.50825833575345,-5.3479990776877955
aimnet2,0,994,-5.533709430972926,-5.423117591555265
aimnet2,0,995,-5.239938843481452,-5.469769147613366
aimnet2,0,996,-5.55670559682307,-5.120009418148432
aimnet2,0,997,-5.1490300243970015,-4.992104754351134
aimnet2,0,999,-5.5641248472675695,-5.492337434511173
aimnet2,1,0,-5.398032020834738,-5.372724232610843
aimnet2,1,1,-5.31681913512215,-5.173390163651256
aimnet2,1,3,-5.266170950898614,-5.2699503687083515
aimnet2,1,4,-5.101750881580026,-4.9407523351557785
aimnet2,1,5,-5.279625927434482,-5.214027734300829
aimnet2,1,7,-5.678309639226657,-5.5848793061064805
aimnet2,1,8,-5.299491537938034,-5.312523378516737
aimnet2,1,9,-5.643590596854183,-5.549987366474067
aimnet2,1,10,-5.512753723043963,-5.051684726625906
aimnet2,1,11,-5.2140264726739645,-5.012185979345845
aimnet2,1,14,-5.361140865441105,-5.464760363595247
aimnet2,1,15,-5.58903390898297,-5.65378357981139
aimnet2,1,16,-5.560334332328121,-5.335081516313532
aimnet2,1,17,-5.196692735578992,-5.147590098450126
aimnet2,1,18,-5.220501937730291,-5.434945801425561
aimnet2,1,19,-5.515504686424119,-5.03492625143926
aimnet2,1,20,-5.518388653743186,-5.733708535500034
aimnet2,1,21,-5.477676746824868,-5.251476283518177
aimnet2,1,24,-5.0683252241200325,-5.393815126748994
aimnet2,1,25,-5.350382133926614,-5.317839277412656
aimnet2,1,26,-5.42059495965326,-5.417225172371327
aimnet2,1,27,-5.361899388226179,-4.921437364161125
aimnet2,1,29,-5.6272407541890095,-5.67628847710049
aimnet2,1,30,-5.369373002187528,-5.152982948779283
aimnet2,1,31,-5.23585611810679,-5.353159462934683
aimnet2,1,32,-5.4263756927557045,-5.546159865218795
aimnet2,1,33,-5.45201225284508,-5.523237926738467
aimnet2,1,35,-5.465068967336058,-5.511381584346434
aimnet2,1,36,-4.934431722976486,-4.7001177399703975
aimnet2,1,37,-5.371517388544746,-5.300942480700879
aimnet2,1,38,-5.293484792932475,-5.193373817944595
aimnet2,1,39,-5.525089830907291,-5.380249666290927
aimnet2,1,40,-5.346664489541953,-5.312325114215727
aimnet2,1,41,-5.452786696013562,-5.554352000381106
aimnet2,1,42,-5.177215506325643,-5.382382710943407
aimnet2,1,43,-5.572868113822262,-5.74403081651759
aimnet2,1,44,-5.663695716312762,-5.589265181982635
aimnet2,1,47,-4.859633842348194,-5.253502466447039
aimnet2,1,48,-4.991704468238939,-5.303533547723591
aimnet2,1,49,-5.642970936936358,-5.565001254606335
aimnet2,1,50,-5.4161324456898745,-5.525498951379994
aimnet2,1,52,-5.417847041878249,-5.444696600521216
aimnet2,1,53,-5.2181545610005635,-5.367024392687499
aimnet2,1,54,-5.455757800900503,-5.603409871610905
aimnet2,1,55,-5.296076193740516,-5.257046829455881
aimnet2,1,56,-5.77333312465471,-5.611806545466477
aimnet2,1,57,-5.346671281893088,-5.261839054500424
aimnet2,1,58,-5.115957177458308,-5.05047376381867
aimnet2,1,59,-5.423075346427367,-5.225900124865989
aimnet2,1,60,-5.441335107154065,-5.256973978945816
aimnet2,1,61,-4.889306331554575,-4.872981285209024
aimnet2,1,62,-5.441887197805292,-5.473489895693188
aimnet2,1,63,-5.489006754669687,-5.4215886679666525
aimnet2,1,64,-5.158550384792405,-5.036822968922606
aimnet2,1,65,-5.521788488566682,-5.536808771056936
aimnet2,1,66,-5.4739244233869915,-5.407882245234784
aimnet2,1,67,-5.587370285737873,-4.994703904549293
aimnet2,1,68,-5.461722982682227,-5.232325010783006
aimnet2,1,69,-5.532307477226377,-5.598180151445376
aimnet2,1,72,-4.910445309967388,-4.808958313459361
aimnet2,1,73,-5.310946524767013,-5.351244874158206
aimnet2,1,75,-5.368547857264699,-5.307788813338263
aimnet2,1,77,-5.525623849041138,-5.745482479924512
aimnet2,1,78,-5.4641870985474545,-5.643076949656063
aimnet2,1,80,-5.009983312157585,-5.083958892892617
aimnet2,1,81,-5.256158034093966,-5.336136840804357
aimnet2,1,82,-5.521809869817983,-5.464224004559571
aimnet2,1,83,-5.2587686617139004,-5.52132173050266
aimnet2,1,84,-5.576912183629206,-5.6236210735889625
aimnet2,1,85,-5.091164658936674,-5.359928004967614
aimnet2,1,86,-5.199061687814075,-5.203993799266519
aimnet2,1,87,-5.533274734743805,-5.510557541593907
aimnet2,1,89,-5.618276464945197,-5.843894346844065
aimnet2,1,90,-5.35340337463722,-5.45784379774007
aimnet2,1,91,-5.829341652396776,-5.975200381252627
aimnet2,1,92,-5.377546067466202,-5.386753097270403
aimnet2,1,93,-5.597994572083479,-5.27796079214405
aimnet2,1,94,-5.474089036521516,-5.480824035000479
aimnet2,1,95,-5.500622538433665,-5.764790992807606
aimnet2,1,96,-5.553652485366798,-5.547021986049547
aimnet2,1,98,-5.355380079668059,-5.8587840799257505
aimnet2,1,99,-5.439669945634504,-5.451022650228904
aimnet2,1,100,-5.522396885423598,-5.461757226703689
aimnet2,1,101,-5.574010581997419,-5.605604568774007
aimnet2,1,102,-5.253590086854215,-5.450636602167011
aimnet2,1,103,-5.517358356847301,-5.530786694323643
aimnet2,1,104,-5.260868997945847,-5.323185761019616
aimnet2,1,105,-5.588167581115249,-5.501291267052328
aimnet2,1,106,-5.242281810179785,-5.392125995779289
aimnet2,1,107,-5.347261655085005,-5.7391633747852095
aimnet2,1,109,-4.994643473870164,-5.128589296743392
aimnet2,1,110,-5.545042253254228,-5.5978173934197155
aimnet2,1,111,-5.275268699207266,-5.280843732747362
aimnet2,1,112,-5.5504933685952125,-5.393125114217836
aimnet2,1,113,-5.503449781181486,-5.489130241253836
aimnet2,1,114,-5.119366801948302,-4.866338725608082
aimnet2,1,116,-5.388256999396949,-5.569864017780368
aimnet2,1,117,-5.578149078249661,-5.301423879693686
aimnet2,1,118,-5.36546010135457,-5.439482648993934
aimnet2,1,119,-5.409606925702499,-5.439279411318974
aimnet2,1,120,-5.570320407881528,-5.581104981780826
aimnet2,1,122,-5.281548652843346,-5.253442461108738
aimnet2,1,124,-5.669657233796487,-5.526810286307026
aimnet2,1,125,-5.4520198262910995,-5.4366220086228125
aimnet2,1,126,-5.503670153449075,-5.400045781554361
aimnet2,1,128,-5.3074879641329895,-5.007425267741833
aimnet2,1,129,-5.62445046004907,-5.602300367937373
aimnet2,1,130,-5.036855756948204,-5.235205239435205
aimnet2,1,131,-5.612372970009873,-5.686327913723324
aimnet2,1,132,-5.478066560307052,-5.505463456036742
aimnet2,1,134,-5.253351277036957,-5.344872309406169
aimnet2,1,135,-5.296980784107285,-5.407555390111369
aimnet2,1,136,-5.407196003425424,-5.475592763356625
aimnet2,1,137,-5.508543551539887,-5.312813858327038
aimnet2,1,138,-5.569862684389521,-5.352721812969321
aimnet2,1,140,-5.449578581506387,-5.547669934593338
aimnet2,1,143,-5.5516492481536535,-5.603069999368903
aimnet2,1,145,-5.291486766918968,-5.268022092733289
aimnet2,1,146,-4.707068110304296,-4.547550903563861
aimnet2,1,147,-5.524298297670558,-5.423392979834785
aimnet2,1,148,-5.35501949683194,-5.374742648393858
aimnet2,1,151,-5.299737614396905,-5.243539756842868
aimnet2,1,152,-5.293417584580001,-5.479609528586307
aimnet2,1,153,-5.386720439064353,-5.140347847831682
aimnet2,1,154,-5.601212477041214,-5.611388410679835
aimnet2,1,155,-5.90589186348329,-5.658657375196832
aimnet2,1,156,-5.708695931260167,-5.691842132997852
aimnet2,1,157,-5.550449697758875,-5.522097356444162
aimnet2,1,159,-5.303529374313802,-5.370771806073659
aimnet2,1,160,-4.870701845890134,-5.884327061942292
aimnet2,1,161,-4.951178383339038,-4.578021334426945
aimnet2,1,162,-5.296506549940063,-4.817592486857587
aimnet2,1,163,-5.2993814790550005,-5.63502405595774
aimnet2,1,164,-5.438615601037363,-5.451543794755946
aimnet2,1,165,-4.867852520998167,-4.785866241078142
aimnet2,1,168,-5.424491388933043,-5.778790181984502
aimnet2,1,169,-5.400934685705271,-5.24900257375261
aimnet2,1,170,-5.560931546255577,-5.47662022984525
aimnet2,1,171,-5.179900315262901,-5.199195306210382
aimnet2,1,172,-5.619791446034153,-5.7560255391916595
aimnet2,1,173,-5.3917426363769865,-5.5234521597007875
aimnet2,1,174,-5.6519303491901125,-5.717078838051809
aimnet2,1,175,-5.389984106318377,-5.480245284542921
aimnet2,1,177,-5.582839618480842,-5.099837575482696
aimnet2,1,178,-5.346738896438146,-5.222442801282203
aimnet2,1,179,-4.953480203928059,-5.028105910573627
aimnet2,1,180,-5.56574701168786,-5.779794814133304
aimnet2,1,181,-5.477441183349766,-5.455518480393856
aimnet2,1,183,-5.421883981901043,-5.741092071303001
aimnet2,1,186,-5.323455588648871,-4.962029547670586
aimnet2,1,187,-5.479226930651057,-5.564919869968188
aimnet2,1,188,-5.343682808200606,-5.439219676310085
aimnet2,1,189,-5.034496541676481,-4.981205616843451
aimnet2,1,190,-5.157130505855175,-5.037480173945034
aimnet2,1,192,-5.496946704889285,-5.498348105282676
aimnet2,1,193,-5.218631915905854,-5.317902991537486
aimnet2,1,194,-5.42492437662859,-5.1416208650777335
aimnet2,1,195,-5.152572111902597,-5.235605943690497
aimnet2,1,196,-5.465975314972566,-5.446560676366135
aimnet2,1,197,-5.48580667136482,-5.426783600748886
aimnet2,1,198,-5.17028649481474,-5.196718216144798
aimnet2,1,199,-5.6957645684435025,-5.351474209215477
aimnet2,1,201,-5.163702561107911,-4.947127425001331
aimnet2,1,203,-5.484755088648959,-5.3496395789429245
aimnet2,1,204,-5.231852942878026,-5.487099656888084
aimnet2,1,205,-5.163837657827156,-5.150071588107035
aimnet2,1,207,-5.378584188824015,-5.500392260141583
aimnet2,1,208,-5.561600641847488,-5.7392226337806305
aimnet2,1,210,-5.0746364494494465,-4.828606753125969
aimnet2,1,211,-5.246409604116626,-5.348742472571856
aimnet2,1,212,-5.310435503531413,-5.518020524705836
aimnet2,1,213,-5.283781768266334,-5.403258449599618
aimnet2,1,215,-5.610241550552083,-5.81159748836286
aimnet2,1,216,-5.3427621779824195,-5.330846215265568
aimnet2,1,218,-5.357965633135572,-5.437301045079925
aimnet2,1,219,-5.457667317424347,-5.730010340162701
aimnet2,1,221,-5.191319838005019,-5.1126025922459855
aimnet2,1,224,-5.50050518324198,-5.297726152020296
aimnet2,1,226,-5.550830526357761,-5.282288303982015
aimnet2,1,228,-5.401141160989155,-5.341403892466203
aimnet2,1,230,-5.340791275923572,-5.347022333262565
aimnet2,1,232,-5.570609656602193,-5.63199423850582
aimnet2,1,233,-5.545701847840557,-5.529106608666307
aimnet2,1,234,-5.477095773200853,-5.497183439301357
aimnet2,1,236,-5.434201111957641,-5.29426307536911
aimnet2,1,237,-5.392524979811538,-5.352252565488371
aimnet2,1,238,-5.594922236620983,-5.7915058625691564
aimnet2,1,239,-5.5162539988748165,-5.732818394786253
aimnet2,1,240,-5.415288752515422,-5.6318585138496475
aimnet2,1,241,-5.66575757274034,-5.647785817550448
aimnet2,1,242,-5.582005630494998,-5.587502982544666
aimnet2,1,243,-5.181010682141278,-5.104549545242282
aimnet2,1,244,-5.817563588403421,-5.492600091695736
aimnet2,1,245,-5.29413604015135,-5.483493890633243
aimnet2,1,246,-5.419286192126339,-5.593146678799094
aimnet2,1,247,-5.195007772498383,-5.422779438116641
aimnet2,1,248,-5.4436457125412945,-5.417512179017813
aimnet2,1,249,-5.2054722874359,-5.402589929801415
aimnet2,1,250,-5.334507983670103,-5.477875320189984
aimnet2,1,251,-5.4335953778310975,-5.442219315658296
aimnet2,1,252,-5.6142914848057295,-5.338740130015239
aimnet2,1,253,-5.475036578698717,-5.3248827169123105
aimnet2,1,256,-5.235788945190075,-5.323066862459642
aimnet2,1,257,-5.263718682483089,-5.519513562185256
aimnet2,1,258,-5.468948721848376,-5.509171021854181
aimnet2,1,259,-5.379034486045041,-5.472767629499142
aimnet2,1,260,-5.488186959095922,-5.530606349438241
aimnet2,1,261,-5.462945560001709,-5.6224576099086585
aimnet2,1,262,-5.469201884768745,-5.372363077123021
aimnet2,1,263,-5.290684363111992,-5.410911743149532
aimnet2,1,264,-5.48952202531241,-5.522216281152835
aimnet2,1,265,-5.537957566815671,-5.222532569998593
aimnet2,1,266,-5.36775009509744,-5.513441154730977
aimnet2,1,267,-5.790018069899623,-5.502591916839689
aimnet2,1,269,-5.334413884702532,-5.253592378931193
aimnet2,1,270,-5.450274031269793,-5.258210868714043
aimnet2,1,272,-5.264003650838724,-5.4216144517733
aimnet2,1,273,-5.504319614592718,-5.354224369991203
aimnet2,1,274,-5.552477786919488,-5.492280957880179
aimnet2,1,275,-5.484946477495114,-5.632367524393885
aimnet2,1,276,-5.429141520302461,-5.55476604245646
aimnet2,1,277,-5.5334384871237745,-5.556595526744151
aimnet2,1,278,-4.967010894416614,-5.079389995634856
aimnet2,1,280,-5.098043576117253,-5.115615542296415
aimnet2,1,282,-5.19719322552435,-5.646879477046828
aimnet2,1,285,-5.448397377529055,-5.365404192703602
aimnet2,1,286,-5.4893932021094445,-5.356033309095935
aimnet2,1,287,-5.624815949024835,-5.483771926334646
aimnet2,1,288,-5.229334316036957,-5.325871103712689
aimnet2,1,289,-5.542239199585687,-5.550156457794799
aimnet2,1,290,-5.327994689548367,-5.195547444028906
aimnet2,1,291,-5.294229014480776,-5.496978521015899
aimnet2,1,293,-5.607555681180485,-5.649026353401958
aimnet2,1,294,-5.417213200798324,-5.35741021505413
aimnet2,1,295,-5.511703564003236,-5.516455117382826
aimnet2,1,296,-5.234199463809767,-5.064949266560845
aimnet2,1,297,-5.448281841491108,-5.632139392943627
aimnet2,1,298,-5.214422953296489,-4.900911764858672
aimnet2,1,300,-5.340287739239564,-5.267917370511017
aimnet2,1,301,-5.277985291461769,-5.529607127773994
aimnet2,1,302,-5.379028006663082,-5.282838149869756
aimnet2,1,303,-5.459308541230872,-5.566840885174387
aimnet2,1,304,-5.262099918248629,-5.217973370940179
aimnet2,1,305,-5.6572281173137275,-5.578831999103095
aimnet2,1,306,-5.579374018737809,-5.679985574314406
aimnet2,1,307,-5.313949610597632,-5.4162016628065
aimnet2,1,308,-5.593202132307914,-5.63901030247035
aimnet2,1,311,-5.697316085732213,-5.315287456088198
aimnet2,1,312,-5.323357884142046,-5.493761820367195
aimnet2,1,313,-5.592010941400111,-5.374850668240753
aimnet2,1,315,-5.462801395588608,-5.534644737226944
aimnet2,1,316,-5.205717449882349,-4.842110287569096
aimnet2,1,317,-5.561302954581801,-5.550459387741648
aimnet2,1,318,-5.406987069061996,-5.379463681055959
aimnet2,1,321,-5.636818767419631,-5.633801794670028
aimnet2,1,323,-5.551330257671972,-5.779607306888364
aimnet2,1,325,-5.3888567771954765,-5.51895200358178
aimnet2,1,327,-5.629758612166922,-5.379392183190887
aimnet2,1,328,-5.430268560210295,-4.922993633712519
aimnet2,1,329,-5.444626672148866,-5.585158764689474
aimnet2,1,330,-5.120344395940244,-5.1814108880759555
aimnet2,1,331,-5.26826082555948,-5.229726008792819
aimnet2,1,332,-5.8240038950486195,-5.782208540669737
aimnet2,1,334,-5.536541945777318,-5.44024203991508
aimnet2,1,336,-5.438890742622673,-5.285568723174358
aimnet2,1,337,-4.862137608837229,-4.406932411116527
aimnet2,1,339,-5.410425128907815,-5.327280550107714
aimnet2,1,340,-5.506775652328679,-5.511150596747141
aimnet2,1,341,-5.481510528534197,-5.417100465436059
aimnet2,1,342,-5.1287281465647565,-5.369410085618494
aimnet2,1,344,-5.151658543698513,-5.2243376947636095
aimnet2,1,345,-5.320897829311687,-5.69249878618729
aimnet2,1,346,-5.535800096894053,-5.571303256542875
aimnet2,1,347,-4.813326124756774,-5.232057644209708
aimnet2,1,349,-5.359856831841903,-5.285797341355624
aimnet2,1,350,-5.327347342179717,-5.772125023848459
aimnet2,1,351,-5.464486811294549,-5.326672198676142
aimnet2,1,353,-5.30951451695542,-5.3021449803837415
aimnet2,1,355,-5.4114272459339245,-5.177134711460751
aimnet2,1,356,-5.389749130615291,-5.67889210965234
aimnet2,1,357,-5.549534323329281,-5.452067525995985
aimnet2,1,358,-5.3656288488635795,-5.322959357772299
aimnet2,1,359,-5.2152609026447045,-5.330621845163635
aimnet2,1,360,-4.742499512495166,-4.918781983200845
aimnet2,1,361,-5.076470104077929,-5.5184899130521945
aimnet2,1,362,-5.227639786625679,-5.493604932663545
aimnet2,1,364,-5.2486983046145,-5.492753558615719
aimnet2,1,365,-5.539912806274018,-5.345591355139113
aimnet2,1,366,-5.471968078890113,-5.246611252262085
aimnet2,1,367,-5.10480344810387,-5.397759129876781
aimnet2,1,368,-5.401908468998413,-5.528199190059098
aimnet2,1,369,-5.152662625411351,-5.143611871027536
aimnet2,1,370,-5.408101773186424,-5.548249614790919
aimnet2,1,372,-5.330322948665777,-5.557897052550365
aimnet2,1,373,-5.346354962923209,-5.3750726033087926
aimnet2,1,374,-5.431826969978773,-5.457734873618124
aimnet2,1,375,-5.550578137207447,-5.487392217383156
aimnet2,1,376,-5.349371350574295,-5.365720995407181
aimnet2,1,377,-5.414550475128187,-5.529039681432702
aimnet2,1,378,-5.1880921877771184,-5.588071024613494
aimnet2,1,380,-5.571746982528147,-5.57053527949373
aimnet2,1,381,-5.231959011240978,-5.26024523573058
aimnet2,1,382,-5.652822060466771,-5.611997607273029
aimnet2,1,383,-5.395535719054052,-5.512042613342429
aimnet2,1,385,-5.47765830826216,-5.359618486110017
aimnet2,1,387,-5.348086536964489,-5.324085976113699
aimnet2,1,388,-5.7097373294292755,-5.402830425832777
aimnet2,1,390,-5.487421374711216,-5.414458502372031
aimnet2,1,391,-4.82022523233436,-4.881278728229034
aimnet2,1,392,-5.133650754903943,-5.331138118840353
aimnet2,1,393,-5.325112032097971,-4.979514875445077
aimnet2,1,395,-5.593083918515567,-5.46867866830533
aimnet2,1,396,-5.462632574827587,-5.634265790316827
aimnet2,1,397,-5.473492031895741,-5.535692327244418
aimnet2,1,398,-5.220907084524929,-5.214828951536885
aimnet2,1,399,-5.567137888834266,-5.451529787328316
aimnet2,1,400,-5.7650655798101855,-5.597050611303152
aimnet2,1,401,-5.401335157614253,-5.179367114121351
aimnet2,1,402,-4.938060801262339,-5.213427121146267
aimnet2,1,403,-5.70990512201551,-5.8586464276572805
aimnet2,1,404,-5.3602302054471,-5.479990579301213
aimnet2,1,405,-5.405341174076303,-5.288608455906295
aimnet2,1,407,-5.165779367226743,-5.582119294018046
aimnet2,1,408,-5.500466213017152,-5.533556704852007
aimnet2,1,409,-5.530282565405001,-5.665329711421157
aimnet2,1,412,-5.702699747985535,-5.5629358700774
aimnet2,1,413,-5.5507084818446755,-5.4796249759499345
aimnet2,1,414,-5.279519726429828,-5.363494389397166
aimnet2,1,415,-5.703105953571332,-5.708345004362867
aimnet2,1,416,-5.2199505654844405,-5.416523289858351
aimnet2,1,418,-5.37204639251225,-5.482931412216287
aimnet2,1,419,-5.631158675475319,-5.4987107154801045
aimnet2,1,420,-5.469208554373202,-5.438691750119829
aimnet2,1,421,-5.6534932574007,-5.528139361584692
aimnet2,1,423,-5.6618713987668166,-5.618815948221566
aimnet2,1,424,-5.544426531651706,-5.595805712807691
aimnet2,1,426,-5.397981288081091,-5.422111724166456
aimnet2,1,427,-5.142733896650824,-4.607958002104382
aimnet2,1,428,-5.3389683454386985,-5.479280965000073
aimnet2,1,429,-5.307226028874103,-5.575801013982644
aimnet2,1,432,-5.238341975774193,-4.90170043948759
aimnet2,1,433,-4.845608987246553,-5.327900074114617
aimnet2,1,434,-5.360080900501168,-5.637127365034439
aimnet2,1,435,-5.452622996243614,-5.316228311175422
aimnet2,1,436,-4.7509300062773745,-4.6273332737751005
aimnet2,1,439,-5.508832169349072,-5.584228671058805
aimnet2,1,441,-5.098211200805599,-5.00094856859319
aimnet2,1,443,-5.422576810828417,-5.7614745776773
aimnet2,1,444,-5.245201598346001,-4.894586464359022
aimnet2,1,448,-5.582237275671572,-5.789863334105215
aimnet2,1,451,-5.416996507937761,-5.425415780310944
aimnet2,1,452,-4.993805549588744,-5.443178117873153
aimnet2,1,453,-5.371125511683165,-5.453842885453538
aimnet2,1,454,-4.99226989425776,-4.621193262481148
aimnet2,1,455,-5.561012583665368,-5.6370783799440565
aimnet2,1,456,-5.463812465313851,-5.32576598666101
aimnet2,1,457,-5.547804489938554,-5.371197946420765
aimnet2,1,458,-4.734773281171751,-5.275609833688321
aimnet2,1,459,-5.712845451575575,-5.624322200030944
aimnet2,1,462,-5.325666258716478,-5.590657211040716
aimnet2,1,464,-5.200396810171496,-4.673512752927729
aimnet2,1,465,-5.343255548481159,-5.550548950407493
aimnet2,1,467,-5.830984291046216,-5.882895554579389
aimnet2,1,468,-5.381136238522847,-5.363700025130849
aimnet2,1,470,-5.357086400367898,-5.298500765500251
aimnet2,1,471,-5.498362094741357,-5.751642823631293
aimnet2,1,472,-5.611615071680732,-5.771768874144443
aimnet2,1,473,-5.323480313620469,-5.538699871029607
aimnet2,1,474,-5.296593196075124,-5.293773514803381
aimnet2,1,475,-5.361028157364649,-5.352428446216099
aimnet2,1,476,-5.352029878696711,-5.167231217270482
aimnet2,1,480,-5.5608630597441815,-5.438978778119648
aimnet2,1,482,-5.439569760571153,-5.2816433880843405
aimnet2,1,483,-5.509222065169788,-5.427765776802321
aimnet2,1,484,-5.145166753211007,-5.403351194213937
aimnet2,1,485,-5.524105630811239,-5.631155427593121
aimnet2,1,486,-4.756940181769924,-4.578759238631062
aimnet2,1,487,-5.517596515831234,-5.538898970130552
aimnet2,1,488,-5.509989415420448,-5.51637080043848
aimnet2,1,489,-5.573739241236016,-5.51482808284678
aimnet2,1,490,-5.398280333924847,-5.60293516919823
aimnet2,1,491,-5.511738185089723,-5.469649496589012
aimnet2,1,492,-5.337159217847357,-5.501018844111254
aimnet2,1,493,-5.241974786812446,-5.360327920866664
aimnet2,1,494,-5.3648651853400855,-5.60510314384156
aimnet2,1,496,-4.969200729946316,-4.946164854622456
aimnet2,1,497,-5.347123077823856,-5.465011590027955
aimnet2,1,498,-5.210135905265063,-5.291661259472283
aimnet2,1,499,-5.727458389375027,-5.819555741177279
aimnet2,1,502,-5.3895255472074926,-5.353930819270285
aimnet2,1,503,-5.1388197956175645,-5.2754259056574755
aimnet2,1,504,-5.366964868669898,-5.181173352101823
aimnet2,1,505,-5.080094053553653,-5.37900681142084
aimnet2,1,506,-5.515582923503562,-5.549670064864509
aimnet2,1,507,-5.463627512868694,-5.3150045064419285
aimnet2,1,508,-5.300814686133188,-5.53687509477478
aimnet2,1,509,-5.568820074227506,-5.535291587387614
aimnet2,1,510,-5.5102076956575585,-5.279117677435531
aimnet2,1,511,-5.277923777544693,-5.66959717338321
aimnet2,1,512,-5.4458973772220585,-5.392644022502221
aimnet2,1,514,-5.493169194981146,-5.60443425691462
aimnet2,1,515,-5.465708567642838,-5.131914471303435
aimnet2,1,516,-5.388036161473031,-5.492102949159354
aimnet2,1,517,-5.571528417139873,-5.828984030473998
aimnet2,1,518,-5.663486988068314,-5.851366069692778
aimnet2,1,519,-5.434753130215516,-5.437989116770923
aimnet2,1,520,-5.658324882574807,-5.6737283777798755
aimnet2,1,521,-5.4235599130127445,-5.548083798533498
aimnet2,1,523,-5.451088106384753,-5.571844697919591
aimnet2,1,525,-5.1151138995308765,-4.859640882546354
aimnet2,1,526,-5.419508840127233,-5.244005195016195
aimnet2,1,527,-5.245263727823164,-5.351847171211841
aimnet2,1,528,-5.319041825216441,-5.563209101397403
aimnet2,1,529,-5.224828271743778,-4.963181586256476
aimnet2,1,530,-5.355136029105051,-5.486681024522994
aimnet2,1,532,-4.862955666304805,-5.761280534893849
aimnet2,1,533,-5.495854568183513,-5.5201444356524245
aimnet2,1,534,-5.360200633900143,-5.5386637792315865
aimnet2,1,535,-5.565580045296731,-5.3774048218128785
aimnet2,1,536,-5.397782078922048,-5.517529846814381
aimnet2,1,537,-5.502942104331247,-5.532958721032056
aimnet2,1,538,-4.8018867909411505,-4.624043716624589
aimnet2,1,540,-5.080461724003707,-4.655298918142648
aimnet2,1,542,-5.351609899654304,-5.569585213446093
aimnet2,1,543,-5.38608015199778,-5.372577849584587
aimnet2,1,544,-5.311893017692574,-5.247180527994262
aimnet2,1,545,-5.279993957842023,-5.386943140039729
aimnet2,1,546,-5.652681565102609,-5.649906878580912
aimnet2,1,547,-5.382665583146334,-5.500970509954242
aimnet2,1,548,-5.610606179613524,-5.4201602273312695
aimnet2,1,549,-5.395268164240047,-5.145209816083206
aimnet2,1,550,-5.525430242147057,-5.23591313552469
aimnet2,1,551,-5.467866694531399,-5.352476508142728
aimnet2,1,552,-5.36817885892164,-5.430375549872399
aimnet2,1,553,-5.6356894740735735,-5.500178060653146
aimnet2,1,554,-5.381254246927718,-5.3536543959258625
aimnet2,1,556,-5.429527816386579,-5.46612583831899
aimnet2,1,557,-5.3604834558784535,-5.410100313097751
aimnet2,1,558,-5.566775067517758,-5.647143091011305
aimnet2,1,559,-5.2721583133793555,-5.193405197458269
aimnet2,1,560,-5.6668070365249035,-6.0401567196141155
aimnet2,1,561,-5.258244733067182,-5.2673311470102595
aimnet2,1,562,-5.5307697491625465,-5.745923896563387
aimnet2,1,565,-5.273454799113528,-5.490870676377344
aimnet2,1,567,-5.410086455118952,-5.17968006265303
aimnet2,1,568,-5.25038496172099,-5.398278311118501
aimnet2,1,569,-5.273841405384484,-5.557350120898779
aimnet2,1,570,-5.534771363113881,-5.408311133944871
aimnet2,1,572,-5.643107329280382,-5.737925498705629
aimnet2,1,574,-5.33576561424412,-5.365999937043202
aimnet2,1,575,-5.5156181480955455,-5.498433460519752
aimnet2,1,577,-5.462482536569977,-5.517251059285258
aimnet2,1,579,-5.385835223758276,-5.534373499589131
aimnet2,1,580,-5.482865487184253,-5.619939000107097
aimnet2,1,581,-5.304079328175536,-5.417391024397704
aimnet2,1,582,-5.456987238771005,-5.609883676927003
aimnet2,1,583,-5.576071123825811,-5.590700289448953
aimnet2,1,584,-5.633845939066569,-5.57246104741551
aimnet2,1,586,-5.663295563797128,-5.923753527939442
aimnet2,1,588,-5.4237724535065,-5.550701590550353
aimnet2,1,590,-5.27808434873149,-5.30084061081058
aimnet2,1,591,-5.520497094899201,-5.786302180266812
aimnet2,1,593,-5.471367802223916,-5.557516274917873
aimnet2,1,594,-5.3169102824285055,-5.631877010104295
aimnet2,1,595,-5.469322908001875,-5.681795869150434
aimnet2,1,596,-5.43019697654467,-5.761506530735237
aimnet2,1,597,-5.478305406629754,-5.616598092585335
aimnet2,1,598,-5.659786343195602,-5.626929922220307
aimnet2,1,599,-5.474107066924042,-5.527946834543126
aimnet2,1,600,-5.455296785838658,-5.559980234443215
aimnet2,1,601,-5.6788049891922965,-5.584191894979187
aimnet2,1,602,-5.349958445894592,-5.447664697981891
aimnet2,1,603,-5.570120434422713,-5.69227646760609
aimnet2,1,604,-5.45788158401353,-5.581959884269557
aimnet2,1,605,-5.730633784317152,-5.627435558740642
aimnet2,1,606,-5.387411562417766,-5.57263100888966
aimnet2,1,607,-5.539194168676108,-5.637493513339741
aimnet2,1,608,-5.436881449978432,-5.4882765450399305
aimnet2,1,610,-6.0137232741664235,-5.678624375900188
aimnet2,1,611,-5.142056733254991,-5.111087378993361
aimnet2,1,612,-5.5352098278309425,-5.4516347639591975
aimnet2,1,613,-5.544963532709283,-5.568449127392991
aimnet2,1,614,-5.221850255486608,-5.464284730943607
aimnet2,1,616,-5.508869616643881,-5.4673279447934044
aimnet2,1,618,-5.5460106156044935,-5.549797971111038
aimnet2,1,619,-5.452570235372727,-5.497729115030448
aimnet2,1,620,-5.302322819545236,-5.363473951573999
aimnet2,1,622,-5.153554825700398,-5.220314653256448
aimnet2,1,623,-5.486830181087569,-5.615192985706965
aimnet2,1,625,-4.5606742024015094,-4.590048219309799
aimnet2,1,626,-5.187124912253015,-5.358038072329425
aimnet2,1,627,-5.550904108252477,-5.235139475736993
aimnet2,1,628,-5.380786853261213,-5.330293933039728
aimnet2,1,629,-5.687738858820718,-5.667976281396359
aimnet2,1,630,-5.576399170408743,-5.557691790872156
aimnet2,1,631,-5.534254773440282,-5.724633439988978
aimnet2,1,632,-5.0459218855654555,-4.6835021177453955
aimnet2,1,633,-5.517649083362296,-5.630943135678741
aimnet2,1,634,-5.663556369003954,-5.904167927032114
aimnet2,1,635,-5.416016307733775,-5.355683424379573
aimnet2,1,637,-5.375205601790834,-5.304445322924821
aimnet2,1,638,-5.602677709070788,-5.512729625537438
aimnet2,1,639,-5.2918336190360105,-5.342966237212782
aimnet2,1,640,-5.410712401933192,-5.48484513429809
aimnet2,1,641,-5.287493488556931,-5.295861910604831
aimnet2,1,643,-5.344465896430304,-5.393307006854021
aimnet2,1,644,-4.667130279142919,-4.796540966982636
aimnet2,1,645,-5.250742889814633,-5.123396886256651
aimnet2,1,647,-5.207840791353196,-5.505054855053513
aimnet2,1,649,-5.436002806720876,-5.4962895521242325
aimnet2,1,650,-5.68483580306917,-5.749254350747133
aimnet2,1,651,-5.560754434224726,-5.677146874907568
aimnet2,1,653,-5.379001057386356,-5.478955025401014
aimnet2,1,654,-5.228292083377571,-5.289596794650005
aimnet2,1,656,-5.373948523574357,-5.293530066370922
aimnet2,1,657,-5.191692472228391,-5.1091818233270905
aimnet2,1,658,-5.096291992365813,-5.507406945302213
aimnet2,1,659,-5.2376726713921835,-5.692476053069246
aimnet2,1,661,-5.470342889787674,-5.450792534212616
aimnet2,1,662,-4.9359202935763316,-4.587688696596934
aimnet2,1,663,-5.137161477239276,-5.608820557246282
aimnet2,1,664,-5.606705247471054,-5.71720476108855
aimnet2,1,665,-5.370464245911878,-4.799525299999085
aimnet2,1,666,-5.422884343537789,-5.471096681645331
aimnet2,1,667,-5.442187252774081,-5.509939627467112
aimnet2,1,668,-5.413757005491032,-5.469757037132732
aimnet2,1,669,-5.338336382527469,-5.369119014076587
aimnet2,1,670,-5.300714594718037,-5.288060856585971
aimnet2,1,671,-5.399439011610335,-5.403193673930713
aimnet2,1,672,-5.308882934130746,-5.150917140503603
aimnet2,1,673,-5.331469550599104,-4.976648829743001
aimnet2,1,676,-5.396535391844903,-5.399526226459338
aimnet2,1,677,-5.327164218343355,-5.470718760206384
aimnet2,1,678,-5.458724778588647,-5.583162078864463
aimnet2,1,679,-5.474443167042527,-5.608175403218577
aimnet2,1,681,-5.20358329391512,-5.442472703373489
aimnet2,1,682,-4.961783014197627,-5.329064495136888
aimnet2,1,683,-5.533412268967322,-5.5072318336333765
aimnet2,1,685,-5.474197172849576,-5.480334939206885
aimnet2,1,686,-5.5946604551181425,-5.4960274596522005
aimnet2,1,687,-5.422330576502431,-5.57976605175183
aimnet2,1,688,-5.556020142147096,-5.362546911158394
aimnet2,1,689,-5.6262882310781634,-5.423534192788169
aimnet2,1,690,-5.472002756120602,-5.354101989096741
aimnet2,1,691,-5.448572955111268,-5.625106806385883
aimnet2,1,692,-5.51525567605844,-5.442440707403634
aimnet2,1,693,-5.4169991177870935,-5.4550250599819154
aimnet2,1,694,-5.44888375951864,-5.414548209886874
aimnet2,1,696,-5.444606479049676,-5.585223975191148
aimnet2,1,697,-5.257873481410582,-5.213691572967496
aimnet2,1,698,-4.830243713543695,-4.838648781099848
aimnet2,1,699,-5.613017503254287,-5.752104290839347
aimnet2,1,700,-5.374919667744293,-5.471222677971905
aimnet2,1,701,-5.311915598389695,-5.4903621191432785
aimnet2,1,702,-5.588127679344959,-5.3968943121171495
aimnet2,1,703,-4.898523399603741,-4.683197518737399
aimnet2,1,705,-4.930809450551667,-4.966266522001571
aimnet2,1,706,-5.211349284321144,-4.858600995706392
aimnet2,1,707,-5.15159726988367,-5.637226074318298
aimnet2,1,708,-5.141731600681676,-5.255079554503118
aimnet2,1,709,-5.681284898294929,-5.719917019686152
aimnet2,1,710,-5.401351715544915,-5.433322574791456
aimnet2,1,711,-5.729994083356242,-5.676076529511072
aimnet2,1,712,-5.100103271531084,-5.578499193522733
aimnet2,1,713,-5.491303698975495,-5.540821759737534
aimnet2,1,714,-5.346037152959206,-5.200323009465637
aimnet2,1,715,-4.949285225865463,-4.881391812551818
aimnet2,1,716,-5.775815711101717,-5.586949487279348
aimnet2,1,717,-5.526659011598891,-5.381126951335806
aimnet2,1,718,-5.1081479577033555,-5.2909418797138965
aimnet2,1,719,-5.395101296906751,-5.517908049249788
aimnet2,1,720,-5.612190040220674,-5.604156640886036
aimnet2,1,721,-5.533385283852354,-5.610275847688545
aimnet2,1,722,-5.446424100248744,-5.398889194001308
aimnet2,1,724,-5.235539329443135,-5.072601367202448
aimnet2,1,725,-5.539944120463737,-5.343795645457114
aimnet2,1,727,-5.424304315806334,-5.488854990003954
aimnet2,1,728,-5.101043324646876,-5.438287990178064
aimnet2,1,729,-5.027858817389368,-4.954426980916448
aimnet2,1,730,-5.643772988963811,-5.3905127646775695
aimnet2,1,731,-5.574821247052634,-5.536609834178717
aimnet2,1,732,-5.616641330729455,-5.498563505802124
aimnet2,1,733,-5.637050467035919,-5.344773422760796
aimnet2,1,734,-5.1259407088389635,-5.380276486501486
aimnet2,1,735,-5.436580331044707,-5.5163369435613365
aimnet2,1,736,-5.677882355996055,-5.821561801747517
aimnet2,1,737,-5.319051657080173,-5.495131753917573
aimnet2,1,738,-5.154081222007459,-5.43297687157021
aimnet2,1,739,-5.412594897753665,-5.6498812131979905
aimnet2,1,740,-5.184919969197401,-5.169066693148931
aimnet2,1,741,-5.476547213835179,-5.213530416501931
aimnet2,1,742,-5.67408369573602,-5.810993429970927
aimnet2,1,744,-5.407329800059483,-5.551068351341005
aimnet2,1,745,-5.571463093123686,-5.388608062234017
aimnet2,1,746,-5.082196217593083,-5.163915841672332
aimnet2,1,747,-4.785587733481717,-4.947182737118312
aimnet2,1,748,-5.085495673768901,-5.681812360450942
aimnet2,1,750,-5.274302021908025,-5.453526361947395
aimnet2,1,751,-5.578078602175043,-5.600770562346012
aimnet2,1,752,-5.555596008163993,-5.631991847711231
aimnet2,1,753,-5.287050862267021,-5.625040331227712
aimnet2,1,754,-5.3177391239341585,-5.4582706118996605
aimnet2,1,755,-5.4289505483662515,-5.552612781501628
aimnet2,1,756,-5.516115986677592,-5.435795774962061
aimnet2,1,757,-5.049310026999705,-4.758842901686128
aimnet2,1,758,-5.538164193528894,-5.827404051976678
aimnet2,1,759,-5.586943486760373,-5.499780712238419
aimnet2,1,761,-5.586548517415196,-5.4309373824634175
aimnet2,1,762,-5.762718181867711,-5.829257651248805
aimnet2,1,763,-5.487400533394026,-5.354814012746039
aimnet2,1,764,-5.22223333012897,-5.429190839327498
aimnet2,1,765,-5.466403163181121,-5.680284902716325
aimnet2,1,766,-5.5045540408760845,-5.507894082252107
aimnet2,1,768,-5.394214484460602,-5.6204931124165185
aimnet2,1,769,-5.480065627941351,-5.726308052324498
aimnet2,1,770,-5.149506737105621,-5.049088161743543
aimnet2,1,771,-5.4420972008572095,-5.283834828503801
aimnet2,1,772,-5.364412870028039,-5.631315203824801
aimnet2,1,773,-5.524329924973614,-5.535398825588839
aimnet2,1,774,-5.613944619700884,-5.532295607329278
aimnet2,1,775,-5.931122854759173,-5.225608908401117
aimnet2,1,777,-5.552167128358344,-5.488276278271757
aimnet2,1,778,-5.59587858255974,-5.4888170237012055
aimnet2,1,779,-5.484881749307459,-5.5467670232360105
aimnet2,1,780,-5.317330719927109,-4.9677703158262885
aimnet2,1,781,-5.497805029925259,-5.580481972768856
aimnet2,1,782,-5.535983664604642,-5.507684902290193
aimnet2,1,783,-5.330411525595034,-5.309797930670186
aimnet2,1,784,-5.264818346937657,-5.289312547146809
aimnet2,1,785,-5.531545367362111,-5.584116128364407
aimnet2,1,786,-5.6163506680572866,-5.274018212380571
aimnet2,1,788,-5.308247435387235,-5.649374900436262
aimnet2,1,789,-5.413955795634442,-5.428881250465655
aimnet2,1,790,-5.519956379874989,-5.79398256129764
aimnet2,1,791,-5.387181237519499,-5.10755048152696
aimnet2,1,795,-5.302407108041859,-5.3760253775959885
aimnet2,1,796,-5.119468425011438,-5.42000671312435
aimnet2,1,798,-5.572813243259239,-5.688081039870021
aimnet2,1,800,-4.895953999083266,-4.577323349564192
aimnet2,1,801,-5.672759823009097,-5.49980693079767
aimnet2,1,802,-5.302801056895674,-5.6111347850520765
aimnet2,1,803,-5.711032639375155,-5.470735199031578
aimnet2,1,804,-4.934894588706321,-4.841061561076784
aimnet2,1,806,-5.43754936503137,-5.502315645819717
aimnet2,1,807,-5.471933232093152,-5.62241412001866
aimnet2,1,808,-5.558884734563318,-5.5817017829772775
aimnet2,1,810,-5.36155718973769,-5.486031549631017
aimnet2,1,812,-5.311038638970693,-5.392983426143113
aimnet2,1,814,-5.621629758584423,-5.442853298578553
aimnet2,1,815,-5.278513357612392,-4.928843449016051
aimnet2,1,817,-5.453817468729719,-5.455497218950331
aimnet2,1,818,-5.405149478054031,-5.300992426970205
aimnet2,1,819,-5.376447286766452,-5.439154852985118
aimnet2,1,821,-4.938533054223112,-4.399917718974125
aimnet2,1,822,-5.65713663453686,-5.642989144067815
aimnet2,1,823,-5.546190187412118,-5.483951010575203
aimnet2,1,824,-5.517675906666239,-5.64153063130756
aimnet2,1,825,-5.5387255184531385,-5.581513166735269
aimnet2,1,826,-5.355485322038141,-5.476273724263816
aimnet2,1,827,-5.4363570203167395,-5.488100515129875
aimnet2,1,828,-5.210828581486783,-4.99577267859925
aimnet2,1,829,-5.5578490809565935,-5.731427901722383
aimnet2,1,830,-5.261981694916204,-5.457413995684233
aimnet2,1,831,-5.360662126609542,-5.400688357620959
aimnet2,1,833,-5.276221610218244,-5.492815006975668
aimnet2,1,834,-5.61277466270632,-5.541074196646695
aimnet2,1,835,-5.413976371054348,-5.361560043518831
aimnet2,1,836,-5.406858702451585,-5.401716203680498
aimnet2,1,838,-5.297068179826,-5.546933035752443
aimnet2,1,839,-5.518329011949157,-5.525598720338084
aimnet2,1,840,-5.604748654094625,-5.88812497640171
aimnet2,1,841,-5.04121683433587,-5.604570234145725
aimnet2,1,842,-5.536928841476773,-5.349157733151326
aimnet2,1,843,-5.429680728828788,-5.46467168707816
aimnet2,1,844,-5.43759880585233,-5.39616358395197
aimnet2,1,845,-5.583338517121188,-5.435234674047518
aimnet2,1,846,-4.937330990246008,-4.713606054587405
aimnet2,1,847,-4.560430571440698,-4.1702918645401885
aimnet2,1,848,-5.433529875096848,-5.486159856401141
aimnet2,1,849,-5.1066032648575455,-5.318305815755857
aimnet2,1,850,-5.291049275783688,-5.295132935193446
aimnet2,1,851,-5.281882534346407,-5.3969328747951195
aimnet2,1,852,-5.373249469346459,-5.512064822853327
aimnet2,1,853,-5.345514283443351,-5.248608980195601
aimnet2,1,854,-5.6802880593835905,-5.566061602529345
aimnet2,1,855,-5.334121835226359,-5.317155678589411
aimnet2,1,856,-5.3600533315946475,-5.441009300847338
aimnet2,1,857,-5.471821275908233,-5.6207146334235345
aimnet2,1,858,-5.396923943510381,-5.453728606380779
aimnet2,1,859,-5.328464320555064,-4.980656968524674
aimnet2,1,860,-5.370346544784792,-5.415431335304363
aimnet2,1,861,-5.496252545580954,-5.215426810458657
aimnet2,1,862,-5.3633507994870175,-4.739638841839175
aimnet2,1,863,-5.5976842746803195,-5.48779744902236
aimnet2,1,866,-5.130822233593678,-5.350086992590118
aimnet2,1,867,-5.131288310626283,-4.952634203491461
aimnet2,1,868,-5.498914306254408,-5.400701035697398
aimnet2,1,869,-5.45277693194823,-5.5082322463848445
aimnet2,1,870,-5.204419112952486,-4.980459703270167
aimnet2,1,871,-5.337780939383465,-5.445463343900191
aimnet2,1,872,-5.257883194012786,-5.306719488181095
aimnet2,1,873,-5.435552159055386,-5.334695626786509
aimnet2,1,874,-5.5753808199191,-5.490161083174156
aimnet2,1,875,-5.491565422353993,-5.542517171115172
aimnet2,1,876,-5.686351377727891,-5.7557992161242995
aimnet2,1,878,-5.550106494582747,-5.502757800432727
aimnet2,1,879,-5.185996195059756,-4.817906597795958
aimnet2,1,880,-5.572206963710187,-5.456408383764262
aimnet2,1,881,-5.4597490806662,-5.382320005936607
aimnet2,1,882,-5.108257737225193,-5.2132543602566015
aimnet2,1,884,-4.783263829735894,-4.610976066345842
aimnet2,1,885,-5.632786415378073,-5.147480218734309
aimnet2,1,886,-5.550225733081176,-5.534766305558597
aimnet2,1,887,-5.631229954154436,-5.441261091832272
aimnet2,1,889,-5.126785525259977,-5.348693415747115
aimnet2,1,890,-5.228862446562346,-5.323660738458809
aimnet2,1,891,-4.958147658873048,-4.39467249419656
aimnet2,1,893,-5.650961891633134,-5.688241346340186
aimnet2,1,894,-5.3376253216178755,-5.273784481651432
aimnet2,1,896,-5.4615247408864676,-5.5707645336139455
aimnet2,1,897,-5.440214041535011,-5.541244192022069
aimnet2,1,898,-5.279494936379052,-5.52999417346833
aimnet2,1,899,-5.579488414137146,-5.260986864803824
aimnet2,1,900,-5.0835995789070365,-5.10067349364282
aimnet2,1,901,-5.448972169041366,-5.322088508077687
aimnet2,1,902,-5.308754789588823,-5.5604967683231
aimnet2,1,904,-5.413085333511057,-5.245925651467617
aimnet2,1,906,-5.383852916709621,-5.23456895897357
aimnet2,1,908,-5.50367752990357,-5.557353631809228
aimnet2,1,909,-4.427474348398826,-4.324191333555911
aimnet2,1,910,-5.37617043289227,-5.548026697847785
aimnet2,1,912,-5.3967480887110435,-5.176545915398044
aimnet2,1,913,-5.238502483095273,-5.158282336588113
aimnet2,1,914,-5.369647464442074,-5.362004557946201
aimnet2,1,916,-5.554855508983998,-5.687050169255196
aimnet2,1,917,-5.223504518120634,-5.029689741780978
aimnet2,1,918,-5.508777382489415,-5.440299391514479
aimnet2,1,919,-5.445144770748312,-5.451196317416065
aimnet2,1,920,-5.2144687447334865,-5.1274668376913715
aimnet2,1,921,-5.276745599410959,-5.4340888028122665
aimnet2,1,922,-5.380804109877909,-5.503009453708447
aimnet2,1,924,-5.0691161080360745,-5.177260929324676
aimnet2,1,925,-5.389585832332292,-5.3849098194300336
aimnet2,1,926,-5.307244892750289,-5.360282928233256
aimnet2,1,927,-5.189385325587283,-5.261403775085102
aimnet2,1,928,-4.942100708617639,-4.815328501695299
aimnet2,1,929,-5.210740339790226,-4.815151844693811
aimnet2,1,930,-5.4408952363425325,-4.724526995330926
aimnet2,1,931,-5.298741964555103,-5.561053085859225
aimnet2,1,933,-5.290669573776422,-5.457662026037741
aimnet2,1,934,-5.5117035337282125,-5.842833608237292
aimnet2,1,935,-5.282325164489769,-5.35366624494184
aimnet2,1,937,-5.530694993370037,-5.338083400380286
aimnet2,1,938,-5.431541498642025,-5.520048207508968
aimnet2,1,939,-5.287273388965319,-5.243288104692479
aimnet2,1,940,-5.338455697300674,-5.5943299732589695
aimnet2,1,941,-5.474635066952435,-5.569767851175201
aimnet2,1,942,-5.262966817965335,-5.30815675858625
aimnet2,1,943,-5.623332192609214,-5.3725328696744405
aimnet2,1,944,-5.170900499366194,-5.1103543560356535
aimnet2,1,947,-5.4003400644648885,-5.402419811150827
aimnet2,1,948,-5.430179895745321,-5.48722531025705
aimnet2,1,949,-5.373008994491226,-5.417401264973474
aimnet2,1,954,-5.431040083503769,-5.61224643847383
aimnet2,1,956,-5.330042671778787,-5.459569410385539
aimnet2,1,957,-5.277380448974085,-5.420670601451665
aimnet2,1,958,-5.061670066569441,-5.423656121704746
aimnet2,1,959,-5.5664457667129925,-5.151242387261736
aimnet2,1,960,-5.638858725029698,-5.564080887850975
aimnet2,1,961,-5.459096985834489,-5.498491031416427
aimnet2,1,962,-5.026228148131904,-5.275447619216233
aimnet2,1,963,-5.625895927893358,-5.553675210474923
aimnet2,1,964,-4.91298871588276,-4.680938096924106
aimnet2,1,966,-5.21809439251266,-5.671502608100516
aimnet2,1,967,-5.612520737891023,-5.685711076157917
aimnet2,1,968,-5.471208718162357,-5.132067318205938
aimnet2,1,969,-5.522531704935246,-5.663668316385295
aimnet2,1,970,-5.506916531587738,-5.597776082485754
aimnet2,1,971,-5.261747716585612,-5.0050947897165505
aimnet2,1,972,-5.348357699044201,-5.0197351400487165
aimnet2,1,974,-5.364680724889591,-5.551176723753739
aimnet2,1,975,-5.48712135437646,-5.664089397552901
aimnet2,1,977,-5.258659556599338,-5.329398915296111
aimnet2,1,978,-5.591643383720896,-5.341472877202416
aimnet2,1,979,-4.986147421789441,-5.117067633828785
aimnet2,1,980,-4.952013351867135,-5.15892546825305
aimnet2,1,982,-5.595217015884055,-5.425763125398874
aimnet2,1,983,-5.489532261768385,-5.633784580051879
aimnet2,1,984,-5.361729481118597,-5.506528150211871
aimnet2,1,987,-5.54863317436743,-5.362345060259123
aimnet2,1,988,-5.660861937678467,-5.528326870436171
aimnet2,1,989,-5.2735362051155805,-5.311478795967818
aimnet2,1,990,-5.239975779495225,-5.257733640810502
aimnet2,1,993,-5.387634409275799,-5.3479990776877955
aimnet2,1,994,-5.456637360917988,-5.423117591555265
aimnet2,1,996,-5.168611269198722,-5.120009418148432
aimnet2,1,998,-5.500753269174195,-5.672711842992208
aimnet2,1,999,-5.544606915871759,-5.492337434511173
aimnet2,2,2,-5.079695089255843,-5.184331055521742
aimnet2,2,3,-5.34838576761734,-5.2699503687083515
aimnet2,2,4,-5.284594851080064,-4.9407523351557785
aimnet2,2,5,-5.465785285155073,-5.214027734300829
aimnet2,2,6,-5.512736213168624,-5.438605443644139
aimnet2,2,8,-5.326878282430942,-5.312523378516737
aimnet2,2,10,-5.333384595958469,-5.051684726625906
aimnet2,2,11,-5.343655859847554,-5.012185979345845
aimnet2,2,12,-5.643564067931621,-5.402337719714092
aimnet2,2,13,-5.211709002698282,-5.053363364329137
aimnet2,2,15,-5.510822517671114,-5.65378357981139
aimnet2,2,16,-5.454587533072969,-5.335081516313532
aimnet2,2,17,-5.403842149652692,-5.147590098450126
aimnet2,2,18,-5.377732489465737,-5.434945801425561
aimnet2,2,19,-5.476556142527098,-5.03492625143926
aimnet2,2,21,-5.572964147009614,-5.251476283518177
aimnet2,2,22,-5.4036124060565065,-5.632126610878444
aimnet2,2,23,-5.331649601379741,-5.535123245201877
aimnet2,2,25,-5.386722929979513,-5.317839277412656
aimnet2,2,28,-5.327846104775064,-5.5835286350505955
aimnet2,2,29,-5.57979048305408,-5.67628847710049
aimnet2,2,30,-5.290552776415864,-5.152982948779283
aimnet2,2,31,-5.3080766166580196,-5.353159462934683
aimnet2,2,34,-5.184342582287237,-4.971878272185973
aimnet2,2,35,-5.515584464175991,-5.511381584346434
aimnet2,2,36,-4.968672090844912,-4.7001177399703975
aimnet2,2,40,-5.2842240403936,-5.312325114215727
aimnet2,2,42,-5.147370969375511,-5.382382710943407
aimnet2,2,43,-5.465474037212615,-5.74403081651759
aimnet2,2,44,-5.569562955304548,-5.589265181982635
aimnet2,2,45,-5.578688637818887,-5.409590297895745
aimnet2,2,46,-5.528897468431367,-5.650002754479142
aimnet2,2,47,-5.090176047459693,-5.253502466447039
aimnet2,2,49,-5.514427993905897,-5.565001254606335
aimnet2,2,50,-5.477228808712896,-5.525498951379994
aimnet2,2,51,-5.4330347987409935,-5.592056160048799
aimnet2,2,52,-5.407804600508692,-5.444696600521216
aimnet2,2,54,-5.484406867229392,-5.603409871610905
aimnet2,2,55,-5.3152695978579585,-5.257046829455881
aimnet2,2,56,-5.6707259552450076,-5.611806545466477
aimnet2,2,57,-5.274629218348889,-5.261839054500424
aimnet2,2,58,-5.281699348032382,-5.05047376381867
aimnet2,2,60,-5.4512065374152945,-5.256973978945816
aimnet2,2,61,-4.86771426282965,-4.872981285209024
aimnet2,2,62,-5.368659760326703,-5.473489895693188
aimnet2,2,63,-5.486954060251845,-5.4215886679666525
aimnet2,2,64,-5.26703907617549,-5.036822968922606
aimnet2,2,68,-5.337090841323708,-5.232325010783006
aimnet2,2,69,-5.522179585939073,-5.598180151445376
aimnet2,2,70,-5.469754052726144,-5.370446094507789
aimnet2,2,71,-5.432730126376546,-5.239245807824743
aimnet2,2,72,-5.043652009310178,-4.808958313459361
aimnet2,2,73,-5.335861599027778,-5.351244874158206
aimnet2,2,74,-5.413882209734474,-5.309212628415856
aimnet2,2,76,-5.522819463042861,-5.699522009458397
aimnet2,2,79,-5.073587081925511,-5.145953721175492
aimnet2,2,80,-5.099299006512498,-5.083958892892617
aimnet2,2,81,-5.36796109361209,-5.336136840804357
aimnet2,2,83,-5.623370128615022,-5.52132173050266
aimnet2,2,86,-5.30027916055839,-5.203993799266519
aimnet2,2,87,-5.451100844791444,-5.510557541593907
aimnet2,2,88,-5.524076694981637,-5.432486903609702
aimnet2,2,90,-5.273761629683418,-5.45784379774007
aimnet2,2,94,-5.366582421879683,-5.480824035000479
aimnet2,2,96,-5.471777402243519,-5.547021986049547
aimnet2,2,97,-5.440580487221177,-5.347743982965059
aimnet2,2,98,-5.3949224254103,-5.8587840799257505
aimnet2,2,99,-5.4082638755889905,-5.451022650228904
aimnet2,2,100,-5.558126958399662,-5.461757226703689
aimnet2,2,102,-5.407093969010035,-5.450636602167011
aimnet2,2,103,-5.204368215384089,-5.530786694323643
aimnet2,2,104,-5.29940074680346,-5.323185761019616
aimnet2,2,105,-5.566306426084365,-5.501291267052328
aimnet2,2,108,-5.164344425473111,-5.380359596490985
aimnet2,2,111,-5.341459627368396,-5.280843732747362
aimnet2,2,113,-5.690200225067729,-5.489130241253836
aimnet2,2,114,-4.904722386353598,-4.866338725608082
aimnet2,2,115,-4.807962219719595,-4.511278301746551
aimnet2,2,116,-5.400129236462217,-5.569864017780368
aimnet2,2,118,-5.449903921477087,-5.439482648993934
aimnet2,2,119,-5.547895853838037,-5.439279411318974
aimnet2,2,120,-5.507182924704612,-5.581104981780826
aimnet2,2,121,-5.387149405668559,-5.1886813545942845
aimnet2,2,123,-5.201039302856945,-4.773601888240796
aimnet2,2,124,-5.391586237443555,-5.526810286307026
aimnet2,2,126,-5.498257957707497,-5.400045781554361
aimnet2,2,127,-5.349330490254294,-5.069587637244509
aimnet2,2,129,-5.50573285262268,-5.602300367937373
aimnet2,2,131,-5.587887435065896,-5.686327913723324
aimnet2,2,132,-5.403353084166738,-5.505463456036742
aimnet2,2,133,-5.131134635162257,-4.9371839362769165
aimnet2,2,135,-5.201787230590036,-5.407555390111369
aimnet2,2,137,-5.5295830231540855,-5.312813858327038
aimnet2,2,138,-5.33674548846172,-5.352721812969321
aimnet2,2,139,-5.023470074405359,-4.689039237277794
aimnet2,2,140,-5.547947064218226,-5.547669934593338
aimnet2,2,141,-5.200784528724101,-5.046367586549077
aimnet2,2,142,-5.576219662262485,-4.995308245706043
aimnet2,2,144,-5.5074182493910815,-5.452776200893882
aimnet2,2,145,-5.329337831486721,-5.268022092733289
aimnet2,2,146,-4.808645760117759,-4.547550903563861
aimnet2,2,147,-5.511121233957683,-5.423392979834785
aimnet2,2,148,-5.382014783748113,-5.374742648393858
aimnet2,2,149,-5.442309470344181,-5.528673957677821
aimnet2,2,150,-5.5320011492820935,-5.257007578250838
aimnet2,2,151,-5.272391874358577,-5.243539756842868
aimnet2,2,152,-5.497768252897193,-5.479609528586307
aimnet2,2,153,-5.292467130499013,-5.140347847831682
aimnet2,2,155,-5.527890963212368,-5.658657375196832
aimnet2,2,156,-5.397220586091611,-5.691842132997852
aimnet2,2,157,-5.52105691072675,-5.522097356444162
aimnet2,2,158,-5.416875043346094,-5.334519578410709
aimnet2,2,160,-5.297791442634015,-5.884327061942292
aimnet2,2,162,-5.391885497023817,-4.817592486857587
aimnet2,2,163,-5.427439463558426,-5.63502405595774
aimnet2,2,164,-5.471903991574203,-5.451543794755946
aimnet2,2,166,-5.402950861302466,-5.587318106269246
aimnet2,2,167,-5.4680291997691715,-5.605731929622396
aimnet2,2,168,-5.617439919168764,-5.778790181984502
aimnet2,2,169,-5.323538243625863,-5.24900257375261
aimnet2,2,171,-5.062379908373285,-5.199195306210382
aimnet2,2,172,-5.522413392006949,-5.7560255391916595
aimnet2,2,173,-5.477468127858788,-5.5234521597007875
aimnet2,2,174,-5.463167319346195,-5.717078838051809
aimnet2,2,175,-5.512393628769699,-5.480245284542921
aimnet2,2,176,-5.756594719600256,-5.784723942898407
aimnet2,2,177,-5.194060747311348,-5.099837575482696
aimnet2,2,178,-5.354637661636695,-5.222442801282203
aimnet2,2,179,-5.242973431835203,-5.028105910573627
aimnet2,2,180,-5.339049088485074,-5.779794814133304
aimnet2,2,181,-5.492366570851209,-5.455518480393856
aimnet2,2,182,-5.5516452310316176,-5.6762080928297625
aimnet2,2,184,-5.440456959053999,-5.558214767094737
aimnet2,2,185,-4.89404198230067,-5.070495581064392
aimnet2,2,186,-5.064771198707943,-4.962029547670586
aimnet2,2,187,-5.456470741550032,-5.564919869968188
aimnet2,2,188,-5.235393474585417,-5.439219676310085
aimnet2,2,190,-5.045464395120414,-5.037480173945034
aimnet2,2,191,-5.404031885903405,-5.236031689961966
aimnet2,2,194,-5.336028847751963,-5.1416208650777335
aimnet2,2,195,-5.231378759073761,-5.235605943690497
aimnet2,2,196,-5.60227390648043,-5.446560676366135
aimnet2,2,198,-5.232816869203671,-5.196718216144798
aimnet2,2,199,-5.579637596428268,-5.351474209215477
aimnet2,2,200,-5.502262954898038,-5.627571235266286
aimnet2,2,202,-5.502096146590784,-5.588513675867974
aimnet2,2,203,-5.463609915708664,-5.3496395789429245
aimnet2,2,204,-5.4895336409223,-5.487099656888084
aimnet2,2,206,-5.569030361774659,-5.5278389570215
aimnet2,2,207,-5.441538253149129,-5.500392260141583
aimnet2,2,209,-5.424441754056063,-5.811659491886019
aimnet2,2,211,-5.260618453043794,-5.348742472571856
aimnet2,2,212,-5.35555502804994,-5.518020524705836
aimnet2,2,213,-5.270753915172114,-5.403258449599618
aimnet2,2,214,-5.538052784612488,-5.503476915878669
aimnet2,2,215,-5.619883981165802,-5.81159748836286
aimnet2,2,217,-5.4131593387998915,-5.434147244532957
aimnet2,2,218,-5.265819902416178,-5.437301045079925
aimnet2,2,220,-5.562403654057131,-5.459769060675295
aimnet2,2,221,-5.318756457496834,-5.1126025922459855
aimnet2,2,222,-5.323970198258063,-5.275609911723172
aimnet2,2,223,-5.3591787014241445,-5.331735088460581
aimnet2,2,224,-5.45324061511447,-5.297726152020296
aimnet2,2,225,-5.384163554669566,-5.529712075071553
aimnet2,2,226,-5.4586808123991055,-5.282288303982015
aimnet2,2,227,-5.702256901406829,-5.739838316784169
aimnet2,2,228,-5.3181901671437455,-5.341403892466203
aimnet2,2,229,-5.495777477989682,-5.442306427790781
aimnet2,2,231,-5.378652608164236,-5.262966507797739
aimnet2,2,232,-5.49808981655601,-5.63199423850582
aimnet2,2,233,-5.533540179668574,-5.529106608666307
aimnet2,2,234,-5.293429802237776,-5.497183439301357
aimnet2,2,235,-5.061819746535414,-4.900073783581338
aimnet2,2,236,-5.466818421882479,-5.29426307536911
aimnet2,2,237,-5.324051493107175,-5.352252565488371
aimnet2,2,238,-5.391173666161151,-5.7915058625691564
aimnet2,2,240,-5.399465654489894,-5.6318585138496475
aimnet2,2,242,-5.561047284869,-5.587502982544666
aimnet2,2,243,-5.208426225929565,-5.104549545242282
aimnet2,2,244,-5.535446767295779,-5.492600091695736
aimnet2,2,245,-5.330169433520555,-5.483493890633243
aimnet2,2,247,-5.360410684113083,-5.422779438116641
aimnet2,2,248,-5.315425625079555,-5.417512179017813
aimnet2,2,250,-5.608049772131498,-5.477875320189984
aimnet2,2,251,-5.533941435827437,-5.442219315658296
aimnet2,2,253,-5.482041391286382,-5.3248827169123105
aimnet2,2,254,-5.511726210196952,-5.5137143137477285
aimnet2,2,255,-5.638733106949559,-5.586661907780988
aimnet2,2,256,-5.504245336366077,-5.323066862459642
aimnet2,2,257,-5.405564079810442,-5.519513562185256
aimnet2,2,259,-5.290978886519638,-5.472767629499142
aimnet2,2,260,-5.514166598431469,-5.530606349438241
aimnet2,2,261,-5.474451707929578,-5.6224576099086585
aimnet2,2,263,-5.360362368208447,-5.410911743149532
aimnet2,2,266,-5.549818318467282,-5.513441154730977
aimnet2,2,267,-5.6221820549962604,-5.502591916839689
aimnet2,2,268,-5.5284922269548575,-5.594329453222838
aimnet2,2,269,-5.329246801180328,-5.253592378931193
aimnet2,2,270,-5.564062880257378,-5.258210868714043
aimnet2,2,271,-5.425383455826381,-5.678338913056353
aimnet2,2,272,-5.361135904376633,-5.4216144517733
aimnet2,2,273,-5.563400355969478,-5.354224369991203
aimnet2,2,274,-5.5373567862019355,-5.492280957880179
aimnet2,2,276,-5.412701672717607,-5.55476604245646
aimnet2,2,279,-5.517586789365517,-5.489283478740967
aimnet2,2,280,-5.158268036348403,-5.115615542296415
aimnet2,2,281,-5.4175857474756395,-4.701586512880528
aimnet2,2,282,-5.535861947875028,-5.646879477046828
aimnet2,2,283,-5.194840531275505,-5.221526064585837
aimnet2,2,284,-5.6537818997748985,-5.53357186323358
aimnet2,2,285,-5.389574386596456,-5.365404192703602
aimnet2,2,288,-5.3438192440497305,-5.325871103712689
aimnet2,2,289,-5.41559896982216,-5.550156457794799
aimnet2,2,291,-5.402546371943391,-5.496978521015899
aimnet2,2,292,-5.140436062887105,-5.4468652894365785
aimnet2,2,293,-5.522002343765655,-5.649026353401958
aimnet2,2,295,-5.668495117893296,-5.516455117382826
aimnet2,2,296,-5.167068018291216,-5.064949266560845
aimnet2,2,298,-5.026054990297362,-4.900911764858672
aimnet2,2,299,-5.674460299997168,-5.572851607774535
aimnet2,2,300,-5.496619447962617,-5.267917370511017
aimnet2,2,301,-5.390175854154172,-5.529607127773994
aimnet2,2,302,-5.458552464908676,-5.282838149869756
aimnet2,2,303,-5.499388393575321,-5.566840885174387
aimnet2,2,304,-5.380133841638891,-5.217973370940179
aimnet2,2,305,-5.659379981073541,-5.578831999103095
aimnet2,2,306,-5.527006073853982,-5.679985574314406
aimnet2,2,307,-5.081287052218518,-5.4162016628065
aimnet2,2,308,-5.482936286564255,-5.63901030247035
aimnet2,2,309,-5.077525731484986,-5.376981670569952
aimnet2,2,310,-5.210969749582231,-4.456895413195401
aimnet2,2,311,-5.332754845347422,-5.315287456088198
aimnet2,2,312,-5.453555562398646,-5.493761820367195
aimnet2,2,313,-5.187636364517463,-5.374850668240753
aimnet2,2,314,-5.325998360488826,-5.241751852084153
aimnet2,2,315,-5.529729648234714,-5.534644737226944
aimnet2,2,317,-5.542736150179146,-5.550459387741648
aimnet2,2,318,-5.373525204578808,-5.379463681055959
aimnet2,2,319,-5.460455400184061,-5.432020890344279
aimnet2,2,320,-5.029749156191285,-4.898678911787029
aimnet2,2,321,-5.570982939852038,-5.633801794670028
aimnet2,2,322,-5.513532426692195,-5.493266410657896
aimnet2,2,323,-5.601771523333179,-5.779607306888364
aimnet2,2,324,-5.526959994787101,-5.801641177921579
aimnet2,2,325,-5.502832079856395,-5.51895200358178
aimnet2,2,326,-5.5960892467200996,-5.494590642106562
aimnet2,2,327,-5.575291005658837,-5.379392183190887
aimnet2,2,328,-5.218451900036028,-4.922993633712519
aimnet2,2,331,-5.217515789485098,-5.229726008792819
aimnet2,2,332,-5.613923412113794,-5.782208540669737
aimnet2,2,333,-5.323715008274754,-5.453103148029049
aimnet2,2,334,-5.561236283526681,-5.44024203991508
aimnet2,2,335,-5.467318519619781,-5.502211139474667
aimnet2,2,336,-5.506389470332063,-5.285568723174358
aimnet2,2,337,-5.123469550193176,-4.406932411116527
aimnet2,2,338,-5.45502944885313,-5.43902767229296
aimnet2,2,341,-5.5681175313165765,-5.417100465436059
aimnet2,2,343,-5.347349965100873,-5.045627768694704
aimnet2,2,345,-5.351069633185851,-5.69249878618729
aimnet2,2,347,-4.88375869179263,-5.232057644209708
aimnet2,2,348,-5.350462682896092,-5.348380738725201
aimnet2,2,349,-5.541585406464746,-5.285797341355624
aimnet2,2,350,-5.544590841792307,-5.772125023848459
aimnet2,2,351,-5.295243231534289,-5.326672198676142
aimnet2,2,352,-5.5726044835704185,-5.511076092673298
aimnet2,2,353,-5.319772927488531,-5.3021449803837415
aimnet2,2,354,-5.193784636138323,-5.316808100069723
aimnet2,2,357,-5.614955927246896,-5.452067525995985
aimnet2,2,358,-5.526105090228383,-5.322959357772299
aimnet2,2,359,-5.407875700499766,-5.330621845163635
aimnet2,2,361,-5.574852611027598,-5.5184899130521945
aimnet2,2,362,-5.451601602451456,-5.493604932663545
aimnet2,2,363,-5.566421659692626,-5.498502258588838
aimnet2,2,364,-5.466294283954012,-5.492753558615719
aimnet2,2,365,-5.572161898141496,-5.345591355139113
aimnet2,2,367,-5.323893952577597,-5.397759129876781
aimnet2,2,368,-5.433168863004044,-5.528199190059098
aimnet2,2,369,-5.375946249543872,-5.143611871027536
aimnet2,2,370,-5.596169252857797,-5.548249614790919
aimnet2,2,371,-5.202857376175299,-4.7988605374548765
aimnet2,2,372,-5.518566784663705,-5.557897052550365
aimnet2,2,373,-5.361158139672671,-5.3750726033087926
aimnet2,2,377,-5.313338054632842,-5.529039681432702
aimnet2,2,378,-5.360378503412898,-5.588071024613494
aimnet2,2,379,-5.369987352247716,-5.233875965398343
aimnet2,2,383,-5.534140486849516,-5.512042613342429
aimnet2,2,384,-5.487713237244005,-5.254071485504015
aimnet2,2,385,-5.459149132678214,-5.359618486110017
aimnet2,2,386,-5.257319504782254,-5.1296383078473795
aimnet2,2,387,-5.435430756978122,-5.324085976113699
aimnet2,2,389,-5.56365439713004,-5.599567361765787
aimnet2,2,391,-4.941703693090284,-4.881278728229034
aimnet2,2,392,-5.372140995461613,-5.331138118840353
aimnet2,2,393,-5.343776134665102,-4.979514875445077
aimnet2,2,394,-5.442880214392368,-5.341508484018909
aimnet2,2,395,-5.542038982303697,-5.46867866830533
aimnet2,2,396,-5.480145501045621,-5.634265790316827
aimnet2,2,397,-5.563762761216902,-5.535692327244418
aimnet2,2,398,-5.327419341160752,-5.214828951536885
aimnet2,2,401,-5.497410287511524,-5.179367114121351
aimnet2,2,402,-4.986785230568543,-5.213427121146267
aimnet2,2,403,-5.755711782024922,-5.8586464276572805
aimnet2,2,404,-5.428298197095536,-5.479990579301213
aimnet2,2,405,-5.384238553110646,-5.288608455906295
aimnet2,2,406,-5.43984282477746,-5.798672379879525
aimnet2,2,407,-5.1205252587453,-5.582119294018046
aimnet2,2,408,-5.49124646275873,-5.533556704852007
aimnet2,2,409,-5.565589341769044,-5.665329711421157
aimnet2,2,410,-5.562118029324922,-5.5113531009928876
aimnet2,2,411,-5.0541959514583406,-4.75020878035625
aimnet2,2,412,-5.549542914231544,-5.5629358700774
aimnet2,2,413,-5.436994703332839,-5.4796249759499345
aimnet2,2,414,-5.342017856633928,-5.363494389397166
aimnet2,2,415,-5.4951473942079385,-5.708345004362867
aimnet2,2,416,-5.3578708203837175,-5.416523289858351
aimnet2,2,417,-5.623840266034603,-5.494495471816994
aimnet2,2,418,-5.411142722379798,-5.482931412216287
aimnet2,2,419,-5.501340298801421,-5.4987107154801045
aimnet2,2,420,-5.419947586212933,-5.438691750119829
aimnet2,2,422,-5.33851196494976,-5.483457603421166
aimnet2,2,423,-5.687700333713137,-5.618815948221566
aimnet2,2,425,-5.397378863790824,-5.444560126114202
aimnet2,2,427,-5.05290003898523,-4.607958002104382
aimnet2,2,428,-5.49583368812644,-5.479280965000073
aimnet2,2,429,-5.330327001588402,-5.575801013982644
aimnet2,2,430,-5.363502021212621,-5.373491373409468
aimnet2,2,431,-5.391089882834426,-5.367045190872352
aimnet2,2,432,-5.176312539117186,-4.90170043948759
aimnet2,2,433,-4.925121604471331,-5.327900074114617
aimnet2,2,434,-5.458786018175353,-5.637127365034439
aimnet2,2,435,-5.439161799419936,-5.316228311175422
aimnet2,2,437,-5.288709354497909,-5.396558205426909
aimnet2,2,438,-5.1677768751106905,-5.174029218486077
aimnet2,2,440,-5.461105061760478,-5.3543065901583935
aimnet2,2,441,-5.1827485911458915,-5.00094856859319
aimnet2,2,442,-5.668014331361538,-5.645688038127703
aimnet2,2,443,-5.569231269949362,-5.7614745776773
aimnet2,2,444,-5.066275686596753,-4.894586464359022
aimnet2,2,445,-5.4388335982162825,-5.242190207924222
aimnet2,2,446,-5.535865195770173,-5.548528687592872
aimnet2,2,447,-5.383122603345183,-5.3345249593101824
aimnet2,2,448,-5.533387036223928,-5.789863334105215
aimnet2,2,449,-5.287895741532498,-5.561234451365878
aimnet2,2,450,-5.482022785847168,-5.386336769875004
aimnet2,2,451,-5.5283705744967095,-5.425415780310944
aimnet2,2,452,-5.225386674735448,-5.443178117873153
aimnet2,2,453,-5.467964687815056,-5.453842885453538
aimnet2,2,454,-5.112408527619379,-4.621193262481148
aimnet2,2,455,-5.579769622057425,-5.6370783799440565
aimnet2,2,456,-5.424755322947886,-5.32576598666101
aimnet2,2,457,-5.465921844873257,-5.371197946420765
aimnet2,2,458,-4.87243916510499,-5.275609833688321
aimnet2,2,459,-5.558104383050963,-5.624322200030944
aimnet2,2,460,-5.33923853981437,-5.616913365152795
aimnet2,2,461,-5.3852121911158255,-5.50101215082747
aimnet2,2,462,-5.395263711983747,-5.590657211040716
aimnet2,2,463,-5.439766334973324,-5.447909217321555
aimnet2,2,464,-4.863725323283389,-4.673512752927729
aimnet2,2,466,-5.1803480386298,-5.546444312565142
aimnet2,2,467,-5.725922442098507,-5.882895554579389
aimnet2,2,469,-5.433483371448787,-5.37368847436467
aimnet2,2,470,-5.407209434500192,-5.298500765500251
aimnet2,2,472,-5.700423668918834,-5.771768874144443
aimnet2,2,473,-5.481260123627352,-5.538699871029607
aimnet2,2,475,-5.484074432409081,-5.352428446216099
aimnet2,2,476,-5.207164477882457,-5.167231217270482
aimnet2,2,477,-4.85120722429097,-5.04025485837948
aimnet2,2,478,-5.473832392615274,-5.374633731857293
aimnet2,2,479,-5.5504978118382216,-5.506573539038571
aimnet2,2,481,-5.137096181440783,-5.452948484403199
aimnet2,2,483,-5.457800636690807,-5.427765776802321
aimnet2,2,484,-5.193348750635289,-5.403351194213937
aimnet2,2,485,-5.334384897389402,-5.631155427593121
aimnet2,2,486,-4.76098409363426,-4.578759238631062
aimnet2,2,487,-5.54038053093496,-5.538898970130552
aimnet2,2,488,-5.4235649634515966,-5.51637080043848
aimnet2,2,489,-5.433092174059326,-5.51482808284678
aimnet2,2,490,-5.507932304786148,-5.60293516919823
aimnet2,2,491,-5.551491052030575,-5.469649496589012
aimnet2,2,495,-5.569782505872261,-5.6050354181665005
aimnet2,2,496,-5.155501015701052,-4.946164854622456
aimnet2,2,497,-5.46452319611962,-5.465011590027955
aimnet2,2,499,-5.489003209930264,-5.819555741177279
aimnet2,2,500,-5.297866177846839,-5.33455798548909
aimnet2,2,501,-5.282035075458409,-5.290929485865519
aimnet2,2,502,-5.327373041515882,-5.353930819270285
aimnet2,2,504,-5.156497525625022,-5.181173352101823
aimnet2,2,505,-5.471092112990702,-5.37900681142084
aimnet2,2,507,-5.526439964346891,-5.3150045064419285
aimnet2,2,508,-5.258125073707023,-5.53687509477478
aimnet2,2,509,-5.509481350063563,-5.535291587387614
aimnet2,2,510,-5.435750541236559,-5.279117677435531
aimnet2,2,512,-5.55198280543576,-5.392644022502221
aimnet2,2,513,-5.451947264301947,-5.222847838445376
aimnet2,2,514,-5.539896425680271,-5.60443425691462
aimnet2,2,515,-5.37216326375026,-5.131914471303435
aimnet2,2,517,-5.66084866879309,-5.828984030473998
aimnet2,2,518,-5.693671030239237,-5.851366069692778
aimnet2,2,519,-5.36129323299146,-5.437989116770923
aimnet2,2,520,-5.579306524669974,-5.6737283777798755
aimnet2,2,521,-5.359054314065698,-5.548083798533498
aimnet2,2,522,-5.433079538591208,-5.360645799465988
aimnet2,2,523,-5.476330735750353,-5.571844697919591
aimnet2,2,524,-5.379993761781489,-5.525569042914171
aimnet2,2,526,-5.299705944203017,-5.244005195016195
aimnet2,2,527,-5.299214438623341,-5.351847171211841
aimnet2,2,528,-5.308077898436293,-5.563209101397403
aimnet2,2,529,-5.234377129211322,-4.963181586256476
aimnet2,2,530,-5.380673740022549,-5.486681024522994
aimnet2,2,531,-5.462527344758843,-5.5736193390816755
aimnet2,2,532,-5.096179819432174,-5.761280534893849
aimnet2,2,533,-5.473248963590415,-5.5201444356524245
aimnet2,2,535,-5.701510271417319,-5.3774048218128785
aimnet2,2,536,-5.489285783388898,-5.517529846814381
aimnet2,2,537,-5.445833957482495,-5.532958721032056
aimnet2,2,538,-4.932464973422661,-4.624043716624589
aimnet2,2,539,-5.139911004037853,-4.898114998549767
aimnet2,2,541,-5.562170425231617,-5.681599660516688
aimnet2,2,542,-5.271462033254604,-5.569585213446093
aimnet2,2,543,-5.468063929300509,-5.372577849584587
aimnet2,2,544,-5.502397822861032,-5.247180527994262
aimnet2,2,545,-5.490529723037676,-5.386943140039729
aimnet2,2,546,-5.582320175511168,-5.649906878580912
aimnet2,2,548,-5.569425613855289,-5.4201602273312695
aimnet2,2,549,-5.327412290274951,-5.145209816083206
aimnet2,2,550,-5.536662069542357,-5.23591313552469
aimnet2,2,552,-5.3760551107973695,-5.430375549872399
aimnet2,2,554,-5.42874367502858,-5.3536543959258625
aimnet2,2,555,-5.201545284934223,-5.566720643409444
aimnet2,2,556,-5.380315414480564,-5.46612583831899
aimnet2,2,557,-5.349943579696793,-5.410100313097751
aimnet2,2,558,-5.525303130677634,-5.647143091011305
aimnet2,2,559,-5.382704047125948,-5.193405197458269
aimnet2,2,560,-5.639958725158132,-6.0401567196141155
aimnet2,2,561,-5.246839122349885,-5.2673311470102595
aimnet2,2,563,-5.500508220319528,-5.848835992533247
aimnet2,2,564,-5.349263177499237,-5.423961433427699
aimnet2,2,565,-5.1300012338063015,-5.490870676377344
aimnet2,2,566,-5.514683498696222,-5.439100363946838
aimnet2,2,567,-5.238270074136675,-5.17968006265303
aimnet2,2,568,-5.3579786138137875,-5.398278311118501
aimnet2,2,569,-5.375852182705951,-5.557350120898779
aimnet2,2,571,-5.544165369855797,-5.343598767439775
aimnet2,2,572,-5.548890022383257,-5.737925498705629
aimnet2,2,573,-5.455899516489677,-5.451439854400293
aimnet2,2,575,-5.443931005533016,-5.498433460519752
aimnet2,2,576,-5.535132221788103,-5.555715130291851
aimnet2,2,577,-5.523444843740857,-5.517251059285258
aimnet2,2,578,-5.356821452104469,-5.234228136013047
aimnet2,2,579,-5.2617565117826475,-5.534373499589131
aimnet2,2,580,-5.5159106622168945,-5.619939000107097
aimnet2,2,581,-5.197737419440093,-5.417391024397704
aimnet2,2,582,-5.486883023690743,-5.609883676927003
aimnet2,2,583,-5.5678018960865785,-5.590700289448953
aimnet2,2,584,-5.605462532157176,-5.57246104741551
aimnet2,2,585,-5.582667681310261,-5.812536885811219
aimnet2,2,587,-5.375962630378392,-5.354380988776889
aimnet2,2,588,-5.248185225702301,-5.550701590550353
aimnet2,2,589,-5.245984213814688,-5.330392409765722
aimnet2,2,590,-5.435489776668159,-5.30084061081058
aimnet2,2,591,-5.354252189346653,-5.786302180266812
aimnet2,2,592,-5.307016047435008,-5.374803357114901
aimnet2,2,594,-5.551926343475023,-5.631877010104295
aimnet2,2,595,-5.509769055095227,-5.681795869150434
aimnet2,2,596,-5.566718114007582,-5.761506530735237
aimnet2,2,597,-5.484651363756124,-5.616598092585335
aimnet2,2,598,-5.735625748665445,-5.626929922220307
aimnet2,2,599,-5.573775750525601,-5.527946834543126
aimnet2,2,601,-5.619740989140129,-5.584191894979187
aimnet2,2,602,-5.411040591683508,-5.447664697981891
aimnet2,2,605,-5.638583037877882,-5.627435558740642
aimnet2,2,607,-5.433562940769041,-5.637493513339741
aimnet2,2,608,-5.603543591620611,-5.4882765450399305
aimnet2,2,609,-5.504542228181708,-5.179529058802658
aimnet2,2,610,-5.771958100318118,-5.678624375900188
aimnet2,2,611,-5.086420077414721,-5.111087378993361
aimnet2,2,612,-5.533687193263013,-5.4516347639591975
aimnet2,2,614,-5.3696080084169555,-5.464284730943607
aimnet2,2,615,-5.09280405984824,-5.22955000483229
aimnet2,2,616,-5.48092616022358,-5.4673279447934044
aimnet2,2,617,-5.601968504437753,-5.13671366761388
aimnet2,2,619,-5.571051728669028,-5.497729115030448
aimnet2,2,621,-5.198992954819621,-5.008197599356606
aimnet2,2,622,-5.305700698873999,-5.220314653256448
aimnet2,2,623,-5.542747684929119,-5.615192985706965
aimnet2,2,624,-5.560253807202525,-5.676938329948996
aimnet2,2,626,-5.288255860388342,-5.358038072329425
aimnet2,2,627,-5.3760783783863255,-5.235139475736993
aimnet2,2,628,-5.256760938571403,-5.330293933039728
aimnet2,2,629,-5.7113979113735045,-5.667976281396359
aimnet2,2,630,-5.567502334297133,-5.557691790872156
aimnet2,2,631,-5.5629974917069855,-5.724633439988978
aimnet2,2,632,-5.020269877577018,-4.6835021177453955
aimnet2,2,633,-5.6709179612958565,-5.630943135678741
aimnet2,2,634,-5.58828105692077,-5.904167927032114
aimnet2,2,635,-5.357143836274248,-5.355683424379573
aimnet2,2,636,-5.42863323474295,-5.022341498240817
aimnet2,2,638,-5.504240553853797,-5.512729625537438
aimnet2,2,639,-5.188819372621222,-5.342966237212782
aimnet2,2,640,-5.603461639489441,-5.48484513429809
aimnet2,2,641,-5.28163530705193,-5.295861910604831
aimnet2,2,642,-5.481596924058778,-5.346727204108157
aimnet2,2,643,-5.363816975875072,-5.393307006854021
aimnet2,2,644,-4.843303364732357,-4.796540966982636
aimnet2,2,645,-5.375508984856601,-5.123396886256651
aimnet2,2,646,-5.4131843351517075,-5.291969364750609
aimnet2,2,647,-5.350674268400692,-5.505054855053513
aimnet2,2,648,-5.273106454571505,-5.291756379785126
aimnet2,2,650,-5.645018456401113,-5.749254350747133
aimnet2,2,651,-5.573847858813527,-5.677146874907568
aimnet2,2,652,-5.317054371232975,-5.578879220357877
aimnet2,2,653,-5.326452687039386,-5.478955025401014
aimnet2,2,654,-5.15621361909795,-5.289596794650005
aimnet2,2,655,-5.418929580466359,-5.486097751999797
aimnet2,2,656,-5.425576401526484,-5.293530066370922
aimnet2,2,658,-5.23775354757236,-5.507406945302213
aimnet2,2,659,-5.318788627549814,-5.692476053069246
aimnet2,2,660,-5.452873260181224,-5.754731336478422
aimnet2,2,661,-5.201886199786079,-5.450792534212616
aimnet2,2,662,-4.872867819810458,-4.587688696596934
aimnet2,2,664,-5.605410909110314,-5.71720476108855
aimnet2,2,665,-5.23268869320546,-4.799525299999085
aimnet2,2,666,-5.479948853835194,-5.471096681645331
aimnet2,2,667,-5.4439698674160955,-5.509939627467112
aimnet2,2,671,-5.6552955925019415,-5.403193673930713
aimnet2,2,672,-5.406181458431607,-5.150917140503603
aimnet2,2,673,-5.370764064258543,-4.976648829743001
aimnet2,2,674,-5.534889886201719,-5.608288689342055
aimnet2,2,675,-5.257923055693019,-5.352899535089699
aimnet2,2,676,-5.474210793103737,-5.399526226459338
aimnet2,2,679,-5.468762992942589,-5.608175403218577
aimnet2,2,680,-5.369954771250815,-5.533698075436634
aimnet2,2,681,-5.368243158236378,-5.442472703373489
aimnet2,2,683,-5.4848298281200885,-5.5072318336333765
aimnet2,2,684,-5.241561769367251,-5.524305695828407
aimnet2,2,685,-5.391495911343469,-5.480334939206885
aimnet2,2,686,-5.562069746991204,-5.4960274596522005
aimnet2,2,687,-5.458727644564343,-5.57976605175183
aimnet2,2,688,-5.654077475871893,-5.362546911158394
aimnet2,2,689,-5.510342160206981,-5.423534192788169
aimnet2,2,690,-5.497538747197752,-5.354101989096741
aimnet2,2,691,-5.493282530491754,-5.625106806385883
aimnet2,2,692,-5.512467978986798,-5.442440707403634
aimnet2,2,693,-5.291062710731986,-5.4550250599819154
aimnet2,2,694,-5.552957511424307,-5.414548209886874
aimnet2,2,695,-5.376108081883404,-5.01021238440165
aimnet2,2,696,-5.491062743666745,-5.585223975191148
aimnet2,2,697,-5.424608497531771,-5.213691572967496
aimnet2,2,698,-4.730580844619242,-4.838648781099848
aimnet2,2,699,-5.619386049256128,-5.752104290839347
aimnet2,2,701,-5.342371169690167,-5.4903621191432785
aimnet2,2,703,-4.7564190277416465,-4.683197518737399
aimnet2,2,704,-5.531167985375607,-5.493966785396818
aimnet2,2,706,-5.2023098576106985,-4.858600995706392
aimnet2,2,707,-5.303577389860193,-5.637226074318298
aimnet2,2,708,-5.101847910818647,-5.255079554503118
aimnet2,2,709,-5.395361581698007,-5.719917019686152
aimnet2,2,710,-5.4215943681959144,-5.433322574791456
aimnet2,2,711,-5.626198614154902,-5.676076529511072
aimnet2,2,712,-5.260387908185551,-5.578499193522733
aimnet2,2,713,-5.454668763475925,-5.540821759737534
aimnet2,2,714,-5.284438148438775,-5.200323009465637
aimnet2,2,715,-5.145763342718265,-4.881391812551818
aimnet2,2,720,-5.632499741566257,-5.604156640886036
aimnet2,2,721,-5.431212496727014,-5.610275847688545
aimnet2,2,722,-5.582582306243189,-5.398889194001308
aimnet2,2,723,-5.346657177780567,-5.310456340317621
aimnet2,2,724,-5.254957769030536,-5.072601367202448
aimnet2,2,725,-5.432227501975283,-5.343795645457114
aimnet2,2,726,-5.394609114574033,-5.402297737161995
aimnet2,2,727,-5.357457044822898,-5.488854990003954
aimnet2,2,728,-5.481507048787364,-5.438287990178064
aimnet2,2,730,-5.6284302632627154,-5.3905127646775695
aimnet2,2,731,-5.477900669847669,-5.536609834178717
aimnet2,2,732,-5.5566196553373866,-5.498563505802124
aimnet2,2,733,-5.542679210087149,-5.344773422760796
aimnet2,2,736,-5.587259970489692,-5.821561801747517
aimnet2,2,737,-5.413805985677438,-5.495131753917573
aimnet2,2,738,-5.454036727285733,-5.43297687157021
aimnet2,2,739,-5.3428229281635655,-5.6498812131979905
aimnet2,2,742,-5.587053238198821,-5.810993429970927
aimnet2,2,743,-5.297907146101074,-5.696133362598435
aimnet2,2,744,-5.573551348181565,-5.551068351341005
aimnet2,2,745,-5.334920950505757,-5.388608062234017
aimnet2,2,747,-4.9493397926020695,-4.947182737118312
aimnet2,2,748,-5.5073755521050884,-5.681812360450942
aimnet2,2,749,-5.472372023422929,-5.4046067203164085
aimnet2,2,750,-5.428182157872557,-5.453526361947395
aimnet2,2,751,-5.552047209639076,-5.600770562346012
aimnet2,2,752,-5.498105263271216,-5.631991847711231
aimnet2,2,754,-5.45034668042336,-5.4582706118996605
aimnet2,2,755,-5.56728632179161,-5.552612781501628
aimnet2,2,756,-5.425352953452315,-5.435795774962061
aimnet2,2,759,-5.488799405985715,-5.499780712238419
aimnet2,2,760,-5.111407328857866,-5.089852345078635
aimnet2,2,761,-5.544427067322758,-5.4309373824634175
aimnet2,2,762,-5.609643898194624,-5.829257651248805
aimnet2,2,764,-5.33417033493688,-5.429190839327498
aimnet2,2,765,-5.6018007377775,-5.680284902716325
aimnet2,2,766,-5.499533346249521,-5.507894082252107
aimnet2,2,767,-5.390030545613783,-5.448608998761106
aimnet2,2,769,-5.547377327126156,-5.726308052324498
aimnet2,2,770,-5.080507183771286,-5.049088161743543
aimnet2,2,771,-5.346353675553416,-5.283834828503801
aimnet2,2,772,-5.561545587078106,-5.631315203824801
aimnet2,2,773,-5.522589068227888,-5.535398825588839
aimnet2,2,774,-5.54730861584574,-5.532295607329278
aimnet2,2,775,-5.790943633430377,-5.225608908401117
aimnet2,2,776,-5.45962106056933,-5.428744529637845
aimnet2,2,779,-5.44156498705792,-5.5467670232360105
aimnet2,2,780,-5.243386682686579,-4.9677703158262885
aimnet2,2,781,-5.470935585707353,-5.580481972768856
aimnet2,2,782,-5.562064948407652,-5.507684902290193
aimnet2,2,783,-5.167379583224802,-5.309797930670186
aimnet2,2,784,-5.16550961695224,-5.289312547146809
aimnet2,2,785,-5.4944906804570275,-5.584116128364407
aimnet2,2,786,-5.664039689094285,-5.274018212380571
aimnet2,2,787,-5.2930468617883815,-5.3395221561437785
aimnet2,2,788,-5.320707292208514,-5.649374900436262
aimnet2,2,789,-5.526530089293683,-5.428881250465655
aimnet2,2,790,-5.471851000221633,-5.79398256129764
aimnet2,2,791,-5.1190068752056845,-5.10755048152696
aimnet2,2,792,-5.5418288485343465,-5.434931481183623
aimnet2,2,793,-5.510813208721451,-5.449870249720204
aimnet2,2,794,-5.357171478382885,-5.3468382540344574
aimnet2,2,797,-5.487705527696529,-5.473530452915162
aimnet2,2,798,-5.450884403574852,-5.688081039870021
aimnet2,2,799,-5.393481081811651,-5.429466544394786
aimnet2,2,800,-4.891090729108563,-4.577323349564192
aimnet2,2,801,-5.359300102708488,-5.49980693079767
aimnet2,2,802,-5.38301234623275,-5.6111347850520765
aimnet2,2,803,-5.453206884250747,-5.470735199031578
aimnet2,2,804,-4.898845233399882,-4.841061561076784
aimnet2,2,805,-5.42686594786451,-5.490360426633044
aimnet2,2,806,-5.5539134450640155,-5.502315645819717
aimnet2,2,807,-5.534466242711931,-5.62241412001866
aimnet2,2,808,-5.4998332574636715,-5.5817017829772775
aimnet2,2,809,-5.355773625238191,-5.22473670916852
aimnet2,2,810,-5.395792812960987,-5.486031549631017
aimnet2,2,811,-5.612168488564322,-5.408463159027157
aimnet2,2,812,-5.311171765704202,-5.392983426143113
aimnet2,2,813,-4.973873183129252,-4.965971822499805
aimnet2,2,815,-5.434291912380304,-4.928843449016051
aimnet2,2,816,-5.376936594917714,-5.333664953861832
aimnet2,2,817,-5.500281779942425,-5.455497218950331
aimnet2,2,818,-5.5674396674137165,-5.300992426970205
aimnet2,2,820,-5.313055015182378,-4.860781731000975
aimnet2,2,821,-4.918170064177289,-4.399917718974125
aimnet2,2,822,-5.715724200924514,-5.642989144067815
aimnet2,2,823,-5.403219701394725,-5.483951010575203
aimnet2,2,824,-5.448885636690992,-5.64153063130756
aimnet2,2,825,-5.542566326785429,-5.581513166735269
aimnet2,2,826,-5.480385447192294,-5.476273724263816
aimnet2,2,827,-5.503872114764243,-5.488100515129875
aimnet2,2,828,-5.542905669293551,-4.99577267859925
aimnet2,2,829,-5.652001800096014,-5.731427901722383
aimnet2,2,832,-5.335371016972497,-5.619804144856047
aimnet2,2,833,-5.348838831788784,-5.492815006975668
aimnet2,2,835,-5.419214334726407,-5.361560043518831
aimnet2,2,837,-5.41140785011899,-5.2807803146522
aimnet2,2,838,-5.404252898246706,-5.546933035752443
aimnet2,2,839,-5.451236847100854,-5.525598720338084
aimnet2,2,841,-5.137314177868819,-5.604570234145725
aimnet2,2,842,-5.426911203127925,-5.349157733151326
aimnet2,2,843,-5.366595965777809,-5.46467168707816
aimnet2,2,845,-5.248086326968977,-5.435234674047518
aimnet2,2,846,-4.92694814407465,-4.713606054587405
aimnet2,2,847,-4.979914994706072,-4.1702918645401885
aimnet2,2,850,-5.21483653471395,-5.295132935193446
aimnet2,2,851,-5.350876188275834,-5.3969328747951195
aimnet2,2,852,-5.401586596838898,-5.512064822853327
aimnet2,2,853,-5.511982372215021,-5.248608980195601
aimnet2,2,854,-5.595101768106854,-5.566061602529345
aimnet2,2,856,-5.40849003429817,-5.441009300847338
aimnet2,2,859,-5.314753906642502,-4.980656968524674
aimnet2,2,864,-5.402907411245435,-5.330012482792142
aimnet2,2,865,-5.216508500881411,-5.362916792019207
aimnet2,2,866,-5.335420137473491,-5.350086992590118
aimnet2,2,867,-4.953261344955754,-4.952634203491461
aimnet2,2,870,-5.275683534166385,-4.980459703270167
aimnet2,2,871,-5.350900194750724,-5.445463343900191
aimnet2,2,873,-5.403677073618042,-5.334695626786509
aimnet2,2,874,-5.5803512988771455,-5.490161083174156
aimnet2,2,875,-5.439833443639705,-5.542517171115172
aimnet2,2,877,-5.334719524431705,-5.387443115112418
aimnet2,2,878,-5.5266727881294315,-5.502757800432727
aimnet2,2,879,-5.262781678094068,-4.817906597795958
aimnet2,2,881,-5.585870741546874,-5.382320005936607
aimnet2,2,882,-5.333831928477417,-5.2132543602566015
aimnet2,2,883,-5.334271549871998,-5.438445901150131
aimnet2,2,884,-4.8548136488240505,-4.610976066345842
aimnet2,2,888,-5.511154778201154,-5.577287677613706
aimnet2,2,889,-5.304334048043983,-5.348693415747115
aimnet2,2,891,-4.739858781200533,-4.39467249419656
aimnet2,2,892,-5.371304599144745,-5.369792499703258
aimnet2,2,895,-5.534132446989817,-5.555354660068223
aimnet2,2,896,-5.421201668179496,-5.5707645336139455
aimnet2,2,898,-5.4260620799644155,-5.52999417346833
aimnet2,2,899,-5.550927138163578,-5.260986864803824
aimnet2,2,900,-5.256248730595006,-5.10067349364282
aimnet2,2,901,-5.209141939366662,-5.322088508077687
aimnet2,2,902,-5.431322753242213,-5.5604967683231
aimnet2,2,903,-5.10642905838459,-4.453371969734358
aimnet2,2,904,-5.557280829273449,-5.245925651467617
aimnet2,2,905,-5.5369466601944906,-5.380299820912568
aimnet2,2,907,-5.6601968679415045,-5.527145547063053
aimnet2,2,909,-4.513592194598206,-4.324191333555911
aimnet2,2,911,-5.588926516086264,-5.776916650355881
aimnet2,2,912,-5.4047766779023165,-5.176545915398044
aimnet2,2,913,-5.304724849117379,-5.158282336588113
aimnet2,2,914,-5.388697085049632,-5.362004557946201
aimnet2,2,915,-5.407794554611232,-5.803761395200504
aimnet2,2,917,-5.381872018127947,-5.029689741780978
aimnet2,2,918,-5.527567554546957,-5.440299391514479
aimnet2,2,920,-5.318763118585795,-5.1274668376913715
aimnet2,2,923,-5.419916720089726,-5.587528198572859
aimnet2,2,924,-5.323277823629517,-5.177260929324676
aimnet2,2,925,-5.511978532107262,-5.3849098194300336
aimnet2,2,926,-5.2189365254382265,-5.360282928233256
aimnet2,2,927,-5.066840498509447,-5.261403775085102
aimnet2,2,928,-4.856046265428713,-4.815328501695299
aimnet2,2,929,-5.287337951001982,-4.815151844693811
aimnet2,2,930,-5.123374995498427,-4.724526995330926
aimnet2,2,931,-5.375481842956705,-5.561053085859225
aimnet2,2,932,-5.50967904733711,-5.309235112911684
aimnet2,2,933,-5.396984047316898,-5.457662026037741
aimnet2,2,934,-5.475364227938685,-5.842833608237292
aimnet2,2,935,-5.373234135002586,-5.35366624494184
aimnet2,2,936,-5.335933246180465,-5.681393579670766
aimnet2,2,940,-5.380479812021973,-5.5943299732589695
aimnet2,2,942,-5.317256520035827,-5.30815675858625
aimnet2,2,944,-5.311805965269335,-5.1103543560356535
aimnet2,2,945,-5.411185867206558,-5.504920192721256
aimnet2,2,946,-5.223755174178754,-5.605074456120872
aimnet2,2,947,-5.354951136025611,-5.402419811150827
aimnet2,2,948,-5.464634091759922,-5.48722531025705
aimnet2,2,949,-5.47140067301684,-5.417401264973474
aimnet2,2,950,-5.537073066142707,-5.485393884826449
aimnet2,2,951,-5.538333263613401,-5.696090786663773
aimnet2,2,952,-5.344303095447801,-4.957839430711633
aimnet2,2,953,-5.035342877753622,-4.7793257813738395
aimnet2,2,955,-5.468994982867616,-5.410571984550158
aimnet2,2,956,-5.2885861165508325,-5.459569410385539
aimnet2,2,957,-5.342962472416304,-5.420670601451665
aimnet2,2,958,-5.408556946766494,-5.423656121704746
aimnet2,2,959,-5.53825424071713,-5.151242387261736
aimnet2,2,961,-5.474569196822242,-5.498491031416427
aimnet2,2,962,-5.244867690827911,-5.275447619216233
aimnet2,2,963,-5.4834252816020435,-5.553675210474923
aimnet2,2,964,-4.980968271027255,-4.680938096924106
aimnet2,2,965,-5.465665076560087,-5.434811122396638
aimnet2,2,968,-5.397740106547667,-5.132067318205938
aimnet2,2,969,-5.499312149216755,-5.663668316385295
aimnet2,2,970,-5.501461036653042,-5.597776082485754
aimnet2,2,971,-5.15617754362198,-5.0050947897165505
aimnet2,2,972,-5.279857598415266,-5.0197351400487165
aimnet2,2,973,-5.369237715139246,-5.2397942347855775
aimnet2,2,974,-5.480729305323041,-5.551176723753739
aimnet2,2,975,-5.585363172801736,-5.664089397552901
aimnet2,2,976,-5.478716489847791,-5.624818424347712
aimnet2,2,978,-5.570329584445311,-5.341472877202416
aimnet2,2,981,-5.531050422013257,-5.249677921576255
aimnet2,2,982,-5.59941827062174,-5.425763125398874
aimnet2,2,984,-5.403306009686584,-5.506528150211871
aimnet2,2,985,-5.043866379644328,-4.8450517994860975
aimnet2,2,986,-5.596564788845474,-5.4780662847882
aimnet2,2,987,-5.531752792501948,-5.362345060259123
aimnet2,2,988,-5.425831443750261,-5.528326870436171
aimnet2,2,989,-5.2875744420561315,-5.311478795967818
aimnet2,2,991,-5.0467038487822595,-4.855401037985006
aimnet2,2,992,-5.465754946735045,-5.273873613595484
aimnet2,2,993,-5.487333150265494,-5.3479990776877955
aimnet2,2,994,-5.466446116142823,-5.423117591555265
aimnet2,2,995,-5.182680197630994,-5.469769147613366
aimnet2,2,997,-5.185607239799131,-4.992104754351134
aimnet2,2,998,-5.456405208842182,-5.672711842992208
aimnet2,3,0,-5.4840453143464725,-5.372724232610843
aimnet2,3,1,-5.417929848068649,-5.173390163651256
aimnet2,3,2,-5.112505329196764,-5.184331055521742
aimnet2,3,3,-5.399423954854497,-5.2699503687083515
aimnet2,3,4,-5.289678014464354,-4.9407523351557785
aimnet2,3,5,-5.42227973815413,-5.214027734300829
aimnet2,3,6,-5.357007869361911,-5.438605443644139
aimnet2,3,7,-5.4903068354966855,-5.5848793061064805
aimnet2,3,9,-5.633852600163458,-5.549987366474067
aimnet2,3,10,-5.387435661281711,-5.051684726625906
aimnet2,3,11,-5.163948554069839,-5.012185979345845
aimnet2,3,12,-5.62622710468769,-5.402337719714092
aimnet2,3,13,-5.400411242273546,-5.053363364329137
aimnet2,3,14,-5.444982535852277,-5.464760363595247
aimnet2,3,15,-5.6082125202895625,-5.65378357981139
aimnet2,3,16,-5.557084962754757,-5.335081516313532
aimnet2,3,17,-5.2671289110538355,-5.147590098450126
aimnet2,3,18,-5.334662161432795,-5.434945801425561
aimnet2,3,19,-5.386880275320826,-5.03492625143926
aimnet2,3,20,-5.543015867178293,-5.733708535500034
aimnet2,3,21,-5.494930733727675,-5.251476283518177
aimnet2,3,22,-5.539390243507001,-5.632126610878444
aimnet2,3,23,-5.543254534024541,-5.535123245201877
aimnet2,3,24,-5.28317999082613,-5.393815126748994
aimnet2,3,26,-5.366255572707263,-5.417225172371327
aimnet2,3,27,-5.1524740351446745,-4.921437364161125
aimnet2,3,28,-5.360207362779097,-5.5835286350505955
aimnet2,3,29,-5.628070533106291,-5.67628847710049
aimnet2,3,32,-5.5366747530009235,-5.546159865218795
aimnet2,3,33,-5.481269954559743,-5.523237926738467
aimnet2,3,34,-5.082736343610009,-4.971878272185973
aimnet2,3,35,-5.573019037743976,-5.511381584346434
aimnet2,3,36,-5.048355048025223,-4.7001177399703975
aimnet2,3,37,-5.304347876672898,-5.300942480700879
aimnet2,3,38,-5.305303243585511,-5.193373817944595
aimnet2,3,39,-5.5392752173045885,-5.380249666290927
aimnet2,3,40,-5.35083345749078,-5.312325114215727
aimnet2,3,41,-5.561680885784176,-5.554352000381106
aimnet2,3,42,-5.277468996338169,-5.382382710943407
aimnet2,3,44,-5.643327792977055,-5.589265181982635
aimnet2,3,45,-5.582823238464895,-5.409590297895745
aimnet2,3,46,-5.6323029972082725,-5.650002754479142
aimnet2,3,48,-5.226544686922619,-5.303533547723591
aimnet2,3,49,-5.58196618183251,-5.565001254606335
aimnet2,3,51,-5.607792957269369,-5.592056160048799
aimnet2,3,52,-5.4618978205388,-5.444696600521216
aimnet2,3,53,-5.223797100755773,-5.367024392687499
aimnet2,3,54,-5.53651084157765,-5.603409871610905
aimnet2,3,55,-5.293534837976308,-5.257046829455881
aimnet2,3,58,-5.169551415009484,-5.05047376381867
aimnet2,3,59,-5.568325820015295,-5.225900124865989
aimnet2,3,60,-5.467097230084997,-5.256973978945816
aimnet2,3,62,-5.434742143716649,-5.473489895693188
aimnet2,3,63,-5.552612713956327,-5.4215886679666525
aimnet2,3,65,-5.503727521163137,-5.536808771056936
aimnet2,3,66,-5.527865343805598,-5.407882245234784
aimnet2,3,67,-5.295906359047366,-4.994703904549293
aimnet2,3,69,-5.581162740465407,-5.598180151445376
aimnet2,3,70,-5.456051035445714,-5.370446094507789
aimnet2,3,71,-5.520311420462715,-5.239245807824743
aimnet2,3,72,-5.046487751684968,-4.808958313459361
aimnet2,3,73,-5.355933128408135,-5.351244874158206
aimnet2,3,74,-5.505535866480082,-5.309212628415856
aimnet2,3,75,-5.329948399184251,-5.307788813338263
aimnet2,3,76,-5.54648538569588,-5.699522009458397
aimnet2,3,77,-5.570770759207407,-5.745482479924512
aimnet2,3,78,-5.510991075738853,-5.643076949656063
aimnet2,3,79,-4.966709465574511,-5.145953721175492
aimnet2,3,82,-5.6156034737199185,-5.464224004559571
aimnet2,3,83,-5.572613789508065,-5.52132173050266
aimnet2,3,84,-5.57530271562543,-5.6236210735889625
aimnet2,3,85,-5.130985153112271,-5.359928004967614
aimnet2,3,87,-5.498103387189452,-5.510557541593907
aimnet2,3,88,-5.49229077993605,-5.432486903609702
aimnet2,3,89,-5.6400990576951155,-5.843894346844065
aimnet2,3,90,-5.435861080525458,-5.45784379774007
aimnet2,3,91,-5.744542435049803,-5.975200381252627
aimnet2,3,92,-5.345062532800085,-5.386753097270403
aimnet2,3,93,-5.601794206953211,-5.27796079214405
aimnet2,3,95,-5.540515162692455,-5.764790992807606
aimnet2,3,96,-5.552122241134606,-5.547021986049547
aimnet2,3,97,-5.577931031462959,-5.347743982965059
aimnet2,3,98,-5.3934697427791765,-5.8587840799257505
aimnet2,3,99,-5.435627784322697,-5.451022650228904
aimnet2,3,100,-5.485412307795368,-5.461757226703689
aimnet2,3,101,-5.492647775204881,-5.605604568774007
aimnet2,3,103,-5.2862652126507506,-5.530786694323643
aimnet2,3,104,-5.31649019251312,-5.323185761019616
aimnet2,3,105,-5.573757697121361,-5.501291267052328
aimnet2,3,106,-5.384113771250612,-5.392125995779289
aimnet2,3,107,-5.379921488854336,-5.7391633747852095
aimnet2,3,108,-5.326316454723928,-5.380359596490985
aimnet2,3,109,-5.108956704428586,-5.128589296743392
aimnet2,3,110,-5.551821094271847,-5.5978173934197155
aimnet2,3,111,-5.400032192294096,-5.280843732747362
aimnet2,3,112,-5.456722932012421,-5.393125114217836
aimnet2,3,113,-5.685052509793457,-5.489130241253836
aimnet2,3,114,-4.746503738889049,-4.866338725608082
aimnet2,3,115,-4.879780488994351,-4.511278301746551
aimnet2,3,116,-5.467695002028799,-5.569864017780368
aimnet2,3,117,-5.483103998404401,-5.301423879693686
aimnet2,3,118,-5.419224119743483,-5.439482648993934
aimnet2,3,120,-5.5250027648277555,-5.581104981780826
aimnet2,3,121,-5.385083476991144,-5.1886813545942845
aimnet2,3,122,-5.3073731018501515,-5.253442461108738
aimnet2,3,123,-4.884641579575172,-4.773601888240796
aimnet2,3,124,-5.621661085928668,-5.526810286307026
aimnet2,3,125,-5.414485880203336,-5.4366220086228125
aimnet2,3,127,-5.138870428198588,-5.069587637244509
aimnet2,3,128,-5.200263460575016,-5.007425267741833
aimnet2,3,130,-5.175967594102347,-5.235205239435205
aimnet2,3,131,-5.676793757551129,-5.686327913723324
aimnet2,3,132,-5.382219583656615,-5.505463456036742
aimnet2,3,133,-5.203773771996025,-4.9371839362769165
aimnet2,3,134,-5.0571253469072825,-5.344872309406169
aimnet2,3,135,-5.246870614247354,-5.407555390111369
aimnet2,3,136,-5.524048047319789,-5.475592763356625
aimnet2,3,139,-4.885939209273048,-4.689039237277794
aimnet2,3,141,-5.262313940426675,-5.046367586549077
aimnet2,3,142,-5.573712720333314,-4.995308245706043
aimnet2,3,143,-5.506234507073419,-5.603069999368903
aimnet2,3,144,-5.531330433246587,-5.452776200893882
aimnet2,3,145,-5.226751987424759,-5.268022092733289
aimnet2,3,147,-5.596174035509367,-5.423392979834785
aimnet2,3,149,-5.483815435413804,-5.528673957677821
aimnet2,3,150,-5.515582712164968,-5.257007578250838
aimnet2,3,151,-5.236622064058662,-5.243539756842868
aimnet2,3,154,-5.6317482482298225,-5.611388410679835
aimnet2,3,155,-5.635765444581955,-5.658657375196832
aimnet2,3,157,-5.612413376041538,-5.522097356444162
aimnet2,3,158,-5.453132700949676,-5.334519578410709
aimnet2,3,159,-5.44028647843449,-5.370771806073659
aimnet2,3,160,-5.297432792393494,-5.884327061942292
aimnet2,3,161,-5.083905476952097,-4.578021334426945
aimnet2,3,162,-5.3429559213698665,-4.817592486857587
aimnet2,3,163,-5.399363040074889,-5.63502405595774
aimnet2,3,165,-5.051310297862215,-4.785866241078142
aimnet2,3,166,-5.488061251672786,-5.587318106269246
aimnet2,3,167,-5.506204456240954,-5.605731929622396
aimnet2,3,168,-5.521017233148267,-5.778790181984502
aimnet2,3,170,-5.5358541358976545,-5.47662022984525
aimnet2,3,172,-5.615892441724861,-5.7560255391916595
aimnet2,3,173,-5.467919961351893,-5.5234521597007875
aimnet2,3,175,-5.560828476831572,-5.480245284542921
aimnet2,3,176,-5.676707309520701,-5.784723942898407
aimnet2,3,177,-5.457503780076117,-5.099837575482696
aimnet2,3,178,-5.4441661137524004,-5.222442801282203
aimnet2,3,180,-5.411753003229692,-5.779794814133304
aimnet2,3,181,-5.457537583857929,-5.455518480393856
aimnet2,3,182,-5.63223488182862,-5.6762080928297625
aimnet2,3,183,-5.393867662802318,-5.741092071303001
aimnet2,3,184,-5.440787876633924,-5.558214767094737
aimnet2,3,185,-5.144860032484463,-5.070495581064392
aimnet2,3,186,-5.040407466453136,-4.962029547670586
aimnet2,3,187,-5.435415928580493,-5.564919869968188
aimnet2,3,189,-5.153119017788818,-4.981205616843451
aimnet2,3,190,-5.134091435352244,-5.037480173945034
aimnet2,3,191,-5.412192019523419,-5.236031689961966
aimnet2,3,192,-5.420447335267635,-5.498348105282676
aimnet2,3,193,-5.39793127644477,-5.317902991537486
aimnet2,3,194,-5.277207564025288,-5.1416208650777335
aimnet2,3,195,-5.211171360728864,-5.235605943690497
aimnet2,3,196,-5.498454662331366,-5.446560676366135
aimnet2,3,197,-5.447874208669617,-5.426783600748886
aimnet2,3,199,-5.578574492295623,-5.351474209215477
aimnet2,3,200,-5.5683120492365035,-5.627571235266286
aimnet2,3,201,-4.924584517054732,-4.947127425001331
aimnet2,3,202,-5.573290343103722,-5.588513675867974
aimnet2,3,203,-5.531825841569065,-5.3496395789429245
aimnet2,3,205,-5.081463987066426,-5.150071588107035
aimnet2,3,206,-5.438291549380455,-5.5278389570215
aimnet2,3,207,-5.491480790752091,-5.500392260141583
aimnet2,3,208,-5.66177367727098,-5.7392226337806305
aimnet2,3,209,-5.5111871737026386,-5.811659491886019
aimnet2,3,210,-4.7669044573266515,-4.828606753125969
aimnet2,3,211,-5.236051721888301,-5.348742472571856
aimnet2,3,212,-5.430044390137203,-5.518020524705836
aimnet2,3,213,-5.224215016326659,-5.403258449599618
aimnet2,3,214,-5.480256742238463,-5.503476915878669
aimnet2,3,215,-5.653324922876763,-5.81159748836286
aimnet2,3,216,-5.251014476136177,-5.330846215265568
aimnet2,3,217,-5.426030719605398,-5.434147244532957
aimnet2,3,218,-5.260557761590656,-5.437301045079925
aimnet2,3,219,-5.575672181381696,-5.730010340162701
aimnet2,3,220,-5.2788869589619445,-5.459769060675295
aimnet2,3,221,-5.305644994412366,-5.1126025922459855
aimnet2,3,222,-5.4615418492308505,-5.275609911723172
aimnet2,3,223,-5.466900358184147,-5.331735088460581
aimnet2,3,224,-5.530175889007963,-5.297726152020296
aimnet2,3,225,-5.429368329915911,-5.529712075071553
aimnet2,3,226,-5.503306207648742,-5.282288303982015
aimnet2,3,227,-5.649429527857095,-5.739838316784169
aimnet2,3,229,-5.496184021802334,-5.442306427790781
aimnet2,3,230,-5.284128865721885,-5.347022333262565
aimnet2,3,231,-5.428742393617555,-5.262966507797739
aimnet2,3,232,-5.502633888046249,-5.63199423850582
aimnet2,3,233,-5.605738334002312,-5.529106608666307
aimnet2,3,235,-4.952647688532264,-4.900073783581338
aimnet2,3,237,-5.344915372633683,-5.352252565488371
aimnet2,3,238,-5.564291054151155,-5.7915058625691564
aimnet2,3,239,-5.4633696168027654,-5.732818394786253
aimnet2,3,240,-5.486822223161817,-5.6318585138496475
aimnet2,3,241,-5.673157062042707,-5.647785817550448
aimnet2,3,242,-5.619766857495664,-5.587502982544666
aimnet2,3,245,-5.380798252224096,-5.483493890633243
aimnet2,3,246,-5.491130986517256,-5.593146678799094
aimnet2,3,249,-5.441911525169873,-5.402589929801415
aimnet2,3,251,-5.4627706116718,-5.442219315658296
aimnet2,3,252,-5.5661244159738565,-5.338740130015239
aimnet2,3,253,-5.40653240269056,-5.3248827169123105
aimnet2,3,254,-5.473682623211523,-5.5137143137477285
aimnet2,3,255,-5.667258500322712,-5.586661907780988
aimnet2,3,256,-5.253482905951215,-5.323066862459642
aimnet2,3,258,-5.551139537141132,-5.509171021854181
aimnet2,3,259,-5.401764065845003,-5.472767629499142
aimnet2,3,262,-5.502551548537538,-5.372363077123021
aimnet2,3,263,-5.237142212532247,-5.410911743149532
aimnet2,3,264,-5.506833775398953,-5.522216281152835
aimnet2,3,265,-5.393654922331857,-5.222532569998593
aimnet2,3,266,-5.515319297889357,-5.513441154730977
aimnet2,3,267,-5.631777850426673,-5.502591916839689
aimnet2,3,268,-5.605093550503756,-5.594329453222838
aimnet2,3,269,-5.466443552513471,-5.253592378931193
aimnet2,3,271,-5.334354665859472,-5.678338913056353
aimnet2,3,272,-5.311721707040707,-5.4216144517733
aimnet2,3,275,-5.513982706839397,-5.632367524393885
aimnet2,3,276,-5.467834917144783,-5.55476604245646
aimnet2,3,277,-5.564601385591878,-5.556595526744151
aimnet2,3,278,-4.719082176032268,-5.079389995634856
aimnet2,3,279,-5.523625303395267,-5.489283478740967
aimnet2,3,280,-5.165088668463232,-5.115615542296415
aimnet2,3,281,-5.277262265759775,-4.701586512880528
aimnet2,3,282,-5.459284106190302,-5.646879477046828
aimnet2,3,283,-5.319089344415377,-5.221526064585837
aimnet2,3,284,-5.563273170177108,-5.53357186323358
aimnet2,3,286,-5.5983330000269325,-5.356033309095935
aimnet2,3,287,-5.655605772557719,-5.483771926334646
aimnet2,3,288,-5.310157552890585,-5.325871103712689
aimnet2,3,290,-5.34831258870971,-5.195547444028906
aimnet2,3,291,-5.345469811307241,-5.496978521015899
aimnet2,3,292,-4.824220274939732,-5.4468652894365785
aimnet2,3,293,-5.590082539776923,-5.649026353401958
aimnet2,3,294,-5.508609839315819,-5.35741021505413
aimnet2,3,295,-5.564359498620815,-5.516455117382826
aimnet2,3,297,-5.51742964177345,-5.632139392943627
aimnet2,3,298,-5.176540689753143,-4.900911764858672
aimnet2,3,299,-5.605053688866411,-5.572851607774535
aimnet2,3,300,-5.510228216581583,-5.267917370511017
aimnet2,3,301,-5.376563885154637,-5.529607127773994
aimnet2,3,302,-5.382681949600267,-5.282838149869756
aimnet2,3,303,-5.462011797425335,-5.566840885174387
aimnet2,3,304,-5.39509938588872,-5.217973370940179
aimnet2,3,305,-5.706688799162673,-5.578831999103095
aimnet2,3,309,-5.120285912218572,-5.376981670569952
aimnet2,3,310,-5.245544741347952,-4.456895413195401
aimnet2,3,311,-5.511768215007121,-5.315287456088198
aimnet2,3,312,-5.472901531986201,-5.493761820367195
aimnet2,3,313,-5.560584586506058,-5.374850668240753
aimnet2,3,314,-5.397721067260638,-5.241751852084153
aimnet2,3,315,-5.509971109612533,-5.534644737226944
aimnet2,3,316,-5.019505568751953,-4.842110287569096
aimnet2,3,317,-5.472772977753052,-5.550459387741648
aimnet2,3,318,-5.399733962270867,-5.379463681055959
aimnet2,3,319,-5.420597177707572,-5.432020890344279
aimnet2,3,320,-5.233225487070437,-4.898678911787029
aimnet2,3,321,-5.595018817778936,-5.633801794670028
aimnet2,3,322,-5.534928710126154,-5.493266410657896
aimnet2,3,323,-5.6076029250389245,-5.779607306888364
aimnet2,3,324,-5.465853489684916,-5.801641177921579
aimnet2,3,326,-5.567320820734539,-5.494590642106562
aimnet2,3,327,-5.581090722595103,-5.379392183190887
aimnet2,3,328,-5.144028720877783,-4.922993633712519
aimnet2,3,329,-5.5457574474068885,-5.585158764689474
aimnet2,3,330,-5.34004046676977,-5.1814108880759555
aimnet2,3,331,-5.124283018056818,-5.229726008792819
aimnet2,3,333,-5.379570604867701,-5.453103148029049
aimnet2,3,334,-5.449947699023232,-5.44024203991508
aimnet2,3,335,-5.364367424000139,-5.502211139474667
aimnet2,3,336,-5.3831819018859415,-5.285568723174358
aimnet2,3,337,-4.832671205031037,-4.406932411116527
aimnet2,3,338,-5.440506929029547,-5.43902767229296
aimnet2,3,339,-5.360676609275018,-5.327280550107714
aimnet2,3,340,-5.499792992283113,-5.511150596747141
aimnet2,3,341,-5.6428681796343705,-5.417100465436059
aimnet2,3,342,-5.429743032802579,-5.369410085618494
aimnet2,3,343,-5.163296369228211,-5.045627768694704
aimnet2,3,344,-5.308567073385682,-5.2243376947636095
aimnet2,3,346,-5.65689969289557,-5.571303256542875
aimnet2,3,347,-5.067114830912112,-5.232057644209708
aimnet2,3,348,-5.407681246387733,-5.348380738725201
aimnet2,3,349,-5.466361969785439,-5.285797341355624
aimnet2,3,350,-5.4860342836347185,-5.772125023848459
aimnet2,3,351,-5.2483745411656875,-5.326672198676142
aimnet2,3,352,-5.610672120872786,-5.511076092673298
aimnet2,3,353,-5.3207007804789095,-5.3021449803837415
aimnet2,3,354,-5.280259139744787,-5.316808100069723
aimnet2,3,355,-5.388863190892737,-5.177134711460751
aimnet2,3,356,-5.583005386357521,-5.67889210965234
aimnet2,3,357,-5.570025663915228,-5.452067525995985
aimnet2,3,358,-5.475782942530495,-5.322959357772299
aimnet2,3,359,-5.23747402412081,-5.330621845163635
aimnet2,3,360,-5.118890657039885,-4.918781983200845
aimnet2,3,362,-5.389066591415678,-5.493604932663545
aimnet2,3,363,-5.633596234676496,-5.498502258588838
aimnet2,3,365,-5.50072568936654,-5.345591355139113
aimnet2,3,366,-5.521288970740388,-5.246611252262085
aimnet2,3,367,-5.244364797480884,-5.397759129876781
aimnet2,3,370,-5.5398866453886155,-5.548249614790919
aimnet2,3,371,-5.284888836367536,-4.7988605374548765
aimnet2,3,372,-5.612518280861566,-5.557897052550365
aimnet2,3,374,-5.51590121897513,-5.457734873618124
aimnet2,3,375,-5.486026039337813,-5.487392217383156
aimnet2,3,376,-5.253495698168978,-5.365720995407181
aimnet2,3,377,-5.318071240479411,-5.529039681432702
aimnet2,3,378,-5.394968063349597,-5.588071024613494
aimnet2,3,379,-5.527809302929335,-5.233875965398343
aimnet2,3,380,-5.691746340761343,-5.57053527949373
aimnet2,3,381,-5.3222195194600985,-5.26024523573058
aimnet2,3,382,-5.6040589682475295,-5.611997607273029
aimnet2,3,383,-5.5344945888492525,-5.512042613342429
aimnet2,3,384,-5.478266464991268,-5.254071485504015
aimnet2,3,385,-5.4106860426282966,-5.359618486110017
aimnet2,3,386,-5.378742494087276,-5.1296383078473795
aimnet2,3,387,-5.462858992825556,-5.324085976113699
aimnet2,3,388,-5.651957299898633,-5.402830425832777
aimnet2,3,389,-5.601453552024621,-5.599567361765787
aimnet2,3,390,-5.543659784529267,-5.414458502372031
aimnet2,3,391,-5.041122793687685,-4.881278728229034
aimnet2,3,392,-5.4382697335314,-5.331138118840353
aimnet2,3,393,-5.3302801780389695,-4.979514875445077
aimnet2,3,394,-5.431022779493817,-5.341508484018909
aimnet2,3,396,-5.478081231909671,-5.634265790316827
aimnet2,3,397,-5.585786577066472,-5.535692327244418
aimnet2,3,399,-5.59432071022842,-5.451529787328316
aimnet2,3,400,-5.545874817386055,-5.597050611303152
aimnet2,3,401,-5.601455265627068,-5.179367114121351
aimnet2,3,402,-5.16272674717279,-5.213427121146267
aimnet2,3,405,-5.443142303361787,-5.288608455906295
aimnet2,3,406,-5.609778030495704,-5.798672379879525
aimnet2,3,407,-5.232610713901019,-5.582119294018046
aimnet2,3,409,-5.634882369437883,-5.665329711421157
aimnet2,3,410,-5.565819056216008,-5.5113531009928876
aimnet2,3,411,-4.725975976011113,-4.75020878035625
aimnet2,3,412,-5.624725480966956,-5.5629358700774
aimnet2,3,414,-5.436464229488028,-5.363494389397166
aimnet2,3,416,-5.427013133179456,-5.416523289858351
aimnet2,3,417,-5.557801104367842,-5.494495471816994
aimnet2,3,418,-5.424689656688674,-5.482931412216287
aimnet2,3,419,-5.557778629701213,-5.4987107154801045
aimnet2,3,420,-5.513927124799157,-5.438691750119829
aimnet2,3,421,-5.585071746344334,-5.528139361584692
aimnet2,3,422,-5.282862381599466,-5.483457603421166
aimnet2,3,423,-5.558410038884161,-5.618815948221566
aimnet2,3,424,-5.555303655323468,-5.595805712807691
aimnet2,3,425,-5.460784446747695,-5.444560126114202
aimnet2,3,426,-5.494435489903574,-5.422111724166456
aimnet2,3,427,-5.077493892510883,-4.607958002104382
aimnet2,3,428,-5.430781235054558,-5.479280965000073
aimnet2,3,429,-5.300460633255626,-5.575801013982644
aimnet2,3,430,-5.413908677510376,-5.373491373409468
aimnet2,3,431,-5.424137164951259,-5.367045190872352
aimnet2,3,432,-5.012218022717529,-4.90170043948759
aimnet2,3,433,-5.054359471314106,-5.327900074114617
aimnet2,3,434,-5.480904200525406,-5.637127365034439
aimnet2,3,436,-5.204378141880542,-4.6273332737751005
aimnet2,3,437,-5.3677769939793505,-5.396558205426909
aimnet2,3,438,-5.192873010084044,-5.174029218486077
aimnet2,3,439,-5.405149161002408,-5.584228671058805
aimnet2,3,440,-5.387117311142971,-5.3543065901583935
aimnet2,3,441,-4.84296491263351,-5.00094856859319
aimnet2,3,442,-5.501608936165901,-5.645688038127703
aimnet2,3,445,-5.502152827468003,-5.242190207924222
aimnet2,3,446,-5.46634072251483,-5.548528687592872
aimnet2,3,447,-5.333839122240353,-5.3345249593101824
aimnet2,3,448,-5.666648385043141,-5.789863334105215
aimnet2,3,449,-5.366546564920953,-5.561234451365878
aimnet2,3,450,-5.505104536165323,-5.386336769875004
aimnet2,3,451,-5.49868541904116,-5.425415780310944
aimnet2,3,453,-5.430212222658253,-5.453842885453538
aimnet2,3,455,-5.545383050456746,-5.6370783799440565
aimnet2,3,456,-5.460909579434489,-5.32576598666101
aimnet2,3,458,-5.017364451065797,-5.275609833688321
aimnet2,3,459,-5.616386509869519,-5.624322200030944
aimnet2,3,460,-5.4255173453505785,-5.616913365152795
aimnet2,3,461,-5.37574799538045,-5.50101215082747
aimnet2,3,462,-5.337436873452518,-5.590657211040716
aimnet2,3,463,-5.539017988962892,-5.447909217321555
aimnet2,3,464,-5.0894271519952,-4.673512752927729
aimnet2,3,465,-5.009894125209931,-5.550548950407493
aimnet2,3,466,-5.372927972948842,-5.546444312565142
aimnet2,3,468,-5.398262495177898,-5.363700025130849
aimnet2,3,469,-5.44707029428674,-5.37368847436467
aimnet2,3,470,-5.45285202829607,-5.298500765500251
aimnet2,3,471,-5.633349499208733,-5.751642823631293
aimnet2,3,474,-5.199761650532826,-5.293773514803381
aimnet2,3,475,-5.454810565165588,-5.352428446216099
aimnet2,3,477,-5.075072693336371,-5.04025485837948
aimnet2,3,478,-5.509406709151465,-5.374633731857293
aimnet2,3,479,-5.55477222121258,-5.506573539038571
aimnet2,3,480,-5.5189039852486825,-5.438978778119648
aimnet2,3,481,-5.3203793454198145,-5.452948484403199
aimnet2,3,482,-5.551627281057211,-5.2816433880843405
aimnet2,3,483,-5.4693133631225,-5.427765776802321
aimnet2,3,484,-5.233775588053818,-5.403351194213937
aimnet2,3,485,-5.4605912905454606,-5.631155427593121
aimnet2,3,486,-4.615229622120799,-4.578759238631062
aimnet2,3,488,-5.383281588534033,-5.51637080043848
aimnet2,3,489,-5.529040542635273,-5.51482808284678
aimnet2,3,490,-5.470507543676002,-5.60293516919823
aimnet2,3,492,-5.378865477337334,-5.501018844111254
aimnet2,3,493,-5.229855727003086,-5.360327920866664
aimnet2,3,494,-5.403479037676598,-5.60510314384156
aimnet2,3,495,-5.52811326170526,-5.6050354181665005
aimnet2,3,496,-4.9560260555571825,-4.946164854622456
aimnet2,3,497,-5.426445730120024,-5.465011590027955
aimnet2,3,498,-5.205632979443032,-5.291661259472283
aimnet2,3,499,-5.605949313906027,-5.819555741177279
aimnet2,3,500,-5.242374654397816,-5.33455798548909
aimnet2,3,501,-5.42071350811058,-5.290929485865519
aimnet2,3,503,-5.5070287145690155,-5.2754259056574755
aimnet2,3,504,-5.195707975461162,-5.181173352101823
aimnet2,3,505,-5.359341430331857,-5.37900681142084
aimnet2,3,506,-5.581917798293043,-5.549670064864509
aimnet2,3,507,-5.522869591849386,-5.3150045064419285
aimnet2,3,508,-5.384129254576362,-5.53687509477478
aimnet2,3,510,-5.469111189635797,-5.279117677435531
aimnet2,3,511,-5.372612484041247,-5.66959717338321
aimnet2,3,512,-5.517203843551736,-5.392644022502221
aimnet2,3,513,-5.462490536886886,-5.222847838445376
aimnet2,3,514,-5.432515491993469,-5.60443425691462
aimnet2,3,516,-5.37285382946482,-5.492102949159354
aimnet2,3,517,-5.657002719647306,-5.828984030473998
aimnet2,3,518,-5.7516393735144495,-5.851366069692778
aimnet2,3,519,-5.446638367658745,-5.437989116770923
aimnet2,3,520,-5.634712664389285,-5.6737283777798755
aimnet2,3,521,-5.423095612090839,-5.548083798533498
aimnet2,3,522,-5.256419337529959,-5.360645799465988
aimnet2,3,524,-5.526103590588962,-5.525569042914171
aimnet2,3,525,-5.183005731527542,-4.859640882546354
aimnet2,3,526,-5.291301156751788,-5.244005195016195
aimnet2,3,528,-5.368170331993551,-5.563209101397403
aimnet2,3,530,-5.480775227439801,-5.486681024522994
aimnet2,3,531,-5.323371476900303,-5.5736193390816755
aimnet2,3,532,-5.214196104397404,-5.761280534893849
aimnet2,3,533,-5.482070142658715,-5.5201444356524245
aimnet2,3,534,-5.349538075596481,-5.5386637792315865
aimnet2,3,536,-5.448868361634634,-5.517529846814381
aimnet2,3,537,-5.613715864705705,-5.532958721032056
aimnet2,3,538,-5.134657269853759,-4.624043716624589
aimnet2,3,539,-5.19310310040924,-4.898114998549767
aimnet2,3,540,-5.205825009828239,-4.655298918142648
aimnet2,3,541,-5.481187580478285,-5.681599660516688
aimnet2,3,543,-5.460485794375935,-5.372577849584587
aimnet2,3,544,-5.560295395459811,-5.247180527994262
aimnet2,3,545,-5.50529095691349,-5.386943140039729
aimnet2,3,546,-5.69768958306671,-5.649906878580912
aimnet2,3,547,-5.47975045365253,-5.500970509954242
aimnet2,3,548,-5.631776897131591,-5.4201602273312695
aimnet2,3,549,-5.508791678104464,-5.145209816083206
aimnet2,3,551,-5.493812308297371,-5.352476508142728
aimnet2,3,553,-5.6421159326387755,-5.500178060653146
aimnet2,3,554,-5.514148898820982,-5.3536543959258625
aimnet2,3,555,-5.261526885762491,-5.566720643409444
aimnet2,3,556,-5.464189659575409,-5.46612583831899
aimnet2,3,557,-5.430788420653132,-5.410100313097751
aimnet2,3,558,-5.572686773119084,-5.647143091011305
aimnet2,3,559,-5.519265787241697,-5.193405197458269
aimnet2,3,561,-5.287453870458159,-5.2673311470102595
aimnet2,3,562,-5.5746690555618725,-5.745923896563387
aimnet2,3,563,-5.5142543050624715,-5.848835992533247
aimnet2,3,564,-5.417871644144548,-5.423961433427699
aimnet2,3,565,-4.9863930290756855,-5.490870676377344
aimnet2,3,566,-5.438401335395073,-5.439100363946838
aimnet2,3,567,-5.223757902841811,-5.17968006265303
aimnet2,3,568,-5.2828295388872455,-5.398278311118501
aimnet2,3,569,-5.329276852543509,-5.557350120898779
aimnet2,3,570,-5.52811181843749,-5.408311133944871
aimnet2,3,571,-5.583897056219764,-5.343598767439775
aimnet2,3,573,-5.452260752560379,-5.451439854400293
aimnet2,3,574,-5.452425735149756,-5.365999937043202
aimnet2,3,575,-5.518113999988524,-5.498433460519752
aimnet2,3,576,-5.577071300422515,-5.555715130291851
aimnet2,3,578,-5.32878728855429,-5.234228136013047
aimnet2,3,582,-5.579054605027966,-5.609883676927003
aimnet2,3,583,-5.6078152029049075,-5.590700289448953
aimnet2,3,584,-5.504937070071032,-5.57246104741551
aimnet2,3,585,-5.635872532649734,-5.812536885811219
aimnet2,3,586,-5.6546745649215,-5.923753527939442
aimnet2,3,587,-5.424078147275156,-5.354380988776889
aimnet2,3,588,-5.273393308264516,-5.550701590550353
aimnet2,3,589,-5.302905498245385,-5.330392409765722
aimnet2,3,590,-5.2731315063233035,-5.30084061081058
aimnet2,3,591,-5.479036924949886,-5.786302180266812
aimnet2,3,592,-5.192036311316374,-5.374803357114901
aimnet2,3,593,-5.535830867479227,-5.557516274917873
aimnet2,3,594,-5.60715525678152,-5.631877010104295
aimnet2,3,595,-5.570197894772882,-5.681795869150434
aimnet2,3,597,-5.51596653982454,-5.616598092585335
aimnet2,3,598,-5.575172022200709,-5.626929922220307
aimnet2,3,600,-5.517253625565014,-5.559980234443215
aimnet2,3,601,-5.671277783171138,-5.584191894979187
aimnet2,3,602,-5.368584118741845,-5.447664697981891
aimnet2,3,603,-5.534350542253638,-5.69227646760609
aimnet2,3,604,-5.542645172433158,-5.581959884269557
aimnet2,3,605,-5.702791980556803,-5.627435558740642
aimnet2,3,606,-5.451166140933366,-5.57263100888966
aimnet2,3,607,-5.419128555040531,-5.637493513339741
aimnet2,3,608,-5.611008403799704,-5.4882765450399305
aimnet2,3,609,-5.548957158799353,-5.179529058802658
aimnet2,3,610,-5.842372023775309,-5.678624375900188
aimnet2,3,611,-5.140141674083483,-5.111087378993361
aimnet2,3,612,-5.587705059276534,-5.4516347639591975
aimnet2,3,613,-5.49461123099393,-5.568449127392991
aimnet2,3,615,-4.878862376957425,-5.22955000483229
aimnet2,3,617,-5.513638649251922,-5.13671366761388
aimnet2,3,618,-5.544137753455068,-5.549797971111038
aimnet2,3,619,-5.548117790870449,-5.497729115030448
aimnet2,3,620,-5.338835861534052,-5.363473951573999
aimnet2,3,621,-5.142867226469829,-5.008197599356606
aimnet2,3,623,-5.614130521233661,-5.615192985706965
aimnet2,3,624,-5.5733182181910585,-5.676938329948996
aimnet2,3,625,-4.791567028562231,-4.590048219309799
aimnet2,3,627,-5.3424485188726845,-5.235139475736993
aimnet2,3,628,-5.323005704949518,-5.330293933039728
aimnet2,3,629,-5.619510225357511,-5.667976281396359
aimnet2,3,630,-5.651361696884355,-5.557691790872156
aimnet2,3,632,-5.092898516121285,-4.6835021177453955
aimnet2,3,634,-5.308542148261815,-5.904167927032114
aimnet2,3,635,-5.366635125986105,-5.355683424379573
aimnet2,3,636,-5.384474680563929,-5.022341498240817
aimnet2,3,637,-5.408467910509689,-5.304445322924821
aimnet2,3,638,-5.505513914151689,-5.512729625537438
aimnet2,3,639,-5.334535025213182,-5.342966237212782
aimnet2,3,640,-5.565913245613464,-5.48484513429809
aimnet2,3,642,-5.447433520293412,-5.346727204108157
aimnet2,3,643,-5.412825518004299,-5.393307006854021
aimnet2,3,644,-5.102644929257248,-4.796540966982636
aimnet2,3,646,-5.4541259753849864,-5.291969364750609
aimnet2,3,647,-5.3517027522402865,-5.505054855053513
aimnet2,3,648,-5.314939318613946,-5.291756379785126
aimnet2,3,649,-5.441602039040069,-5.4962895521242325
aimnet2,3,652,-5.439562945847562,-5.578879220357877
aimnet2,3,653,-5.3601149670876795,-5.478955025401014
aimnet2,3,655,-5.480938527970502,-5.486097751999797
aimnet2,3,657,-5.14837887248713,-5.1091818233270905
aimnet2,3,658,-5.412478497620715,-5.507406945302213
aimnet2,3,659,-5.370533832143055,-5.692476053069246
aimnet2,3,660,-5.459461592839663,-5.754731336478422
aimnet2,3,661,-5.306109060437095,-5.450792534212616
aimnet2,3,662,-5.036327282169806,-4.587688696596934
aimnet2,3,663,-5.428440862600644,-5.608820557246282
aimnet2,3,664,-5.53994888548684,-5.71720476108855
aimnet2,3,665,-5.246759111058259,-4.799525299999085
aimnet2,3,666,-5.448227540567954,-5.471096681645331
aimnet2,3,668,-5.504048976476043,-5.469757037132732
aimnet2,3,669,-5.333337861086674,-5.369119014076587
aimnet2,3,670,-5.2052899340350995,-5.288060856585971
aimnet2,3,671,-5.502102903188023,-5.403193673930713
aimnet2,3,672,-5.47536772286938,-5.150917140503603
aimnet2,3,673,-5.410022080071805,-4.976648829743001
aimnet2,3,674,-5.605667694184791,-5.608288689342055
aimnet2,3,675,-5.3765440000402185,-5.352899535089699
aimnet2,3,677,-5.408567349163794,-5.470718760206384
aimnet2,3,678,-5.556769265768905,-5.583162078864463
aimnet2,3,679,-5.476577616517636,-5.608175403218577
aimnet2,3,680,-5.4797724350464545,-5.533698075436634
aimnet2,3,682,-5.0483635477171065,-5.329064495136888
aimnet2,3,683,-5.576907098799816,-5.5072318336333765
aimnet2,3,684,-5.277094143395903,-5.524305695828407
aimnet2,3,688,-5.645900094096632,-5.362546911158394
aimnet2,3,689,-5.523452757298132,-5.423534192788169
aimnet2,3,692,-5.460191937503502,-5.442440707403634
aimnet2,3,693,-5.414770609162513,-5.4550250599819154
aimnet2,3,694,-5.536215278048693,-5.414548209886874
aimnet2,3,695,-5.472296800245759,-5.01021238440165
aimnet2,3,697,-5.4052810465285255,-5.213691572967496
aimnet2,3,698,-4.974747408744376,-4.838648781099848
aimnet2,3,699,-5.6279087803901335,-5.752104290839347
aimnet2,3,700,-5.279619748638387,-5.471222677971905
aimnet2,3,701,-5.314136510121012,-5.4903621191432785
aimnet2,3,702,-5.4898202681606705,-5.3968943121171495
aimnet2,3,704,-5.500867364158489,-5.493966785396818
aimnet2,3,705,-5.110563644870499,-4.966266522001571
aimnet2,3,706,-5.332139232783089,-4.858600995706392
aimnet2,3,708,-5.10421621603519,-5.255079554503118
aimnet2,3,709,-5.441506589470009,-5.719917019686152
aimnet2,3,711,-5.652692543186804,-5.676076529511072
aimnet2,3,713,-5.4263435053648195,-5.540821759737534
aimnet2,3,714,-5.4149809762246734,-5.200323009465637
aimnet2,3,715,-5.115608129979543,-4.881391812551818
aimnet2,3,716,-5.63602664994634,-5.586949487279348
aimnet2,3,717,-5.525811844309193,-5.381126951335806
aimnet2,3,718,-5.346834381799935,-5.2909418797138965
aimnet2,3,719,-5.456144023733491,-5.517908049249788
aimnet2,3,720,-5.658996864697855,-5.604156640886036
aimnet2,3,721,-5.457340182714433,-5.610275847688545
aimnet2,3,723,-5.3718849093146925,-5.310456340317621
aimnet2,3,725,-5.462368764876993,-5.343795645457114
aimnet2,3,726,-5.464353196827504,-5.402297737161995
aimnet2,3,727,-5.370553602603306,-5.488854990003954
aimnet2,3,728,-5.353722909323329,-5.438287990178064
aimnet2,3,729,-5.109512774027266,-4.954426980916448
aimnet2,3,730,-5.563455254710529,-5.3905127646775695
aimnet2,3,731,-5.537920282932281,-5.536609834178717
aimnet2,3,732,-5.52957780405577,-5.498563505802124
aimnet2,3,734,-5.227617524989512,-5.380276486501486
aimnet2,3,735,-5.515256847333025,-5.5163369435613365
aimnet2,3,736,-5.688641971146751,-5.821561801747517
aimnet2,3,737,-5.444837613479319,-5.495131753917573
aimnet2,3,738,-5.4512754159697625,-5.43297687157021
aimnet2,3,740,-5.3578516592682055,-5.169066693148931
aimnet2,3,741,-5.527696078977121,-5.213530416501931
aimnet2,3,742,-5.714045361078655,-5.810993429970927
aimnet2,3,743,-5.478303870046427,-5.696133362598435
aimnet2,3,745,-5.502635072259774,-5.388608062234017
aimnet2,3,746,-5.227085222139939,-5.163915841672332
aimnet2,3,747,-5.0555784976421,-4.947182737118312
aimnet2,3,749,-5.571687674672783,-5.4046067203164085
aimnet2,3,750,-5.3728078838005455,-5.453526361947395
aimnet2,3,751,-5.662105845760957,-5.600770562346012
aimnet2,3,752,-5.55049462366694,-5.631991847711231
aimnet2,3,753,-5.456425596924648,-5.625040331227712
aimnet2,3,756,-5.533203220966909,-5.435795774962061
aimnet2,3,757,-5.164464106679633,-4.758842901686128
aimnet2,3,758,-5.538372628712754,-5.827404051976678
aimnet2,3,760,-5.240338990904053,-5.089852345078635
aimnet2,3,761,-5.5650619315441325,-5.4309373824634175
aimnet2,3,763,-5.568596745131888,-5.354814012746039
aimnet2,3,764,-5.371900080194004,-5.429190839327498
aimnet2,3,765,-5.621448239071577,-5.680284902716325
aimnet2,3,766,-5.5067645802928835,-5.507894082252107
aimnet2,3,767,-5.430710115911918,-5.448608998761106
aimnet2,3,768,-5.515890175734822,-5.6204931124165185
aimnet2,3,769,-5.57257618322447,-5.726308052324498
aimnet2,3,770,-5.315982536966938,-5.049088161743543
aimnet2,3,772,-5.384395568796639,-5.631315203824801
aimnet2,3,774,-5.597577334450816,-5.532295607329278
aimnet2,3,775,-5.6678312538766935,-5.225608908401117
aimnet2,3,776,-5.48871998221439,-5.428744529637845
aimnet2,3,777,-5.611905515895104,-5.488276278271757
aimnet2,3,778,-5.479383188611896,-5.4888170237012055
aimnet2,3,779,-5.428807539750209,-5.5467670232360105
aimnet2,3,780,-4.9445522675773255,-4.9677703158262885
aimnet2,3,781,-5.590436271745665,-5.580481972768856
aimnet2,3,782,-5.636117337648024,-5.507684902290193
aimnet2,3,784,-5.079323514158865,-5.289312547146809
aimnet2,3,785,-5.61568002451032,-5.584116128364407
aimnet2,3,786,-5.526684391625421,-5.274018212380571
aimnet2,3,787,-5.4034521019441355,-5.3395221561437785
aimnet2,3,788,-5.4628584209034665,-5.649374900436262
aimnet2,3,790,-5.574749039455688,-5.79398256129764
aimnet2,3,791,-5.447393953509191,-5.10755048152696
aimnet2,3,792,-5.5577793913727165,-5.434931481183623
aimnet2,3,793,-5.308802925245061,-5.449870249720204
aimnet2,3,794,-5.356712258805616,-5.3468382540344574
aimnet2,3,795,-5.313722784588072,-5.3760253775959885
aimnet2,3,796,-5.02847586070943,-5.42000671312435
aimnet2,3,797,-5.556013980134324,-5.473530452915162
aimnet2,3,798,-5.620621411341753,-5.688081039870021
aimnet2,3,799,-5.486037469588007,-5.429466544394786
aimnet2,3,800,-5.010737379053746,-4.577323349564192
aimnet2,3,802,-5.26330909680563,-5.6111347850520765
aimnet2,3,804,-4.9620118539067075,-4.841061561076784
aimnet2,3,805,-5.459410737102767,-5.490360426633044
aimnet2,3,806,-5.526624619321553,-5.502315645819717
aimnet2,3,807,-5.576200582948231,-5.62241412001866
aimnet2,3,808,-5.5711586745562,-5.5817017829772775
aimnet2,3,809,-5.480712616003117,-5.22473670916852
aimnet2,3,810,-5.37447178730079,-5.486031549631017
aimnet2,3,811,-5.574929699446264,-5.408463159027157
aimnet2,3,813,-4.992609720734318,-4.965971822499805
aimnet2,3,814,-5.462262883798356,-5.442853298578553
aimnet2,3,815,-5.247713056179334,-4.928843449016051
aimnet2,3,816,-5.327376697596812,-5.333664953861832
aimnet2,3,817,-5.47312884217792,-5.455497218950331
aimnet2,3,819,-5.470869869225998,-5.439154852985118
aimnet2,3,820,-5.354579340251311,-4.860781731000975
aimnet2,3,821,-5.027879030138292,-4.399917718974125
aimnet2,3,822,-5.730058244331999,-5.642989144067815
aimnet2,3,823,-5.422115240704595,-5.483951010575203
aimnet2,3,824,-5.495210267199841,-5.64153063130756
aimnet2,3,825,-5.618296329986625,-5.581513166735269
aimnet2,3,826,-5.364021755979163,-5.476273724263816
aimnet2,3,827,-5.544143342645174,-5.488100515129875
aimnet2,3,828,-5.51399917451359,-4.99577267859925
aimnet2,3,829,-5.652071051463771,-5.731427901722383
aimnet2,3,830,-5.331523827563502,-5.457413995684233
aimnet2,3,831,-5.465157709191162,-5.400688357620959
aimnet2,3,832,-5.420217879518878,-5.619804144856047
aimnet2,3,833,-5.396275734503915,-5.492815006975668
aimnet2,3,834,-5.609938221982312,-5.541074196646695
aimnet2,3,835,-5.402585983362543,-5.361560043518831
aimnet2,3,836,-5.472264321825273,-5.401716203680498
aimnet2,3,837,-5.460571829294842,-5.2807803146522
aimnet2,3,838,-5.312095374066975,-5.546933035752443
aimnet2,3,839,-5.521039812734499,-5.525598720338084
aimnet2,3,840,-5.635434192616056,-5.88812497640171
aimnet2,3,841,-5.323225498415828,-5.604570234145725
aimnet2,3,843,-5.298878463132897,-5.46467168707816
aimnet2,3,844,-5.4495240788831625,-5.39616358395197
aimnet2,3,848,-5.453757693657351,-5.486159856401141
aimnet2,3,849,-5.1442398799625595,-5.318305815755857
aimnet2,3,854,-5.702341163667147,-5.566061602529345
aimnet2,3,855,-5.4117959831642,-5.317155678589411
aimnet2,3,856,-5.424104645462663,-5.441009300847338
aimnet2,3,857,-5.543140483856223,-5.6207146334235345
aimnet2,3,858,-5.534759050490792,-5.453728606380779
aimnet2,3,859,-5.387134942941481,-4.980656968524674
aimnet2,3,860,-5.4819741047014245,-5.415431335304363
aimnet2,3,861,-5.486379322314269,-5.215426810458657
aimnet2,3,862,-5.220672862624912,-4.739638841839175
aimnet2,3,863,-5.577761058747356,-5.48779744902236
aimnet2,3,864,-5.316107076714141,-5.330012482792142
aimnet2,3,865,-5.1102764226248,-5.362916792019207
aimnet2,3,868,-5.513885529943876,-5.400701035697398
aimnet2,3,869,-5.412510646790554,-5.5082322463848445
aimnet2,3,870,-5.374535202921073,-4.980459703270167
aimnet2,3,871,-5.454196271062109,-5.445463343900191
aimnet2,3,872,-5.343615785104268,-5.306719488181095
aimnet2,3,873,-5.386074258958177,-5.334695626786509
aimnet2,3,874,-5.484214512299178,-5.490161083174156
aimnet2,3,875,-5.435325242670427,-5.542517171115172
aimnet2,3,876,-5.696033931307873,-5.7557992161242995
aimnet2,3,877,-5.454944698112308,-5.387443115112418
aimnet2,3,878,-5.530175449673105,-5.502757800432727
aimnet2,3,879,-5.29232670667394,-4.817906597795958
aimnet2,3,880,-5.597397432936905,-5.456408383764262
aimnet2,3,882,-5.325955145544546,-5.2132543602566015
aimnet2,3,883,-5.21960355364293,-5.438445901150131
aimnet2,3,884,-4.948500686399861,-4.610976066345842
aimnet2,3,885,-5.689204488452821,-5.147480218734309
aimnet2,3,886,-5.52710395337332,-5.534766305558597
aimnet2,3,887,-5.494936891003512,-5.441261091832272
aimnet2,3,888,-5.513133522590033,-5.577287677613706
aimnet2,3,890,-5.260595258560945,-5.323660738458809
aimnet2,3,891,-4.673814948034424,-4.39467249419656
aimnet2,3,892,-5.342790755744819,-5.369792499703258
aimnet2,3,893,-5.658285298601655,-5.688241346340186
aimnet2,3,894,-5.3956784050497335,-5.273784481651432
aimnet2,3,895,-5.52086661135043,-5.555354660068223
aimnet2,3,896,-5.506815375442831,-5.5707645336139455
aimnet2,3,897,-5.515850932652538,-5.541244192022069
aimnet2,3,898,-5.395438010344346,-5.52999417346833
aimnet2,3,899,-5.573796067931538,-5.260986864803824
aimnet2,3,900,-5.357032415838936,-5.10067349364282
aimnet2,3,901,-5.346328455096141,-5.322088508077687
aimnet2,3,902,-5.41092050407276,-5.5604967683231
aimnet2,3,903,-4.913551450714716,-4.453371969734358
aimnet2,3,904,-5.515938693788616,-5.245925651467617
aimnet2,3,905,-5.545721776041656,-5.380299820912568
aimnet2,3,906,-5.444506607597144,-5.23456895897357
aimnet2,3,907,-5.501498633384634,-5.527145547063053
aimnet2,3,908,-5.5184035933732565,-5.557353631809228
aimnet2,3,909,-4.63451087477277,-4.324191333555911
aimnet2,3,910,-5.4052287891370785,-5.548026697847785
aimnet2,3,911,-5.556707366989544,-5.776916650355881
aimnet2,3,912,-5.382738860090563,-5.176545915398044
aimnet2,3,913,-5.230145528445614,-5.158282336588113
aimnet2,3,915,-5.399247717093354,-5.803761395200504
aimnet2,3,916,-5.5858340110587985,-5.687050169255196
aimnet2,3,917,-5.454498139658593,-5.029689741780978
aimnet2,3,918,-5.605022438667767,-5.440299391514479
aimnet2,3,919,-5.38867294654604,-5.451196317416065
aimnet2,3,921,-5.429458247646863,-5.4340888028122665
aimnet2,3,922,-5.407668450584378,-5.503009453708447
aimnet2,3,923,-5.512026686189101,-5.587528198572859
aimnet2,3,925,-5.484434965577166,-5.3849098194300336
aimnet2,3,926,-5.275937883916171,-5.360282928233256
aimnet2,3,929,-5.395041586335806,-4.815151844693811
aimnet2,3,930,-5.164546052339875,-4.724526995330926
aimnet2,3,931,-5.3753756135792825,-5.561053085859225
aimnet2,3,932,-5.567100595220676,-5.309235112911684
aimnet2,3,934,-5.581802518567847,-5.842833608237292
aimnet2,3,935,-5.462209925952389,-5.35366624494184
aimnet2,3,936,-5.439953880973369,-5.681393579670766
aimnet2,3,937,-5.461836179239675,-5.338083400380286
aimnet2,3,938,-5.5115353743737705,-5.520048207508968
aimnet2,3,939,-5.256313935615207,-5.243288104692479
aimnet2,3,941,-5.515353099590876,-5.569767851175201
aimnet2,3,942,-5.319203165173793,-5.30815675858625
aimnet2,3,943,-5.514692873600096,-5.3725328696744405
aimnet2,3,944,-5.391380137985085,-5.1103543560356535
aimnet2,3,945,-5.3819262714673215,-5.504920192721256
aimnet2,3,946,-5.41831547267336,-5.605074456120872
aimnet2,3,948,-5.362594586284002,-5.48722531025705
aimnet2,3,949,-5.462859388110124,-5.417401264973474
aimnet2,3,950,-5.574766517100696,-5.485393884826449
aimnet2,3,951,-5.661828329078879,-5.696090786663773
aimnet2,3,952,-5.699585185308554,-4.957839430711633
aimnet2,3,953,-5.049312640936606,-4.7793257813738395
aimnet2,3,954,-5.503266652387492,-5.61224643847383
aimnet2,3,955,-5.477189461555366,-5.410571984550158
aimnet2,3,957,-5.350738227353965,-5.420670601451665
aimnet2,3,958,-5.408798276608891,-5.423656121704746
aimnet2,3,959,-5.565191281333365,-5.151242387261736
aimnet2,3,960,-5.672912310589169,-5.564080887850975
aimnet2,3,961,-5.451741389068922,-5.498491031416427
aimnet2,3,962,-5.340347887889752,-5.275447619216233
aimnet2,3,963,-5.574595293657878,-5.553675210474923
aimnet2,3,964,-4.88368221573729,-4.680938096924106
aimnet2,3,965,-5.4622946514536395,-5.434811122396638
aimnet2,3,966,-5.586888719805596,-5.671502608100516
aimnet2,3,967,-5.63091822558542,-5.685711076157917
aimnet2,3,971,-5.09529944020521,-5.0050947897165505
aimnet2,3,972,-5.250994450121869,-5.0197351400487165
aimnet2,3,973,-5.458685091434799,-5.2397942347855775
aimnet2,3,974,-5.371135378339282,-5.551176723753739
aimnet2,3,975,-5.60641442514797,-5.664089397552901
aimnet2,3,976,-5.585225541255259,-5.624818424347712
aimnet2,3,977,-5.249182790867602,-5.329398915296111
aimnet2,3,978,-5.561395657185704,-5.341472877202416
aimnet2,3,979,-5.225632188493393,-5.117067633828785
aimnet2,3,980,-5.043476945533057,-5.15892546825305
aimnet2,3,981,-5.578451436668094,-5.249677921576255
aimnet2,3,982,-5.588811674737615,-5.425763125398874
aimnet2,3,983,-5.612379502953237,-5.633784580051879
aimnet2,3,984,-5.422301970904987,-5.506528150211871
aimnet2,3,985,-5.196953601128403,-4.8450517994860975
aimnet2,3,986,-5.596872455591248,-5.4780662847882
aimnet2,3,987,-5.55602325834242,-5.362345060259123
aimnet2,3,989,-5.289072199063616,-5.311478795967818
aimnet2,3,990,-5.356206831168535,-5.257733640810502
aimnet2,3,991,-5.248124689728965,-4.855401037985006
aimnet2,3,992,-5.341902374327414,-5.273873613595484
aimnet2,3,993,-5.486491346023172,-5.3479990776877955
aimnet2,3,994,-5.541789747350172,-5.423117591555265
aimnet2,3,995,-5.362415469513995,-5.469769147613366
aimnet2,3,996,-5.365975136791126,-5.120009418148432
aimnet2,3,997,-5.133168586482597,-4.992104754351134
aimnet2,3,998,-5.542606716622541,-5.672711842992208
aimnet2,3,999,-5.547708333759844,-5.492337434511173
aimnet2,4,0,-5.474291496357237,-5.372724232610843
aimnet2,4,1,-5.431880929059101,-5.173390163651256
aimnet2,4,2,-5.281900219184452,-5.184331055521742
aimnet2,4,3,-5.349005964045658,-5.2699503687083515
aimnet2,4,4,-5.314400971174067,-4.9407523351557785
aimnet2,4,5,-5.3851164847577255,-5.214027734300829
aimnet2,4,6,-5.33113850466008,-5.438605443644139
aimnet2,4,7,-5.520974682818795,-5.5848793061064805
aimnet2,4,8,-5.364794185186401,-5.312523378516737
aimnet2,4,9,-5.55561210044597,-5.549987366474067
aimnet2,4,10,-5.440347468545564,-5.051684726625906
aimnet2,4,11,-5.119166804935726,-5.012185979345845
aimnet2,4,12,-5.556163957353579,-5.402337719714092
aimnet2,4,13,-5.622891915445822,-5.053363364329137
aimnet2,4,14,-5.404132980096309,-5.464760363595247
aimnet2,4,16,-5.518458736674471,-5.335081516313532
aimnet2,4,19,-5.4826560865890155,-5.03492625143926
aimnet2,4,20,-5.5073858856248785,-5.733708535500034
aimnet2,4,22,-5.453771597455182,-5.632126610878444
aimnet2,4,23,-5.47703999936662,-5.535123245201877
aimnet2,4,24,-5.218541092932231,-5.393815126748994
aimnet2,4,25,-5.331658105906714,-5.317839277412656
aimnet2,4,26,-5.457468569260264,-5.417225172371327
aimnet2,4,27,-5.148945975659872,-4.921437364161125
aimnet2,4,28,-5.243365747405948,-5.5835286350505955
aimnet2,4,30,-5.260700530712557,-5.152982948779283
aimnet2,4,31,-5.288539389918396,-5.353159462934683
aimnet2,4,32,-5.481631332486244,-5.546159865218795
aimnet2,4,33,-5.420453320029047,-5.523237926738467
aimnet2,4,34,-5.036888346734878,-4.971878272185973
aimnet2,4,37,-5.267473171734166,-5.300942480700879
aimnet2,4,38,-5.228334342371346,-5.193373817944595
aimnet2,4,39,-5.53853070365608,-5.380249666290927
aimnet2,4,41,-5.531429780268653,-5.554352000381106
aimnet2,4,42,-5.374002466923028,-5.382382710943407
aimnet2,4,43,-5.4030203859509855,-5.74403081651759
aimnet2,4,44,-5.626443722725288,-5.589265181982635
aimnet2,4,45,-5.524439851877325,-5.409590297895745
aimnet2,4,46,-5.534851729707823,-5.650002754479142
aimnet2,4,47,-5.0337900925179335,-5.253502466447039
aimnet2,4,48,-4.96728488008025,-5.303533547723591
aimnet2,4,50,-5.474001659480408,-5.525498951379994
aimnet2,4,51,-5.50245537819377,-5.592056160048799
aimnet2,4,53,-5.151372747238959,-5.367024392687499
aimnet2,4,55,-5.370553784042528,-5.257046829455881
aimnet2,4,56,-5.622487792263111,-5.611806545466477
aimnet2,4,57,-5.297869553432271,-5.261839054500424
aimnet2,4,59,-5.55633002805107,-5.225900124865989
aimnet2,4,60,-5.491334099754993,-5.256973978945816
aimnet2,4,61,-4.899986816941054,-4.872981285209024
aimnet2,4,62,-5.467720460028709,-5.473489895693188
aimnet2,4,63,-5.5219969339509465,-5.4215886679666525
aimnet2,4,64,-5.311667174231987,-5.036822968922606
aimnet2,4,65,-5.497931244395238,-5.536808771056936
aimnet2,4,66,-5.482912548707811,-5.407882245234784
aimnet2,4,67,-5.161216923154936,-4.994703904549293
aimnet2,4,68,-5.408989751012325,-5.232325010783006
aimnet2,4,70,-5.480836394997443,-5.370446094507789
aimnet2,4,71,-5.443991286680712,-5.239245807824743
aimnet2,4,72,-5.05607332761029,-4.808958313459361
aimnet2,4,74,-5.455983474017398,-5.309212628415856
aimnet2,4,75,-5.296827824954648,-5.307788813338263
aimnet2,4,76,-5.490184324789586,-5.699522009458397
aimnet2,4,77,-5.528483790662444,-5.745482479924512
aimnet2,4,78,-5.4875998193656566,-5.643076949656063
aimnet2,4,79,-5.0003536834837305,-5.145953721175492
aimnet2,4,80,-5.193808463021825,-5.083958892892617
aimnet2,4,81,-5.237477058382864,-5.336136840804357
aimnet2,4,82,-5.515247979168487,-5.464224004559571
aimnet2,4,84,-5.524139580483212,-5.6236210735889625
aimnet2,4,85,-5.064847984122755,-5.359928004967614
aimnet2,4,86,-5.0612227994937395,-5.203993799266519
aimnet2,4,88,-5.508473330193957,-5.432486903609702
aimnet2,4,89,-5.561713388680716,-5.843894346844065
aimnet2,4,91,-5.748004809760451,-5.975200381252627
aimnet2,4,92,-5.4217132265201355,-5.386753097270403
aimnet2,4,93,-5.5737181065039385,-5.27796079214405
aimnet2,4,94,-5.362544119606612,-5.480824035000479
aimnet2,4,95,-5.517014321160144,-5.764790992807606
aimnet2,4,97,-5.452674749485314,-5.347743982965059
aimnet2,4,98,-5.410997995858626,-5.8587840799257505
aimnet2,4,101,-5.460226905594343,-5.605604568774007
aimnet2,4,102,-5.362817544710281,-5.450636602167011
aimnet2,4,106,-5.474211719965334,-5.392125995779289
aimnet2,4,107,-5.212504941600043,-5.7391633747852095
aimnet2,4,108,-5.243934282491271,-5.380359596490985
aimnet2,4,109,-5.179564758765405,-5.128589296743392
aimnet2,4,110,-5.513414030046053,-5.5978173934197155
aimnet2,4,111,-5.366865613379392,-5.280843732747362
aimnet2,4,112,-5.473440984804392,-5.393125114217836
aimnet2,4,114,-4.833930612866013,-4.866338725608082
aimnet2,4,115,-5.139753209041932,-4.511278301746551
aimnet2,4,116,-5.432756652519835,-5.569864017780368
aimnet2,4,117,-5.516885735009914,-5.301423879693686
aimnet2,4,118,-5.4244407807851776,-5.439482648993934
aimnet2,4,119,-5.464652450114402,-5.439279411318974
aimnet2,4,120,-5.512266427110949,-5.581104981780826
aimnet2,4,121,-5.393663903212239,-5.1886813545942845
aimnet2,4,122,-5.286055697944675,-5.253442461108738
aimnet2,4,123,-5.057408624010653,-4.773601888240796
aimnet2,4,125,-5.3701779058883705,-5.4366220086228125
aimnet2,4,126,-5.458337207909683,-5.400045781554361
aimnet2,4,127,-5.318148075535022,-5.069587637244509
aimnet2,4,128,-5.19594255336851,-5.007425267741833
aimnet2,4,129,-5.5372990344502915,-5.602300367937373
aimnet2,4,130,-5.300498641826966,-5.235205239435205
aimnet2,4,132,-5.383644876979916,-5.505463456036742
aimnet2,4,133,-5.242972325071045,-4.9371839362769165
aimnet2,4,134,-5.071915098276057,-5.344872309406169
aimnet2,4,136,-5.526561435866581,-5.475592763356625
aimnet2,4,137,-5.509915295962133,-5.312813858327038
aimnet2,4,138,-5.6933486654587755,-5.352721812969321
aimnet2,4,139,-4.910607805480168,-4.689039237277794
aimnet2,4,140,-5.5016991060881075,-5.547669934593338
aimnet2,4,141,-5.245778788989126,-5.046367586549077
aimnet2,4,142,-5.515073696343487,-4.995308245706043
aimnet2,4,143,-5.490862522860456,-5.603069999368903
aimnet2,4,144,-5.497041723206846,-5.452776200893882
aimnet2,4,146,-5.011017225909014,-4.547550903563861
aimnet2,4,147,-5.523282202818146,-5.423392979834785
aimnet2,4,148,-5.355446678385791,-5.374742648393858
aimnet2,4,149,-5.456237824066199,-5.528673957677821
aimnet2,4,150,-5.469509519976123,-5.257007578250838
aimnet2,4,151,-5.176859163641468,-5.243539756842868
aimnet2,4,152,-5.415100805728927,-5.479609528586307
aimnet2,4,153,-5.322460653404276,-5.140347847831682
aimnet2,4,154,-5.596960379044056,-5.611388410679835
aimnet2,4,155,-5.638567751712113,-5.658657375196832
aimnet2,4,156,-5.540659141950857,-5.691842132997852
aimnet2,4,157,-5.551520269452851,-5.522097356444162
aimnet2,4,158,-5.437968311320481,-5.334519578410709
aimnet2,4,159,-5.458188401006782,-5.370771806073659
aimnet2,4,160,-5.374030270319886,-5.884327061942292
aimnet2,4,161,-4.97932308781997,-4.578021334426945
aimnet2,4,164,-5.456505343160962,-5.451543794755946
aimnet2,4,165,-5.085420057029941,-4.785866241078142
aimnet2,4,166,-5.4881956204527915,-5.587318106269246
aimnet2,4,167,-5.549126486679926,-5.605731929622396
aimnet2,4,168,-5.500837302138499,-5.778790181984502
aimnet2,4,169,-5.398301899056671,-5.24900257375261
aimnet2,4,170,-5.522535574247812,-5.47662022984525
aimnet2,4,171,-5.175972348052136,-5.199195306210382
aimnet2,4,173,-5.4460683715963345,-5.5234521597007875
aimnet2,4,174,-5.545810879128337,-5.717078838051809
aimnet2,4,175,-5.457765274205285,-5.480245284542921
aimnet2,4,176,-5.555160093442683,-5.784723942898407
aimnet2,4,177,-5.4482442599745875,-5.099837575482696
aimnet2,4,178,-5.378617203539649,-5.222442801282203
aimnet2,4,179,-5.328470684533575,-5.028105910573627
aimnet2,4,180,-5.399246451104916,-5.779794814133304
aimnet2,4,181,-5.414245943888781,-5.455518480393856
aimnet2,4,182,-5.592811392323502,-5.6762080928297625
aimnet2,4,183,-5.453338525396236,-5.741092071303001
aimnet2,4,184,-5.457367117070114,-5.558214767094737
aimnet2,4,185,-5.13167513831679,-5.070495581064392
aimnet2,4,188,-5.182153935040171,-5.439219676310085
aimnet2,4,189,-5.121826159009124,-4.981205616843451
aimnet2,4,190,-5.254508412028556,-5.037480173945034
aimnet2,4,191,-5.48138427345241,-5.236031689961966
aimnet2,4,192,-5.454738403810809,-5.498348105282676
aimnet2,4,193,-5.444180268350502,-5.317902991537486
aimnet2,4,194,-5.267870265197265,-5.1416208650777335
aimnet2,4,196,-5.458589023437875,-5.446560676366135
aimnet2,4,197,-5.376737480528855,-5.426783600748886
aimnet2,4,198,-5.152341706549248,-5.196718216144798
aimnet2,4,199,-5.59964411929988,-5.351474209215477
aimnet2,4,200,-5.463312178134405,-5.627571235266286
aimnet2,4,201,-4.936079647323534,-4.947127425001331
aimnet2,4,202,-5.5440439400965955,-5.588513675867974
aimnet2,4,204,-5.41502091727915,-5.487099656888084
aimnet2,4,205,-5.148576723739793,-5.150071588107035
aimnet2,4,206,-5.443308594404491,-5.5278389570215
aimnet2,4,207,-5.426225833575127,-5.500392260141583
aimnet2,4,208,-5.546875861956377,-5.7392226337806305
aimnet2,4,209,-5.553906302602671,-5.811659491886019
aimnet2,4,210,-4.817256031955969,-4.828606753125969
aimnet2,4,213,-5.193936054840946,-5.403258449599618
aimnet2,4,214,-5.528506960670254,-5.503476915878669
aimnet2,4,215,-5.549696380049751,-5.81159748836286
aimnet2,4,216,-5.262528090797538,-5.330846215265568
aimnet2,4,217,-5.450670435725217,-5.434147244532957
aimnet2,4,218,-5.188186118855087,-5.437301045079925
aimnet2,4,219,-5.508186678702508,-5.730010340162701
aimnet2,4,220,-5.246094707286186,-5.459769060675295
aimnet2,4,221,-5.20270136128218,-5.1126025922459855
aimnet2,4,222,-5.4707876975157825,-5.275609911723172
aimnet2,4,223,-5.412288781550629,-5.331735088460581
aimnet2,4,225,-5.399695006467014,-5.529712075071553
aimnet2,4,226,-5.438116846108021,-5.282288303982015
aimnet2,4,227,-5.617728119170007,-5.739838316784169
aimnet2,4,228,-5.3223187454927565,-5.341403892466203
aimnet2,4,229,-5.51528264121366,-5.442306427790781
aimnet2,4,230,-5.347973251809796,-5.347022333262565
aimnet2,4,231,-5.434274246719621,-5.262966507797739
aimnet2,4,232,-5.511552055242812,-5.63199423850582
aimnet2,4,233,-5.540684698313515,-5.529106608666307
aimnet2,4,234,-5.3196343338141014,-5.497183439301357
aimnet2,4,235,-5.022303055091695,-4.900073783581338
aimnet2,4,236,-5.442998924264159,-5.29426307536911
aimnet2,4,238,-5.53849663129115,-5.7915058625691564
aimnet2,4,239,-5.521372219452958,-5.732818394786253
aimnet2,4,241,-5.572258701709827,-5.647785817550448
aimnet2,4,243,-5.275756047578427,-5.104549545242282
aimnet2,4,244,-5.616119997299177,-5.492600091695736
aimnet2,4,245,-5.406247379637126,-5.483493890633243
aimnet2,4,246,-5.45071928641515,-5.593146678799094
aimnet2,4,247,-5.286488866202748,-5.422779438116641
aimnet2,4,248,-5.470930836610051,-5.417512179017813
aimnet2,4,249,-5.390983921792132,-5.402589929801415
aimnet2,4,250,-5.4438029564305594,-5.477875320189984
aimnet2,4,252,-5.47368856072079,-5.338740130015239
aimnet2,4,253,-5.4298593454209785,-5.3248827169123105
aimnet2,4,254,-5.4243114725954085,-5.5137143137477285
aimnet2,4,255,-5.607666660557266,-5.586661907780988
aimnet2,4,256,-5.357908118426483,-5.323066862459642
aimnet2,4,257,-5.196948432565263,-5.519513562185256
aimnet2,4,258,-5.534864020711249,-5.509171021854181
aimnet2,4,259,-5.334182358407497,-5.472767629499142
aimnet2,4,260,-5.4280891790322485,-5.530606349438241
aimnet2,4,261,-5.5131569679744645,-5.6224576099086585
aimnet2,4,262,-5.440454373119472,-5.372363077123021
aimnet2,4,263,-5.201020271776625,-5.410911743149532
aimnet2,4,264,-5.476405193013378,-5.522216281152835
aimnet2,4,265,-5.5111349830628225,-5.222532569998593
aimnet2,4,266,-5.468827537037879,-5.513441154730977
aimnet2,4,267,-5.59953733468459,-5.502591916839689
aimnet2,4,268,-5.544168734466178,-5.594329453222838
aimnet2,4,270,-5.519172143891385,-5.258210868714043
aimnet2,4,271,-5.402768174646134,-5.678338913056353
aimnet2,4,273,-5.525694311943151,-5.354224369991203
aimnet2,4,274,-5.552848392938122,-5.492280957880179
aimnet2,4,275,-5.5019979283688505,-5.632367524393885
aimnet2,4,276,-5.42439370948744,-5.55476604245646
aimnet2,4,277,-5.551121583259622,-5.556595526744151
aimnet2,4,278,-4.805895876699496,-5.079389995634856
aimnet2,4,279,-5.537691405864434,-5.489283478740967
aimnet2,4,281,-5.313443125121557,-4.701586512880528
aimnet2,4,283,-5.442309046571174,-5.221526064585837
aimnet2,4,284,-5.612642508877404,-5.53357186323358
aimnet2,4,285,-5.486863005435772,-5.365404192703602
aimnet2,4,286,-5.500842161958859,-5.356033309095935
aimnet2,4,287,-5.5769319970486615,-5.483771926334646
aimnet2,4,289,-5.538349763169294,-5.550156457794799
aimnet2,4,290,-5.282039348776538,-5.195547444028906
aimnet2,4,292,-4.892563333708057,-5.4468652894365785
aimnet2,4,293,-5.53623728393922,-5.649026353401958
aimnet2,4,294,-5.510177317032497,-5.35741021505413
aimnet2,4,295,-5.538999436888982,-5.516455117382826
aimnet2,4,296,-4.93176820890221,-5.064949266560845
aimnet2,4,297,-5.524653378876537,-5.632139392943627
aimnet2,4,298,-5.1379402264635425,-4.900911764858672
aimnet2,4,299,-5.561580240558719,-5.572851607774535
aimnet2,4,300,-5.4159262384963425,-5.267917370511017
aimnet2,4,302,-5.405131579159022,-5.282838149869756
aimnet2,4,303,-5.494340798378468,-5.566840885174387
aimnet2,4,304,-5.286777240553379,-5.217973370940179
aimnet2,4,306,-5.388080396705993,-5.679985574314406
aimnet2,4,307,-5.441249064948458,-5.4162016628065
aimnet2,4,308,-5.492399635068666,-5.63901030247035
aimnet2,4,309,-5.214746873632015,-5.376981670569952
aimnet2,4,310,-5.053966912400757,-4.456895413195401
aimnet2,4,311,-5.537918651351541,-5.315287456088198
aimnet2,4,312,-5.4560693122844075,-5.493761820367195
aimnet2,4,313,-5.5264501297404225,-5.374850668240753
aimnet2,4,314,-5.375411482222667,-5.241751852084153
aimnet2,4,316,-4.989324498285581,-4.842110287569096
aimnet2,4,317,-5.391288395587602,-5.550459387741648
aimnet2,4,319,-5.453868637038945,-5.432020890344279
aimnet2,4,320,-5.3361067067943795,-4.898678911787029
aimnet2,4,321,-5.56702891034679,-5.633801794670028
aimnet2,4,322,-5.497986791552097,-5.493266410657896
aimnet2,4,323,-5.5476168614194785,-5.779607306888364
aimnet2,4,324,-5.451906754520581,-5.801641177921579
aimnet2,4,325,-5.506233815816582,-5.51895200358178
aimnet2,4,326,-5.530007353480399,-5.494590642106562
aimnet2,4,327,-5.536406225131774,-5.379392183190887
aimnet2,4,328,-5.130596117668111,-4.922993633712519
aimnet2,4,329,-5.535785380786896,-5.585158764689474
aimnet2,4,330,-5.359691830020344,-5.1814108880759555
aimnet2,4,331,-5.179772054065316,-5.229726008792819
aimnet2,4,332,-5.558220439334687,-5.782208540669737
aimnet2,4,333,-5.447912213288466,-5.453103148029049
aimnet2,4,335,-5.435565609062982,-5.502211139474667
aimnet2,4,336,-5.312262567575375,-5.285568723174358
aimnet2,4,337,-5.074635371138293,-4.406932411116527
aimnet2,4,338,-5.603914832002082,-5.43902767229296
aimnet2,4,339,-5.499260583237573,-5.327280550107714
aimnet2,4,340,-5.445930496306638,-5.511150596747141
aimnet2,4,342,-5.430956663296326,-5.369410085618494
aimnet2,4,343,-5.157156707368761,-5.045627768694704
aimnet2,4,344,-5.265563161845597,-5.2243376947636095
aimnet2,4,345,-5.599225472534426,-5.69249878618729
aimnet2,4,346,-5.570504527408395,-5.571303256542875
aimnet2,4,348,-5.292110753961132,-5.348380738725201
aimnet2,4,351,-5.242715858000198,-5.326672198676142
aimnet2,4,352,-5.532615941786579,-5.511076092673298
aimnet2,4,354,-5.3627212232662025,-5.316808100069723
aimnet2,4,355,-5.447799332153986,-5.177134711460751
aimnet2,4,356,-5.502523745155584,-5.67889210965234
aimnet2,4,359,-5.289638283927655,-5.330621845163635
aimnet2,4,360,-5.289782610301047,-4.918781983200845
aimnet2,4,361,-5.29072836024346,-5.5184899130521945
aimnet2,4,363,-5.611855468360848,-5.498502258588838
aimnet2,4,364,-5.350767476133874,-5.492753558615719
aimnet2,4,366,-5.482781646558091,-5.246611252262085
aimnet2,4,367,-5.246762136777557,-5.397759129876781
aimnet2,4,368,-5.485580425576674,-5.528199190059098
aimnet2,4,369,-5.2000709744637765,-5.143611871027536
aimnet2,4,371,-5.371406421138544,-4.7988605374548765
aimnet2,4,372,-5.480988849644904,-5.557897052550365
aimnet2,4,373,-5.4313933469621105,-5.3750726033087926
aimnet2,4,374,-5.499919842594627,-5.457734873618124
aimnet2,4,375,-5.545242544672786,-5.487392217383156
aimnet2,4,376,-5.181777272986958,-5.365720995407181
aimnet2,4,378,-5.378977329836263,-5.588071024613494
aimnet2,4,379,-5.479469061857434,-5.233875965398343
aimnet2,4,380,-5.586272489930269,-5.57053527949373
aimnet2,4,381,-5.324522459521575,-5.26024523573058
aimnet2,4,382,-5.56801271668086,-5.611997607273029
aimnet2,4,384,-5.4958408602221525,-5.254071485504015
aimnet2,4,385,-5.455412939945367,-5.359618486110017
aimnet2,4,386,-5.352602028865531,-5.1296383078473795
aimnet2,4,388,-5.643989062190186,-5.402830425832777
aimnet2,4,389,-5.533666449676933,-5.599567361765787
aimnet2,4,390,-5.5334794797320805,-5.414458502372031
aimnet2,4,393,-5.301808211633527,-4.979514875445077
aimnet2,4,394,-5.462268082548075,-5.341508484018909
aimnet2,4,395,-5.480972583263513,-5.46867866830533
aimnet2,4,397,-5.513611898193986,-5.535692327244418
aimnet2,4,398,-5.351547270929511,-5.214828951536885
aimnet2,4,399,-5.515200185731066,-5.451529787328316
aimnet2,4,400,-5.496635016223675,-5.597050611303152
aimnet2,4,401,-5.545795030145288,-5.179367114121351
aimnet2,4,402,-5.319829451570398,-5.213427121146267
aimnet2,4,403,-5.679039778385292,-5.8586464276572805
aimnet2,4,404,-5.392610040823673,-5.479990579301213
aimnet2,4,406,-5.54198105360371,-5.798672379879525
aimnet2,4,407,-5.047474327353352,-5.582119294018046
aimnet2,4,408,-5.483831170279929,-5.533556704852007
aimnet2,4,410,-5.510039563629106,-5.5113531009928876
aimnet2,4,411,-4.846371780137126,-4.75020878035625
aimnet2,4,413,-5.516272389018453,-5.4796249759499345
aimnet2,4,414,-5.495238455205051,-5.363494389397166
aimnet2,4,415,-5.569175053734375,-5.708345004362867
aimnet2,4,417,-5.573957431492114,-5.494495471816994
aimnet2,4,421,-5.489071694400148,-5.528139361584692
aimnet2,4,422,-5.312875225955067,-5.483457603421166
aimnet2,4,424,-5.530951935604842,-5.595805712807691
aimnet2,4,425,-5.357392024670794,-5.444560126114202
aimnet2,4,426,-5.476469240449674,-5.422111724166456
aimnet2,4,428,-5.241501326570734,-5.479280965000073
aimnet2,4,430,-5.464172742949502,-5.373491373409468
aimnet2,4,431,-5.46019382248154,-5.367045190872352
aimnet2,4,432,-5.0519221718630405,-4.90170043948759
aimnet2,4,433,-5.252377166327528,-5.327900074114617
aimnet2,4,435,-5.482416843401104,-5.316228311175422
aimnet2,4,436,-5.036146207366604,-4.6273332737751005
aimnet2,4,437,-5.278631425573571,-5.396558205426909
aimnet2,4,438,-5.163548173212703,-5.174029218486077
aimnet2,4,439,-5.454112869590206,-5.584228671058805
aimnet2,4,440,-5.4328379335090515,-5.3543065901583935
aimnet2,4,441,-4.898932784631716,-5.00094856859319
aimnet2,4,442,-5.581958014646841,-5.645688038127703
aimnet2,4,443,-5.520810086919972,-5.7614745776773
aimnet2,4,444,-5.027524405222784,-4.894586464359022
aimnet2,4,445,-5.461649005512232,-5.242190207924222
aimnet2,4,446,-5.443952338866986,-5.548528687592872
aimnet2,4,447,-5.430201312683284,-5.3345249593101824
aimnet2,4,448,-5.530506298250208,-5.789863334105215
aimnet2,4,449,-5.382992121162094,-5.561234451365878
aimnet2,4,450,-5.432256174719835,-5.386336769875004
aimnet2,4,451,-5.392798893209747,-5.425415780310944
aimnet2,4,452,-5.185264501858613,-5.443178117873153
aimnet2,4,454,-4.9850526567378015,-4.621193262481148
aimnet2,4,457,-5.454584816761199,-5.371197946420765
aimnet2,4,458,-5.2008941588466255,-5.275609833688321
aimnet2,4,459,-5.505231141922828,-5.624322200030944
aimnet2,4,460,-5.4135215421949425,-5.616913365152795
aimnet2,4,461,-5.2834336760004055,-5.50101215082747
aimnet2,4,463,-5.461091735103692,-5.447909217321555
aimnet2,4,465,-5.055756211814526,-5.550548950407493
aimnet2,4,466,-5.336232645754244,-5.546444312565142
aimnet2,4,467,-5.666288862187543,-5.882895554579389
aimnet2,4,468,-5.447367234999304,-5.363700025130849
aimnet2,4,469,-5.422410507777835,-5.37368847436467
aimnet2,4,470,-5.3948932311228015,-5.298500765500251
aimnet2,4,471,-5.544080354890661,-5.751642823631293
aimnet2,4,472,-5.613949938170889,-5.771768874144443
aimnet2,4,473,-5.443545974050951,-5.538699871029607
aimnet2,4,474,-5.146454704924681,-5.293773514803381
aimnet2,4,476,-5.237561013687486,-5.167231217270482
aimnet2,4,477,-5.030198070353917,-5.04025485837948
aimnet2,4,478,-5.486136193433805,-5.374633731857293
aimnet2,4,479,-5.489689504505922,-5.506573539038571
aimnet2,4,480,-5.556956643093716,-5.438978778119648
aimnet2,4,481,-5.392939902660011,-5.452948484403199
aimnet2,4,482,-5.506581002472992,-5.2816433880843405
aimnet2,4,487,-5.511155907091519,-5.538898970130552
aimnet2,4,489,-5.496006954964961,-5.51482808284678
aimnet2,4,491,-5.5376482838637004,-5.469649496589012
aimnet2,4,492,-5.3772813415161,-5.501018844111254
aimnet2,4,493,-5.531251605097473,-5.360327920866664
aimnet2,4,494,-5.4468202319524845,-5.60510314384156
aimnet2,4,495,-5.53728580447761,-5.6050354181665005
aimnet2,4,497,-5.478544690090698,-5.465011590027955
aimnet2,4,498,-5.122014965155888,-5.291661259472283
aimnet2,4,499,-5.565169484806477,-5.819555741177279
aimnet2,4,500,-5.245699888030847,-5.33455798548909
aimnet2,4,501,-5.429888708099795,-5.290929485865519
aimnet2,4,502,-5.298327546612838,-5.353930819270285
aimnet2,4,503,-5.420755843356485,-5.2754259056574755
aimnet2,4,505,-5.3596611102005065,-5.37900681142084
aimnet2,4,506,-5.533967019935793,-5.549670064864509
aimnet2,4,507,-5.508358893607578,-5.3150045064419285
aimnet2,4,509,-5.565515163792897,-5.535291587387614
aimnet2,4,511,-5.425554811891838,-5.66959717338321
aimnet2,4,512,-5.519130646283262,-5.392644022502221
aimnet2,4,513,-5.390250861289871,-5.222847838445376
aimnet2,4,515,-5.510762548217742,-5.131914471303435
aimnet2,4,516,-5.356666742351328,-5.492102949159354
aimnet2,4,517,-5.516513499152657,-5.828984030473998
aimnet2,4,518,-5.634164057108484,-5.851366069692778
aimnet2,4,519,-5.3942708319855885,-5.437989116770923
aimnet2,4,522,-5.204812916330062,-5.360645799465988
aimnet2,4,523,-5.493957459294487,-5.571844697919591
aimnet2,4,524,-5.429485374329111,-5.525569042914171
aimnet2,4,525,-5.123798018333153,-4.859640882546354
aimnet2,4,526,-5.300456242230646,-5.244005195016195
aimnet2,4,527,-5.391006458735968,-5.351847171211841
aimnet2,4,528,-5.45130286840261,-5.563209101397403
aimnet2,4,529,-5.162262512705974,-4.963181586256476
aimnet2,4,531,-5.31815213853626,-5.5736193390816755
aimnet2,4,534,-5.4183402983395155,-5.5386637792315865
aimnet2,4,535,-5.525317778810744,-5.3774048218128785
aimnet2,4,536,-5.456105186985766,-5.517529846814381
aimnet2,4,538,-5.005954248510956,-4.624043716624589
aimnet2,4,539,-5.342500653919012,-4.898114998549767
aimnet2,4,540,-5.320806973941753,-4.655298918142648
aimnet2,4,541,-5.4610261461497345,-5.681599660516688
aimnet2,4,542,-5.2507086509204255,-5.569585213446093
aimnet2,4,544,-5.469553619684859,-5.247180527994262
aimnet2,4,547,-5.448514609221907,-5.500970509954242
aimnet2,4,550,-5.462198479262958,-5.23591313552469
aimnet2,4,551,-5.52007273395196,-5.352476508142728
aimnet2,4,552,-5.456349081172287,-5.430375549872399
aimnet2,4,553,-5.564860592845587,-5.500178060653146
aimnet2,4,554,-5.423839129293189,-5.3536543959258625
aimnet2,4,555,-5.168230308352313,-5.566720643409444
aimnet2,4,556,-5.50750466774083,-5.46612583831899
aimnet2,4,557,-5.485100604014703,-5.410100313097751
aimnet2,4,558,-5.444309563782395,-5.647143091011305
aimnet2,4,559,-5.612379332438554,-5.193405197458269
aimnet2,4,560,-5.628331874886855,-6.0401567196141155
aimnet2,4,562,-5.479977487593779,-5.745923896563387
aimnet2,4,563,-5.505438137640266,-5.848835992533247
aimnet2,4,564,-5.402482883528571,-5.423961433427699
aimnet2,4,566,-5.4638319604911985,-5.439100363946838
aimnet2,4,567,-5.225530238527174,-5.17968006265303
aimnet2,4,568,-5.278153520317305,-5.398278311118501
aimnet2,4,570,-5.527259118879094,-5.408311133944871
aimnet2,4,571,-5.521870502476649,-5.343598767439775
aimnet2,4,572,-5.590231500369338,-5.737925498705629
aimnet2,4,573,-5.429148525143186,-5.451439854400293
aimnet2,4,574,-5.444730862660907,-5.365999937043202
aimnet2,4,575,-5.490100603472548,-5.498433460519752
aimnet2,4,576,-5.5096604781749186,-5.555715130291851
aimnet2,4,577,-5.56523264332259,-5.517251059285258
aimnet2,4,578,-5.3027477579221625,-5.234228136013047
aimnet2,4,579,-5.3766139343958494,-5.534373499589131
aimnet2,4,580,-5.475157265234715,-5.619939000107097
aimnet2,4,581,-5.207624146822017,-5.417391024397704
aimnet2,4,583,-5.535824565708044,-5.590700289448953
aimnet2,4,585,-5.5555891314509,-5.812536885811219
aimnet2,4,586,-5.583859306071742,-5.923753527939442
aimnet2,4,587,-5.364962695485909,-5.354380988776889
aimnet2,4,589,-5.219557435322021,-5.330392409765722
aimnet2,4,590,-5.221467430499776,-5.30084061081058
aimnet2,4,591,-5.468967809874737,-5.786302180266812
aimnet2,4,592,-5.190195205100951,-5.374803357114901
aimnet2,4,593,-5.51908185286002,-5.557516274917873
aimnet2,4,594,-5.543318090131117,-5.631877010104295
aimnet2,4,595,-5.5203918307,-5.681795869150434
aimnet2,4,596,-5.546960608103205,-5.761506530735237
aimnet2,4,597,-5.507783204800971,-5.616598092585335
aimnet2,4,599,-5.5557257970297185,-5.527946834543126
aimnet2,4,600,-5.4810242394162385,-5.559980234443215
aimnet2,4,602,-5.339514690172576,-5.447664697981891
aimnet2,4,603,-5.507075430128047,-5.69227646760609
aimnet2,4,604,-5.532711653211864,-5.581959884269557
aimnet2,4,606,-5.420583296733272,-5.57263100888966
aimnet2,4,609,-5.454804057864588,-5.179529058802658
aimnet2,4,611,-5.096777586933002,-5.111087378993361
aimnet2,4,613,-5.417020555752183,-5.568449127392991
aimnet2,4,614,-5.242403466937512,-5.464284730943607
aimnet2,4,615,-4.843288260276926,-5.22955000483229
aimnet2,4,616,-5.525387078991644,-5.4673279447934044
aimnet2,4,617,-5.519822976889736,-5.13671366761388
aimnet2,4,618,-5.467804839670863,-5.549797971111038
aimnet2,4,620,-5.3689944735014805,-5.363473951573999
aimnet2,4,621,-5.256027170552635,-5.008197599356606
aimnet2,4,622,-5.360354263146947,-5.220314653256448
aimnet2,4,623,-5.493241304173861,-5.615192985706965
aimnet2,4,624,-5.491176791134745,-5.676938329948996
aimnet2,4,625,-4.920264252330213,-4.590048219309799
aimnet2,4,626,-5.212553610201996,-5.358038072329425
aimnet2,4,627,-5.391684416947994,-5.235139475736993
aimnet2,4,628,-5.2715388019086,-5.330293933039728
aimnet2,4,631,-5.564974186314123,-5.724633439988978
aimnet2,4,633,-5.561081907840616,-5.630943135678741
aimnet2,4,634,-5.580034453038613,-5.904167927032114
aimnet2,4,635,-5.357660721416934,-5.355683424379573
aimnet2,4,636,-5.3972323050347795,-5.022341498240817
aimnet2,4,637,-5.40121228293669,-5.304445322924821
aimnet2,4,638,-5.579038325836318,-5.512729625537438
aimnet2,4,639,-5.299892063675093,-5.342966237212782
aimnet2,4,641,-5.178704942945998,-5.295861910604831
aimnet2,4,642,-5.469938748400369,-5.346727204108157
aimnet2,4,645,-5.3558845382666105,-5.123396886256651
aimnet2,4,646,-5.4826323951471085,-5.291969364750609
aimnet2,4,647,-5.34953443004204,-5.505054855053513
aimnet2,4,648,-5.1843615193777515,-5.291756379785126
aimnet2,4,649,-5.400015529364534,-5.4962895521242325
aimnet2,4,650,-5.575283323494144,-5.749254350747133
aimnet2,4,651,-5.540005664443823,-5.677146874907568
aimnet2,4,652,-5.444996728859355,-5.578879220357877
aimnet2,4,653,-5.298814376325526,-5.478955025401014
aimnet2,4,654,-5.1330068095551455,-5.289596794650005
aimnet2,4,655,-5.430701372043134,-5.486097751999797
aimnet2,4,656,-5.48657575251577,-5.293530066370922
aimnet2,4,657,-5.036996919059367,-5.1091818233270905
aimnet2,4,659,-5.3865928423521785,-5.692476053069246
aimnet2,4,660,-5.492457883737466,-5.754731336478422
aimnet2,4,663,-5.379782934114837,-5.608820557246282
aimnet2,4,665,-5.243992526805242,-4.799525299999085
aimnet2,4,666,-5.437692479913039,-5.471096681645331
aimnet2,4,667,-5.493995010358943,-5.509939627467112
aimnet2,4,668,-5.462965682006557,-5.469757037132732
aimnet2,4,669,-5.374203332004599,-5.369119014076587
aimnet2,4,670,-5.39235663863525,-5.288060856585971
aimnet2,4,671,-5.498815999867012,-5.403193673930713
aimnet2,4,672,-5.4830598469658485,-5.150917140503603
aimnet2,4,673,-5.308458948278061,-4.976648829743001
aimnet2,4,674,-5.509651973058129,-5.608288689342055
aimnet2,4,675,-5.456907026665947,-5.352899535089699
aimnet2,4,676,-5.493587107742724,-5.399526226459338
aimnet2,4,677,-5.362730374848775,-5.470718760206384
aimnet2,4,678,-5.511157267788415,-5.583162078864463
aimnet2,4,680,-5.453411508623471,-5.533698075436634
aimnet2,4,681,-5.425286897188291,-5.442472703373489
aimnet2,4,682,-4.967209600154553,-5.329064495136888
aimnet2,4,683,-5.493098102069954,-5.5072318336333765
aimnet2,4,684,-5.33541712958768,-5.524305695828407
aimnet2,4,685,-5.356853096249889,-5.480334939206885
aimnet2,4,686,-5.515539824979074,-5.4960274596522005
aimnet2,4,687,-5.526552408553869,-5.57976605175183
aimnet2,4,689,-5.455215278421834,-5.423534192788169
aimnet2,4,690,-5.409859108339763,-5.354101989096741
aimnet2,4,691,-5.476592146209301,-5.625106806385883
aimnet2,4,693,-5.460738864495578,-5.4550250599819154
aimnet2,4,695,-5.473347974469767,-5.01021238440165
aimnet2,4,696,-5.546615171130641,-5.585223975191148
aimnet2,4,697,-5.373298755439324,-5.213691572967496
aimnet2,4,698,-4.974824954996238,-4.838648781099848
aimnet2,4,699,-5.591010543610013,-5.752104290839347
aimnet2,4,700,-5.2836162676278455,-5.471222677971905
aimnet2,4,701,-5.361910318658573,-5.4903621191432785
aimnet2,4,702,-5.447089861886636,-5.3968943121171495
aimnet2,4,703,-4.886038028058288,-4.683197518737399
aimnet2,4,704,-5.470001939618217,-5.493966785396818
aimnet2,4,705,-5.038495134571748,-4.966266522001571
aimnet2,4,707,-5.176034564692629,-5.637226074318298
aimnet2,4,708,-5.028208117509554,-5.255079554503118
aimnet2,4,710,-5.4525606312195425,-5.433322574791456
aimnet2,4,711,-5.6168286777853975,-5.676076529511072
aimnet2,4,712,-5.3841223512172105,-5.578499193522733
aimnet2,4,716,-5.607876978110798,-5.586949487279348
aimnet2,4,717,-5.549561468113155,-5.381126951335806
aimnet2,4,718,-5.227261495775994,-5.2909418797138965
aimnet2,4,719,-5.463670426979796,-5.517908049249788
aimnet2,4,722,-5.610836234362328,-5.398889194001308
aimnet2,4,723,-5.353313198318727,-5.310456340317621
aimnet2,4,724,-5.22621854610802,-5.072601367202448
aimnet2,4,726,-5.471526789762035,-5.402297737161995
aimnet2,4,729,-5.185377580094021,-4.954426980916448
aimnet2,4,731,-5.40030053309415,-5.536609834178717
aimnet2,4,732,-5.511922072786556,-5.498563505802124
aimnet2,4,733,-5.518539295456757,-5.344773422760796
aimnet2,4,734,-5.388686135990639,-5.380276486501486
aimnet2,4,735,-5.460020383849803,-5.5163369435613365
aimnet2,4,736,-5.618828867786427,-5.821561801747517
aimnet2,4,738,-5.3661942157031755,-5.43297687157021
aimnet2,4,739,-5.428090705625878,-5.6498812131979905
aimnet2,4,740,-5.391995311102947,-5.169066693148931
aimnet2,4,741,-5.486481362562428,-5.213530416501931
aimnet2,4,742,-5.61590635937829,-5.810993429970927
aimnet2,4,743,-5.398580856570275,-5.696133362598435
aimnet2,4,744,-5.525993897942044,-5.551068351341005
aimnet2,4,746,-5.295874737630312,-5.163915841672332
aimnet2,4,748,-5.417606889856401,-5.681812360450942
aimnet2,4,749,-5.543241939051646,-5.4046067203164085
aimnet2,4,752,-5.504139373287008,-5.631991847711231
aimnet2,4,753,-5.565928611150782,-5.625040331227712
aimnet2,4,754,-5.375463569532587,-5.4582706118996605
aimnet2,4,755,-5.5067115920778615,-5.552612781501628
aimnet2,4,756,-5.555534866300991,-5.435795774962061
aimnet2,4,757,-5.092244365567966,-4.758842901686128
aimnet2,4,758,-5.576147228173237,-5.827404051976678
aimnet2,4,759,-5.553256399404379,-5.499780712238419
aimnet2,4,760,-5.137006508469631,-5.089852345078635
aimnet2,4,761,-5.498829096711048,-5.4309373824634175
aimnet2,4,762,-5.616298321991126,-5.829257651248805
aimnet2,4,763,-5.521907402146274,-5.354814012746039
aimnet2,4,765,-5.517600020896336,-5.680284902716325
aimnet2,4,767,-5.365167401354987,-5.448608998761106
aimnet2,4,768,-5.465419658300226,-5.6204931124165185
aimnet2,4,770,-5.280992625639442,-5.049088161743543
aimnet2,4,771,-5.281609619144609,-5.283834828503801
aimnet2,4,772,-5.367646688950335,-5.631315203824801
aimnet2,4,773,-5.536270355085018,-5.535398825588839
aimnet2,4,775,-5.574113937021642,-5.225608908401117
aimnet2,4,776,-5.425699516585321,-5.428744529637845
aimnet2,4,777,-5.565667427606384,-5.488276278271757
aimnet2,4,778,-5.404659366405635,-5.4888170237012055
aimnet2,4,781,-5.509759120611273,-5.580481972768856
aimnet2,4,783,-5.188028556879557,-5.309797930670186
aimnet2,4,784,-5.004351786966979,-5.289312547146809
aimnet2,4,786,-5.503703658131313,-5.274018212380571
aimnet2,4,787,-5.4364228750073496,-5.3395221561437785
aimnet2,4,789,-5.495230686359265,-5.428881250465655
aimnet2,4,790,-5.54105594330968,-5.79398256129764
aimnet2,4,791,-5.454038754837348,-5.10755048152696
aimnet2,4,792,-5.535644305966336,-5.434931481183623
aimnet2,4,793,-5.084629178037903,-5.449870249720204
aimnet2,4,794,-5.414935009964972,-5.3468382540344574
aimnet2,4,795,-5.332244617164784,-5.3760253775959885
aimnet2,4,796,-5.127702075936916,-5.42000671312435
aimnet2,4,797,-5.559823037797668,-5.473530452915162
aimnet2,4,799,-5.446921940044755,-5.429466544394786
aimnet2,4,800,-5.107663673912479,-4.577323349564192
aimnet2,4,801,-5.4046691546845524,-5.49980693079767
aimnet2,4,803,-5.455019433437925,-5.470735199031578
aimnet2,4,804,-4.890286064472285,-4.841061561076784
aimnet2,4,805,-5.489902674339719,-5.490360426633044
aimnet2,4,809,-5.419507086495607,-5.22473670916852
aimnet2,4,811,-5.546714710946413,-5.408463159027157
aimnet2,4,812,-5.3456429953797295,-5.392983426143113
aimnet2,4,813,-5.17858161442261,-4.965971822499805
aimnet2,4,814,-5.464855106567634,-5.442853298578553
aimnet2,4,816,-5.401826413832874,-5.333664953861832
aimnet2,4,817,-5.466662812740155,-5.455497218950331
aimnet2,4,818,-5.5126631054914625,-5.300992426970205
aimnet2,4,819,-5.411962868886542,-5.439154852985118
aimnet2,4,820,-5.375545014011856,-4.860781731000975
aimnet2,4,823,-5.471093639183245,-5.483951010575203
aimnet2,4,824,-5.425329494465737,-5.64153063130756
aimnet2,4,826,-5.499030443333288,-5.476273724263816
aimnet2,4,828,-5.351057142618751,-4.99577267859925
aimnet2,4,829,-5.609962768762488,-5.731427901722383
aimnet2,4,830,-5.361064678268911,-5.457413995684233
aimnet2,4,831,-5.49019611907095,-5.400688357620959
aimnet2,4,832,-5.3439050290745325,-5.619804144856047
aimnet2,4,833,-5.39845034861441,-5.492815006975668
aimnet2,4,834,-5.522904729063988,-5.541074196646695
aimnet2,4,836,-5.487341812459216,-5.401716203680498
aimnet2,4,837,-5.495301482161469,-5.2807803146522
aimnet2,4,839,-5.482505844783296,-5.525598720338084
aimnet2,4,840,-5.59381675213709,-5.88812497640171
aimnet2,4,841,-5.3991140265997,-5.604570234145725
aimnet2,4,842,-5.437239338625092,-5.349157733151326
aimnet2,4,844,-5.437183303295129,-5.39616358395197
aimnet2,4,845,-5.470369617673046,-5.435234674047518
aimnet2,4,846,-5.147326166882083,-4.713606054587405
aimnet2,4,847,-4.924138861489705,-4.1702918645401885
aimnet2,4,848,-5.439122796023938,-5.486159856401141
aimnet2,4,849,-5.086967927062082,-5.318305815755857
aimnet2,4,850,-5.294537251733212,-5.295132935193446
aimnet2,4,851,-5.357096953857194,-5.3969328747951195
aimnet2,4,852,-5.424034862826424,-5.512064822853327
aimnet2,4,853,-5.324382532174567,-5.248608980195601
aimnet2,4,854,-5.615583853823313,-5.566061602529345
aimnet2,4,855,-5.451090098474753,-5.317155678589411
aimnet2,4,857,-5.5179433320070554,-5.6207146334235345
aimnet2,4,858,-5.495391513009834,-5.453728606380779
aimnet2,4,859,-5.370275329835016,-4.980656968524674
aimnet2,4,860,-5.439742077830427,-5.415431335304363
aimnet2,4,861,-5.484871515705112,-5.215426810458657
aimnet2,4,862,-5.239809152743386,-4.739638841839175
aimnet2,4,863,-5.531705699380765,-5.48779744902236
aimnet2,4,864,-5.262571364524141,-5.330012482792142
aimnet2,4,865,-5.1529481628683245,-5.362916792019207
aimnet2,4,866,-5.116859727478742,-5.350086992590118
aimnet2,4,867,-4.899089031080628,-4.952634203491461
aimnet2,4,868,-5.516659049651885,-5.400701035697398
aimnet2,4,869,-5.502454304327023,-5.5082322463848445
aimnet2,4,872,-5.300041110866782,-5.306719488181095
aimnet2,4,874,-5.422002784570597,-5.490161083174156
aimnet2,4,876,-5.603115467173353,-5.7557992161242995
aimnet2,4,877,-5.481942532075736,-5.387443115112418
aimnet2,4,879,-5.267634995718224,-4.817906597795958
aimnet2,4,880,-5.545321352714744,-5.456408383764262
aimnet2,4,881,-5.468254609834158,-5.382320005936607
aimnet2,4,883,-5.275126062438098,-5.438445901150131
aimnet2,4,884,-4.961502986238415,-4.610976066345842
aimnet2,4,885,-5.623215060494176,-5.147480218734309
aimnet2,4,886,-5.520049947386625,-5.534766305558597
aimnet2,4,887,-5.527290266646207,-5.441261091832272
aimnet2,4,888,-5.486698212508879,-5.577287677613706
aimnet2,4,889,-5.071650395529076,-5.348693415747115
aimnet2,4,890,-5.247970238239083,-5.323660738458809
aimnet2,4,891,-4.801571278759108,-4.39467249419656
aimnet2,4,892,-5.41705513330098,-5.369792499703258
aimnet2,4,893,-5.5678380513861985,-5.688241346340186
aimnet2,4,894,-5.422251413179337,-5.273784481651432
aimnet2,4,895,-5.509984857271988,-5.555354660068223
aimnet2,4,896,-5.4828630090643635,-5.5707645336139455
aimnet2,4,897,-5.467411762056425,-5.541244192022069
aimnet2,4,900,-5.3681754041484036,-5.10067349364282
aimnet2,4,901,-5.316690243312487,-5.322088508077687
aimnet2,4,903,-5.163953829786401,-4.453371969734358
aimnet2,4,905,-5.515499079503355,-5.380299820912568
aimnet2,4,906,-5.448542132464728,-5.23456895897357
aimnet2,4,907,-5.58074787506022,-5.527145547063053
aimnet2,4,908,-5.521541102704257,-5.557353631809228
aimnet2,4,909,-4.852498923434136,-4.324191333555911
aimnet2,4,910,-5.430555871073777,-5.548026697847785
aimnet2,4,911,-5.557815699621649,-5.776916650355881
aimnet2,4,914,-5.394908766097914,-5.362004557946201
aimnet2,4,915,-5.461283342168479,-5.803761395200504
aimnet2,4,916,-5.507248324568244,-5.687050169255196
aimnet2,4,917,-5.416883380154749,-5.029689741780978
aimnet2,4,919,-5.370058586702275,-5.451196317416065
aimnet2,4,920,-5.219211864602254,-5.1274668376913715
aimnet2,4,921,-5.476188907940114,-5.4340888028122665
aimnet2,4,922,-5.411384659201523,-5.503009453708447
aimnet2,4,923,-5.519560473351687,-5.587528198572859
aimnet2,4,924,-5.1792358186043606,-5.177260929324676
aimnet2,4,927,-5.073818752085729,-5.261403775085102
aimnet2,4,928,-4.802061187170099,-4.815328501695299
aimnet2,4,929,-5.394269560647468,-4.815151844693811
aimnet2,4,930,-5.187120090109817,-4.724526995330926
aimnet2,4,931,-5.381755714502942,-5.561053085859225
aimnet2,4,932,-5.568625452703582,-5.309235112911684
aimnet2,4,933,-5.4253603571412095,-5.457662026037741
aimnet2,4,936,-5.39809753986449,-5.681393579670766
aimnet2,4,937,-5.4969228530419185,-5.338083400380286
aimnet2,4,938,-5.470712645185352,-5.520048207508968
aimnet2,4,939,-5.2717451567441325,-5.243288104692479
aimnet2,4,940,-5.358242699228051,-5.5943299732589695
aimnet2,4,941,-5.464187017253667,-5.569767851175201
aimnet2,4,943,-5.5372315512632735,-5.3725328696744405
aimnet2,4,945,-5.43119901750769,-5.504920192721256
aimnet2,4,946,-5.459017367397401,-5.605074456120872
aimnet2,4,947,-5.313646196964325,-5.402419811150827
aimnet2,4,948,-5.445734935692892,-5.48722531025705
aimnet2,4,949,-5.4378328263311655,-5.417401264973474
aimnet2,4,950,-5.494734836950499,-5.485393884826449
aimnet2,4,951,-5.555613930358522,-5.696090786663773
aimnet2,4,952,-5.619476801919561,-4.957839430711633
aimnet2,4,953,-5.310644464071623,-4.7793257813738395
aimnet2,4,954,-5.454000935447429,-5.61224643847383
aimnet2,4,955,-5.4464093243226985,-5.410571984550158
aimnet2,4,956,-5.262975987576745,-5.459569410385539
aimnet2,4,957,-5.328766636944979,-5.420670601451665
aimnet2,4,960,-5.634662531596297,-5.564080887850975
aimnet2,4,962,-5.312321849546529,-5.275447619216233
aimnet2,4,963,-5.563249347038426,-5.553675210474923
aimnet2,4,964,-5.004718803363479,-4.680938096924106
aimnet2,4,965,-5.463665572490232,-5.434811122396638
aimnet2,4,966,-5.461564113246913,-5.671502608100516
aimnet2,4,967,-5.574310140434772,-5.685711076157917
aimnet2,4,968,-5.422452826558457,-5.132067318205938
aimnet2,4,969,-5.520737810324736,-5.663668316385295
aimnet2,4,970,-5.4425784316876085,-5.597776082485754
aimnet2,4,973,-5.389761029419982,-5.2397942347855775
aimnet2,4,976,-5.521478774926624,-5.624818424347712
aimnet2,4,977,-5.338290674855956,-5.329398915296111
aimnet2,4,978,-5.429258470165479,-5.341472877202416
aimnet2,4,979,-5.297666987686619,-5.117067633828785
aimnet2,4,980,-5.110330029438208,-5.15892546825305
aimnet2,4,981,-5.506931040368258,-5.249677921576255
aimnet2,4,982,-5.507990114186976,-5.425763125398874
aimnet2,4,983,-5.55748243508058,-5.633784580051879
aimnet2,4,984,-5.45678208749453,-5.506528150211871
aimnet2,4,985,-5.175587383734657,-4.8450517994860975
aimnet2,4,986,-5.530658525722242,-5.4780662847882
aimnet2,4,987,-5.516876831071247,-5.362345060259123
aimnet2,4,988,-5.480379022551129,-5.528326870436171
aimnet2,4,989,-5.37693177033554,-5.311478795967818
aimnet2,4,990,-5.331018578597823,-5.257733640810502
aimnet2,4,991,-5.133372144713779,-4.855401037985006
aimnet2,4,992,-5.303359635718234,-5.273873613595484
aimnet2,4,995,-5.475927683692493,-5.469769147613366
aimnet2,4,996,-5.494820718192353,-5.120009418148432
aimnet2,4,997,-5.225205673535525,-4.992104754351134
aimnet2,4,998,-5.536341769614877,-5.672711842992208
aimnet2,4,999,-5.518015549802856,-5.492337434511173
transition1x,0,0,-5.516075874842025,-5.44052263274767
transition1x,0,1,-5.4074778151175815,-5.690235154375713
transition1x,0,3,-5.532671184989875,-5.73113423939964
transition1x,0,4,-5.436730166367272,-5.471805307450508
transition1x,0,5,-5.529799688147506,-5.50631003244429
transition1x,0,6,-5.4934697728861215,-5.540100257504743
transition1x,0,7,-5.611740073735108,-5.469430434390966
transition1x,0,9,-5.699700995255548,-5.535994396953892
transition1x,0,10,-5.3833599404801085,-5.219823455774882
transition1x,0,11,-5.530135519677214,-5.433367391903283
transition1x,0,12,-5.64307363384479,-5.528683346314941
transition1x,0,13,-5.434554589575164,-5.467439841441979
transition1x,0,14,-5.556450100961207,-5.277209399540503
transition1x,0,15,-5.631301067542436,-5.588949116219381
transition1x,0,16,-5.580565387153667,-5.466666001154344
transition1x,0,17,-5.658519725385402,-5.61653800699264
transition1x,0,18,-5.457031983375262,-5.496912242164595
transition1x,0,19,-5.525699364276906,-5.524147132272646
transition1x,0,20,-5.541266927685185,-5.412734745596977
transition1x,0,21,-5.546921724297434,-5.731476864146859
transition1x,0,22,-5.447615788841782,-5.001532580148608
transition1x,0,23,-5.570309842175032,-5.443472621717484
transition1x,0,24,-5.560644503491887,-5.474226121471119
transition1x,0,25,-5.45885403512948,-5.659385122457029
transition1x,0,27,-5.597926689374473,-5.677457933174352
transition1x,0,28,-5.5070449789842915,-5.674779210881052
transition1x,0,29,-5.54142277611525,-5.7131845734276485
transition1x,0,30,-5.481028271240746,-5.509990528689254
transition1x,0,31,-5.5502507830522845,-5.492484163909438
transition1x,0,32,-5.5580572563248465,-5.675887910692394
transition1x,0,34,-5.402121560072178,-5.385646239147107
transition1x,0,35,-5.541239772712103,-5.835524868296792
transition1x,0,36,-5.5082860875980515,-5.443589923347273
transition1x,0,37,-5.5087329255048605,-5.57593644908344
transition1x,0,39,-5.571244130099873,-5.331049873202656
transition1x,0,40,-5.5117168245982295,-5.6481949491837256
transition1x,0,41,-5.499363159641325,-5.376995568506085
transition1x,0,42,-5.49218457469054,-5.468309498882846
transition1x,0,43,-5.65740601735519,-5.697828482599033
transition1x,0,44,-5.44768864457451,-5.491316183155616
transition1x,0,45,-5.504127041464605,-5.744305416145721
transition1x,0,46,-5.7297553780565025,-5.464441048378892
transition1x,0,48,-5.501189932681381,-5.795476584684449
transition1x,0,49,-5.658182588254681,-5.781606745865869
transition1x,0,51,-5.710465055791472,-5.862150954959324
transition1x,0,52,-5.50705757856815,-5.644677735977032
transition1x,0,54,-5.557999139015872,-5.740170028849248
transition1x,0,55,-5.581165204709594,-5.713320687038011
transition1x,0,56,-5.48300175334751,-5.586446791104586
transition1x,0,58,-5.521705593610911,-5.135788017339515
transition1x,0,59,-5.541876884489548,-5.331564121558037
transition1x,0,60,-5.456304098135795,-5.494904306231734
transition1x,0,61,-5.467363433894968,-5.20626010062745
transition1x,0,62,-5.56841475976566,-5.574219605637002
transition1x,0,63,-5.586615672245292,-5.153001851363022
transition1x,0,64,-5.5593282985870776,-5.769364313732205
transition1x,0,65,-5.54183977687249,-5.579222229204321
transition1x,0,66,-5.551404415090619,-5.7709294071539095
transition1x,0,67,-5.4776688934720665,-5.427773099239828
transition1x,0,68,-5.541445953490745,-5.52873799339482
transition1x,0,69,-5.373457136395117,-5.396322497713381
transition1x,0,70,-5.498309929381779,-5.430494264528497
transition1x,0,72,-5.593134487891062,-5.5654885292112235
transition1x,0,73,-5.60223325886222,-5.859652881421702
transition1x,0,74,-5.580311310303755,-6.122085431623327
transition1x,0,75,-5.615773106864263,-5.605440235990138
transition1x,0,76,-5.455114324094237,-5.707469070502771
transition1x,0,77,-5.661669403765389,-5.216306529268351
transition1x,0,79,-5.564542948711745,-5.453673070993562
transition1x,0,80,-5.41890635673021,-5.759972372606778
transition1x,0,83,-5.5353023650474,-5.904132426317477
transition1x,0,86,-5.45195868869717,-5.549786611550336
transition1x,0,87,-5.5612584530210905,-5.452557260694119
transition1x,0,88,-5.414900590177927,-5.438859558433608
transition1x,0,89,-5.587462596291456,-5.496419894408048
transition1x,0,91,-5.429134442119934,-5.496794494374208
transition1x,0,92,-5.526509435704435,-5.607453842012713
transition1x,0,93,-5.6292729592181665,-5.453970598050408
transition1x,0,94,-5.574447759269844,-5.579526892216496
transition1x,0,95,-5.609013048196368,-5.437327153882085
transition1x,0,96,-5.620259645838556,-5.680080908050183
transition1x,0,97,-5.565895578253446,-5.727417434642974
transition1x,0,98,-5.614264018609994,-5.611057887169233
transition1x,0,99,-5.555913834413128,-5.45557882397005
transition1x,0,101,-5.50507496513076,-5.602257994059361
transition1x,0,103,-5.538974248527937,-5.801540104078387
transition1x,0,104,-5.589828857531327,-5.8751469860689545
transition1x,0,105,-5.605453760383966,-5.424054012578679
transition1x,0,106,-5.489039198606362,-5.890692826639227
transition1x,0,107,-5.4501808725859,-5.350100402516364
transition1x,0,108,-5.6352398419067065,-5.555123325501375
transition1x,0,109,-5.35200300631687,-5.726876840386121
transition1x,0,110,-5.4640519623172645,-5.766245065842643
transition1x,0,111,-5.506041399080635,-5.459666226382999
transition1x,0,112,-5.549316631697026,-5.3016347519120215
transition1x,0,113,-5.525995732178084,-5.13784206744932
transition1x,0,114,-5.570240518922062,-5.672221033489582
transition1x,0,115,-5.462629883098746,-5.806969456287837
transition1x,0,116,-5.515740323518941,-5.468042483568895
transition1x,0,117,-5.570667097132153,-5.718552584490348
transition1x,0,118,-5.480534595397969,-5.484473090527976
transition1x,0,119,-5.442471177770194,-5.500301644107965
transition1x,0,120,-5.614762154301935,-5.426408993729124
transition1x,0,121,-5.371490562511962,-5.240961040057302
transition1x,0,122,-5.532567044034899,-5.513465107940185
transition1x,0,123,-5.58138292446627,-5.23202030645334
transition1x,0,124,-5.65984068023602,-5.433597862992509
transition1x,0,125,-5.569906522825952,-5.641077840324319
transition1x,0,126,-5.562310944597593,-5.51162150974688
transition1x,0,127,-5.406850945355738,-5.174124275023359
transition1x,0,128,-5.655503643788279,-5.559195051742035
transition1x,0,129,-5.5617558012128825,-5.679519220545512
transition1x,0,130,-5.528535163478394,-5.623701703230328
transition1x,0,131,-5.569217188601653,-5.455933430308136
transition1x,0,132,-5.612062542919331,-5.7325928034258915
transition1x,0,133,-5.536954784580702,-5.473439529349504
transition1x,0,135,-5.55662689541351,-5.668328596297312
transition1x,0,136,-5.518683510618229,-5.479595166699501
transition1x,0,137,-5.372286693119562,-5.092543954539526
transition1x,0,138,-5.6641074293992135,-5.867956075320811
transition1x,0,139,-5.452497747233847,-5.346699495440139
transition1x,0,140,-5.519718944483825,-5.5620060022466395
transition1x,0,141,-5.543652975667216,-5.334072258223207
transition1x,0,142,-5.516742975460888,-5.665886064392743
transition1x,0,143,-5.568950596750241,-5.420392514510936
transition1x,0,144,-5.7071093099198436,-5.509012637143536
transition1x,0,145,-5.634249673171282,-5.717699177778286
transition1x,0,146,-5.582224522828904,-5.510118196383221
transition1x,0,147,-5.543533372168279,-5.451550807682158
transition1x,0,148,-5.498939059071781,-5.485071217397835
transition1x,0,150,-5.5253749719092315,-5.412370749984234
transition1x,0,151,-5.465231985025799,-5.698238666762924
transition1x,0,152,-5.558798799938974,-5.168765395541784
transition1x,0,153,-5.536081642985557,-5.809578040494355
transition1x,0,154,-5.538512572862629,-5.745850795016956
transition1x,0,155,-5.52289589014368,-5.178363792260711
transition1x,0,156,-5.575883241849592,-5.6966340113043605
transition1x,0,157,-5.596018587935667,-5.615801022270627
transition1x,0,158,-5.5616396517716264,-5.375038692772659
transition1x,0,159,-5.700609156784586,-5.264473711839238
transition1x,0,160,-5.484912337882261,-6.073016489878226
transition1x,0,161,-5.432282396003956,-5.614342107886879
transition1x,0,162,-5.577354411297125,-5.601161555907183
transition1x,0,163,-5.512245914454152,-5.439529162509658
transition1x,0,164,-5.490641967768017,-5.30496674832459
transition1x,0,165,-5.482555538384144,-5.741354502308595
transition1x,0,166,-5.63307030137903,-5.4763639516238465
transition1x,0,167,-5.421720430848998,-5.513592582056164
transition1x,0,168,-5.5208150897608075,-5.488270463157472
transition1x,0,170,-5.516801031629789,-5.517086221719061
transition1x,0,171,-5.600140438651914,-6.132861625008777
transition1x,0,172,-5.546774687425706,-5.618510608089326
transition1x,0,173,-5.472176319314228,-5.49735777300542
transition1x,0,174,-5.566511520668746,-5.730299684147132
transition1x,0,175,-5.631516820335876,-5.476653618363399
transition1x,0,176,-5.54499850297224,-5.4467889368082245
transition1x,0,177,-5.6203073887246235,-5.567357332057726
transition1x,0,178,-5.5574845282324254,-5.708214618681194
transition1x,0,179,-5.53582089177071,-5.240194861282982
transition1x,0,180,-5.683410551274982,-5.364104727847779
transition1x,0,181,-5.6243412492225655,-5.442756597107894
transition1x,0,182,-5.535178917172095,-5.770440915366266
transition1x,0,183,-5.5205235521330795,-5.381005452118685
transition1x,0,184,-5.493612404198847,-5.769219815746721
transition1x,0,185,-5.499211600167143,-5.762504365743097
transition1x,0,186,-5.5537441488776,-5.886543684481757
transition1x,0,187,-5.564059651942195,-5.327854282365164
transition1x,0,188,-5.497713900931284,-5.5779995507681654
transition1x,0,189,-5.6015539720599055,-5.775230265133861
transition1x,0,190,-5.439712376917119,-5.653597540274536
transition1x,0,191,-5.623066706661739,-5.123672020310347
transition1x,0,192,-5.477166739472007,-5.708769027189429
transition1x,0,193,-5.459518287069358,-5.170892007518515
transition1x,0,194,-5.504256127441695,-5.547752832289166
transition1x,0,197,-5.491406563395571,-5.47254661925825
transition1x,0,198,-5.4756336291378185,-5.407605468318084
transition1x,0,199,-5.589920804451865,-5.300237297002992
transition1x,0,200,-5.503395820113876,-5.53866067975192
transition1x,0,201,-5.463096720598472,-5.375039675000714
transition1x,0,202,-5.3845287309292384,-5.660212692495077
transition1x,0,203,-5.639267427723678,-5.675038247453735
transition1x,0,204,-5.400170849756447,-5.595084184600343
transition1x,0,206,-5.4915484813715745,-5.4963307884082395
transition1x,0,207,-5.518888110768414,-5.696530798700786
transition1x,0,208,-5.581329901500521,-5.645789313662973
transition1x,0,209,-5.610739758723683,-5.9195941372776195
transition1x,0,210,-5.479794332068577,-5.141001241419998
transition1x,0,211,-5.601862998218697,-5.774049798151957
transition1x,0,212,-5.411330888257125,-5.262895990114306
transition1x,0,213,-5.558269266012762,-5.713462384269518
transition1x,0,214,-5.53078377876421,-5.422133870182672
transition1x,0,215,-5.679013675392685,-5.9902213724803195
transition1x,0,216,-5.538637956804765,-5.573966391757949
transition1x,0,217,-5.380730444170195,-5.300471641418086
transition1x,0,218,-5.523306898851186,-5.658623575212425
transition1x,0,219,-5.536302965649341,-5.639337123515158
transition1x,0,220,-5.609420904541812,-5.792750744293627
transition1x,0,221,-5.536695314117899,-5.427984329967071
transition1x,0,222,-5.622322046990132,-5.660860248431088
transition1x,0,223,-5.5181359802727385,-5.706062328722447
transition1x,0,224,-5.587982941503689,-5.487277374763091
transition1x,0,225,-5.618552818183418,-5.678308253606619
transition1x,0,226,-5.410926807415391,-5.175521387580889
transition1x,0,227,-5.687504463725017,-5.655840189091974
transition1x,0,228,-5.301962932629328,-4.965582582046392
transition1x,0,229,-5.462624737655872,-5.001711652431064
transition1x,0,230,-5.639931731115028,-5.3762365843229265
transition1x,0,231,-5.562977593714424,-5.497685287995537
transition1x,0,232,-5.534522071828754,-5.441485916506394
transition1x,0,233,-5.566504680953185,-5.39007262276549
transition1x,0,234,-5.6373910025916985,-5.480713533662718
transition1x,0,236,-5.436862988660261,-5.455292584180629
transition1x,0,238,-5.417400630566005,-5.700219838268435
transition1x,0,239,-5.67993263845728,-5.923017678576031
transition1x,0,241,-5.58528623507567,-5.568407797702504
transition1x,0,243,-5.443320788211271,-5.606804742722101
transition1x,0,245,-5.56624334763365,-6.040522669991557
transition1x,0,246,-5.567152903252484,-5.63240919755391
transition1x,0,248,-5.438771578380772,-5.406756700494589
transition1x,0,249,-5.727087906651571,-5.665772937291944
transition1x,0,250,-5.513649402315784,-5.3554892074291605
transition1x,0,251,-5.572118055055305,-5.601497033624336
transition1x,0,252,-5.651988445032518,-5.601523696286503
transition1x,0,253,-5.5616558976368236,-5.612217464257963
transition1x,0,254,-5.675733618067173,-5.661161023745088
transition1x,0,255,-5.524437525290769,-0.1433214174008456
transition1x,0,256,-5.626582858145924,-5.686563992260886
transition1x,0,257,-5.538233308110849,-5.583769235515536
transition1x,0,258,-5.4938860012117505,-5.515360393961902
transition1x,0,259,-5.547298980388747,-5.499237773125192
transition1x,0,260,-5.580504238395649,-5.657155713823455
transition1x,0,264,-5.552910712813607,-5.596033460374318
transition1x,0,265,-5.398866746127906,-5.66536196263934
transition1x,0,266,-5.48910297460883,-5.414171013553563
transition1x,0,267,-5.495217251316931,-5.542740975872009
transition1x,0,268,-5.57327162630725,-5.640511637027927
transition1x,0,269,-5.588897206590629,-5.620207314539718
transition1x,0,270,-5.624069484973981,-5.463566920351311
transition1x,0,271,-5.602793979597458,-5.630088368645474
transition1x,0,272,-5.557986907864858,-5.643036943948155
transition1x,0,273,-5.640502902076425,-5.671276609097347
transition1x,0,274,-5.525301130996617,-5.74657967503597
transition1x,0,275,-5.53234403477049,-5.523259554854505
transition1x,0,276,-5.620212855407298,-5.552498416017315
transition1x,0,277,-5.56310782752687,-5.640488897988681
transition1x,0,278,-5.416646646288447,-5.604535676732382
transition1x,0,279,-5.554648414298422,-5.635785590715271
transition1x,0,280,-5.478186080130586,-5.734583124407034
transition1x,0,281,-5.594238838405976,-5.733350207146109
transition1x,0,282,-5.51254367173647,-5.394514302317582
transition1x,0,283,-5.608832249348616,-5.927350326633291
transition1x,0,284,-5.491910096160382,-5.755854649165842
transition1x,0,285,-5.551455187298384,-5.417818176915238
transition1x,0,286,-5.42286135049716,-5.176766448569174
transition1x,0,288,-5.6496568315407885,-5.670464158827537
transition1x,0,289,-5.487268438111704,-5.691260736178026
transition1x,0,290,-5.557889074149527,-5.560140911532988
transition1x,0,291,-5.6245400730252335,-5.588172170633844
transition1x,0,292,-5.446341628550382,-5.745198434959242
transition1x,0,294,-5.54709361517909,-5.558720556405092
transition1x,0,298,-5.6743027677190385,-5.596372966472604
transition1x,0,299,-5.543030352461764,-5.449269106269045
transition1x,0,300,-5.420134238116908,-5.150555785688131
transition1x,0,301,-5.514087724694874,-5.492696666355073
transition1x,0,302,-5.614490197718299,-5.697039643177721
transition1x,0,303,-5.605083645324599,-5.597681637894321
transition1x,0,304,-5.631752184087642,-5.505223697704933
transition1x,0,305,-5.530595067667432,-5.532547649643631
transition1x,0,306,-5.411269230885437,-5.1154512639416865
transition1x,0,307,-5.478744637216707,-5.631154102695755
transition1x,0,309,-5.574063975076804,-5.741780557646129
transition1x,0,310,-5.591102978428413,-5.491565415335564
transition1x,0,311,-5.3946338085922525,-5.8394339950604985
transition1x,0,312,-5.608695514804227,-5.798882179169754
transition1x,0,313,-5.645356267342999,-5.698674095045176
transition1x,0,314,-5.526590421868278,-5.651905624658636
transition1x,0,315,-5.564812844024357,-5.701310416385786
transition1x,0,316,-5.414029544170395,-5.549187183810974
transition1x,0,318,-5.544986238151784,-5.373399228994537
transition1x,0,319,-5.5671508412366775,-5.421596898333744
transition1x,0,320,-5.477472508494557,-5.150579079012627
transition1x,0,321,-5.496478254453114,-5.504503201992705
transition1x,0,322,-5.534515207600441,-5.301425896129006
transition1x,0,323,-5.570280680041892,-5.458536320539783
transition1x,0,324,-5.552863849598521,-5.6272100772315214
transition1x,0,325,-5.554247301030527,-5.3919424305793315
transition1x,0,326,-5.548806342377096,-5.799913387423927
transition1x,0,327,-5.523443026625086,-5.760206667113525
transition1x,0,328,-5.531867849993073,-5.597487126904461
transition1x,0,329,-5.643317035070585,-5.69036514273067
transition1x,0,330,-5.586434298158089,-5.649689192299276
transition1x,0,331,-5.5413094387387085,-5.676921432223141
transition1x,0,333,-5.519557952651345,-5.366944802188488
transition1x,0,334,-5.430511293764477,-5.687697299385488
transition1x,0,335,-5.6847787150619045,-5.406272406427317
transition1x,0,337,-5.436805728845055,-5.746965968263708
transition1x,0,339,-5.50502687378042,-5.4795487727943435
transition1x,0,340,-5.554922686707691,-5.581127413457863
transition1x,0,342,-5.760921723182698,-5.876546387394929
transition1x,0,343,-5.38981100336587,-5.715892011835626
transition1x,0,344,-5.561986021001275,-5.567089751528381
transition1x,0,345,-5.648973411200297,-5.84279004799081
transition1x,0,346,-5.454747103723976,-5.341322255288908
transition1x,0,347,-5.593349113185549,-6.062894608288165
transition1x,0,348,-5.585689733144758,-5.792850728586079
transition1x,0,349,-5.507495458867247,-5.607211614286432
transition1x,0,350,-5.383331352348731,-5.53891619944884
transition1x,0,352,-5.580149136962374,-5.668650665587243
transition1x,0,353,-5.5813143171448925,-5.665182411161227
transition1x,0,354,-5.479770533833668,-5.250686948227149
transition1x,0,355,-5.548851281157623,-5.607977176534258
transition1x,0,356,-5.485088357280165,-5.295032183614446
transition1x,0,358,-5.54100884569147,-5.658469687925931
transition1x,0,360,-5.488405080107839,-5.402858715087489
transition1x,0,361,-5.45561226589579,-5.457122876192186
transition1x,0,362,-5.564192159363043,-5.561729474447584
transition1x,0,363,-5.516718770241693,-5.778097376841485
transition1x,0,364,-5.585979563446012,-5.694349009315007
transition1x,0,365,-5.398475763649741,-5.182132994454528
transition1x,0,366,-5.4447086470467045,-5.516081594602939
transition1x,0,367,-5.406672549381002,-5.436746862117654
transition1x,0,368,-5.5253414109007535,-5.4038669034599565
transition1x,0,369,-5.490159511525238,-5.6246004609130775
transition1x,0,370,-5.5990913214891975,-5.57810033940832
transition1x,0,371,-5.549746964154719,-5.263875604802395
transition1x,0,372,-5.57776019893046,-5.299867798974231
transition1x,0,373,-5.56039324518376,-5.684994663660407
transition1x,0,374,-5.597086160626494,-5.812656879856664
transition1x,0,375,-5.4727034829385754,-5.424012105676866
transition1x,0,376,-5.491365550124556,-5.548025675637713
transition1x,0,377,-5.527949545580102,-5.788204329553262
transition1x,0,378,-5.5633303391438576,-5.495150487664568
transition1x,0,379,-5.502361959706553,-5.52856631337617
transition1x,0,380,-5.5440185039329535,-5.323107754048451
transition1x,0,381,-5.6912731497139815,-5.395845299355241
transition1x,0,382,-5.418022477509468,-5.358083672372923
transition1x,0,383,-5.551274594209294,-5.726652696432641
transition1x,0,384,-5.577803598733874,-5.840736222023255
transition1x,0,385,-5.510417005662211,-5.165950519780868
transition1x,0,386,-5.550896213520037,-5.845089359906251
transition1x,0,387,-5.5182186586189514,-5.493003486624331
transition1x,0,388,-5.598912848783617,-5.641612777878404
transition1x,0,389,-5.547087899364446,-5.743977464377623
transition1x,0,390,-5.536074489025157,-5.504735333225325
transition1x,0,392,-5.675753642606665,-5.407479833288661
transition1x,0,393,-5.281159095604517,-5.371109025731195
transition1x,0,394,-5.52625479519989,-5.713168717324844
transition1x,0,395,-5.603179710504508,-5.744696101530067
transition1x,0,396,-5.606211568725136,-5.575984642526635
transition1x,0,397,-5.478403390837104,-5.73575105714359
transition1x,0,398,-5.509542359603931,-5.427159686493209
transition1x,0,399,-5.630380476829151,-5.484495682129912
transition1x,0,400,-5.4627284188864245,-5.650617140654588
transition1x,0,401,-5.7027736175495285,-5.748660750955965
transition1x,0,402,-5.517037259972551,-5.494405580321708
transition1x,0,403,-5.540914454394227,-5.692422589630811
transition1x,0,405,-5.4359385661840305,-5.574826774353399
transition1x,0,406,-5.468000300224274,-5.69797728282338
transition1x,0,408,-5.650711299143535,-5.759621262969405
transition1x,0,409,-5.591938294289213,-5.9965376880369226
transition1x,0,410,-5.623606609862273,-5.702076378141135
transition1x,0,412,-5.391323283131613,-4.844107890127576
transition1x,0,413,-5.445593149053693,-6.207687965270857
transition1x,0,414,-5.569021160934734,-5.45643993481695
transition1x,0,416,-5.48927795855447,-5.568992002768636
transition1x,0,417,-5.47506657482201,-5.139037157228731
transition1x,0,418,-5.582874288221539,-5.5594018700406105
transition1x,0,419,-5.5823452230268265,-5.2226779095185485
transition1x,0,421,-5.566922634378494,-5.590625604389046
transition1x,0,422,-5.4493182723945885,-5.229602891841574
transition1x,0,423,-5.598184073619677,-5.1285888064940455
transition1x,0,424,-5.51371405480192,-5.351614021561539
transition1x,0,425,-5.572936312639645,-5.581791510828319
transition1x,0,426,-5.638860499482682,-5.891245275641334
transition1x,0,427,-5.562277720691804,-5.612851187503056
transition1x,0,428,-5.511889933145893,-5.365938962800988
transition1x,0,429,-5.50987343374648,-5.463519274017235
transition1x,0,430,-5.606688640536947,-5.541779350797991
transition1x,0,431,-5.378086782262888,-5.588301776152545
transition1x,0,432,-5.327152787384839,-5.4490043881849495
transition1x,0,433,-5.6726457722399095,-5.444943519169251
transition1x,0,435,-5.459907831233883,-5.061813182583717
transition1x,0,436,-5.648294888318977,-5.2956715152683795
transition1x,0,437,-5.64928254310326,-5.348096293411844
transition1x,0,438,-5.529691197835115,-5.421292863781043
transition1x,0,439,-5.63190189305571,-5.582213876812487
transition1x,0,440,-5.5503835968125115,-5.439286994892624
transition1x,0,441,-5.572202617279162,-5.510945540612613
transition1x,0,442,-5.644959615723679,-5.7593527674479885
transition1x,0,443,-5.4985686203150435,-5.554942568709918
transition1x,0,445,-5.53144012719303,-5.216401140130714
transition1x,0,446,-5.568547882486727,-5.496128464672419
transition1x,0,448,-5.655929333379269,-5.573232697515478
transition1x,0,450,-5.393657312779118,-5.448496865133251
transition1x,0,451,-5.471955274219677,-5.235338155275231
transition1x,0,452,-5.592284890042783,-5.568487361275021
transition1x,0,453,-5.5228055305772745,-5.90339217429919
transition1x,0,455,-5.442073403188059,-5.778404921407257
transition1x,0,456,-5.657379686057184,-5.123012439096802
transition1x,0,459,-5.588404075903562,-5.441300866842773
transition1x,0,460,-5.599763831223807,-5.617034408738579
transition1x,0,463,-5.465787206299116,-5.71550309729504
transition1x,0,464,-5.58546374403893,-5.854769465991264
transition1x,0,465,-5.6005999721574025,-5.666122220450113
transition1x,0,466,-5.4996414316034015,-5.462352426486036
transition1x,0,467,-5.624656762125246,-5.756150121476247
transition1x,0,469,-5.564668512148423,-5.547514688899025
transition1x,0,470,-5.513082253374317,-5.1595170935633705
transition1x,0,471,-5.412143963010709,-5.244707293158418
transition1x,0,472,-5.4689104308530165,-5.4491245655303215
transition1x,0,473,-5.689884947655551,-5.870937405065079
transition1x,0,474,-5.576184311154645,-5.548414060848791
transition1x,0,475,-5.638624751759952,-5.65038797798179
transition1x,0,476,-5.534232548071537,-5.606119993955995
transition1x,0,477,-5.514807868075818,-5.395894632240011
transition1x,0,478,-5.44593164501501,-5.604196341878174
transition1x,0,480,-5.5343832934283705,-5.611209512386352
transition1x,0,481,-5.596266234582441,-5.841428543428092
transition1x,0,482,-5.693026277971065,-5.668959948090597
transition1x,0,483,-5.492453329086662,-6.065719696812629
transition1x,0,484,-5.432276917025673,-5.193550851170041
transition1x,0,485,-5.597620289664909,-5.654847954064421
transition1x,0,486,-5.461274828991891,-5.259531725671342
transition1x,0,487,-5.4842840679199165,-5.632022098893556
transition1x,0,488,-5.629446354816393,-5.681069773289874
transition1x,0,489,-5.569486901103369,-5.42982052762398
transition1x,0,490,-5.566361616233415,-5.841573110463029
transition1x,0,491,-5.466609308405937,-5.456290287895216
transition1x,0,492,-5.6651072334374755,-5.498466583331564
transition1x,0,494,-5.576889291682372,-5.512300441652493
transition1x,0,495,-5.460310800569076,-5.052476535536643
transition1x,0,496,-5.448426856373676,-5.527645702528867
transition1x,0,497,-5.442413496044009,-5.536992788808144
transition1x,0,498,-5.544671635124675,-5.500604936818672
transition1x,0,499,-5.526475396056661,-5.298354206304552
transition1x,0,500,-5.498395953601682,-5.383516650285565
transition1x,0,501,-5.623027582023609,-5.628420158668108
transition1x,0,502,-5.409564102874146,-5.5186247529504975
transition1x,0,504,-5.473095245033543,-5.311367470141798
transition1x,0,505,-5.579970247543263,-5.480598748162002
transition1x,0,506,-5.491962766170982,-5.236783924659731
transition1x,0,507,-5.660657837409623,-5.806197108959884
transition1x,0,508,-5.584917661733717,-5.43508166947116
transition1x,0,509,-5.597457396085599,-5.810535895383801
transition1x,0,512,-5.397544118699731,-5.1320555376569414
transition1x,0,513,-5.585264812276313,-5.237315491469283
transition1x,0,514,-5.522992975953552,-5.684688069467835
transition1x,0,516,-5.425309696042912,-5.3566794654967085
transition1x,0,519,-5.60817115745876,-5.393465282145972
transition1x,0,521,-5.379956461691074,-5.88893302253149
transition1x,0,523,-5.580208748979732,-5.478430680846067
transition1x,0,524,-5.423890627398425,-5.811252441689444
transition1x,0,525,-5.597736612577409,-5.6060291582802595
transition1x,0,527,-5.52867147777255,-5.633137719217108
transition1x,0,528,-5.51118972098404,-5.3645061409095725
transition1x,0,529,-5.439849099354124,-5.633667812359361
transition1x,0,530,-5.423727873889974,-5.183892159735283
transition1x,0,531,-5.556395405152501,-5.489094855336495
transition1x,0,532,-5.5088033502736735,-5.671576753685273
transition1x,0,533,-5.580254678211251,-5.737520843561175
transition1x,0,535,-5.63884179818007,-5.6569932723595135
transition1x,0,536,-5.440009921004499,-5.521262505031609
transition1x,0,537,-5.5488814085661415,-5.833572452533627
transition1x,0,538,-5.550141619572334,-5.715655012681623
transition1x,0,539,-5.579731559381642,-5.586475293297755
transition1x,0,540,-5.396327753775658,-5.465322324591039
transition1x,0,541,-5.652010055860221,-5.329681245838228
transition1x,0,542,-5.498101113623392,-5.87491657585171
transition1x,0,543,-5.528126760903268,-5.5549512221725825
transition1x,0,544,-5.439817985891753,-5.3198750130137435
transition1x,0,545,-5.624177319265898,-5.657536314599868
transition1x,0,546,-5.632974145295639,-5.320943696130501
transition1x,0,547,-5.547276975897729,-5.479398028673454
transition1x,0,549,-5.430480300172936,-5.568893882857976
transition1x,0,550,-5.40638267270733,-5.439315563493024
transition1x,0,551,-5.4271205181588345,-5.436624286230888
transition1x,0,552,-5.524431874099464,-5.5864936316507094
transition1x,0,554,-5.593660262653494,-5.550544206604527
transition1x,0,555,-5.424452344338938,-5.181745078944459
transition1x,0,556,-5.615512692809897,-5.5158983084974365
transition1x,0,557,-5.600678732950686,-5.303876713370031
transition1x,0,558,-5.507911414820041,-5.5849612744695944
transition1x,0,559,-5.616520087812324,-5.606397728628221
transition1x,0,560,-5.4389726299986165,-5.49132301015187
transition1x,0,561,-5.46866832174585,-5.1078957131799845
transition1x,0,562,-5.550604186945703,-5.656236433469887
transition1x,0,564,-5.505135633271137,-5.6191963317164975
transition1x,0,565,-5.447141057410306,-5.523451928957118
transition1x,0,566,-5.432653307314038,-5.747409358785356
transition1x,0,567,-5.500698302365142,-5.764959821078034
transition1x,0,568,-5.447188113142597,-5.454403282056789
transition1x,0,569,-5.468836479988833,-5.200894342728246
transition1x,0,570,-5.523061545989774,-5.7832145804629675
transition1x,0,571,-5.580286290437676,-5.437318466684813
transition1x,0,572,-5.593085767474585,-5.298802956694623
transition1x,0,573,-5.548405349684798,-5.356993376316676
transition1x,0,574,-5.709902693954429,-5.780106160178172
transition1x,0,575,-5.47134024135172,-5.5175870384650265
transition1x,0,576,-5.498547994884515,-5.694441401614743
transition1x,0,577,-5.593903743311226,-5.888046084857188
transition1x,0,578,-5.542871195029265,-5.521473520677847
transition1x,0,579,-5.551184843661904,-5.482374260271156
transition1x,0,580,-5.4202125917727475,-5.447290565936189
transition1x,0,581,-5.382979370409205,-5.305320631122693
transition1x,0,582,-5.428136863515159,-5.358765146619235
transition1x,0,583,-5.430222093807281,-5.6076527774129135
transition1x,0,584,-5.5349828819883475,-5.689989493761266
transition1x,0,585,-5.43134930946383,-5.462405987647781
transition1x,0,586,-5.601622623729835,-5.521530627241557
transition1x,0,587,-5.4521129088661,-5.474106843548719
transition1x,0,588,-5.561682279282301,-5.6977698311453375
transition1x,0,589,-5.546281088141338,-4.929845058151871
transition1x,0,590,-5.612363199327196,-5.623888816630812
transition1x,0,591,-5.528131189927066,-5.54565468760126
transition1x,0,592,-5.526334463359688,-5.696534235690429
transition1x,0,593,-5.510987374696055,-5.589089714171706
transition1x,0,594,-5.670305501012131,-5.565744134318106
transition1x,0,595,-5.568071463978972,-5.563809888346303
transition1x,0,596,-5.438110512302537,-5.65007320971913
transition1x,0,597,-5.665006315925694,-5.456903840018784
transition1x,0,598,-5.603770102774362,-5.724197091623598
transition1x,0,599,-5.498410573581633,-5.5217445312648525
transition1x,0,600,-5.610189591948542,-5.498775181641076
transition1x,0,601,-5.574647744973313,-5.6314365028947995
transition1x,0,602,-5.369216920497523,-4.8226727413780095
transition1x,0,603,-5.552152698660801,-5.755019025862515
transition1x,0,604,-5.579800388009317,-5.664841446559341
transition1x,0,605,-5.605552657597988,-5.66414601636611
transition1x,0,606,-5.5851313123194135,-5.297632817070668
transition1x,0,607,-5.70885581786978,-5.480742522799976
transition1x,0,608,-5.6252033976762466,-5.402469304069262
transition1x,0,610,-5.620627446866522,-5.665436201254659
transition1x,0,611,-5.591679355893511,-5.55667924058446
transition1x,0,612,-5.612770276172649,-5.389555269953776
transition1x,0,613,-5.463814648885695,-5.448594603854795
transition1x,0,614,-5.620606650319606,-5.550807764842237
transition1x,0,615,-5.555401893051417,-5.455579428829688
transition1x,0,616,-5.5631422766353085,-5.849898347926075
transition1x,0,617,-5.634239638803611,-5.5920030371715015
transition1x,0,618,-5.510238507662366,-5.869140104816636
transition1x,0,619,-5.514435246214666,-5.33028775500032
transition1x,0,620,-5.493463226799215,-5.872346631338301
transition1x,0,623,-5.450675184891418,-5.781726595933433
transition1x,0,624,-5.623774252797773,-5.3763409941567115
transition1x,0,625,-5.549468407090502,-5.565633895399721
transition1x,0,628,-5.59184427216631,-5.78247909598974
transition1x,0,629,-5.449204636593256,-5.629643523802282
transition1x,0,630,-5.6427803001698145,-5.800871966083463
transition1x,0,631,-5.630255553783863,-5.555950988566493
transition1x,0,632,-5.672658364185742,-5.609844896494323
transition1x,0,634,-5.473802958052331,-5.461965513891487
transition1x,0,635,-5.626619709222625,-5.65404255055382
transition1x,0,636,-5.673205930834904,-5.6846583524226215
transition1x,0,637,-5.522481396004295,-5.725031630525533
transition1x,0,638,-5.432765585229757,-5.745968207125085
transition1x,0,644,-5.605421593065136,-5.585759478457943
transition1x,0,646,-5.529022465817747,-5.591688305063185
transition1x,0,647,-5.421294556690181,-5.5353377850619685
transition1x,0,648,-5.513135524008373,-5.579823282885447
transition1x,0,649,-5.439523470966086,-5.255669667144323
transition1x,0,650,-5.602072917409955,-5.794637593428385
transition1x,0,652,-5.589924177933959,-5.515028212336142
transition1x,0,654,-5.590072592020926,-5.35414833638665
transition1x,0,655,-5.383534018389581,-5.2461923070652485
transition1x,0,656,-5.552648210281732,-5.475943906490567
transition1x,0,658,-5.550730935495894,-5.6005150717811985
transition1x,0,664,-5.530845439313691,-5.717672876705512
transition1x,0,665,-5.512743702364337,-5.451862145198444
transition1x,0,666,-5.495959594152232,-5.432183542056125
transition1x,0,667,-5.539948676261688,-5.614974625133265
transition1x,0,668,-5.625743465273981,-5.711216555794132
transition1x,0,669,-5.601541123541746,-5.609207751843673
transition1x,0,670,-5.641637031517849,-5.713972646111576
transition1x,0,671,-5.467574577609643,-5.707334023558038
transition1x,0,673,-5.6313863549038095,-5.543865374721352
transition1x,0,674,-5.615427739151389,-5.458833722434894
transition1x,0,675,-5.561106034967328,-5.532376605919891
transition1x,0,676,-5.619589650469342,-5.447516790705246
transition1x,0,677,-5.714217461636539,-5.453026418814252
transition1x,0,679,-5.5224430391985,-5.471793247240127
transition1x,0,680,-5.527638380138537,-5.482240171489695
transition1x,0,681,-5.583940113330753,-5.617791117883759
transition1x,0,682,-5.617982167278422,-5.482193131145888
transition1x,0,683,-5.4279992485496695,-5.409642283381846
transition1x,0,684,-5.558865432067898,-5.680122535155266
transition1x,0,687,-5.539425622264397,-5.408117748256344
transition1x,0,688,-5.536442809460139,-5.779572819824548
transition1x,0,689,-5.510762513950879,-5.826825815704717
transition1x,0,690,-5.508801030911323,-5.677012434373245
transition1x,0,692,-5.573294885066978,-5.687430794616828
transition1x,0,693,-5.421302315099457,-5.912554669389311
transition1x,0,697,-5.4983323780303754,-5.458000733872346
transition1x,0,698,-5.548510102944009,-5.447443987935054
transition1x,0,700,-5.433281159686289,-5.700095190183404
transition1x,0,702,-5.594734962027687,-5.412274295011992
transition1x,0,703,-5.649552745718402,-5.635245708729905
transition1x,0,704,-5.529302773054358,-5.255048457802161
transition1x,0,705,-5.501554459339055,-5.611155984417994
transition1x,0,706,-5.459980183115703,-5.878922833159213
transition1x,0,707,-5.611834163152033,-5.746422985192574
transition1x,0,708,-5.499159740890997,-5.66527299088108
transition1x,0,709,-5.424823713586595,-5.417347752194028
transition1x,0,710,-5.555851360894141,-5.7179328717547655
transition1x,0,712,-5.454129733360881,-5.278995298632123
transition1x,0,713,-5.579270960332029,-5.650069340308562
transition1x,0,714,-5.523963786097738,-5.710713766135034
transition1x,0,716,-5.429953151934777,-5.534870790397062
transition1x,0,717,-5.393216712206194,-5.345461856980786
transition1x,0,718,-5.437427102351031,-5.717262693537936
transition1x,0,719,-5.594491312576009,-5.643134202592333
transition1x,0,720,-5.334789725084892,-5.801079875987588
transition1x,0,721,-5.621439970844363,-5.672362391824455
transition1x,0,722,-5.551987674391327,-5.866080708987007
transition1x,0,723,-5.6932300747236395,-5.64448216577072
transition1x,0,724,-5.59759762165868,-5.5684854075823
transition1x,0,725,-5.511655430110532,-5.691539174747969
transition1x,0,726,-5.633652596762171,-5.394790009221882
transition1x,0,727,-5.6313295312449565,-5.587760630902718
transition1x,0,729,-5.4062704341978485,-5.621765976493329
transition1x,0,730,-5.525641595100505,-5.432458038819072
transition1x,0,731,-5.548789148281765,-5.380270109521622
transition1x,0,732,-5.527890210859454,-5.478141266935232
transition1x,0,733,-5.529968906450791,-5.575080380564813
transition1x,0,734,-5.5787099658314965,-5.366326641193668
transition1x,0,735,-5.489144353027989,-5.431225964427736
transition1x,0,736,-5.506452271438262,-5.6534138814464985
transition1x,0,738,-5.472253271708375,-5.7302669367387855
transition1x,0,739,-5.488656880428019,-5.366218215953165
transition1x,0,740,-5.5376170141181,-5.274716119746098
transition1x,0,741,-5.512443387051935,-5.422083221291708
transition1x,0,743,-5.641711673577606,-5.28688079376332
transition1x,0,744,-5.565571537372107,-5.611867613077183
transition1x,0,745,-5.4046077134666035,-5.551189808042636
transition1x,0,746,-5.524857953934994,-5.608810882428293
transition1x,0,747,-5.643779160082011,-5.646414363153823
transition1x,0,748,-5.513292006389669,-5.7367360083609205
transition1x,0,749,-5.593608269721161,-5.552030105126659
transition1x,0,750,-5.437501397077844,-5.489142528846862
transition1x,0,752,-5.6099822242928425,-5.546429498872447
transition1x,0,753,-5.552176968327408,-5.243610279413697
transition1x,0,754,-5.553564451342419,-5.596569514973089
transition1x,0,755,-5.554995527473573,-5.382587035003163
transition1x,0,756,-5.5256137912376815,-5.311486943034968
transition1x,0,759,-5.57549219860032,-5.746076925284985
transition1x,0,760,-5.523113643477454,-5.578349542293499
transition1x,0,762,-5.407503434518322,-5.306663734089606
transition1x,0,764,-5.423038518629148,-5.441774299404771
transition1x,0,765,-5.529120874962258,-5.285659112999051
transition1x,0,766,-5.654345931010313,-5.8405903877650225
transition1x,0,767,-5.462160306651539,-5.457240846911911
transition1x,0,769,-5.530693639446957,-5.774280685218963
transition1x,0,770,-5.467561735825815,-5.208252266684859
transition1x,0,771,-5.592488322416813,-5.884559941813861
transition1x,0,772,-5.502285879605069,-5.434575046369319
transition1x,0,773,-5.573131983595981,-6.024241229730465
transition1x,0,774,-5.519830268087399,-5.4496489171222855
transition1x,0,775,-5.419140338614334,-5.475930825098051
transition1x,0,776,-5.558879061657477,-5.657191276464357
transition1x,0,777,-5.480911402486429,-5.315146745021908
transition1x,0,778,-5.627557377484593,-5.333756185454402
transition1x,0,779,-5.566179850620689,-5.312859159986332
transition1x,0,780,-5.6127918066299385,-5.499361507065633
transition1x,0,781,-5.580156667712592,-5.539054964445144
transition1x,0,784,-5.5512417334976245,-5.444534795338795
transition1x,0,785,-5.478263870178212,-5.426595048522934
transition1x,0,786,-5.533985409586814,-5.7411430406225445
transition1x,0,787,-5.568184973626082,-5.462095881345265
transition1x,0,788,-5.663502181104072,-5.782457069576097
transition1x,0,789,-5.385138134900145,-5.269051743254152
transition1x,0,790,-5.586900401372375,-5.244387691947768
transition1x,0,792,-5.49341084837489,-5.883669230179589
transition1x,0,793,-5.5239662568124,-5.641610763530469
transition1x,0,796,-5.439682225806895,-5.425229837774994
transition1x,0,797,-5.5335642979171,-5.689710887405886
transition1x,0,798,-5.473639944352902,-5.620893572632062
transition1x,0,799,-5.62512555405786,-5.240737885894021
transition1x,0,800,-5.494213153091218,-5.944605397597565
transition1x,0,801,-5.5317978382297035,-5.451489329501248
transition1x,0,802,-5.6405063071796615,-5.677538227404097
transition1x,0,803,-5.561766979271865,-5.52551954992492
transition1x,0,806,-5.424855840990513,-5.473057320638608
transition1x,0,808,-5.501840895918181,-5.5657800125941215
transition1x,0,809,-5.492169003631422,-5.472904715996115
transition1x,0,810,-5.616505546539675,-5.622566413862715
transition1x,0,811,-5.560760346864362,-6.015399184497709
transition1x,0,812,-5.555667701531846,-5.214234353867428
transition1x,0,813,-5.548510844268051,-5.568347942386029
transition1x,0,814,-5.578579113950904,-5.46242092785674
transition1x,0,815,-5.443423112355899,-5.876078595302442
transition1x,0,816,-5.593914856432379,-5.359111428041434
transition1x,0,817,-5.476093785778011,-5.607838674860481
transition1x,0,818,-5.555354033093991,-5.114247255253464
transition1x,0,819,-5.4774357788771955,-5.6764041574964885
transition1x,0,821,-5.396988461000028,-5.236029511442737
transition1x,0,822,-5.577779687810004,-5.651197562344227
transition1x,0,823,-5.603022403854807,-5.597786923438028
transition1x,0,824,-5.537049289009568,-5.515971670532086
transition1x,0,825,-5.431124992074406,-5.334949810242895
transition1x,0,826,-5.5305468204353065,-5.351824529472025
transition1x,0,831,-5.578820208707747,-5.262517925879496
transition1x,0,832,-5.623363742378989,-5.8342539711311625
transition1x,0,833,-5.437046656547021,-5.646858559176609
transition1x,0,834,-5.544926233786891,-5.944836487087039
transition1x,0,836,-5.378213740651946,-5.688812262608246
transition1x,0,837,-5.671708945312119,-5.683346586694132
transition1x,0,838,-5.58334547708128,-5.6043668684049885
transition1x,0,839,-5.54737184651023,-5.481432223704239
transition1x,0,840,-5.647362709863267,-5.3499578731507125
transition1x,0,841,-5.579654991786955,-5.707105193098557
transition1x,0,842,-5.698809031921305,-5.499728577521439
transition1x,0,843,-5.483263420988139,-5.812139373725856
transition1x,0,844,-5.633630662172278,-5.66345859949165
transition1x,0,845,-5.459476790420421,-5.358781256982423
transition1x,0,846,-5.5460489592315465,-5.693670992908063
transition1x,0,848,-5.529512140087422,-5.7593142021970065
transition1x,0,849,-5.552623185489732,-5.755894904863301
transition1x,0,850,-5.470108448185101,-5.261759860401784
transition1x,0,851,-5.46371278121456,-5.682532835922832
transition1x,0,853,-5.556121949289888,-5.59687746684089
transition1x,0,855,-5.524996193163607,-5.4720213942060365
transition1x,0,856,-5.629790809742051,-5.782404556456264
transition1x,0,857,-5.589984084133113,-5.56233711397149
transition1x,0,858,-5.522462935401359,-5.699664604685823
transition1x,0,860,-5.388291567079008,-5.474759274051943
transition1x,0,861,-5.498834719161385,-5.6535206528829125
transition1x,0,862,-5.462006137517173,-5.602422762860516
transition1x,0,863,-5.4586048556669216,-5.1274464854019675
transition1x,0,864,-5.627291191976822,-5.895540976610755
transition1x,0,865,-5.556309509875166,-5.698380460760451
transition1x,0,866,-5.602915359850734,-5.729321223305603
transition1x,0,867,-5.545596287158009,-5.218570755445462
transition1x,0,868,-5.640020558007012,-5.657943426784202
transition1x,0,870,-5.469179582654542,-5.388552942314216
transition1x,0,871,-5.496559888538565,-5.679292102145083
transition1x,0,872,-5.585914059825435,-5.759539602958996
transition1x,0,873,-5.478567205664628,-5.580528036277133
transition1x,0,874,-5.588916247256872,-5.645617009013574
transition1x,0,875,-5.678722440963984,-5.682432251654352
transition1x,0,876,-5.754789845716664,-5.624693893267224
transition1x,0,877,-5.449291637499069,-5.468582990524472
transition1x,0,878,-5.463835559734612,-5.294267088211703
transition1x,0,879,-5.457378975117641,-5.073974475848097
transition1x,0,880,-5.5014176383321285,-5.731365213539447
transition1x,0,881,-5.680789809080522,-5.490852061622178
transition1x,0,882,-5.495370240914926,-5.803457004110048
transition1x,0,883,-5.632217193311591,-5.667680255854159
transition1x,0,884,-5.465168045470745,-5.43888893641861
transition1x,0,885,-5.515600510511067,-5.6221564107261255
transition1x,0,886,-5.486792007227272,-5.490700461615038
transition1x,0,887,-5.524903265165976,-5.517302853064856
transition1x,0,889,-5.512275533068004,-5.620529773021341
transition1x,0,890,-5.537169378428762,-5.752049382877098
transition1x,0,891,-5.395899683921398,-5.675147713900826
transition1x,0,892,-5.586230488559963,-5.5397467560930815
transition1x,0,893,-5.560459224693286,-5.700085566977708
transition1x,0,894,-5.4624340821418285,-4.989910737819451
transition1x,0,896,-5.406893063394969,-5.191539412056308
transition1x,0,897,-5.557514374506732,-5.5636121646279975
transition1x,0,898,-5.5901825140557815,-5.68095565007267
transition1x,0,899,-5.470848374412798,-5.4957816506710735
transition1x,0,902,-5.567462774436193,-5.604176936831572
transition1x,0,904,-5.539196319192687,-5.414395381482558
transition1x,0,906,-5.546143836809213,-5.393395008939022
transition1x,0,907,-5.505211532050759,-5.709531625170102
transition1x,0,908,-5.537043709569603,-5.571118368875035
transition1x,0,909,-5.53937361710469,-5.727943945373417
transition1x,0,911,-5.599940419948439,-5.517296350655755
transition1x,0,912,-5.43892631389419,-5.003789784113129
transition1x,0,913,-5.457811696616814,-5.504212311052938
transition1x,0,915,-5.524772697501592,-5.574684980624164
transition1x,0,916,-5.456094894840177,-5.631223093735876
transition1x,0,917,-5.607628483774751,-5.459298641870488
transition1x,0,918,-5.648155621482907,-5.563673617809082
transition1x,0,919,-5.450017771381485,-5.384250100243366
transition1x,0,920,-5.5496841052796055,-5.635404893137516
transition1x,0,921,-5.616650847541508,-5.943106272384172
transition1x,0,922,-5.5382679283882394,-5.424637594244674
transition1x,0,923,-5.5155141289232255,-5.717887991128807
transition1x,0,924,-5.627157797733651,-5.554951259909003
transition1x,0,925,-5.617728121641073,-5.499881186381053
transition1x,0,927,-5.642649396826462,-5.485035109245694
transition1x,0,928,-5.468295347595645,-5.26819462032761
transition1x,0,929,-5.451633348197442,-5.198669336342318
transition1x,0,930,-5.525935562264936,-5.791812700639062
transition1x,0,931,-5.481329802522167,-5.647579849660118
transition1x,0,932,-5.471605962470761,-5.61485322689401
transition1x,0,936,-5.440109417306781,-5.1898285667745245
transition1x,0,937,-5.565965757476582,-5.3455905824758325
transition1x,0,938,-5.500814632438681,-5.529841148049099
transition1x,0,940,-5.660010060129935,-5.707666409848397
transition1x,0,941,-5.572963327902148,-5.547370486316623
transition1x,0,942,-5.444194114735143,-5.623543284240356
transition1x,0,944,-5.6262811375488155,-5.470562845405297
transition1x,0,945,-5.62849870786211,-5.763021532100866
transition1x,0,947,-5.57770196890579,-5.3405281731790355
transition1x,0,948,-5.610297025443914,-5.666263810048763
transition1x,0,950,-5.575031581421305,-5.659391664267589
transition1x,0,952,-5.552090073511316,-5.546426777690732
transition1x,0,953,-5.41097577337913,-5.833118103019526
transition1x,0,954,-5.465782494406311,-5.774916824198574
transition1x,0,955,-5.647438840224534,-5.801200049208473
transition1x,0,957,-5.59192512990201,-5.539692799907037
transition1x,0,958,-5.591111785798548,-5.64998812423145
transition1x,0,959,-5.482376306576023,-5.23690473104943
transition1x,0,961,-5.542610784038466,-5.5288803491000955
transition1x,0,963,-5.612512498328857,-5.956447664782617
transition1x,0,966,-5.426912765965683,-5.363302611736874
transition1x,0,967,-5.474123482174261,-5.656574997073423
transition1x,0,968,-5.552358758086551,-5.785302603452875
transition1x,0,969,-5.524241956355313,-5.448890884955433
transition1x,0,970,-5.4763248800059054,-5.695945991768242
transition1x,0,971,-5.561409921672573,-5.474919018749973
transition1x,0,972,-5.57027697933904,-5.2072577888968485
transition1x,0,973,-5.521390239978614,-5.316500994705709
transition1x,0,974,-5.43151471075727,-5.703983117572825
transition1x,0,978,-5.558638828152496,-5.622635342347765
transition1x,0,979,-5.5881511428237856,-5.591468850994613
transition1x,0,980,-5.465932523821729,-5.469666203657502
transition1x,0,982,-5.593353419998883,-5.40727754402502
transition1x,0,983,-5.465406378011207,-5.63229154523906
transition1x,0,985,-5.525478677748912,-5.527975287050478
transition1x,0,986,-5.519169953089092,-5.591170677346312
transition1x,0,987,-5.670422941599625,-5.4949609496930325
transition1x,0,988,-5.532494559929268,-5.773798481826161
transition1x,0,989,-5.483427754705506,-5.747625993712873
transition1x,0,990,-5.651659398964604,-5.500538471198821
transition1x,0,991,-5.503018591768603,-5.816951780025933
transition1x,0,992,-5.547042772269824,-5.44786618178185
transition1x,0,993,-5.582522321763681,-5.627937553838674
transition1x,0,994,-5.47525951429545,-5.095437397765928
transition1x,0,995,-5.476565728446794,-5.7409240330436315
transition1x,0,996,-5.517876516574373,-5.587012663327746
transition1x,0,997,-5.53169167397879,-5.3708996906017115
transition1x,0,998,-5.701592584077948,-5.889142819392917
transition1x,1,0,-5.486814533360383,-5.44052263274767
transition1x,1,1,-5.319532489363674,-5.690235154375713
transition1x,1,2,-5.1934215536758215,-5.685415501875699
transition1x,1,5,-5.320549495773719,-5.50631003244429
transition1x,1,7,-5.464406484263094,-5.469430434390966
transition1x,1,8,-5.604648759832945,-5.496581754232758
transition1x,1,9,-5.512206461657997,-5.535994396953892
transition1x,1,10,-5.4126672764859025,-5.219823455774882
transition1x,1,11,-5.377936868634166,-5.433367391903283
transition1x,1,12,-5.528099549308336,-5.528683346314941
transition1x,1,13,-5.398802928717094,-5.467439841441979
transition1x,1,15,-5.905165204757902,-5.588949116219381
transition1x,1,16,-5.524676878478928,-5.466666001154344
transition1x,1,20,-5.425253127297334,-5.412734745596977
transition1x,1,21,-5.653621343900337,-5.731476864146859
transition1x,1,23,-5.41886129456204,-5.443472621717484
transition1x,1,24,-5.56472490272881,-5.474226121471119
transition1x,1,25,-5.352948167388354,-5.659385122457029
transition1x,1,26,-5.2699452539775065,-5.283252092749805
transition1x,1,27,-5.837125242977779,-5.677457933174352
transition1x,1,28,-5.3945979979870575,-5.674779210881052
transition1x,1,29,-5.471614159753508,-5.7131845734276485
transition1x,1,31,-5.576376080676302,-5.492484163909438
transition1x,1,32,-5.570952808249858,-5.675887910692394
transition1x,1,33,-5.1975066956484115,-5.564568300604801
transition1x,1,34,-5.195083262318681,-5.385646239147107
transition1x,1,35,-5.830790750470768,-5.835524868296792
transition1x,1,36,-5.657011698582226,-5.443589923347273
transition1x,1,38,-5.642217395395732,-5.516747501605129
transition1x,1,39,-5.5145632715238335,-5.331049873202656
transition1x,1,40,-5.497969281393731,-5.6481949491837256
transition1x,1,41,-5.42956595054655,-5.376995568506085
transition1x,1,42,-5.612845396978762,-5.468309498882846
transition1x,1,43,-5.682434128846405,-5.697828482599033
transition1x,1,44,-5.405753363741819,-5.491316183155616
transition1x,1,45,-5.5490585709606455,-5.744305416145721
transition1x,1,47,-5.4503353406525425,-5.297542523438922
transition1x,1,48,-5.476127391790096,-5.795476584684449
transition1x,1,49,-5.629497789973975,-5.781606745865869
transition1x,1,50,-5.671836588751727,-5.774773711352621
transition1x,1,52,-5.380407328992466,-5.644677735977032
transition1x,1,53,-5.486124035275083,-5.705512900558568
transition1x,1,54,-5.467674132792466,-5.740170028849248
transition1x,1,55,-5.585928873693323,-5.713320687038011
transition1x,1,56,-5.264580783438892,-5.586446791104586
transition1x,1,57,-5.666200964426476,-5.723275502714022
transition1x,1,58,-5.564371339292785,-5.135788017339515
transition1x,1,59,-5.51533944824837,-5.331564121558037
transition1x,1,61,-5.35546476735883,-5.20626010062745
transition1x,1,62,-5.933298092518408,-5.574219605637002
transition1x,1,63,-5.799907727269859,-5.153001851363022
transition1x,1,64,-5.71554874660222,-5.769364313732205
transition1x,1,65,-5.388508594871982,-5.579222229204321
transition1x,1,66,-5.803108707174928,-5.7709294071539095
transition1x,1,67,-5.584551012481712,-5.427773099239828
transition1x,1,68,-5.8113468480387525,-5.52873799339482
transition1x,1,69,-5.283718471929149,-5.396322497713381
transition1x,1,70,-5.441437381783227,-5.430494264528497
transition1x,1,71,-5.609050849031702,-5.340454890232098
transition1x,1,73,-5.8202770393319385,-5.859652881421702
transition1x,1,75,-5.723078174686672,-5.605440235990138
transition1x,1,76,-5.495831305366964,-5.707469070502771
transition1x,1,77,-5.340222678870397,-5.216306529268351
transition1x,1,78,-5.701424035644203,-5.437553084471913
transition1x,1,79,-5.797612582186468,-5.453673070993562
transition1x,1,80,-5.531067283292421,-5.759972372606778
transition1x,1,81,-5.605809751038024,-5.5615398850359785
transition1x,1,82,-5.592027106205695,-5.699639476507747
transition1x,1,83,-5.625967567334477,-5.904132426317477
transition1x,1,84,-5.625298098386062,-5.555812434726908
transition1x,1,85,-5.47037196466132,-5.356273854728547
transition1x,1,87,-5.470715287791727,-5.452557260694119
transition1x,1,88,-5.284342530408324,-5.438859558433608
transition1x,1,89,-5.402540474123253,-5.496419894408048
transition1x,1,90,-5.567028451998054,-5.611938964026006
transition1x,1,91,-5.438517953866174,-5.496794494374208
transition1x,1,92,-5.521295773138989,-5.607453842012713
transition1x,1,93,-5.791850081304562,-5.453970598050408
transition1x,1,95,-5.480851823633233,-5.437327153882085
transition1x,1,96,-5.899727732346656,-5.680080908050183
transition1x,1,97,-5.789564895549778,-5.727417434642974
transition1x,1,99,-5.2211853939723225,-5.45557882397005
transition1x,1,100,-5.5314762195007825,-5.7212602824399035
transition1x,1,101,-5.554275221975851,-5.602257994059361
transition1x,1,102,-5.562685310885268,-5.643327329630609
transition1x,1,103,-5.540208031038067,-5.801540104078387
transition1x,1,106,-5.333974878045982,-5.890692826639227
transition1x,1,107,-5.43117754724745,-5.350100402516364
transition1x,1,108,-5.5221874938898345,-5.555123325501375
transition1x,1,110,-5.666868622226252,-5.766245065842643
transition1x,1,111,-5.329422997071379,-5.459666226382999
transition1x,1,112,-5.594889287191095,-5.3016347519120215
transition1x,1,114,-5.547861640925827,-5.672221033489582
transition1x,1,116,-5.719115949236606,-5.468042483568895
transition1x,1,118,-5.41971180483755,-5.484473090527976
transition1x,1,120,-5.888591887927256,-5.426408993729124
transition1x,1,121,-5.309380698372513,-5.240961040057302
transition1x,1,122,-5.668387440577893,-5.513465107940185
transition1x,1,124,-5.545274407946112,-5.433597862992509
transition1x,1,125,-5.304412489777136,-5.641077840324319
transition1x,1,128,-5.48387790511967,-5.559195051742035
transition1x,1,129,-5.5605882631575065,-5.679519220545512
transition1x,1,130,-5.623288763456162,-5.623701703230328
transition1x,1,131,-5.341761406206989,-5.455933430308136
transition1x,1,132,-5.450583806590635,-5.7325928034258915
transition1x,1,133,-5.690082976516992,-5.473439529349504
transition1x,1,134,-5.67520324668298,-5.524971625372701
transition1x,1,135,-5.772702770493517,-5.668328596297312
transition1x,1,136,-5.249049034547045,-5.479595166699501
transition1x,1,138,-5.635928680346679,-5.867956075320811
transition1x,1,140,-5.885493394518648,-5.5620060022466395
transition1x,1,141,-5.368155259484876,-5.334072258223207
transition1x,1,145,-5.850518569613955,-5.717699177778286
transition1x,1,146,-5.55323734886392,-5.510118196383221
transition1x,1,147,-5.763539319968795,-5.451550807682158
transition1x,1,149,-5.241667748498217,-5.309373994628774
transition1x,1,153,-5.53031406858027,-5.809578040494355
transition1x,1,155,-5.431852806547479,-5.178363792260711
transition1x,1,158,-5.227444247247772,-5.375038692772659
transition1x,1,159,-5.333773297762293,-5.264473711839238
transition1x,1,160,-5.392698191913045,-6.073016489878226
transition1x,1,161,-5.4855158466542955,-5.614342107886879
transition1x,1,163,-5.55376333064806,-5.439529162509658
transition1x,1,164,-5.388558420358754,-5.30496674832459
transition1x,1,166,-5.429030005089712,-5.4763639516238465
transition1x,1,167,-5.575954649091274,-5.513592582056164
transition1x,1,168,-5.543648651677428,-5.488270463157472
transition1x,1,169,-5.183078320593275,-5.510183753868209
transition1x,1,170,-5.518428151075551,-5.517086221719061
transition1x,1,173,-5.406102513329878,-5.49735777300542
transition1x,1,174,-5.427169343017951,-5.730299684147132
transition1x,1,175,-5.401644872392615,-5.476653618363399
transition1x,1,176,-5.20081256033399,-5.4467889368082245
transition1x,1,178,-5.768797438770972,-5.708214618681194
transition1x,1,181,-5.617386563265105,-5.442756597107894
transition1x,1,182,-5.349397308224699,-5.770440915366266
transition1x,1,184,-5.471675920101153,-5.769219815746721
transition1x,1,185,-5.37031114732479,-5.762504365743097
transition1x,1,186,-5.457209200225852,-5.886543684481757
transition1x,1,187,-5.538364833717544,-5.327854282365164
transition1x,1,188,-5.2191958414627795,-5.5779995507681654
transition1x,1,189,-5.513792511040943,-5.775230265133861
transition1x,1,190,-5.4199988728829,-5.653597540274536
transition1x,1,192,-5.092040388646943,-5.708769027189429
transition1x,1,193,-5.427372425785185,-5.170892007518515
transition1x,1,194,-5.3830067044959105,-5.547752832289166
transition1x,1,195,-5.439802310995367,-5.592908428460874
transition1x,1,196,-5.6352954063480105,-5.759767638856115
transition1x,1,197,-5.469592823676744,-5.47254661925825
transition1x,1,198,-5.374456351765136,-5.407605468318084
transition1x,1,199,-5.325729299918422,-5.300237297002992
transition1x,1,200,-5.318125367724605,-5.53866067975192
transition1x,1,201,-5.382319967159954,-5.375039675000714
transition1x,1,202,-5.527558684110109,-5.660212692495077
transition1x,1,203,-5.856198764734816,-5.675038247453735
transition1x,1,204,-5.521545711875311,-5.595084184600343
transition1x,1,205,-5.499537113472813,-5.762841249526104
transition1x,1,206,-5.421884898777214,-5.4963307884082395
transition1x,1,208,-5.566839423059702,-5.645789313662973
transition1x,1,210,-5.278601082366205,-5.141001241419998
transition1x,1,211,-6.025306163151143,-5.774049798151957
transition1x,1,212,-5.224937281573477,-5.262895990114306
transition1x,1,213,-5.332246379932069,-5.713462384269518
transition1x,1,214,-5.714786656936856,-5.422133870182672
transition1x,1,215,-5.858059400568051,-5.9902213724803195
transition1x,1,216,-5.8044391419172054,-5.573966391757949
transition1x,1,217,-5.423390086159442,-5.300471641418086
transition1x,1,218,-5.569159264127938,-5.658623575212425
transition1x,1,220,-5.4154656655546205,-5.792750744293627
transition1x,1,221,-5.701360083329942,-5.427984329967071
transition1x,1,222,-5.553419978319097,-5.660860248431088
transition1x,1,223,-5.479694177876268,-5.706062328722447
transition1x,1,224,-5.697073328819997,-5.487277374763091
transition1x,1,226,-5.425471286154851,-5.175521387580889
transition1x,1,227,-5.304641285299152,-5.655840189091974
transition1x,1,228,-5.299209733788833,-4.965582582046392
transition1x,1,232,-5.484176429424219,-5.441485916506394
transition1x,1,235,-5.677166781515077,-5.720619520541313
transition1x,1,236,-5.265159190368202,-5.455292584180629
transition1x,1,237,-5.665483407402306,-5.7180705824965985
transition1x,1,238,-5.766149367252895,-5.700219838268435
transition1x,1,239,-5.919113665615471,-5.923017678576031
transition1x,1,240,-5.746879076271022,-5.3672035925826975
transition1x,1,242,-5.3026583383365775,-5.511006128428111
transition1x,1,244,-5.682599471156682,-5.821575164388754
transition1x,1,245,-5.750729189841006,-6.040522669991557
transition1x,1,247,-5.222950759368705,-5.215053026631006
transition1x,1,248,-5.317209939149723,-5.406756700494589
transition1x,1,249,-5.360310373806975,-5.665772937291944
transition1x,1,250,-5.270228537879557,-5.3554892074291605
transition1x,1,252,-5.473984056162318,-5.601523696286503
transition1x,1,253,-5.6197889735296895,-5.612217464257963
transition1x,1,254,-5.343945769314088,-5.661161023745088
transition1x,1,257,-5.618181921312285,-5.583769235515536
transition1x,1,258,-5.511583518175869,-5.515360393961902
transition1x,1,259,-5.848475380777132,-5.499237773125192
transition1x,1,261,-5.439529117635069,-5.404452847837555
transition1x,1,262,-5.626234400561655,-5.335747345866758
transition1x,1,263,-5.594862676400507,-5.230963292395425
transition1x,1,264,-5.622702085955146,-5.596033460374318
transition1x,1,265,-5.5909486437839035,-5.66536196263934
transition1x,1,266,-5.485463517412698,-5.414171013553563
transition1x,1,267,-5.697957436321914,-5.542740975872009
transition1x,1,268,-5.553691389954678,-5.640511637027927
transition1x,1,269,-5.684598792982002,-5.620207314539718
transition1x,1,270,-5.760261556326593,-5.463566920351311
transition1x,1,271,-5.529591647386486,-5.630088368645474
transition1x,1,272,-5.526246915289883,-5.643036943948155
transition1x,1,273,-5.293789064850742,-5.671276609097347
transition1x,1,275,-5.587672876827996,-5.523259554854505
transition1x,1,276,-5.450919375894435,-5.552498416017315
transition1x,1,277,-5.6514236159666895,-5.640488897988681
transition1x,1,278,-5.082259503326084,-5.604535676732382
transition1x,1,281,-5.54812692520329,-5.733350207146109
transition1x,1,282,-5.390644377076377,-5.394514302317582
transition1x,1,284,-5.390527266687341,-5.755854649165842
transition1x,1,285,-5.604880363480445,-5.417818176915238
transition1x,1,286,-5.288542629807804,-5.176766448569174
transition1x,1,287,-5.2070818251028,-5.416468401680446
transition1x,1,288,-5.534175538374396,-5.670464158827537
transition1x,1,290,-5.388780515818562,-5.560140911532988
transition1x,1,291,-5.9282942852435,-5.588172170633844
transition1x,1,292,-5.509126573948115,-5.745198434959242
transition1x,1,293,-5.5805708931149205,-5.868485513883408
transition1x,1,294,-5.498082179145799,-5.558720556405092
transition1x,1,295,-5.5873056464463255,-5.500979223673535
transition1x,1,296,-5.539573949958894,-5.523609527464203
transition1x,1,297,-5.356105474339985,-5.5304529524531345
transition1x,1,299,-5.446023609987622,-5.449269106269045
transition1x,1,301,-5.507148578836018,-5.492696666355073
transition1x,1,302,-5.628599761484776,-5.697039643177721
transition1x,1,304,-5.562935146209731,-5.505223697704933
transition1x,1,305,-5.4808707798558896,-5.532547649643631
transition1x,1,306,-5.272170603349453,-5.1154512639416865
transition1x,1,308,-5.454791041372686,-5.584977283606698
transition1x,1,309,-5.775006828719459,-5.741780557646129
transition1x,1,310,-5.352600556270271,-5.491565415335564
transition1x,1,311,-5.241245482025203,-5.8394339950604985
transition1x,1,312,-5.544808585822431,-5.798882179169754
transition1x,1,313,-5.501490971261168,-5.698674095045176
transition1x,1,314,-5.691084173322135,-5.651905624658636
transition1x,1,315,-5.362241522192879,-5.701310416385786
transition1x,1,317,-5.8365650198218,-5.322650337150257
transition1x,1,318,-5.620977062184681,-5.373399228994537
transition1x,1,319,-5.28256019557283,-5.421596898333744
transition1x,1,320,-5.252476611693158,-5.150579079012627
transition1x,1,321,-5.518426049520704,-5.504503201992705
transition1x,1,323,-5.480963257782062,-5.458536320539783
transition1x,1,324,-5.599049575282535,-5.6272100772315214
transition1x,1,326,-5.873216341725416,-5.799913387423927
transition1x,1,327,-5.4241218177675385,-5.760206667113525
transition1x,1,329,-5.746596273654451,-5.69036514273067
transition1x,1,330,-5.7812237895811895,-5.649689192299276
transition1x,1,331,-5.449443677965788,-5.676921432223141
transition1x,1,332,-5.547459477481797,-5.694975723566064
transition1x,1,333,-5.4448841210053125,-5.366944802188488
transition1x,1,334,-5.556191800176672,-5.687697299385488
transition1x,1,335,-5.4919744836144435,-5.406272406427317
transition1x,1,336,-5.665012649510446,-5.616503221729817
transition1x,1,337,-5.500825720445183,-5.746965968263708
transition1x,1,338,-5.713521593570403,-5.8298642156737275
transition1x,1,339,-5.458559224246119,-5.4795487727943435
transition1x,1,340,-5.649249300258609,-5.581127413457863
transition1x,1,341,-5.462309644496969,-5.54061577230977
transition1x,1,342,-5.583478832643691,-5.876546387394929
transition1x,1,343,-5.454161490015116,-5.715892011835626
transition1x,1,345,-5.7354549330501206,-5.84279004799081
transition1x,1,347,-5.712846295229847,-6.062894608288165
transition1x,1,348,-5.352704456066087,-5.792850728586079
transition1x,1,350,-5.417280876261547,-5.53891619944884
transition1x,1,351,-5.5675317487236615,-5.740950148824503
transition1x,1,352,-5.8593892795155025,-5.668650665587243
transition1x,1,354,-5.514616288869779,-5.250686948227149
transition1x,1,355,-5.561484442133832,-5.607977176534258
transition1x,1,356,-5.59737907884332,-5.295032183614446
transition1x,1,357,-5.480565975038995,-5.248868041913738
transition1x,1,359,-5.771364769807868,-5.8803516384856955
transition1x,1,360,-5.515172584775396,-5.402858715087489
transition1x,1,362,-5.563673497946993,-5.561729474447584
transition1x,1,363,-5.452546470588817,-5.778097376841485
transition1x,1,364,-5.584971516958617,-5.694349009315007
transition1x,1,365,-5.078181443724089,-5.182132994454528
transition1x,1,366,-5.4050087922620405,-5.516081594602939
transition1x,1,367,-5.46252424063351,-5.436746862117654
transition1x,1,368,-5.392913260172607,-5.4038669034599565
transition1x,1,369,-5.4815427427058365,-5.6246004609130775
transition1x,1,370,-5.663509688236383,-5.57810033940832
transition1x,1,372,-5.752798056175181,-5.299867798974231
transition1x,1,375,-5.63583177280905,-5.424012105676866
transition1x,1,377,-5.3289071275807665,-5.788204329553262
transition1x,1,378,-5.647453506142566,-5.495150487664568
transition1x,1,379,-5.1345977941443355,-5.52856631337617
transition1x,1,380,-5.48446129067895,-5.323107754048451
transition1x,1,381,-5.889704962238539,-5.395845299355241
transition1x,1,382,-5.438852024384501,-5.358083672372923
transition1x,1,384,-5.628697007442942,-5.840736222023255
transition1x,1,385,-5.515507382084881,-5.165950519780868
transition1x,1,386,-5.534974240985177,-5.845089359906251
transition1x,1,387,-5.610951185745235,-5.493003486624331
transition1x,1,388,-5.6270262093974095,-5.641612777878404
transition1x,1,389,-5.760167368020128,-5.743977464377623
transition1x,1,390,-5.571792567866581,-5.504735333225325
transition1x,1,391,-5.50561406284581,-5.419106343670884
transition1x,1,392,-5.491808228945526,-5.407479833288661
transition1x,1,393,-5.896645665480753,-5.371109025731195
transition1x,1,394,-5.406628795815848,-5.713168717324844
transition1x,1,395,-5.885253324431261,-5.744696101530067
transition1x,1,399,-5.759935909286883,-5.484495682129912
transition1x,1,400,-5.427681224426704,-5.650617140654588
transition1x,1,402,-5.331579775593499,-5.494405580321708
transition1x,1,403,-5.379851160037486,-5.692422589630811
transition1x,1,404,-5.4601614817692194,-5.648335009043493
transition1x,1,405,-5.654344996999732,-5.574826774353399
transition1x,1,406,-5.498812925042962,-5.69797728282338
transition1x,1,407,-5.255434428031654,-5.400575555007733
transition1x,1,410,-5.920482404843341,-5.702076378141135
transition1x,1,411,-5.27195928618047,-5.2942755361253715
transition1x,1,413,-5.521006125509606,-6.207687965270857
transition1x,1,415,-5.788806350022209,-5.419368046768906
transition1x,1,417,-5.336660156894882,-5.139037157228731
transition1x,1,418,-5.668652595075347,-5.5594018700406105
transition1x,1,419,-5.339621134614483,-5.2226779095185485
transition1x,1,420,-5.541048715108413,-5.674476322174575
transition1x,1,421,-5.352062953082802,-5.590625604389046
transition1x,1,423,-5.414521143359732,-5.1285888064940455
transition1x,1,424,-5.44838942189246,-5.351614021561539
transition1x,1,425,-5.531844267959266,-5.581791510828319
transition1x,1,426,-5.6429396812239405,-5.891245275641334
transition1x,1,427,-5.615054651169125,-5.612851187503056
transition1x,1,428,-5.595056210591319,-5.365938962800988
transition1x,1,429,-5.481761853386834,-5.463519274017235
transition1x,1,430,-5.57429343841949,-5.541779350797991
transition1x,1,432,-5.432550496237493,-5.4490043881849495
transition1x,1,433,-5.438967762094847,-5.444943519169251
transition1x,1,434,-5.564903248239898,-5.867841334308394
transition1x,1,435,-5.294897217080981,-5.061813182583717
transition1x,1,437,-5.499866648197955,-5.348096293411844
transition1x,1,438,-5.52759248787111,-5.421292863781043
transition1x,1,439,-5.670210328128378,-5.582213876812487
transition1x,1,440,-5.442960199030554,-5.439286994892624
transition1x,1,441,-5.808235620114584,-5.510945540612613
transition1x,1,442,-5.658858551982399,-5.7593527674479885
transition1x,1,443,-5.520984044589514,-5.554942568709918
transition1x,1,444,-5.6466857544157705,-5.772722170382045
transition1x,1,445,-5.51235228341871,-5.216401140130714
transition1x,1,446,-5.769958500760624,-5.496128464672419
transition1x,1,447,-5.22941566665671,-5.491909144257345
transition1x,1,449,-5.414829631515189,-5.539472070207202
transition1x,1,450,-5.246354948655505,-5.448496865133251
transition1x,1,451,-5.122574665796689,-5.235338155275231
transition1x,1,452,-5.611228896239867,-5.568487361275021
transition1x,1,453,-5.4495109736774126,-5.90339217429919
transition1x,1,454,-5.794738540872413,-5.518014164279013
transition1x,1,455,-5.40947032166108,-5.778404921407257
transition1x,1,456,-5.526469742268659,-5.123012439096802
transition1x,1,457,-5.488869598341187,-5.659445013846555
transition1x,1,458,-5.514611344895035,-5.508640924238795
transition1x,1,459,-5.622555019698676,-5.441300866842773
transition1x,1,460,-5.741425054164584,-5.617034408738579
transition1x,1,461,-5.838382392548725,-5.2610257903030595
transition1x,1,462,-5.275718164855968,-5.5104759557525185
transition1x,1,463,-5.47504015136475,-5.71550309729504
transition1x,1,466,-5.605688319383817,-5.462352426486036
transition1x,1,467,-5.486479275716082,-5.756150121476247
transition1x,1,468,-5.598901693980949,-5.557077387264361
transition1x,1,469,-5.724074485685123,-5.547514688899025
transition1x,1,471,-5.1935107616551495,-5.244707293158418
transition1x,1,472,-5.561215283848034,-5.4491245655303215
transition1x,1,473,-5.55782818164718,-5.870937405065079
transition1x,1,475,-5.937192571383806,-5.65038797798179
transition1x,1,477,-5.42643196661262,-5.395894632240011
transition1x,1,479,-5.580436750219681,-5.476909250836935
transition1x,1,480,-5.549811211712814,-5.611209512386352
transition1x,1,481,-5.443406396990684,-5.841428543428092
transition1x,1,482,-5.850982559093011,-5.668959948090597
transition1x,1,483,-5.447204075907323,-6.065719696812629
transition1x,1,484,-5.288453343901276,-5.193550851170041
transition1x,1,485,-5.795355476407192,-5.654847954064421
transition1x,1,487,-5.72008823485832,-5.632022098893556
transition1x,1,490,-5.652752515703372,-5.841573110463029
transition1x,1,491,-5.5250687147981195,-5.456290287895216
transition1x,1,492,-5.437818887653274,-5.498466583331564
transition1x,1,493,-5.196364333853134,-5.44069560512623
transition1x,1,494,-5.47098060569782,-5.512300441652493
transition1x,1,495,-5.38204851619034,-5.052476535536643
transition1x,1,496,-5.552952168785013,-5.527645702528867
transition1x,1,497,-5.5442413928413155,-5.536992788808144
transition1x,1,499,-5.451777375820168,-5.298354206304552
transition1x,1,500,-5.319772654640246,-5.383516650285565
transition1x,1,501,-5.608507142563285,-5.628420158668108
transition1x,1,502,-5.461805182673328,-5.5186247529504975
transition1x,1,503,-5.317535870854875,-5.192507568830164
transition1x,1,504,-5.245099943837217,-5.311367470141798
transition1x,1,506,-5.345002698410239,-5.236783924659731
transition1x,1,509,-5.441342400787647,-5.810535895383801
transition1x,1,510,-5.573694759914434,-5.602396404894847
transition1x,1,511,-5.577840271064022,-5.559718280417845
transition1x,1,513,-5.442688715407115,-5.237315491469283
transition1x,1,514,-5.5281113571022855,-5.684688069467835
transition1x,1,515,-5.268017554557059,-5.49859637305385
transition1x,1,516,-5.487616575307279,-5.3566794654967085
transition1x,1,517,-5.61161041952697,-5.474335654809739
transition1x,1,518,-5.637490689902922,-5.589416896829574
transition1x,1,519,-5.553422011519079,-5.393465282145972
transition1x,1,520,-5.631215815314655,-5.299115558137183
transition1x,1,521,-5.138527365050234,-5.88893302253149
transition1x,1,522,-5.3821177869411025,-5.354191844822007
transition1x,1,523,-5.492272727684877,-5.478430680846067
transition1x,1,525,-5.555760523192624,-5.6060291582802595
transition1x,1,526,-5.4248731495639495,-5.843209045773095
transition1x,1,527,-5.66045075706759,-5.633137719217108
transition1x,1,529,-5.649179430099013,-5.633667812359361
transition1x,1,530,-5.276369226923542,-5.183892159735283
transition1x,1,531,-5.4434635056170855,-5.489094855336495
transition1x,1,532,-5.947029880036465,-5.671576753685273
transition1x,1,533,-5.892807983713824,-5.737520843561175
transition1x,1,534,-5.263687130277273,-5.732345168544107
transition1x,1,536,-5.429321840934115,-5.521262505031609
transition1x,1,537,-5.797316119622928,-5.833572452533627
transition1x,1,538,-5.750498643987955,-5.715655012681623
transition1x,1,539,-5.352629443251967,-5.586475293297755
transition1x,1,542,-5.320006217902475,-5.87491657585171
transition1x,1,544,-5.146172971805938,-5.3198750130137435
transition1x,1,546,-5.365977479743463,-5.320943696130501
transition1x,1,547,-5.8288405900929146,-5.479398028673454
transition1x,1,548,-5.642923612872264,-5.570810968488984
transition1x,1,549,-5.441564308714264,-5.568893882857976
transition1x,1,550,-5.298176536899799,-5.439315563493024
transition1x,1,551,-5.270304588430162,-5.436624286230888
transition1x,1,553,-5.382012528275132,-5.474692472080779
transition1x,1,554,-5.551609471883669,-5.550544206604527
transition1x,1,556,-5.456330440946984,-5.5158983084974365
transition1x,1,557,-5.468366667810956,-5.303876713370031
transition1x,1,558,-5.581594350508399,-5.5849612744695944
transition1x,1,562,-5.388348803938827,-5.656236433469887
transition1x,1,563,-5.568657809404552,-5.401748284360798
transition1x,1,564,-5.56822645167971,-5.6191963317164975
transition1x,1,566,-5.262824501663747,-5.747409358785356
transition1x,1,567,-5.527920826257775,-5.764959821078034
transition1x,1,568,-5.346244563032547,-5.454403282056789
transition1x,1,569,-5.343815343879482,-5.200894342728246
transition1x,1,571,-5.529099394418786,-5.437318466684813
transition1x,1,572,-5.727053205564598,-5.298802956694623
transition1x,1,573,-5.4325312292449865,-5.356993376316676
transition1x,1,574,-5.913597721884436,-5.780106160178172
transition1x,1,575,-5.430561990729573,-5.5175870384650265
transition1x,1,576,-5.605083308538626,-5.694441401614743
transition1x,1,578,-5.389556648963583,-5.521473520677847
transition1x,1,579,-5.487513690078751,-5.482374260271156
transition1x,1,580,-5.384378253078396,-5.447290565936189
transition1x,1,581,-5.747623516230395,-5.305320631122693
transition1x,1,582,-5.535158508326919,-5.358765146619235
transition1x,1,583,-5.264143196891878,-5.6076527774129135
transition1x,1,584,-5.396335532372977,-5.689989493761266
transition1x,1,585,-5.527360215724003,-5.462405987647781
transition1x,1,586,-5.769473510968467,-5.521530627241557
transition1x,1,587,-5.288686415411513,-5.474106843548719
transition1x,1,589,-5.4601863491294225,-4.929845058151871
transition1x,1,591,-5.716898848195685,-5.54565468760126
transition1x,1,592,-5.542219615975123,-5.696534235690429
transition1x,1,595,-5.68649689516769,-5.563809888346303
transition1x,1,597,-5.829683638248924,-5.456903840018784
transition1x,1,598,-5.815784662417822,-5.724197091623598
transition1x,1,599,-5.339431064264536,-5.5217445312648525
transition1x,1,600,-5.604147455131998,-5.498775181641076
transition1x,1,601,-5.343901900037639,-5.6314365028947995
transition1x,1,603,-5.528849118838758,-5.755019025862515
transition1x,1,604,-5.617857905109789,-5.664841446559341
transition1x,1,608,-5.746875652127912,-5.402469304069262
transition1x,1,609,-5.657352585760081,-5.32042788205727
transition1x,1,610,-5.617336268821815,-5.665436201254659
transition1x,1,611,-5.756047689175443,-5.55667924058446
transition1x,1,613,-5.554060160829881,-5.448594603854795
transition1x,1,614,-5.598090120224657,-5.550807764842237
transition1x,1,616,-5.6141174401976315,-5.849898347926075
transition1x,1,617,-5.377095106045593,-5.5920030371715015
transition1x,1,618,-5.613288987934683,-5.869140104816636
transition1x,1,619,-5.318364489842011,-5.33028775500032
transition1x,1,621,-5.555968997423962,-5.520464692739935
transition1x,1,622,-5.775433063243526,-5.780385683034595
transition1x,1,623,-5.558655616850121,-5.781726595933433
transition1x,1,624,-5.815795076252194,-5.3763409941567115
transition1x,1,626,-5.461615321327361,-5.349928882238269
transition1x,1,627,-5.5251879212508435,-5.420557062917014
transition1x,1,629,-5.678795870662447,-5.629643523802282
transition1x,1,630,-5.852373456248287,-5.800871966083463
transition1x,1,631,-5.794861270271846,-5.555950988566493
transition1x,1,633,-5.700455248017149,-5.589748081698671
transition1x,1,634,-5.358141944380901,-5.461965513891487
transition1x,1,638,-5.433381966855977,-5.745968207125085
transition1x,1,639,-5.620125048961658,-5.7262125752257935
transition1x,1,640,-5.619213875910463,-5.640736689209191
transition1x,1,641,-5.692125361856201,-5.565530507852319
transition1x,1,642,-5.7666881039466755,-5.597172900958605
transition1x,1,643,-5.637127194342767,-5.251143026534819
transition1x,1,644,-5.762426024074729,-5.585759478457943
transition1x,1,645,-5.461380744781492,-5.64569681876812
transition1x,1,646,-5.713502293784448,-5.591688305063185
transition1x,1,647,-5.101040892236903,-5.5353377850619685
transition1x,1,648,-5.719685867444065,-5.579823282885447
transition1x,1,650,-5.442616817235055,-5.794637593428385
transition1x,1,651,-5.2546078583948095,-5.435077558677876
transition1x,1,652,-5.395274054395506,-5.515028212336142
transition1x,1,653,-5.6240256597609655,-4.852631830023258
transition1x,1,655,-5.087691382290889,-5.2461923070652485
transition1x,1,656,-5.4828933007296,-5.475943906490567
transition1x,1,657,-5.609300332076781,-5.675991548978552
transition1x,1,658,-5.6361524642468686,-5.6005150717811985
transition1x,1,659,-5.613649120044084,-5.284158477033068
transition1x,1,660,-5.5316230452046975,-5.308785505195977
transition1x,1,661,-5.932203335693011,-5.5422421192369455
transition1x,1,662,-5.587181485986829,-5.552892474510751
transition1x,1,663,-5.346557278591876,-5.569997603584129
transition1x,1,665,-5.141751612329092,-5.451862145198444
transition1x,1,666,-5.382624952834101,-5.432183542056125
transition1x,1,667,-5.38074230106039,-5.614974625133265
transition1x,1,668,-5.4808026801792025,-5.711216555794132
transition1x,1,669,-5.959276990763761,-5.609207751843673
transition1x,1,670,-5.60014498963601,-5.713972646111576
transition1x,1,671,-5.460948647929876,-5.707334023558038
transition1x,1,672,-5.197663544501884,-5.125924301216654
transition1x,1,673,-5.50602048498329,-5.543865374721352
transition1x,1,675,-5.556083790351915,-5.532376605919891
transition1x,1,676,-5.604201551545016,-5.447516790705246
transition1x,1,677,-5.54582320059853,-5.453026418814252
transition1x,1,678,-5.435531715010965,-5.5141031463385
transition1x,1,679,-5.624004393538994,-5.471793247240127
transition1x,1,680,-5.547994691328192,-5.482240171489695
transition1x,1,682,-5.451154390147663,-5.482193131145888
transition1x,1,684,-5.743650756166151,-5.680122535155266
transition1x,1,685,-5.540407128894836,-5.855822597628575
transition1x,1,686,-5.633771216204353,-5.772441969575931
transition1x,1,687,-5.4295644571080794,-5.408117748256344
transition1x,1,688,-5.6134184418819215,-5.779572819824548
transition1x,1,689,-5.5725234431587705,-5.826825815704717
transition1x,1,690,-5.461024979422827,-5.677012434373245
transition1x,1,691,-5.240167067487633,-5.328608533715366
transition1x,1,692,-5.352897436811458,-5.687430794616828
transition1x,1,693,-5.258441476824589,-5.912554669389311
transition1x,1,694,-5.660373447297728,-5.80068752901449
transition1x,1,695,-5.428424402657218,-5.284194739682674
transition1x,1,696,-5.4181196235771605,-5.36243111986594
transition1x,1,697,-5.591340112603901,-5.458000733872346
transition1x,1,698,-5.668097546580659,-5.447443987935054
transition1x,1,699,-5.573574506784843,-5.799358465356579
transition1x,1,700,-5.596326861051221,-5.700095190183404
transition1x,1,701,-5.481841836695126,-5.579040219052042
transition1x,1,702,-5.587988216926563,-5.412274295011992
transition1x,1,703,-5.756374453286007,-5.635245708729905
transition1x,1,704,-5.425685909927296,-5.255048457802161
transition1x,1,705,-5.216177513642194,-5.611155984417994
transition1x,1,706,-5.399352325720561,-5.878922833159213
transition1x,1,709,-5.154928756960409,-5.417347752194028
transition1x,1,710,-5.622153479743869,-5.7179328717547655
transition1x,1,711,-5.5954055748172795,-5.497057906096066
transition1x,1,714,-5.331118985089776,-5.710713766135034
transition1x,1,715,-5.400862183478705,-5.592514874093006
transition1x,1,716,-5.324220912606421,-5.534870790397062
transition1x,1,717,-5.049379228369749,-5.345461856980786
transition1x,1,718,-5.729838479131301,-5.717262693537936
transition1x,1,720,-5.3203023441623465,-5.801079875987588
transition1x,1,721,-5.569659126602639,-5.672362391824455
transition1x,1,722,-5.547272870200786,-5.866080708987007
transition1x,1,723,-5.893796627195292,-5.64448216577072
transition1x,1,724,-5.729214540387423,-5.5684854075823
transition1x,1,725,-5.759744408122277,-5.691539174747969
transition1x,1,726,-5.526863019386208,-5.394790009221882
transition1x,1,728,-5.354984779182806,-5.489799594258693
transition1x,1,729,-5.283401894564818,-5.621765976493329
transition1x,1,730,-5.623883032799181,-5.432458038819072
transition1x,1,732,-5.593838105274161,-5.478141266935232
transition1x,1,734,-5.508723325995603,-5.366326641193668
transition1x,1,735,-5.349359267795656,-5.431225964427736
transition1x,1,736,-5.48070437135594,-5.6534138814464985
transition1x,1,737,-5.245535168803813,-5.640073349326543
transition1x,1,738,-5.548440847954013,-5.7302669367387855
transition1x,1,739,-5.343983546050267,-5.366218215953165
transition1x,1,741,-5.498081884787848,-5.422083221291708
transition1x,1,742,-5.589753801437936,-5.910146779362506
transition1x,1,743,-5.790380406318258,-5.28688079376332
transition1x,1,744,-5.4491293078723055,-5.611867613077183
transition1x,1,745,-5.409672760998273,-5.551189808042636
transition1x,1,746,-5.337718368956829,-5.608810882428293
transition1x,1,747,-5.540233178790494,-5.646414363153823
transition1x,1,748,-5.655451324943297,-5.7367360083609205
transition1x,1,749,-5.496232958514608,-5.552030105126659
transition1x,1,750,-5.52377605993839,-5.489142528846862
transition1x,1,751,-5.74345048335674,-5.596848352366224
transition1x,1,753,-5.386631271342467,-5.243610279413697
transition1x,1,754,-5.620514411115606,-5.596569514973089
transition1x,1,755,-5.574157580279239,-5.382587035003163
transition1x,1,756,-5.34982447018101,-5.311486943034968
transition1x,1,757,-5.634769568365265,-5.482041540033093
transition1x,1,758,-5.56954899839046,-5.7308869901038015
transition1x,1,761,-5.395719688377535,-5.739383117699844
transition1x,1,762,-5.424186172186691,-5.306663734089606
transition1x,1,763,-5.3823805270875225,-5.25427712466929
transition1x,1,766,-5.459651732619692,-5.8405903877650225
transition1x,1,767,-5.4335318465638505,-5.457240846911911
transition1x,1,768,-5.678189065325621,-5.540775342735641
transition1x,1,769,-5.355016185489063,-5.774280685218963
transition1x,1,770,-5.848767506643507,-5.208252266684859
transition1x,1,771,-5.426283990872394,-5.884559941813861
transition1x,1,772,-5.538946641388088,-5.434575046369319
transition1x,1,773,-5.512148961526853,-6.024241229730465
transition1x,1,775,-5.523889633766311,-5.475930825098051
transition1x,1,776,-5.420378582111098,-5.657191276464357
transition1x,1,777,-5.31011259070597,-5.315146745021908
transition1x,1,779,-5.454979353080773,-5.312859159986332
transition1x,1,780,-5.482716652928474,-5.499361507065633
transition1x,1,781,-5.620316420993069,-5.539054964445144
transition1x,1,782,-5.366275549468886,-5.342571436257845
transition1x,1,783,-5.646300515396366,-5.518715666014611
transition1x,1,784,-5.3650712275136,-5.444534795338795
transition1x,1,786,-5.679981640913126,-5.7411430406225445
transition1x,1,787,-5.269591210509283,-5.462095881345265
transition1x,1,788,-5.627761896600532,-5.782457069576097
transition1x,1,790,-5.450260851329557,-5.244387691947768
transition1x,1,791,-5.634112228196935,-5.672359938036754
transition1x,1,792,-5.73877419106325,-5.883669230179589
transition1x,1,793,-5.737994839708621,-5.641610763530469
transition1x,1,794,-5.5465412688628355,-5.1511929552434745
transition1x,1,795,-5.631530588249898,-5.613940262099035
transition1x,1,796,-5.640051422016738,-5.425229837774994
transition1x,1,797,-5.294306657148755,-5.689710887405886
transition1x,1,798,-5.551643218731266,-5.620893572632062
transition1x,1,799,-5.379211646694772,-5.240737885894021
transition1x,1,800,-5.520599676111582,-5.944605397597565
transition1x,1,802,-5.480884584121613,-5.677538227404097
transition1x,1,803,-5.709805411984323,-5.52551954992492
transition1x,1,804,-5.688866098138386,-5.65953294085149
transition1x,1,805,-5.699198836394311,-5.408151053109095
transition1x,1,806,-5.632936399034307,-5.473057320638608
transition1x,1,807,-5.701077732367074,-5.704052902111385
transition1x,1,808,-5.592017616612744,-5.5657800125941215
transition1x,1,810,-5.446838434666541,-5.622566413862715
transition1x,1,811,-5.935803950108294,-6.015399184497709
transition1x,1,813,-5.744533610740819,-5.568347942386029
transition1x,1,816,-5.642044317886653,-5.359111428041434
transition1x,1,817,-5.5885460989759235,-5.607838674860481
transition1x,1,818,-5.433477922971465,-5.114247255253464
transition1x,1,819,-5.507333774842829,-5.6764041574964885
transition1x,1,820,-5.723216147804652,-5.307484086298878
transition1x,1,821,-5.322501210019236,-5.236029511442737
transition1x,1,822,-5.5502340523863145,-5.651197562344227
transition1x,1,823,-5.539135713479052,-5.597786923438028
transition1x,1,824,-5.475358558464917,-5.515971670532086
transition1x,1,825,-5.3615477310330135,-5.334949810242895
transition1x,1,827,-5.526177720011325,-5.4975841244205
transition1x,1,828,-5.639140785989714,-5.441837965137615
transition1x,1,829,-5.502761704375905,-5.503549713462846
transition1x,1,830,-5.611527588750836,-5.786680759517861
transition1x,1,834,-5.849514722236937,-5.944836487087039
transition1x,1,835,-5.605286906533198,-5.680018211616428
transition1x,1,836,-5.59352721798535,-5.688812262608246
transition1x,1,839,-5.6797953701014565,-5.481432223704239
transition1x,1,840,-5.662536143120526,-5.3499578731507125
transition1x,1,843,-5.3197342818028694,-5.812139373725856
transition1x,1,845,-5.09897746887904,-5.358781256982423
transition1x,1,846,-5.5941435759407305,-5.693670992908063
transition1x,1,847,-5.714337045513708,-5.62194432710356
transition1x,1,848,-5.695700244617027,-5.7593142021970065
transition1x,1,849,-5.349143619309571,-5.755894904863301
transition1x,1,851,-5.412925966558185,-5.682532835922832
transition1x,1,852,-5.520417915876062,-5.314377320552908
transition1x,1,853,-5.859965649026381,-5.59687746684089
transition1x,1,854,-5.733955629544881,-5.136939912394235
transition1x,1,855,-5.617000173950224,-5.4720213942060365
transition1x,1,856,-5.560105071175661,-5.782404556456264
transition1x,1,857,-5.513622835201366,-5.56233711397149
transition1x,1,858,-5.548098358222867,-5.699664604685823
transition1x,1,859,-5.47977575456113,-5.42967050180401
transition1x,1,861,-5.665643633427273,-5.6535206528829125
transition1x,1,862,-5.431137072621639,-5.602422762860516
transition1x,1,863,-5.381387198949129,-5.1274464854019675
transition1x,1,866,-5.791726376610897,-5.729321223305603
transition1x,1,868,-5.669676507223364,-5.657943426784202
transition1x,1,869,-5.374874123742713,-5.405818699463255
transition1x,1,870,-5.256476773164272,-5.388552942314216
transition1x,1,871,-5.45887186819765,-5.679292102145083
transition1x,1,872,-5.691939881659882,-5.759539602958996
transition1x,1,874,-5.78691674852281,-5.645617009013574
transition1x,1,875,-5.805210721194825,-5.682432251654352
transition1x,1,876,-5.693239167494969,-5.624693893267224
transition1x,1,877,-5.579672367955044,-5.468582990524472
transition1x,1,878,-5.1217298342402415,-5.294267088211703
transition1x,1,879,-5.369570238391322,-5.073974475848097
transition1x,1,880,-5.376736710530035,-5.731365213539447
transition1x,1,881,-5.769631530620849,-5.490852061622178
transition1x,1,882,-5.572559205552064,-5.803457004110048
transition1x,1,883,-5.505277688248328,-5.667680255854159
transition1x,1,884,-5.346940581830236,-5.43888893641861
transition1x,1,886,-5.357637613724187,-5.490700461615038
transition1x,1,887,-5.516878114781735,-5.517302853064856
transition1x,1,888,-5.792565656917627,-5.721573971158471
transition1x,1,889,-5.4341833684739544,-5.620529773021341
transition1x,1,890,-5.4908690742655795,-5.752049382877098
transition1x,1,891,-5.21468250613257,-5.675147713900826
transition1x,1,892,-5.506833813796152,-5.5397467560930815
transition1x,1,893,-5.716448670106907,-5.700085566977708
transition1x,1,894,-5.311917437156657,-4.989910737819451
transition1x,1,895,-5.628955586027301,-5.406387903100295
transition1x,1,897,-5.595042496292977,-5.5636121646279975
transition1x,1,898,-5.623951321147306,-5.68095565007267
transition1x,1,899,-5.379118437236688,-5.4957816506710735
transition1x,1,900,-5.605728313071132,-5.603950397252912
transition1x,1,901,-5.684988086540166,-5.322314807722638
transition1x,1,902,-5.63320051198639,-5.604176936831572
transition1x,1,903,-5.635591660119868,-5.423951511101371
transition1x,1,905,-5.578199860365447,-5.536226191169889
transition1x,1,906,-5.616141080301904,-5.393395008939022
transition1x,1,908,-5.455275254777068,-5.571118368875035
transition1x,1,910,-5.487297836281107,-5.608245392744647
transition1x,1,914,-5.514180963869595,-5.406379859243986
transition1x,1,916,-5.402563408648099,-5.631223093735876
transition1x,1,917,-5.711021632208868,-5.459298641870488
transition1x,1,918,-5.706536883832696,-5.563673617809082
transition1x,1,919,-5.407426521377779,-5.384250100243366
transition1x,1,920,-5.637579970632241,-5.635404893137516
transition1x,1,921,-5.842415984400765,-5.943106272384172
transition1x,1,922,-5.575959277486373,-5.424637594244674
transition1x,1,923,-5.448326089502151,-5.717887991128807
transition1x,1,924,-5.590223952201605,-5.554951259909003
transition1x,1,925,-5.695639706341971,-5.499881186381053
transition1x,1,926,-5.442232935094674,-5.570652464928232
transition1x,1,927,-5.5434592420840705,-5.485035109245694
transition1x,1,928,-5.386977462239144,-5.26819462032761
transition1x,1,929,-5.089844442093339,-5.198669336342318
transition1x,1,930,-5.326045109951221,-5.791812700639062
transition1x,1,931,-5.600805581691126,-5.647579849660118
transition1x,1,932,-5.212416328067273,-5.61485322689401
transition1x,1,933,-5.4299448241377375,-5.353685460693467
transition1x,1,934,-5.3887903132597925,-5.6130678881335445
transition1x,1,935,-5.870409509088721,-5.828277634414241
transition1x,1,936,-5.6303134686428455,-5.1898285667745245
transition1x,1,939,-5.41621676245021,-5.401384597042134
transition1x,1,940,-5.468668067542714,-5.707666409848397
transition1x,1,942,-5.101593612021067,-5.623543284240356
transition1x,1,943,-5.650262462444937,-5.5282669640702204
transition1x,1,945,-5.717373179896135,-5.763021532100866
transition1x,1,946,-5.2556669720202835,-5.576945964196483
transition1x,1,947,-5.51508362663104,-5.3405281731790355
transition1x,1,948,-5.452809003406877,-5.666263810048763
transition1x,1,949,-5.6476625000588765,-5.739286522280627
transition1x,1,950,-5.758964822834829,-5.659391664267589
transition1x,1,951,-5.76230453132504,-5.936520428785521
transition1x,1,955,-5.90965800582636,-5.801200049208473
transition1x,1,956,-5.376218181870968,-5.402761667084221
transition1x,1,958,-5.633924376730847,-5.64998812423145
transition1x,1,959,-5.490654316125086,-5.23690473104943
transition1x,1,960,-5.259665029584414,-5.773480475334392
transition1x,1,961,-5.772460525683383,-5.5288803491000955
transition1x,1,962,-5.7031456540722045,-5.858024717049033
transition1x,1,963,-5.50039611098068,-5.956447664782617
transition1x,1,964,-5.806030948156382,-5.658685456902764
transition1x,1,965,-5.20044207543745,-5.414060132873863
transition1x,1,967,-5.4501067350274335,-5.656574997073423
transition1x,1,969,-5.319532196209722,-5.448890884955433
transition1x,1,970,-5.589864846549627,-5.695945991768242
transition1x,1,971,-5.500272844033553,-5.474919018749973
transition1x,1,972,-5.3805379938066835,-5.2072577888968485
transition1x,1,973,-5.511651821373655,-5.316500994705709
transition1x,1,974,-5.444261490859859,-5.703983117572825
transition1x,1,975,-5.733561334119739,-5.586839612586272
transition1x,1,976,-5.743408089498218,-5.865050077176427
transition1x,1,977,-5.685096054880006,-5.32536699602938
transition1x,1,978,-5.429420700440442,-5.622635342347765
transition1x,1,979,-5.483940975794249,-5.591468850994613
transition1x,1,980,-5.556499571290756,-5.469666203657502
transition1x,1,981,-5.723536582964065,-5.812814140496673
transition1x,1,982,-5.5099713420956675,-5.40727754402502
transition1x,1,983,-5.152175682012568,-5.63229154523906
transition1x,1,984,-5.5813240008880936,-5.509554022201656
transition1x,1,985,-5.592823734322784,-5.527975287050478
transition1x,1,986,-5.570517554875252,-5.591170677346312
transition1x,1,987,-5.832138667515242,-5.4949609496930325
transition1x,1,988,-5.837679012646805,-5.773798481826161
transition1x,1,989,-5.6430503062887,-5.747625993712873
transition1x,1,990,-5.437735844706237,-5.500538471198821
transition1x,1,991,-5.275767532808477,-5.816951780025933
transition1x,1,992,-5.852039796234819,-5.44786618178185
transition1x,1,994,-5.358549631364543,-5.095437397765928
transition1x,1,995,-5.626979421743361,-5.7409240330436315
transition1x,1,996,-5.5915171013074865,-5.587012663327746
transition1x,1,997,-5.593148816743152,-5.3708996906017115
transition1x,1,998,-5.482755934509391,-5.889142819392917
transition1x,1,999,-5.1939729418672655,-5.715902150876886
transition1x,2,1,-5.491323122543704,-5.690235154375713
transition1x,2,2,-5.43779505889969,-5.685415501875699
transition1x,2,3,-5.597129810778354,-5.73113423939964
transition1x,2,4,-5.567979920727082,-5.471805307450508
transition1x,2,5,-5.483586542345798,-5.50631003244429
transition1x,2,6,-5.505186732323087,-5.540100257504743
transition1x,2,7,-5.591784301404587,-5.469430434390966
transition1x,2,8,-5.503966962412695,-5.496581754232758
transition1x,2,9,-5.595128565652385,-5.535994396953892
transition1x,2,10,-5.50243105754539,-5.219823455774882
transition1x,2,11,-5.548066000934885,-5.433367391903283
transition1x,2,12,-5.5459626776641935,-5.528683346314941
transition1x,2,13,-5.568990073624487,-5.467439841441979
transition1x,2,14,-5.567014606081955,-5.277209399540503
transition1x,2,16,-5.571780882270563,-5.466666001154344
transition1x,2,17,-5.667221891883437,-5.61653800699264
transition1x,2,18,-5.522061872571236,-5.496912242164595
transition1x,2,19,-5.503135991543099,-5.524147132272646
transition1x,2,20,-5.53055415269089,-5.412734745596977
transition1x,2,21,-5.575312451446172,-5.731476864146859
transition1x,2,22,-5.5413522553715175,-5.001532580148608
transition1x,2,26,-5.402737484916292,-5.283252092749805
transition1x,2,27,-5.620431389115167,-5.677457933174352
transition1x,2,28,-5.534977880429828,-5.674779210881052
transition1x,2,29,-5.586386438367442,-5.7131845734276485
transition1x,2,30,-5.520163428359946,-5.509990528689254
transition1x,2,32,-5.590238568267144,-5.675887910692394
transition1x,2,33,-5.510786069340438,-5.564568300604801
transition1x,2,35,-5.646335631662248,-5.835524868296792
transition1x,2,37,-5.568064069504765,-5.57593644908344
transition1x,2,38,-5.616606769762784,-5.516747501605129
transition1x,2,39,-5.587066300620075,-5.331049873202656
transition1x,2,40,-5.515247599538102,-5.6481949491837256
transition1x,2,42,-5.619914193369401,-5.468309498882846
transition1x,2,44,-5.524657156730911,-5.491316183155616
transition1x,2,45,-5.53547544743848,-5.744305416145721
transition1x,2,46,-5.59557929180721,-5.464441048378892
transition1x,2,47,-5.48198044726955,-5.297542523438922
transition1x,2,49,-5.639799119522423,-5.781606745865869
transition1x,2,50,-5.65716840546584,-5.774773711352621
transition1x,2,51,-5.590371894684856,-5.862150954959324
transition1x,2,53,-5.48844073453664,-5.705512900558568
transition1x,2,54,-5.549782824332706,-5.740170028849248
transition1x,2,56,-5.49374931055441,-5.586446791104586
transition1x,2,57,-5.647860567586067,-5.723275502714022
transition1x,2,59,-5.577492723922203,-5.331564121558037
transition1x,2,60,-5.509997438879999,-5.494904306231734
transition1x,2,63,-5.59672167768494,-5.153001851363022
transition1x,2,64,-5.625778206867096,-5.769364313732205
transition1x,2,68,-5.620671430779201,-5.52873799339482
transition1x,2,71,-5.523105092851234,-5.340454890232098
transition1x,2,72,-5.6064390742080645,-5.5654885292112235
transition1x,2,73,-5.707594880479766,-5.859652881421702
transition1x,2,74,-5.713073360931026,-6.122085431623327
transition1x,2,76,-5.615129634738273,-5.707469070502771
transition1x,2,78,-5.64827821598722,-5.437553084471913
transition1x,2,79,-5.576016902414367,-5.453673070993562
transition1x,2,81,-5.631057710375489,-5.5615398850359785
transition1x,2,82,-5.619573333046145,-5.699639476507747
transition1x,2,84,-5.586991364122926,-5.555812434726908
transition1x,2,85,-5.529689796434963,-5.356273854728547
transition1x,2,86,-5.498746227584059,-5.549786611550336
transition1x,2,87,-5.546335567156812,-5.452557260694119
transition1x,2,88,-5.506889513145228,-5.438859558433608
transition1x,2,89,-5.6173531566804895,-5.496419894408048
transition1x,2,90,-5.555345901566985,-5.611938964026006
transition1x,2,91,-5.518902781915286,-5.496794494374208
transition1x,2,92,-5.539436073404045,-5.607453842012713
transition1x,2,93,-5.652545400219222,-5.453970598050408
transition1x,2,94,-5.55543160813348,-5.579526892216496
transition1x,2,95,-5.575709750401698,-5.437327153882085
transition1x,2,97,-5.651842386962754,-5.727417434642974
transition1x,2,98,-5.622390762954076,-5.611057887169233
transition1x,2,99,-5.53685636529238,-5.45557882397005
transition1x,2,100,-5.584698355405182,-5.7212602824399035
transition1x,2,101,-5.572454958642151,-5.602257994059361
transition1x,2,102,-5.590279686843071,-5.643327329630609
transition1x,2,103,-5.560293589811156,-5.801540104078387
transition1x,2,104,-5.574002384109738,-5.8751469860689545
transition1x,2,105,-5.565920485798789,-5.424054012578679
transition1x,2,107,-5.548060486694662,-5.350100402516364
transition1x,2,108,-5.604226468413379,-5.555123325501375
transition1x,2,109,-5.4586907480232005,-5.726876840386121
transition1x,2,110,-5.598008851804764,-5.766245065842643
transition1x,2,111,-5.471794155388776,-5.459666226382999
transition1x,2,113,-5.532375329260216,-5.13784206744932
transition1x,2,114,-5.579714158702319,-5.672221033489582
transition1x,2,115,-5.5889683357788,-5.806969456287837
transition1x,2,116,-5.593607634285582,-5.468042483568895
transition1x,2,117,-5.5316645612336055,-5.718552584490348
transition1x,2,118,-5.470811577441605,-5.484473090527976
transition1x,2,119,-5.514282491310995,-5.500301644107965
transition1x,2,120,-5.6569258214352365,-5.426408993729124
transition1x,2,122,-5.5840392873629074,-5.513465107940185
transition1x,2,123,-5.571335038490136,-5.23202030645334
transition1x,2,124,-5.605149225756871,-5.433597862992509
transition1x,2,126,-5.563497894509635,-5.51162150974688
transition1x,2,127,-5.475146973432416,-5.174124275023359
transition1x,2,128,-5.566171021063837,-5.559195051742035
transition1x,2,129,-5.564585650757315,-5.679519220545512
transition1x,2,131,-5.567515374625815,-5.455933430308136
transition1x,2,132,-5.553934559107824,-5.7325928034258915
transition1x,2,133,-5.593634171960908,-5.473439529349504
transition1x,2,134,-5.590637398163756,-5.524971625372701
transition1x,2,135,-5.644373869477088,-5.668328596297312
transition1x,2,136,-5.509968401881499,-5.479595166699501
transition1x,2,137,-5.520771860412688,-5.092543954539526
transition1x,2,139,-5.548559179660545,-5.346699495440139
transition1x,2,140,-5.6899673746684565,-5.5620060022466395
transition1x,2,141,-5.4877409216420165,-5.334072258223207
transition1x,2,142,-5.567751160423159,-5.665886064392743
transition1x,2,143,-5.543363572183882,-5.420392514510936
transition1x,2,144,-5.630097592679535,-5.509012637143536
transition1x,2,146,-5.540491294858243,-5.510118196383221
transition1x,2,147,-5.6296200452678695,-5.451550807682158
transition1x,2,148,-5.540046843196564,-5.485071217397835
transition1x,2,149,-5.521164342638984,-5.309373994628774
transition1x,2,150,-5.5207675964318055,-5.412370749984234
transition1x,2,151,-5.645344046897826,-5.698238666762924
transition1x,2,152,-5.6117025412763875,-5.168765395541784
transition1x,2,154,-5.570755731653626,-5.745850795016956
transition1x,2,155,-5.555981767197727,-5.178363792260711
transition1x,2,156,-5.6143704072115,-5.6966340113043605
transition1x,2,157,-5.621754266619862,-5.615801022270627
transition1x,2,158,-5.533134643124783,-5.375038692772659
transition1x,2,160,-5.562106657008516,-6.073016489878226
transition1x,2,161,-5.553195409943813,-5.614342107886879
transition1x,2,162,-5.56368190256453,-5.601161555907183
transition1x,2,163,-5.537849263289219,-5.439529162509658
transition1x,2,164,-5.545641097512678,-5.30496674832459
transition1x,2,165,-5.551413096188657,-5.741354502308595
transition1x,2,166,-5.549500369859483,-5.4763639516238465
transition1x,2,169,-5.466181454328034,-5.510183753868209
transition1x,2,170,-5.5592885807855685,-5.517086221719061
transition1x,2,171,-5.65459152135859,-6.132861625008777
transition1x,2,172,-5.6366323686752295,-5.618510608089326
transition1x,2,173,-5.504346372101557,-5.49735777300542
transition1x,2,177,-5.578651075617459,-5.567357332057726
transition1x,2,178,-5.629668323267615,-5.708214618681194
transition1x,2,179,-5.561003308124188,-5.240194861282982
transition1x,2,180,-5.612454387051173,-5.364104727847779
transition1x,2,183,-5.604327554976302,-5.381005452118685
transition1x,2,184,-5.558237227969913,-5.769219815746721
transition1x,2,185,-5.562920541989056,-5.762504365743097
transition1x,2,187,-5.593927351224722,-5.327854282365164
transition1x,2,191,-5.5503994264124,-5.123672020310347
transition1x,2,192,-5.468588521298659,-5.708769027189429
transition1x,2,193,-5.522831044871318,-5.170892007518515
transition1x,2,194,-5.541376596905419,-5.547752832289166
transition1x,2,195,-5.480043649661783,-5.592908428460874
transition1x,2,196,-5.598185045974363,-5.759767638856115
transition1x,2,198,-5.527919307047484,-5.407605468318084
transition1x,2,199,-5.4780591842728565,-5.300237297002992
transition1x,2,200,-5.572104399575254,-5.53866067975192
transition1x,2,201,-5.510017017074136,-5.375039675000714
transition1x,2,202,-5.59600322963406,-5.660212692495077
transition1x,2,204,-5.509591647865005,-5.595084184600343
transition1x,2,205,-5.601983419399394,-5.762841249526104
transition1x,2,206,-5.444590096178292,-5.4963307884082395
transition1x,2,207,-5.5214711429958845,-5.696530798700786
transition1x,2,208,-5.5890267396411675,-5.645789313662973
transition1x,2,209,-5.574955498240401,-5.9195941372776195
transition1x,2,211,-5.741659180473795,-5.774049798151957
transition1x,2,214,-5.622472893184053,-5.422133870182672
transition1x,2,216,-5.5508679821579765,-5.573966391757949
transition1x,2,217,-5.506928006225882,-5.300471641418086
transition1x,2,219,-5.637442919079745,-5.639337123515158
transition1x,2,222,-5.604500163101526,-5.660860248431088
transition1x,2,223,-5.494617951256039,-5.706062328722447
transition1x,2,224,-5.604990302547304,-5.487277374763091
transition1x,2,225,-5.575390675715053,-5.678308253606619
transition1x,2,226,-5.466998126555889,-5.175521387580889
transition1x,2,227,-5.576659079573228,-5.655840189091974
transition1x,2,228,-5.439941434802507,-4.965582582046392
transition1x,2,229,-5.47147070688205,-5.001711652431064
transition1x,2,230,-5.577041041720487,-5.3762365843229265
transition1x,2,231,-5.466949185797463,-5.497685287995537
transition1x,2,232,-5.506032035534232,-5.441485916506394
transition1x,2,233,-5.535912159574523,-5.39007262276549
transition1x,2,234,-5.638718339435679,-5.480713533662718
transition1x,2,235,-5.62585584424839,-5.720619520541313
transition1x,2,237,-5.57296177396149,-5.7180705824965985
transition1x,2,240,-5.668710667080592,-5.3672035925826975
transition1x,2,241,-5.558351605667784,-5.568407797702504
transition1x,2,242,-5.4980232048297895,-5.511006128428111
transition1x,2,243,-5.606109371046051,-5.606804742722101
transition1x,2,244,-5.542727552487408,-5.821575164388754
transition1x,2,245,-5.697140661564054,-6.040522669991557
transition1x,2,246,-5.635189200132603,-5.63240919755391
transition1x,2,247,-5.4474811985300065,-5.215053026631006
transition1x,2,248,-5.4977659728029575,-5.406756700494589
transition1x,2,250,-5.490616840943101,-5.3554892074291605
transition1x,2,251,-5.534316534905291,-5.601497033624336
transition1x,2,252,-5.59662560456487,-5.601523696286503
transition1x,2,254,-5.578935684696985,-5.661161023745088
transition1x,2,255,-5.480909161091944,-0.1433214174008456
transition1x,2,256,-5.605234029814647,-5.686563992260886
transition1x,2,257,-5.55205527087056,-5.583769235515536
transition1x,2,258,-5.558019769891549,-5.515360393961902
transition1x,2,259,-5.694235609489612,-5.499237773125192
transition1x,2,260,-5.5470963322996285,-5.657155713823455
transition1x,2,261,-5.629561492687429,-5.404452847837555
transition1x,2,262,-5.535420314468142,-5.335747345866758
transition1x,2,263,-5.524578092943628,-5.230963292395425
transition1x,2,264,-5.577645235757303,-5.596033460374318
transition1x,2,266,-5.614263547330412,-5.414171013553563
transition1x,2,267,-5.53248292532829,-5.542740975872009
transition1x,2,269,-5.569435159219928,-5.620207314539718
transition1x,2,270,-5.607826120514825,-5.463566920351311
transition1x,2,271,-5.601618716546098,-5.630088368645474
transition1x,2,273,-5.568735336063378,-5.671276609097347
transition1x,2,274,-5.541216941754343,-5.74657967503597
transition1x,2,275,-5.569048448475094,-5.523259554854505
transition1x,2,276,-5.563866103129732,-5.552498416017315
transition1x,2,279,-5.579360601779033,-5.635785590715271
transition1x,2,280,-5.660529287752357,-5.734583124407034
transition1x,2,281,-5.577701366874327,-5.733350207146109
transition1x,2,282,-5.544301238190582,-5.394514302317582
transition1x,2,283,-5.650344118376816,-5.927350326633291
transition1x,2,284,-5.601502155463566,-5.755854649165842
transition1x,2,286,-5.491905545540591,-5.176766448569174
transition1x,2,287,-5.527486403806736,-5.416468401680446
transition1x,2,288,-5.613489126852753,-5.670464158827537
transition1x,2,289,-5.564185154692924,-5.691260736178026
transition1x,2,292,-5.557496130980126,-5.745198434959242
transition1x,2,293,-5.622064457910304,-5.868485513883408
transition1x,2,294,-5.561141576349521,-5.558720556405092
transition1x,2,295,-5.55040449566556,-5.500979223673535
transition1x,2,296,-5.586846016855804,-5.523609527464203
transition1x,2,297,-5.476906603711202,-5.5304529524531345
transition1x,2,298,-5.602819441238229,-5.596372966472604
transition1x,2,299,-5.5601321822748,-5.449269106269045
transition1x,2,300,-5.514592165057384,-5.150555785688131
transition1x,2,301,-5.560461797062702,-5.492696666355073
transition1x,2,303,-5.596649686702051,-5.597681637894321
transition1x,2,305,-5.531136202072234,-5.532547649643631
transition1x,2,307,-5.598013001428039,-5.631154102695755
transition1x,2,308,-5.544250331769492,-5.584977283606698
transition1x,2,309,-5.585254911133851,-5.741780557646129
transition1x,2,313,-5.534441269700879,-5.698674095045176
transition1x,2,314,-5.58354641779043,-5.651905624658636
transition1x,2,315,-5.512210712721817,-5.701310416385786
transition1x,2,316,-5.530736950972404,-5.549187183810974
transition1x,2,317,-5.596659790826273,-5.322650337150257
transition1x,2,318,-5.495089779631032,-5.373399228994537
transition1x,2,319,-5.499300261389801,-5.421596898333744
transition1x,2,320,-5.524185067515121,-5.150579079012627
transition1x,2,321,-5.5444580129586525,-5.504503201992705
transition1x,2,322,-5.5357334913215,-5.301425896129006
transition1x,2,323,-5.596682353973406,-5.458536320539783
transition1x,2,325,-5.653440924401372,-5.3919424305793315
transition1x,2,326,-5.65327042571685,-5.799913387423927
transition1x,2,327,-5.548672716279629,-5.760206667113525
transition1x,2,328,-5.588242737777916,-5.597487126904461
transition1x,2,329,-5.649936674642343,-5.69036514273067
transition1x,2,330,-5.675507225404756,-5.649689192299276
transition1x,2,331,-5.493901775458851,-5.676921432223141
transition1x,2,332,-5.593521394987827,-5.694975723566064
transition1x,2,333,-5.535324629321659,-5.366944802188488
transition1x,2,335,-5.532395392589833,-5.406272406427317
transition1x,2,336,-5.627955117212032,-5.616503221729817
transition1x,2,337,-5.566334706899444,-5.746965968263708
transition1x,2,338,-5.590857537792144,-5.8298642156737275
transition1x,2,341,-5.578422919098553,-5.54061577230977
transition1x,2,342,-5.6582402135267555,-5.876546387394929
transition1x,2,344,-5.5863086434701925,-5.567089751528381
transition1x,2,345,-5.586112937974643,-5.84279004799081
transition1x,2,346,-5.474040055712976,-5.341322255288908
transition1x,2,347,-5.616994546312774,-6.062894608288165
transition1x,2,349,-5.537491866226596,-5.607211614286432
transition1x,2,350,-5.522856726405507,-5.53891619944884
transition1x,2,351,-5.517485576805851,-5.740950148824503
transition1x,2,352,-5.679548529142689,-5.668650665587243
transition1x,2,353,-5.571637237089186,-5.665182411161227
transition1x,2,356,-5.549403456325355,-5.295032183614446
transition1x,2,357,-5.552742299725058,-5.248868041913738
transition1x,2,358,-5.53409987124565,-5.658469687925931
transition1x,2,359,-5.724690494309847,-5.8803516384856955
transition1x,2,361,-5.602486959404568,-5.457122876192186
transition1x,2,362,-5.603382640517153,-5.561729474447584
transition1x,2,363,-5.551860307248727,-5.778097376841485
transition1x,2,365,-5.480018997923051,-5.182132994454528
transition1x,2,366,-5.545621842079577,-5.516081594602939
transition1x,2,367,-5.448975520425099,-5.436746862117654
transition1x,2,368,-5.5491152512143875,-5.4038669034599565
transition1x,2,369,-5.537925382018568,-5.6246004609130775
transition1x,2,371,-5.482488760535948,-5.263875604802395
transition1x,2,373,-5.534139510010201,-5.684994663660407
transition1x,2,374,-5.540756351244974,-5.812656879856664
transition1x,2,375,-5.588630032042886,-5.424012105676866
transition1x,2,376,-5.582487212980636,-5.548025675637713
transition1x,2,378,-5.619026007663412,-5.495150487664568
transition1x,2,379,-5.461076852352458,-5.52856631337617
transition1x,2,380,-5.55121604798241,-5.323107754048451
transition1x,2,381,-5.662209966505872,-5.395845299355241
transition1x,2,382,-5.566932478329834,-5.358083672372923
transition1x,2,383,-5.550890794541126,-5.726652696432641
transition1x,2,384,-5.620809952478566,-5.840736222023255
transition1x,2,385,-5.53988789973244,-5.165950519780868
transition1x,2,386,-5.589216556005435,-5.845089359906251
transition1x,2,387,-5.534114607086811,-5.493003486624331
transition1x,2,389,-5.642254414537859,-5.743977464377623
transition1x,2,391,-5.544692729649033,-5.419106343670884
transition1x,2,392,-5.589419201929378,-5.407479833288661
transition1x,2,393,-5.601834909270562,-5.371109025731195
transition1x,2,395,-5.687927944834584,-5.744696101530067
transition1x,2,396,-5.548316245096543,-5.575984642526635
transition1x,2,397,-5.660384380570437,-5.73575105714359
transition1x,2,398,-5.5369515348439196,-5.427159686493209
transition1x,2,399,-5.6155403126911265,-5.484495682129912
transition1x,2,400,-5.542465074036013,-5.650617140654588
transition1x,2,401,-5.561249425175253,-5.748660750955965
transition1x,2,403,-5.596504644125176,-5.692422589630811
transition1x,2,404,-5.46878089002978,-5.648335009043493
transition1x,2,405,-5.591670844544669,-5.574826774353399
transition1x,2,406,-5.605688870869875,-5.69797728282338
transition1x,2,407,-5.452249168636725,-5.400575555007733
transition1x,2,408,-5.629854367366908,-5.759621262969405
transition1x,2,409,-5.642967596029363,-5.9965376880369226
transition1x,2,411,-5.578781952871169,-5.2942755361253715
transition1x,2,412,-5.440992790415659,-4.844107890127576
transition1x,2,413,-5.602204791250246,-6.207687965270857
transition1x,2,414,-5.563655271348015,-5.45643993481695
transition1x,2,415,-5.68679140655745,-5.419368046768906
transition1x,2,416,-5.563124802659115,-5.568992002768636
transition1x,2,417,-5.492148990669607,-5.139037157228731
transition1x,2,420,-5.617669145899787,-5.674476322174575
transition1x,2,421,-5.543486572663415,-5.590625604389046
transition1x,2,422,-5.4740009155353695,-5.229602891841574
transition1x,2,424,-5.536467121430952,-5.351614021561539
transition1x,2,425,-5.571089684970003,-5.581791510828319
transition1x,2,426,-5.608009450688719,-5.891245275641334
transition1x,2,429,-5.490012383541468,-5.463519274017235
transition1x,2,431,-5.475394584023626,-5.588301776152545
transition1x,2,432,-5.530036268623423,-5.4490043881849495
transition1x,2,433,-5.596920165524949,-5.444943519169251
transition1x,2,434,-5.544905414572285,-5.867841334308394
transition1x,2,436,-5.565092162812484,-5.2956715152683795
transition1x,2,437,-5.541960967746975,-5.348096293411844
transition1x,2,438,-5.538211754568567,-5.421292863781043
transition1x,2,439,-5.586253682662157,-5.582213876812487
transition1x,2,440,-5.4887994210208415,-5.439286994892624
transition1x,2,441,-5.633268113861316,-5.510945540612613
transition1x,2,442,-5.660033144446584,-5.7593527674479885
transition1x,2,443,-5.559397854868849,-5.554942568709918
transition1x,2,444,-5.609666384569896,-5.772722170382045
transition1x,2,445,-5.4835740968721405,-5.216401140130714
transition1x,2,446,-5.576538393332543,-5.496128464672419
transition1x,2,447,-5.449628262686801,-5.491909144257345
transition1x,2,448,-5.590019555899879,-5.573232697515478
transition1x,2,449,-5.5611971846749775,-5.539472070207202
transition1x,2,451,-5.480818218627965,-5.235338155275231
transition1x,2,453,-5.559051310623699,-5.90339217429919
transition1x,2,454,-5.64243682580637,-5.518014164279013
transition1x,2,455,-5.585956736777923,-5.778404921407257
transition1x,2,457,-5.529103975797176,-5.659445013846555
transition1x,2,458,-5.542428551855621,-5.508640924238795
transition1x,2,460,-5.592923667360728,-5.617034408738579
transition1x,2,461,-5.62031809916923,-5.2610257903030595
transition1x,2,462,-5.5262804548241995,-5.5104759557525185
transition1x,2,463,-5.560934885753069,-5.71550309729504
transition1x,2,464,-5.590730670395023,-5.854769465991264
transition1x,2,465,-5.535317263597772,-5.666122220450113
transition1x,2,466,-5.5476859698337835,-5.462352426486036
transition1x,2,467,-5.568230736147338,-5.756150121476247
transition1x,2,468,-5.569390290302062,-5.557077387264361
transition1x,2,469,-5.597338517418459,-5.547514688899025
transition1x,2,470,-5.474485314844411,-5.1595170935633705
transition1x,2,471,-5.502375418152835,-5.244707293158418
transition1x,2,473,-5.6344323094290925,-5.870937405065079
transition1x,2,474,-5.559433520534548,-5.548414060848791
transition1x,2,476,-5.653589261513345,-5.606119993955995
transition1x,2,477,-5.492783650905056,-5.395894632240011
transition1x,2,478,-5.4248347743602565,-5.604196341878174
transition1x,2,479,-5.59049276761632,-5.476909250836935
transition1x,2,481,-5.565746855914147,-5.841428543428092
transition1x,2,483,-5.593043001581384,-6.065719696812629
transition1x,2,484,-5.5412134793541865,-5.193550851170041
transition1x,2,485,-5.669068884316488,-5.654847954064421
transition1x,2,486,-5.539577744932485,-5.259531725671342
transition1x,2,487,-5.60696468132738,-5.632022098893556
transition1x,2,488,-5.640139699630017,-5.681069773289874
transition1x,2,489,-5.509161403421662,-5.42982052762398
transition1x,2,490,-5.613979205400085,-5.841573110463029
transition1x,2,492,-5.592211133028817,-5.498466583331564
transition1x,2,493,-5.496484370107398,-5.44069560512623
transition1x,2,494,-5.548538842890544,-5.512300441652493
transition1x,2,495,-5.489514975301239,-5.052476535536643
transition1x,2,498,-5.592009874653003,-5.500604936818672
transition1x,2,499,-5.555211293558979,-5.298354206304552
transition1x,2,501,-5.609680903178487,-5.628420158668108
transition1x,2,502,-5.492471803523927,-5.5186247529504975
transition1x,2,503,-5.494048047405375,-5.192507568830164
transition1x,2,504,-5.54604559846941,-5.311367470141798
transition1x,2,505,-5.5881647078262136,-5.480598748162002
transition1x,2,507,-5.603758017642725,-5.806197108959884
transition1x,2,508,-5.526870026227045,-5.43508166947116
transition1x,2,509,-5.602175933988695,-5.810535895383801
transition1x,2,510,-5.511766102406607,-5.602396404894847
transition1x,2,511,-5.593761192412884,-5.559718280417845
transition1x,2,512,-5.4685376540124375,-5.1320555376569414
transition1x,2,513,-5.543648794439463,-5.237315491469283
transition1x,2,514,-5.507045282910938,-5.684688069467835
transition1x,2,515,-5.524040066606677,-5.49859637305385
transition1x,2,517,-5.642595140703058,-5.474335654809739
transition1x,2,518,-5.568183116409045,-5.589416896829574
transition1x,2,519,-5.586212361155386,-5.393465282145972
transition1x,2,520,-5.521873658828395,-5.299115558137183
transition1x,2,522,-5.482738889459641,-5.354191844822007
transition1x,2,523,-5.553037370384554,-5.478430680846067
transition1x,2,524,-5.537790302204407,-5.811252441689444
transition1x,2,525,-5.6132111914336384,-5.6060291582802595
transition1x,2,526,-5.545389267924509,-5.843209045773095
transition1x,2,527,-5.571267472631161,-5.633137719217108
transition1x,2,528,-5.531495867364192,-5.3645061409095725
transition1x,2,529,-5.522288730836157,-5.633667812359361
transition1x,2,530,-5.4837391209277015,-5.183892159735283
transition1x,2,531,-5.5343095274029075,-5.489094855336495
transition1x,2,532,-5.710086391396535,-5.671576753685273
transition1x,2,534,-5.526538633140757,-5.732345168544107
transition1x,2,535,-5.546546679740107,-5.6569932723595135
transition1x,2,536,-5.584507666675353,-5.521262505031609
transition1x,2,537,-5.662122225633337,-5.833572452533627
transition1x,2,538,-5.567629534077476,-5.715655012681623
transition1x,2,539,-5.534460001669878,-5.586475293297755
transition1x,2,540,-5.483732700740255,-5.465322324591039
transition1x,2,541,-5.591062583567516,-5.329681245838228
transition1x,2,542,-5.541026485701115,-5.87491657585171
transition1x,2,543,-5.486826746637609,-5.5549512221725825
transition1x,2,545,-5.551041150847357,-5.657536314599868
transition1x,2,546,-5.5580347634731195,-5.320943696130501
transition1x,2,547,-5.576198671207488,-5.479398028673454
transition1x,2,548,-5.58343814060701,-5.570810968488984
transition1x,2,549,-5.497174239093883,-5.568893882857976
transition1x,2,550,-5.498108596320106,-5.439315563493024
transition1x,2,551,-5.490040743219666,-5.436624286230888
transition1x,2,552,-5.523562859373552,-5.5864936316507094
transition1x,2,553,-5.558962033765941,-5.474692472080779
transition1x,2,554,-5.6070263972041925,-5.550544206604527
transition1x,2,555,-5.44071968520262,-5.181745078944459
transition1x,2,556,-5.487531706181375,-5.5158983084974365
transition1x,2,557,-5.558373165817168,-5.303876713370031
transition1x,2,558,-5.605433036981654,-5.5849612744695944
transition1x,2,559,-5.673980310941176,-5.606397728628221
transition1x,2,560,-5.590534854719779,-5.49132301015187
transition1x,2,561,-5.4529150246624525,-5.1078957131799845
transition1x,2,563,-5.579941190872124,-5.401748284360798
transition1x,2,564,-5.572659643544707,-5.6191963317164975
transition1x,2,565,-5.516502817889338,-5.523451928957118
transition1x,2,566,-5.474814448642378,-5.747409358785356
transition1x,2,567,-5.5671847745409115,-5.764959821078034
transition1x,2,568,-5.484147270494808,-5.454403282056789
transition1x,2,569,-5.512914366934625,-5.200894342728246
transition1x,2,570,-5.5217223221161955,-5.7832145804629675
transition1x,2,571,-5.578805018698514,-5.437318466684813
transition1x,2,572,-5.56639065566792,-5.298802956694623
transition1x,2,573,-5.5544229748637735,-5.356993376316676
transition1x,2,575,-5.519236190940997,-5.5175870384650265
transition1x,2,576,-5.475334149910152,-5.694441401614743
transition1x,2,577,-5.710915195797534,-5.888046084857188
transition1x,2,578,-5.532238991673947,-5.521473520677847
transition1x,2,580,-5.533129214345237,-5.447290565936189
transition1x,2,583,-5.52395832422205,-5.6076527774129135
transition1x,2,584,-5.553017958036282,-5.689989493761266
transition1x,2,585,-5.547910047793887,-5.462405987647781
transition1x,2,586,-5.6191593376842714,-5.521530627241557
transition1x,2,588,-5.523331257036455,-5.6977698311453375
transition1x,2,589,-5.533346246741663,-4.929845058151871
transition1x,2,590,-5.588916637447132,-5.623888816630812
transition1x,2,591,-5.5649188032556705,-5.54565468760126
transition1x,2,593,-5.564834234615304,-5.589089714171706
transition1x,2,594,-5.599776422629284,-5.565744134318106
transition1x,2,595,-5.520679994103918,-5.563809888346303
transition1x,2,596,-5.57466270761664,-5.65007320971913
transition1x,2,597,-5.663858212317057,-5.456903840018784
transition1x,2,598,-5.627330566500681,-5.724197091623598
transition1x,2,599,-5.4717573209906645,-5.5217445312648525
transition1x,2,600,-5.586989502461123,-5.498775181641076
transition1x,2,601,-5.546356590701313,-5.6314365028947995
transition1x,2,602,-5.525010681657001,-4.8226727413780095
transition1x,2,603,-5.58916638504255,-5.755019025862515
transition1x,2,604,-5.649019225098557,-5.664841446559341
transition1x,2,605,-5.589038655520617,-5.66414601636611
transition1x,2,606,-5.565931837723829,-5.297632817070668
transition1x,2,607,-5.6160366600977785,-5.480742522799976
transition1x,2,608,-5.608129542068701,-5.402469304069262
transition1x,2,609,-5.509157095269422,-5.32042788205727
transition1x,2,611,-5.6093803998295435,-5.55667924058446
transition1x,2,612,-5.6036561386809325,-5.389555269953776
transition1x,2,613,-5.54933441106296,-5.448594603854795
transition1x,2,615,-5.609615589271697,-5.455579428829688
transition1x,2,616,-5.603226980678882,-5.849898347926075
transition1x,2,617,-5.557605323567535,-5.5920030371715015
transition1x,2,619,-5.481798532158102,-5.33028775500032
transition1x,2,620,-5.638988899873523,-5.872346631338301
transition1x,2,621,-5.557746272347701,-5.520464692739935
transition1x,2,622,-5.6243923122584505,-5.780385683034595
transition1x,2,624,-5.6725635012278754,-5.3763409941567115
transition1x,2,625,-5.538362448112292,-5.565633895399721
transition1x,2,626,-5.523468450186259,-5.349928882238269
transition1x,2,627,-5.5696999354320145,-5.420557062917014
transition1x,2,628,-5.5848805032914495,-5.78247909598974
transition1x,2,631,-5.648265936922649,-5.555950988566493
transition1x,2,632,-5.610824093936107,-5.609844896494323
transition1x,2,633,-5.574727988497169,-5.589748081698671
transition1x,2,634,-5.5086404619311065,-5.461965513891487
transition1x,2,635,-5.561271272534988,-5.65404255055382
transition1x,2,636,-5.569353271509541,-5.6846583524226215
transition1x,2,637,-5.5508679398421,-5.725031630525533
transition1x,2,638,-5.497610106511656,-5.745968207125085
transition1x,2,639,-5.616621473000193,-5.7262125752257935
transition1x,2,640,-5.600257921347895,-5.640736689209191
transition1x,2,641,-5.6008601534663205,-5.565530507852319
transition1x,2,642,-5.610846772430897,-5.597172900958605
transition1x,2,643,-5.5639442924058615,-5.251143026534819
transition1x,2,644,-5.705428788858735,-5.585759478457943
transition1x,2,645,-5.543073050729278,-5.64569681876812
transition1x,2,646,-5.56767854014982,-5.591688305063185
transition1x,2,647,-5.47494481275418,-5.5353377850619685
transition1x,2,648,-5.538127523680203,-5.579823282885447
transition1x,2,649,-5.427088153742638,-5.255669667144323
transition1x,2,650,-5.522664072832038,-5.794637593428385
transition1x,2,651,-5.531528360175203,-5.435077558677876
transition1x,2,652,-5.549497875579447,-5.515028212336142
transition1x,2,653,-5.550052861396666,-4.852631830023258
transition1x,2,654,-5.484727089194141,-5.35414833638665
transition1x,2,655,-5.476552928860219,-5.2461923070652485
transition1x,2,656,-5.5686208533419235,-5.475943906490567
transition1x,2,657,-5.609394684895372,-5.675991548978552
transition1x,2,658,-5.55809822624928,-5.6005150717811985
transition1x,2,659,-5.5310702153486115,-5.284158477033068
transition1x,2,660,-5.613353409277014,-5.308785505195977
transition1x,2,661,-5.666142284210743,-5.5422421192369455
transition1x,2,662,-5.593121713476273,-5.552892474510751
transition1x,2,663,-5.539558457079988,-5.569997603584129
transition1x,2,664,-5.616544752711428,-5.717672876705512
transition1x,2,665,-5.520662304099778,-5.451862145198444
transition1x,2,666,-5.544425996096872,-5.432183542056125
transition1x,2,667,-5.526238803315299,-5.614974625133265
transition1x,2,668,-5.576708952599089,-5.711216555794132
transition1x,2,671,-5.455568023827233,-5.707334023558038
transition1x,2,672,-5.442404585022515,-5.125924301216654
transition1x,2,673,-5.5977611415636535,-5.543865374721352
transition1x,2,674,-5.486240956009784,-5.458833722434894
transition1x,2,676,-5.545362746082242,-5.447516790705246
transition1x,2,677,-5.589027242784264,-5.453026418814252
transition1x,2,678,-5.589830946725545,-5.5141031463385
transition1x,2,680,-5.574710548095259,-5.482240171489695
transition1x,2,681,-5.649992377283228,-5.617791117883759
transition1x,2,683,-5.486184387326838,-5.409642283381846
transition1x,2,685,-5.6246006571125315,-5.855822597628575
transition1x,2,686,-5.639327168714535,-5.772441969575931
transition1x,2,687,-5.504627828554581,-5.408117748256344
transition1x,2,688,-5.553208891306104,-5.779572819824548
transition1x,2,689,-5.587992782150452,-5.826825815704717
transition1x,2,691,-5.497583310838639,-5.328608533715366
transition1x,2,692,-5.5347434578418335,-5.687430794616828
transition1x,2,693,-5.523691930404027,-5.912554669389311
transition1x,2,694,-5.606294857751354,-5.80068752901449
transition1x,2,695,-5.471938156440157,-5.284194739682674
transition1x,2,696,-5.379599335507186,-5.36243111986594
transition1x,2,698,-5.565008987042338,-5.447443987935054
transition1x,2,699,-5.604243763811448,-5.799358465356579
transition1x,2,700,-5.597805821403783,-5.700095190183404
transition1x,2,701,-5.527950094988866,-5.579040219052042
transition1x,2,703,-5.675547314761848,-5.635245708729905
transition1x,2,704,-5.497496426924594,-5.255048457802161
transition1x,2,706,-5.576681991524112,-5.878922833159213
transition1x,2,707,-5.517501303588752,-5.746422985192574
transition1x,2,708,-5.5311589493028155,-5.66527299088108
transition1x,2,709,-5.489309708476858,-5.417347752194028
transition1x,2,711,-5.6356546871734565,-5.497057906096066
transition1x,2,712,-5.527593486398268,-5.278995298632123
transition1x,2,713,-5.552329936930805,-5.650069340308562
transition1x,2,714,-5.502188121029501,-5.710713766135034
transition1x,2,715,-5.548590222626994,-5.592514874093006
transition1x,2,716,-5.483449528519722,-5.534870790397062
transition1x,2,717,-5.433730858454332,-5.345461856980786
transition1x,2,718,-5.626213906696695,-5.717262693537936
transition1x,2,719,-5.546196886543832,-5.643134202592333
transition1x,2,720,-5.464057309941837,-5.801079875987588
transition1x,2,724,-5.612633374785611,-5.5684854075823
transition1x,2,725,-5.635505043214247,-5.691539174747969
transition1x,2,726,-5.554184015177837,-5.394790009221882
transition1x,2,727,-5.62086614877282,-5.587760630902718
transition1x,2,728,-5.562899779822249,-5.489799594258693
transition1x,2,730,-5.543617372514595,-5.432458038819072
transition1x,2,731,-5.580201664317125,-5.380270109521622
transition1x,2,733,-5.5199239363438135,-5.575080380564813
transition1x,2,734,-5.53219909421512,-5.366326641193668
transition1x,2,735,-5.489317123392586,-5.431225964427736
transition1x,2,736,-5.4607108381782865,-5.6534138814464985
transition1x,2,737,-5.520096136294002,-5.640073349326543
transition1x,2,739,-5.556514729186824,-5.366218215953165
transition1x,2,740,-5.541915945580231,-5.274716119746098
transition1x,2,741,-5.493921606191625,-5.422083221291708
transition1x,2,742,-5.613622601427164,-5.910146779362506
transition1x,2,743,-5.674555307555492,-5.28688079376332
transition1x,2,744,-5.521451562088416,-5.611867613077183
transition1x,2,745,-5.5674226313127395,-5.551189808042636
transition1x,2,746,-5.541213639843617,-5.608810882428293
transition1x,2,748,-5.5694313817578704,-5.7367360083609205
transition1x,2,749,-5.555004801755873,-5.552030105126659
transition1x,2,751,-5.620399158833251,-5.596848352366224
transition1x,2,752,-5.5530142106419635,-5.546429498872447
transition1x,2,753,-5.478039194561957,-5.243610279413697
transition1x,2,756,-5.510433303017455,-5.311486943034968
transition1x,2,757,-5.584957597562141,-5.482041540033093
transition1x,2,758,-5.6106866889305405,-5.7308869901038015
transition1x,2,759,-5.563464575166968,-5.746076925284985
transition1x,2,760,-5.54148412857597,-5.578349542293499
transition1x,2,761,-5.487247943115482,-5.739383117699844
transition1x,2,762,-5.501197870073483,-5.306663734089606
transition1x,2,763,-5.6040444083724985,-5.25427712466929
transition1x,2,764,-5.545566011791612,-5.441774299404771
transition1x,2,765,-5.55076419431551,-5.285659112999051
transition1x,2,767,-5.473389262822701,-5.457240846911911
transition1x,2,768,-5.635827818939602,-5.540775342735641
transition1x,2,769,-5.61100537529412,-5.774280685218963
transition1x,2,771,-5.598062278205373,-5.884559941813861
transition1x,2,772,-5.569280943352288,-5.434575046369319
transition1x,2,773,-5.547107611503485,-6.024241229730465
transition1x,2,774,-5.55597668992214,-5.4496489171222855
transition1x,2,775,-5.55702930082893,-5.475930825098051
transition1x,2,776,-5.532150552118816,-5.657191276464357
transition1x,2,778,-5.567181305506937,-5.333756185454402
transition1x,2,779,-5.523552771890531,-5.312859159986332
transition1x,2,782,-5.486082937252731,-5.342571436257845
transition1x,2,783,-5.6023537614803525,-5.518715666014611
transition1x,2,784,-5.509735719605313,-5.444534795338795
transition1x,2,785,-5.561828675413046,-5.426595048522934
transition1x,2,786,-5.62798531804553,-5.7411430406225445
transition1x,2,787,-5.549624941743223,-5.462095881345265
transition1x,2,788,-5.651391816620109,-5.782457069576097
transition1x,2,789,-5.462983201755166,-5.269051743254152
transition1x,2,790,-5.568412070304963,-5.244387691947768
transition1x,2,791,-5.649462737152096,-5.672359938036754
transition1x,2,792,-5.642890638924524,-5.883669230179589
transition1x,2,793,-5.642468365459088,-5.641610763530469
transition1x,2,794,-5.535383468607839,-5.1511929552434745
transition1x,2,795,-5.630802867834753,-5.613940262099035
transition1x,2,796,-5.563977277525958,-5.425229837774994
transition1x,2,797,-5.522748103131503,-5.689710887405886
transition1x,2,800,-5.535353128451997,-5.944605397597565
transition1x,2,801,-5.537168414707659,-5.451489329501248
transition1x,2,803,-5.593035713333644,-5.52551954992492
transition1x,2,804,-5.581601354079157,-5.65953294085149
transition1x,2,805,-5.56429686188714,-5.408151053109095
transition1x,2,807,-5.6207589264499305,-5.704052902111385
transition1x,2,808,-5.548358064880751,-5.5657800125941215
transition1x,2,809,-5.590198367041967,-5.472904715996115
transition1x,2,811,-5.683481391988562,-6.015399184497709
transition1x,2,812,-5.516704532922611,-5.214234353867428
transition1x,2,813,-5.583653783563189,-5.568347942386029
transition1x,2,814,-5.593187270275041,-5.46242092785674
transition1x,2,815,-5.49756305712392,-5.876078595302442
transition1x,2,816,-5.605837198459119,-5.359111428041434
transition1x,2,818,-5.544440978696552,-5.114247255253464
transition1x,2,819,-5.5191235683670055,-5.6764041574964885
transition1x,2,820,-5.589894804572643,-5.307484086298878
transition1x,2,821,-5.553278743768458,-5.236029511442737
transition1x,2,822,-5.583244220873949,-5.651197562344227
transition1x,2,823,-5.556340205660731,-5.597786923438028
transition1x,2,824,-5.5591269073450285,-5.515971670532086
transition1x,2,826,-5.567851766725428,-5.351824529472025
transition1x,2,827,-5.574380451915015,-5.4975841244205
transition1x,2,828,-5.579839089363694,-5.441837965137615
transition1x,2,829,-5.561581743227113,-5.503549713462846
transition1x,2,830,-5.595154031413883,-5.786680759517861
transition1x,2,831,-5.532163051389461,-5.262517925879496
transition1x,2,832,-5.635380200570466,-5.8342539711311625
transition1x,2,833,-5.566815276607162,-5.646858559176609
transition1x,2,835,-5.540767030070745,-5.680018211616428
transition1x,2,837,-5.628665999553899,-5.683346586694132
transition1x,2,838,-5.538639073913298,-5.6043668684049885
transition1x,2,839,-5.593509036998215,-5.481432223704239
transition1x,2,841,-5.595067114685278,-5.707105193098557
transition1x,2,842,-5.6054418333009,-5.499728577521439
transition1x,2,843,-5.484572601545671,-5.812139373725856
transition1x,2,844,-5.548048093608569,-5.66345859949165
transition1x,2,845,-5.487705177888773,-5.358781256982423
transition1x,2,846,-5.571618815288172,-5.693670992908063
transition1x,2,847,-5.567059462555355,-5.62194432710356
transition1x,2,848,-5.577238469749414,-5.7593142021970065
transition1x,2,849,-5.507709367349095,-5.755894904863301
transition1x,2,850,-5.50502870619027,-5.261759860401784
transition1x,2,851,-5.582011171101327,-5.682532835922832
transition1x,2,852,-5.53505757848862,-5.314377320552908
transition1x,2,853,-5.609814609989025,-5.59687746684089
transition1x,2,854,-5.599840739967661,-5.136939912394235
transition1x,2,856,-5.6201825696293755,-5.782404556456264
transition1x,2,857,-5.569863543256481,-5.56233711397149
transition1x,2,859,-5.508997217590099,-5.42967050180401
transition1x,2,860,-5.4524267963547155,-5.474759274051943
transition1x,2,861,-5.545788362402672,-5.6535206528829125
transition1x,2,864,-5.586142445482665,-5.895540976610755
transition1x,2,865,-5.551288108597973,-5.698380460760451
transition1x,2,866,-5.636036353529686,-5.729321223305603
transition1x,2,867,-5.613890465669933,-5.218570755445462
transition1x,2,868,-5.57095223491813,-5.657943426784202
transition1x,2,869,-5.61403024237976,-5.405818699463255
transition1x,2,870,-5.440135688163027,-5.388552942314216
transition1x,2,871,-5.548507006005551,-5.679292102145083
transition1x,2,872,-5.615915713199476,-5.759539602958996
transition1x,2,873,-5.525493174413833,-5.580528036277133
transition1x,2,874,-5.643821898314624,-5.645617009013574
transition1x,2,876,-5.660402978294942,-5.624693893267224
transition1x,2,880,-5.544593566923169,-5.731365213539447
transition1x,2,881,-5.681541726924628,-5.490852061622178
transition1x,2,882,-5.566318121037813,-5.803457004110048
transition1x,2,883,-5.584198699545977,-5.667680255854159
transition1x,2,884,-5.5299113969086475,-5.43888893641861
transition1x,2,885,-5.575658386552462,-5.6221564107261255
transition1x,2,886,-5.479712924989142,-5.490700461615038
transition1x,2,887,-5.501154612704983,-5.517302853064856
transition1x,2,888,-5.709169734892761,-5.721573971158471
transition1x,2,889,-5.52227375378621,-5.620529773021341
transition1x,2,890,-5.561386367702005,-5.752049382877098
transition1x,2,892,-5.555868120955976,-5.5397467560930815
transition1x,2,893,-5.589134041484243,-5.700085566977708
transition1x,2,894,-5.448940802037373,-4.989910737819451
transition1x,2,895,-5.5562884529253305,-5.406387903100295
transition1x,2,896,-5.552887123260434,-5.191539412056308
transition1x,2,898,-5.590832173723659,-5.68095565007267
transition1x,2,899,-5.489300208263736,-5.4957816506710735
transition1x,2,900,-5.622476005878114,-5.603950397252912
transition1x,2,901,-5.595022505761545,-5.322314807722638
transition1x,2,903,-5.518176706118258,-5.423951511101371
transition1x,2,904,-5.619764658429618,-5.414395381482558
transition1x,2,905,-5.534727529089978,-5.536226191169889
transition1x,2,907,-5.536489591170581,-5.709531625170102
transition1x,2,908,-5.5857714388747715,-5.571118368875035
transition1x,2,909,-5.544379746681506,-5.727943945373417
transition1x,2,910,-5.596272165170559,-5.608245392744647
transition1x,2,911,-5.538226784235831,-5.517296350655755
transition1x,2,912,-5.46602198502622,-5.003789784113129
transition1x,2,913,-5.554790563095655,-5.504212311052938
transition1x,2,914,-5.528847701744183,-5.406379859243986
transition1x,2,915,-5.565690793441993,-5.574684980624164
transition1x,2,916,-5.543302437237811,-5.631223093735876
transition1x,2,917,-5.59656482913438,-5.459298641870488
transition1x,2,918,-5.604877864437769,-5.563673617809082
transition1x,2,919,-5.524360853481,-5.384250100243366
transition1x,2,920,-5.561714949630733,-5.635404893137516
transition1x,2,921,-5.630010080858444,-5.943106272384172
transition1x,2,922,-5.591664675562265,-5.424637594244674
transition1x,2,924,-5.604217680500172,-5.554951259909003
transition1x,2,925,-5.559236606804076,-5.499881186381053
transition1x,2,926,-5.6029427917999,-5.570652464928232
transition1x,2,927,-5.544396686074365,-5.485035109245694
transition1x,2,928,-5.4909651077417365,-5.26819462032761
transition1x,2,929,-5.483421404850826,-5.198669336342318
transition1x,2,930,-5.541206662808524,-5.791812700639062
transition1x,2,933,-5.601368380474215,-5.353685460693467
transition1x,2,934,-5.536158803513213,-5.6130678881335445
transition1x,2,935,-5.753397786274787,-5.828277634414241
transition1x,2,936,-5.57741445152591,-5.1898285667745245
transition1x,2,937,-5.611676376664771,-5.3455905824758325
transition1x,2,938,-5.583851675875264,-5.529841148049099
transition1x,2,939,-5.477131153937568,-5.401384597042134
transition1x,2,941,-5.551497255720999,-5.547370486316623
transition1x,2,942,-5.47499034392589,-5.623543284240356
transition1x,2,943,-5.5364975043123765,-5.5282669640702204
transition1x,2,944,-5.623825864099327,-5.470562845405297
transition1x,2,945,-5.589206838847573,-5.763021532100866
transition1x,2,946,-5.4689281811517505,-5.576945964196483
transition1x,2,947,-5.53217581751997,-5.3405281731790355
transition1x,2,948,-5.583738117705029,-5.666263810048763
transition1x,2,949,-5.642857371595006,-5.739286522280627
transition1x,2,950,-5.649764777957226,-5.659391664267589
transition1x,2,951,-5.6116882694290995,-5.936520428785521
transition1x,2,952,-5.593329534358181,-5.546426777690732
transition1x,2,953,-5.568267022642922,-5.833118103019526
transition1x,2,954,-5.475341106715677,-5.774916824198574
transition1x,2,955,-5.7008023965898875,-5.801200049208473
transition1x,2,956,-5.488050195825405,-5.402761667084221
transition1x,2,957,-5.569489192731754,-5.539692799907037
transition1x,2,959,-5.5775328521688685,-5.23690473104943
transition1x,2,960,-5.484556671756445,-5.773480475334392
transition1x,2,961,-5.585610473964679,-5.5288803491000955
transition1x,2,962,-5.606130286469513,-5.858024717049033
transition1x,2,963,-5.54326937458418,-5.956447664782617
transition1x,2,964,-5.6123866064190215,-5.658685456902764
transition1x,2,965,-5.5059512372667685,-5.414060132873863
transition1x,2,966,-5.5225046545073075,-5.363302611736874
transition1x,2,968,-5.638356185364249,-5.785302603452875
transition1x,2,969,-5.518314467815305,-5.448890884955433
transition1x,2,971,-5.56295195589366,-5.474919018749973
transition1x,2,972,-5.517426891763202,-5.2072577888968485
transition1x,2,973,-5.497724803742761,-5.316500994705709
transition1x,2,974,-5.50724378705587,-5.703983117572825
transition1x,2,975,-5.631531918519707,-5.586839612586272
transition1x,2,976,-5.658947887325053,-5.865050077176427
transition1x,2,977,-5.587401347549246,-5.32536699602938
transition1x,2,979,-5.558381150503742,-5.591468850994613
transition1x,2,981,-5.52778523963275,-5.812814140496673
transition1x,2,982,-5.568153519374023,-5.40727754402502
transition1x,2,984,-5.556958242835837,-5.509554022201656
transition1x,2,985,-5.542311882826242,-5.527975287050478
transition1x,2,987,-5.664702725126694,-5.4949609496930325
transition1x,2,989,-5.571286286984639,-5.747625993712873
transition1x,2,990,-5.521043800947394,-5.500538471198821
transition1x,2,991,-5.536163194952762,-5.816951780025933
transition1x,2,992,-5.644976246896787,-5.44786618178185
transition1x,2,993,-5.64651022838123,-5.627937553838674
transition1x,2,994,-5.535534633976367,-5.095437397765928
transition1x,2,995,-5.608359515092135,-5.7409240330436315
transition1x,2,998,-5.613603633060821,-5.889142819392917
transition1x,2,999,-5.474629633940518,-5.715902150876886
transition1x,3,0,-5.16132474070609,-5.44052263274767
transition1x,3,1,-5.383763232115429,-5.690235154375713
transition1x,3,2,-5.2904026748143105,-5.685415501875699
transition1x,3,3,-5.550950540515055,-5.73113423939964
transition1x,3,4,-5.563623619561833,-5.471805307450508
transition1x,3,5,-5.521867214419594,-5.50631003244429
transition1x,3,6,-5.484850033252829,-5.540100257504743
transition1x,3,7,-5.8245847510952675,-5.469430434390966
transition1x,3,8,-5.170367396599268,-5.496581754232758
transition1x,3,9,-5.753729577690148,-5.535994396953892
transition1x,3,10,-5.326773035484744,-5.219823455774882
transition1x,3,12,-5.614954299168276,-5.528683346314941
transition1x,3,14,-5.628030554484626,-5.277209399540503
transition1x,3,15,-5.741540677075003,-5.588949116219381
transition1x,3,16,-5.427073881608479,-5.466666001154344
transition1x,3,17,-5.926768922056093,-5.61653800699264
transition1x,3,18,-5.380283319359114,-5.496912242164595
transition1x,3,19,-5.63215486335705,-5.524147132272646
transition1x,3,22,-5.514617109165168,-5.001532580148608
transition1x,3,23,-5.46620631699498,-5.443472621717484
transition1x,3,24,-5.729132215180798,-5.474226121471119
transition1x,3,25,-5.263046493764385,-5.659385122457029
transition1x,3,26,-5.249498731269243,-5.283252092749805
transition1x,3,28,-5.545325773607887,-5.674779210881052
transition1x,3,29,-5.548037334915741,-5.7131845734276485
transition1x,3,30,-5.454645572304677,-5.509990528689254
transition1x,3,31,-5.510959353876526,-5.492484163909438
transition1x,3,32,-5.67742368918087,-5.675887910692394
transition1x,3,33,-5.398081305414191,-5.564568300604801
transition1x,3,34,-5.408542542111967,-5.385646239147107
transition1x,3,35,-5.8154202506183275,-5.835524868296792
transition1x,3,36,-5.548137544701684,-5.443589923347273
transition1x,3,37,-5.621066983351161,-5.57593644908344
transition1x,3,38,-5.765630535179881,-5.516747501605129
transition1x,3,39,-5.509225381543113,-5.331049873202656
transition1x,3,40,-5.4846312926346386,-5.6481949491837256
transition1x,3,41,-5.462794515242536,-5.376995568506085
transition1x,3,42,-5.609708177407671,-5.468309498882846
transition1x,3,43,-5.719892012583968,-5.697828482599033
transition1x,3,44,-5.5135195031981485,-5.491316183155616
transition1x,3,45,-5.497859597477189,-5.744305416145721
transition1x,3,46,-5.748927495272683,-5.464441048378892
transition1x,3,47,-5.414585839483564,-5.297542523438922
transition1x,3,48,-5.458673725466614,-5.795476584684449
transition1x,3,50,-5.834330272199431,-5.774773711352621
transition1x,3,51,-5.499360099655691,-5.862150954959324
transition1x,3,52,-5.528398993135898,-5.644677735977032
transition1x,3,53,-5.2461476179980036,-5.705512900558568
transition1x,3,55,-5.621636435412829,-5.713320687038011
transition1x,3,56,-5.422207542983048,-5.586446791104586
transition1x,3,57,-5.70103610105925,-5.723275502714022
transition1x,3,58,-5.386088837526881,-5.135788017339515
transition1x,3,59,-5.490606544790467,-5.331564121558037
transition1x,3,60,-5.51354146608804,-5.494904306231734
transition1x,3,61,-5.2882844392777155,-5.20626010062745
transition1x,3,62,-5.5675955306775045,-5.574219605637002
transition1x,3,63,-5.549184096534779,-5.153001851363022
transition1x,3,65,-5.609896340608413,-5.579222229204321
transition1x,3,66,-5.7672594084096005,-5.7709294071539095
transition1x,3,67,-5.594718538819978,-5.427773099239828
transition1x,3,68,-5.7118995580693,-5.52873799339482
transition1x,3,69,-5.516621488445313,-5.396322497713381
transition1x,3,70,-5.546893034314852,-5.430494264528497
transition1x,3,71,-5.353982371777783,-5.340454890232098
transition1x,3,72,-5.600205424233419,-5.5654885292112235
transition1x,3,73,-5.844482904666885,-5.859652881421702
transition1x,3,74,-5.892652034666942,-6.122085431623327
transition1x,3,75,-5.440065482762791,-5.605440235990138
transition1x,3,76,-5.9311276864315845,-5.707469070502771
transition1x,3,77,-5.6433270829885975,-5.216306529268351
transition1x,3,78,-5.633505260692786,-5.437553084471913
transition1x,3,79,-5.5054730774880944,-5.453673070993562
transition1x,3,80,-5.335618874770383,-5.759972372606778
transition1x,3,81,-5.68055031682651,-5.5615398850359785
transition1x,3,82,-5.635178984811573,-5.699639476507747
transition1x,3,83,-5.340145414659924,-5.904132426317477
transition1x,3,84,-5.576917156033562,-5.555812434726908
transition1x,3,85,-5.487187075726654,-5.356273854728547
transition1x,3,86,-5.420166695461022,-5.549786611550336
transition1x,3,87,-5.419629848088626,-5.452557260694119
transition1x,3,88,-5.321682252689592,-5.438859558433608
transition1x,3,89,-5.777238098771239,-5.496419894408048
transition1x,3,90,-5.478355385966968,-5.611938964026006
transition1x,3,91,-5.486805491491478,-5.496794494374208
transition1x,3,92,-5.665745780478878,-5.607453842012713
transition1x,3,93,-5.524079571611631,-5.453970598050408
transition1x,3,94,-5.479429775251798,-5.579526892216496
transition1x,3,95,-5.524334575268851,-5.437327153882085
transition1x,3,96,-5.758989063829642,-5.680080908050183
transition1x,3,98,-5.754954524497505,-5.611057887169233
transition1x,3,99,-5.7201589781782065,-5.45557882397005
transition1x,3,100,-5.431987907788555,-5.7212602824399035
transition1x,3,101,-5.690514598046901,-5.602257994059361
transition1x,3,102,-5.536595574734163,-5.643327329630609
transition1x,3,103,-5.479152219909952,-5.801540104078387
transition1x,3,104,-5.485576563786614,-5.8751469860689545
transition1x,3,105,-5.693537342261104,-5.424054012578679
transition1x,3,106,-5.33561675337326,-5.890692826639227
transition1x,3,109,-5.500436745232183,-5.726876840386121
transition1x,3,111,-5.37833526266894,-5.459666226382999
transition1x,3,112,-5.376076632560335,-5.3016347519120215
transition1x,3,113,-5.526486273421427,-5.13784206744932
transition1x,3,114,-5.639781042018087,-5.672221033489582
transition1x,3,115,-5.547879636928491,-5.806969456287837
transition1x,3,117,-5.365244989729757,-5.718552584490348
transition1x,3,118,-5.298466586986672,-5.484473090527976
transition1x,3,119,-5.605884049881684,-5.500301644107965
transition1x,3,120,-5.6761622090990445,-5.426408993729124
transition1x,3,121,-5.286721148399325,-5.240961040057302
transition1x,3,123,-5.416930866196034,-5.23202030645334
transition1x,3,124,-5.707606587905153,-5.433597862992509
transition1x,3,125,-5.79181051544807,-5.641077840324319
transition1x,3,126,-5.623257171905663,-5.51162150974688
transition1x,3,127,-5.402672057715901,-5.174124275023359
transition1x,3,128,-5.4342649511294905,-5.559195051742035
transition1x,3,129,-5.594622487542844,-5.679519220545512
transition1x,3,130,-5.466408156815145,-5.623701703230328
transition1x,3,131,-5.565477995366368,-5.455933430308136
transition1x,3,132,-5.497345155805786,-5.7325928034258915
transition1x,3,134,-5.4656501908374215,-5.524971625372701
transition1x,3,136,-5.463306157973265,-5.479595166699501
transition1x,3,137,-5.212769046165926,-5.092543954539526
transition1x,3,138,-5.673540251279829,-5.867956075320811
transition1x,3,139,-5.630211451411033,-5.346699495440139
transition1x,3,140,-5.6616201814134515,-5.5620060022466395
transition1x,3,141,-5.356732618155085,-5.334072258223207
transition1x,3,142,-5.528137390059043,-5.665886064392743
transition1x,3,143,-5.453019732558379,-5.420392514510936
transition1x,3,144,-5.768680945096471,-5.509012637143536
transition1x,3,145,-5.645890391628232,-5.717699177778286
transition1x,3,146,-5.55358604653809,-5.510118196383221
transition1x,3,148,-5.491333140182487,-5.485071217397835
transition1x,3,149,-5.518965424620646,-5.309373994628774
transition1x,3,150,-5.373597083928455,-5.412370749984234
transition1x,3,151,-5.829717646380706,-5.698238666762924
transition1x,3,152,-5.760785819135591,-5.168765395541784
transition1x,3,153,-5.5952235130885795,-5.809578040494355
transition1x,3,154,-5.269696089198056,-5.745850795016956
transition1x,3,155,-5.72038609923083,-5.178363792260711
transition1x,3,156,-5.754287570345749,-5.6966340113043605
transition1x,3,157,-5.619788195507254,-5.615801022270627
transition1x,3,159,-5.3630879242492515,-5.264473711839238
transition1x,3,161,-5.635591490079693,-5.614342107886879
transition1x,3,162,-5.576759925787141,-5.601161555907183
transition1x,3,163,-5.511148687466276,-5.439529162509658
transition1x,3,164,-5.671755504793631,-5.30496674832459
transition1x,3,165,-5.408444215767348,-5.741354502308595
transition1x,3,166,-5.593154690116507,-5.4763639516238465
transition1x,3,167,-5.690631727902682,-5.513592582056164
transition1x,3,168,-5.474606813981841,-5.488270463157472
transition1x,3,169,-5.38520186113127,-5.510183753868209
transition1x,3,170,-5.289172566687919,-5.517086221719061
transition1x,3,171,-5.664121935761638,-6.132861625008777
transition1x,3,172,-5.898090091820158,-5.618510608089326
transition1x,3,173,-5.292572617240803,-5.49735777300542
transition1x,3,174,-5.464410702931381,-5.730299684147132
transition1x,3,175,-5.533131101056929,-5.476653618363399
transition1x,3,176,-5.258956056924829,-5.4467889368082245
transition1x,3,177,-5.513552542547004,-5.567357332057726
transition1x,3,179,-5.589187650151254,-5.240194861282982
transition1x,3,180,-5.848302803493297,-5.364104727847779
transition1x,3,181,-5.6156001559296325,-5.442756597107894
transition1x,3,182,-5.597359269026457,-5.770440915366266
transition1x,3,183,-5.616594036975507,-5.381005452118685
transition1x,3,185,-5.776795342591609,-5.762504365743097
transition1x,3,186,-5.582530666778861,-5.886543684481757
transition1x,3,187,-5.591887958962581,-5.327854282365164
transition1x,3,188,-5.190748517626335,-5.5779995507681654
transition1x,3,189,-5.764763077764951,-5.775230265133861
transition1x,3,190,-5.437229300291121,-5.653597540274536
transition1x,3,191,-5.41948946898102,-5.123672020310347
transition1x,3,192,-5.242899539564278,-5.708769027189429
transition1x,3,193,-5.522479375369281,-5.170892007518515
transition1x,3,194,-5.53239582705707,-5.547752832289166
transition1x,3,195,-5.301055453919661,-5.592908428460874
transition1x,3,196,-5.765039139026831,-5.759767638856115
transition1x,3,197,-5.404405197423327,-5.47254661925825
transition1x,3,198,-5.353395203459801,-5.407605468318084
transition1x,3,199,-5.442212068740815,-5.300237297002992
transition1x,3,200,-5.612417183031329,-5.53866067975192
transition1x,3,201,-5.4880721447995136,-5.375039675000714
transition1x,3,202,-5.5628825871657686,-5.660212692495077
transition1x,3,203,-5.519512921042827,-5.675038247453735
transition1x,3,204,-5.407006068731578,-5.595084184600343
transition1x,3,205,-5.519137683500346,-5.762841249526104
transition1x,3,206,-5.27603666902174,-5.4963307884082395
transition1x,3,207,-5.601162305357098,-5.696530798700786
transition1x,3,209,-5.407460323670586,-5.9195941372776195
transition1x,3,210,-5.231354423135117,-5.141001241419998
transition1x,3,212,-5.348908933376445,-5.262895990114306
transition1x,3,213,-5.512832263529993,-5.713462384269518
transition1x,3,215,-5.720973812109043,-5.9902213724803195
transition1x,3,217,-5.327885409136886,-5.300471641418086
transition1x,3,218,-5.826217754508314,-5.658623575212425
transition1x,3,219,-5.719910621290216,-5.639337123515158
transition1x,3,220,-5.564318020103564,-5.792750744293627
transition1x,3,221,-5.653855197031402,-5.427984329967071
transition1x,3,223,-5.279338193743867,-5.706062328722447
transition1x,3,225,-5.679538810429966,-5.678308253606619
transition1x,3,226,-5.398106626192673,-5.175521387580889
transition1x,3,227,-5.830633240318972,-5.655840189091974
transition1x,3,229,-5.486210869781403,-5.001711652431064
transition1x,3,230,-5.558455910657437,-5.3762365843229265
transition1x,3,231,-5.185632336214854,-5.497685287995537
transition1x,3,232,-5.309156721673064,-5.441485916506394
transition1x,3,233,-5.536414137745113,-5.39007262276549
transition1x,3,234,-5.72568171015566,-5.480713533662718
transition1x,3,235,-5.638805066560818,-5.720619520541313
transition1x,3,236,-5.108407269596057,-5.455292584180629
transition1x,3,237,-5.269204922654383,-5.7180705824965985
transition1x,3,238,-5.606245852981929,-5.700219838268435
transition1x,3,239,-5.539854136415327,-5.923017678576031
transition1x,3,240,-5.695363960319159,-5.3672035925826975
transition1x,3,241,-5.477152740500933,-5.568407797702504
transition1x,3,242,-5.511253819779764,-5.511006128428111
transition1x,3,243,-5.557807888674466,-5.606804742722101
transition1x,3,244,-5.34810642980191,-5.821575164388754
transition1x,3,245,-5.499739695328146,-6.040522669991557
transition1x,3,246,-5.571096308476115,-5.63240919755391
transition1x,3,247,-5.263325110484715,-5.215053026631006
transition1x,3,249,-5.618390352624034,-5.665772937291944
transition1x,3,250,-5.404739700671317,-5.3554892074291605
transition1x,3,251,-5.458632294879609,-5.601497033624336
transition1x,3,253,-5.42122019247107,-5.612217464257963
transition1x,3,254,-5.854511366869157,-5.661161023745088
transition1x,3,255,-5.631517599971635,-0.1433214174008456
transition1x,3,256,-5.742708249401358,-5.686563992260886
transition1x,3,259,-5.812180933020424,-5.499237773125192
transition1x,3,260,-5.572499862740493,-5.657155713823455
transition1x,3,261,-5.697358534199258,-5.404452847837555
transition1x,3,262,-5.473880963358758,-5.335747345866758
transition1x,3,263,-5.3365701125395,-5.230963292395425
transition1x,3,265,-5.438454966514279,-5.66536196263934
transition1x,3,266,-5.720023398888581,-5.414171013553563
transition1x,3,268,-5.8337060374525285,-5.640511637027927
transition1x,3,272,-5.671841758609692,-5.643036943948155
transition1x,3,273,-5.532150646501375,-5.671276609097347
transition1x,3,274,-5.479791840585412,-5.74657967503597
transition1x,3,276,-5.473821569416743,-5.552498416017315
transition1x,3,277,-5.663158212998765,-5.640488897988681
transition1x,3,278,-5.588474185264314,-5.604535676732382
transition1x,3,279,-5.5194056388686406,-5.635785590715271
transition1x,3,280,-5.968936104705799,-5.734583124407034
transition1x,3,281,-5.48538039254287,-5.733350207146109
transition1x,3,282,-5.584046469544609,-5.394514302317582
transition1x,3,283,-5.706060138715688,-5.927350326633291
transition1x,3,285,-5.607521223674096,-5.417818176915238
transition1x,3,286,-5.433529689672653,-5.176766448569174
transition1x,3,287,-5.465219049673771,-5.416468401680446
transition1x,3,289,-5.672226373149584,-5.691260736178026
transition1x,3,290,-5.4539960862517844,-5.560140911532988
transition1x,3,291,-5.747237850345246,-5.588172170633844
transition1x,3,292,-5.761467780886247,-5.745198434959242
transition1x,3,293,-5.698449632064769,-5.868485513883408
transition1x,3,294,-5.5572916417645475,-5.558720556405092
transition1x,3,295,-5.483374870971113,-5.500979223673535
transition1x,3,296,-5.724653286811857,-5.523609527464203
transition1x,3,297,-5.209454256038506,-5.5304529524531345
transition1x,3,298,-5.78621870179116,-5.596372966472604
transition1x,3,300,-5.427242732297448,-5.150555785688131
transition1x,3,302,-5.654093674358953,-5.697039643177721
transition1x,3,303,-5.617472620040519,-5.597681637894321
transition1x,3,304,-5.57998370572806,-5.505223697704933
transition1x,3,305,-5.46061991514747,-5.532547649643631
transition1x,3,306,-5.358179709003483,-5.1154512639416865
transition1x,3,307,-5.518209836053769,-5.631154102695755
transition1x,3,308,-5.586836961581931,-5.584977283606698
transition1x,3,309,-5.546517800137409,-5.741780557646129
transition1x,3,310,-5.531987966144438,-5.491565415335564
transition1x,3,311,-5.3392042195545635,-5.8394339950604985
transition1x,3,312,-5.635717364182494,-5.798882179169754
transition1x,3,313,-5.584236158263992,-5.698674095045176
transition1x,3,316,-5.23468081526317,-5.549187183810974
transition1x,3,317,-5.521536291884143,-5.322650337150257
transition1x,3,319,-5.492209081141106,-5.421596898333744
transition1x,3,320,-5.603171367593074,-5.150579079012627
transition1x,3,321,-5.494584534919106,-5.504503201992705
transition1x,3,322,-5.576293817232701,-5.301425896129006
transition1x,3,324,-5.454856506506454,-5.6272100772315214
transition1x,3,325,-5.8510803161079075,-5.3919424305793315
transition1x,3,327,-5.646003284492524,-5.760206667113525
transition1x,3,328,-5.507114275305543,-5.597487126904461
transition1x,3,329,-5.823786958264062,-5.69036514273067
transition1x,3,330,-5.673607429292828,-5.649689192299276
transition1x,3,331,-5.480342863247364,-5.676921432223141
transition1x,3,332,-5.621551422809937,-5.694975723566064
transition1x,3,334,-5.374919706470021,-5.687697299385488
transition1x,3,335,-5.524099105628624,-5.406272406427317
transition1x,3,336,-5.681856461054759,-5.616503221729817
transition1x,3,337,-5.581062664157191,-5.746965968263708
transition1x,3,338,-5.58496467866418,-5.8298642156737275
transition1x,3,339,-5.460384407501729,-5.4795487727943435
transition1x,3,340,-5.468605594153401,-5.581127413457863
transition1x,3,341,-5.662698849581216,-5.54061577230977
transition1x,3,342,-5.880936219029737,-5.876546387394929
transition1x,3,343,-5.316025640550286,-5.715892011835626
transition1x,3,344,-5.4830685508052825,-5.567089751528381
transition1x,3,345,-5.515318986587435,-5.84279004799081
transition1x,3,346,-5.4358936741876445,-5.341322255288908
transition1x,3,348,-5.581353494122038,-5.792850728586079
transition1x,3,349,-5.578218914478205,-5.607211614286432
transition1x,3,351,-5.411419540842776,-5.740950148824503
transition1x,3,352,-5.799215864609236,-5.668650665587243
transition1x,3,353,-5.623554878517259,-5.665182411161227
transition1x,3,354,-5.16722637977614,-5.250686948227149
transition1x,3,355,-5.784142015324007,-5.607977176534258
transition1x,3,357,-5.433921944665068,-5.248868041913738
transition1x,3,358,-5.356717485025047,-5.658469687925931
transition1x,3,359,-5.5116565033091085,-5.8803516384856955
transition1x,3,360,-5.412362322542351,-5.402858715087489
transition1x,3,361,-5.515127071859632,-5.457122876192186
transition1x,3,363,-5.482485125829794,-5.778097376841485
transition1x,3,364,-5.54238903469047,-5.694349009315007
transition1x,3,365,-5.44342643387533,-5.182132994454528
transition1x,3,367,-5.283364195127224,-5.436746862117654
transition1x,3,368,-5.477729160163054,-5.4038669034599565
transition1x,3,369,-5.428142445346611,-5.6246004609130775
transition1x,3,370,-5.620968539373689,-5.57810033940832
transition1x,3,371,-5.3365345897040255,-5.263875604802395
transition1x,3,372,-5.353202890373722,-5.299867798974231
transition1x,3,373,-5.493408844624889,-5.684994663660407
transition1x,3,374,-5.5859163766968765,-5.812656879856664
transition1x,3,376,-5.677811563272784,-5.548025675637713
transition1x,3,377,-5.543963743935263,-5.788204329553262
transition1x,3,379,-5.425793996614721,-5.52856631337617
transition1x,3,380,-5.515163352809023,-5.323107754048451
transition1x,3,383,-5.440943509376237,-5.726652696432641
transition1x,3,384,-5.684598626671511,-5.840736222023255
transition1x,3,388,-5.626839304729866,-5.641612777878404
transition1x,3,390,-5.663856522700093,-5.504735333225325
transition1x,3,391,-5.208764898113168,-5.419106343670884
transition1x,3,393,-5.4209349887887095,-5.371109025731195
transition1x,3,394,-5.516438690965274,-5.713168717324844
transition1x,3,395,-5.80037267677373,-5.744696101530067
transition1x,3,396,-5.572278764528737,-5.575984642526635
transition1x,3,397,-5.964296165422109,-5.73575105714359
transition1x,3,398,-5.508248698699671,-5.427159686493209
transition1x,3,400,-5.4221407068184035,-5.650617140654588
transition1x,3,401,-5.224316722331483,-5.748660750955965
transition1x,3,402,-5.528449661503604,-5.494405580321708
transition1x,3,403,-5.670377273475495,-5.692422589630811
transition1x,3,404,-5.3367012443818105,-5.648335009043493
transition1x,3,407,-5.207348529569384,-5.400575555007733
transition1x,3,408,-5.516849473156964,-5.759621262969405
transition1x,3,409,-5.620576685035517,-5.9965376880369226
transition1x,3,410,-5.727543516208765,-5.702076378141135
transition1x,3,411,-5.528775026456375,-5.2942755361253715
transition1x,3,412,-5.495060415733732,-4.844107890127576
transition1x,3,413,-5.710945235937574,-6.207687965270857
transition1x,3,414,-5.620942731298769,-5.45643993481695
transition1x,3,415,-5.456630897734042,-5.419368046768906
transition1x,3,416,-5.54135246825471,-5.568992002768636
transition1x,3,417,-5.369332921696543,-5.139037157228731
transition1x,3,418,-5.332946643811403,-5.5594018700406105
transition1x,3,419,-5.632877579462856,-5.2226779095185485
transition1x,3,420,-5.6548298167067514,-5.674476322174575
transition1x,3,421,-5.564705177808118,-5.590625604389046
transition1x,3,422,-5.488303955369034,-5.229602891841574
transition1x,3,423,-5.64244082980397,-5.1285888064940455
transition1x,3,424,-5.475868800501373,-5.351614021561539
transition1x,3,425,-5.558151382928457,-5.581791510828319
transition1x,3,427,-5.440928220845849,-5.612851187503056
transition1x,3,428,-5.466455734889166,-5.365938962800988
transition1x,3,429,-5.267128491358786,-5.463519274017235
transition1x,3,430,-5.402406229980479,-5.541779350797991
transition1x,3,431,-5.41176866344195,-5.588301776152545
transition1x,3,434,-5.517923130253702,-5.867841334308394
transition1x,3,435,-5.354673552618724,-5.061813182583717
transition1x,3,436,-5.497800375282954,-5.2956715152683795
transition1x,3,437,-5.602885766504923,-5.348096293411844
transition1x,3,438,-5.644732064068695,-5.421292863781043
transition1x,3,439,-5.511184543985474,-5.582213876812487
transition1x,3,440,-5.247769036239871,-5.439286994892624
transition1x,3,441,-5.655584124627949,-5.510945540612613
transition1x,3,442,-5.6736884153689795,-5.7593527674479885
transition1x,3,443,-5.541956236671556,-5.554942568709918
transition1x,3,444,-5.68523088334426,-5.772722170382045
transition1x,3,445,-5.307971190198325,-5.216401140130714
transition1x,3,446,-5.451417186398565,-5.496128464672419
transition1x,3,447,-5.160922498614621,-5.491909144257345
transition1x,3,448,-5.550905779861045,-5.573232697515478
transition1x,3,449,-5.640032141812182,-5.539472070207202
transition1x,3,450,-5.4225052530590325,-5.448496865133251
transition1x,3,451,-5.483700208586404,-5.235338155275231
transition1x,3,452,-5.493909982112529,-5.568487361275021
transition1x,3,454,-5.3964438806914705,-5.518014164279013
transition1x,3,455,-5.836151678967154,-5.778404921407257
transition1x,3,456,-5.366525310061911,-5.123012439096802
transition1x,3,457,-5.339217360791835,-5.659445013846555
transition1x,3,458,-5.179350797208234,-5.508640924238795
transition1x,3,459,-5.6293396547243155,-5.441300866842773
transition1x,3,461,-5.670934393301288,-5.2610257903030595
transition1x,3,462,-5.669228053458577,-5.5104759557525185
transition1x,3,463,-5.558326757571759,-5.71550309729504
transition1x,3,464,-5.656661144069703,-5.854769465991264
transition1x,3,465,-5.59723779626985,-5.666122220450113
transition1x,3,466,-5.3848082069635215,-5.462352426486036
transition1x,3,467,-5.505072192459824,-5.756150121476247
transition1x,3,468,-5.519739304234302,-5.557077387264361
transition1x,3,470,-5.422704292578608,-5.1595170935633705
transition1x,3,471,-5.4531603119154415,-5.244707293158418
transition1x,3,472,-5.385028327018532,-5.4491245655303215
transition1x,3,474,-5.613163985221702,-5.548414060848791
transition1x,3,475,-5.463117028162804,-5.65038797798179
transition1x,3,476,-5.842588943178562,-5.606119993955995
transition1x,3,478,-5.381257775113893,-5.604196341878174
transition1x,3,479,-5.478556371604745,-5.476909250836935
transition1x,3,480,-5.507991745243951,-5.611209512386352
transition1x,3,481,-5.784446860449427,-5.841428543428092
transition1x,3,482,-5.330402986891584,-5.668959948090597
transition1x,3,484,-5.5374270643705605,-5.193550851170041
transition1x,3,485,-5.769746118450539,-5.654847954064421
transition1x,3,486,-5.543110023915007,-5.259531725671342
transition1x,3,488,-5.563790287213677,-5.681069773289874
transition1x,3,489,-5.210206701577388,-5.42982052762398
transition1x,3,491,-5.648369766070634,-5.456290287895216
transition1x,3,493,-5.389899145700485,-5.44069560512623
transition1x,3,494,-5.642731390063092,-5.512300441652493
transition1x,3,496,-5.600227207952531,-5.527645702528867
transition1x,3,497,-5.2826661076191215,-5.536992788808144
transition1x,3,498,-5.5816448762549555,-5.500604936818672
transition1x,3,499,-5.808258503284029,-5.298354206304552
transition1x,3,500,-5.379579999242333,-5.383516650285565
transition1x,3,502,-5.206650820455722,-5.5186247529504975
transition1x,3,503,-5.334197303840972,-5.192507568830164
transition1x,3,504,-5.593599307550221,-5.311367470141798
transition1x,3,505,-5.809889772812102,-5.480598748162002
transition1x,3,506,-5.481961202785665,-5.236783924659731
transition1x,3,507,-5.6111877007192,-5.806197108959884
transition1x,3,508,-5.45083844862457,-5.43508166947116
transition1x,3,509,-5.8080173627098075,-5.810535895383801
transition1x,3,510,-5.433509407788662,-5.602396404894847
transition1x,3,511,-5.289979787346481,-5.559718280417845
transition1x,3,512,-5.374833909526481,-5.1320555376569414
transition1x,3,513,-5.607479718856806,-5.237315491469283
transition1x,3,514,-5.414114209957765,-5.684688069467835
transition1x,3,515,-5.49405598709303,-5.49859637305385
transition1x,3,516,-5.371370499878888,-5.3566794654967085
transition1x,3,517,-5.834452168943799,-5.474335654809739
transition1x,3,518,-5.3311464054097,-5.589416896829574
transition1x,3,519,-5.664752413175632,-5.393465282145972
transition1x,3,520,-5.473405673380707,-5.299115558137183
transition1x,3,521,-5.496288078033982,-5.88893302253149
transition1x,3,522,-5.347807755200382,-5.354191844822007
transition1x,3,524,-5.462472614010622,-5.811252441689444
transition1x,3,525,-5.559583398433241,-5.6060291582802595
transition1x,3,526,-5.427979801471405,-5.843209045773095
transition1x,3,528,-5.405387924238907,-5.3645061409095725
transition1x,3,529,-5.366684608625089,-5.633667812359361
transition1x,3,530,-5.504562464626218,-5.183892159735283
transition1x,3,531,-5.523203596288986,-5.489094855336495
transition1x,3,532,-5.590972025448524,-5.671576753685273
transition1x,3,533,-5.433911785889219,-5.737520843561175
transition1x,3,534,-5.698322069679836,-5.732345168544107
transition1x,3,535,-5.5315613921142095,-5.6569932723595135
transition1x,3,536,-5.538420536364995,-5.521262505031609
transition1x,3,537,-5.668176337712164,-5.833572452533627
transition1x,3,539,-5.758659423327958,-5.586475293297755
transition1x,3,540,-5.4751221530340635,-5.465322324591039
transition1x,3,541,-5.569565252892678,-5.329681245838228
transition1x,3,542,-5.568162090716095,-5.87491657585171
transition1x,3,543,-5.34062002031688,-5.5549512221725825
transition1x,3,544,-5.372288411142953,-5.3198750130137435
transition1x,3,545,-5.384933799157469,-5.657536314599868
transition1x,3,546,-5.662275569432568,-5.320943696130501
transition1x,3,548,-5.544948656839825,-5.570810968488984
transition1x,3,549,-5.407200270145428,-5.568893882857976
transition1x,3,550,-5.327939930113134,-5.439315563493024
transition1x,3,551,-5.372950562018396,-5.436624286230888
transition1x,3,552,-5.5679820078808335,-5.5864936316507094
transition1x,3,553,-5.593515587859284,-5.474692472080779
transition1x,3,555,-5.373832725332619,-5.181745078944459
transition1x,3,556,-5.342203944781649,-5.5158983084974365
transition1x,3,557,-5.703669604422906,-5.303876713370031
transition1x,3,558,-5.55330575640375,-5.5849612744695944
transition1x,3,559,-5.790025530527696,-5.606397728628221
transition1x,3,560,-5.533154845765107,-5.49132301015187
transition1x,3,561,-5.473075082681001,-5.1078957131799845
transition1x,3,562,-5.502299310037037,-5.656236433469887
transition1x,3,563,-5.535127731238549,-5.401748284360798
transition1x,3,564,-5.6641662949681955,-5.6191963317164975
transition1x,3,565,-5.561073313907638,-5.523451928957118
transition1x,3,566,-5.274252019934119,-5.747409358785356
transition1x,3,568,-5.491910876358843,-5.454403282056789
transition1x,3,569,-5.53053203910542,-5.200894342728246
transition1x,3,570,-5.484017120091969,-5.7832145804629675
transition1x,3,571,-5.482191276764884,-5.437318466684813
transition1x,3,572,-5.456231802644935,-5.298802956694623
transition1x,3,574,-5.58332455172322,-5.780106160178172
transition1x,3,575,-5.435056242157489,-5.5175870384650265
transition1x,3,576,-5.34554865495789,-5.694441401614743
transition1x,3,577,-5.671316257822963,-5.888046084857188
transition1x,3,578,-5.4730153154257675,-5.521473520677847
transition1x,3,579,-5.701710740553649,-5.482374260271156
transition1x,3,581,-5.6091449166997815,-5.305320631122693
transition1x,3,582,-5.420318003944356,-5.358765146619235
transition1x,3,583,-5.547386892262821,-5.6076527774129135
transition1x,3,584,-5.556561390411243,-5.689989493761266
transition1x,3,585,-5.59669323355432,-5.462405987647781
transition1x,3,586,-5.672832858186432,-5.521530627241557
transition1x,3,587,-5.507884324602307,-5.474106843548719
transition1x,3,588,-5.627205614061165,-5.6977698311453375
transition1x,3,589,-5.551806375312967,-4.929845058151871
transition1x,3,590,-5.5932235050760655,-5.623888816630812
transition1x,3,592,-5.578127158084051,-5.696534235690429
transition1x,3,593,-5.58940193463946,-5.589089714171706
transition1x,3,594,-5.646690681710282,-5.565744134318106
transition1x,3,596,-5.588951066042523,-5.65007320971913
transition1x,3,597,-5.756821380783386,-5.456903840018784
transition1x,3,599,-5.282501703255724,-5.5217445312648525
transition1x,3,601,-5.553471262159807,-5.6314365028947995
transition1x,3,602,-5.167363138276848,-4.8226727413780095
transition1x,3,603,-5.778397610593055,-5.755019025862515
transition1x,3,604,-5.488542193558855,-5.664841446559341
transition1x,3,605,-5.676456317434694,-5.66414601636611
transition1x,3,606,-5.69668105622734,-5.297632817070668
transition1x,3,607,-5.569688844693233,-5.480742522799976
transition1x,3,608,-5.546623180447661,-5.402469304069262
transition1x,3,609,-5.4485835591605145,-5.32042788205727
transition1x,3,610,-5.561449089998358,-5.665436201254659
transition1x,3,611,-5.747151076583305,-5.55667924058446
transition1x,3,612,-5.499719529316921,-5.389555269953776
transition1x,3,613,-5.4378608265670145,-5.448594603854795
transition1x,3,614,-5.590745017639733,-5.550807764842237
transition1x,3,615,-5.722324363604876,-5.455579428829688
transition1x,3,617,-5.763897460805419,-5.5920030371715015
transition1x,3,618,-5.626937965357604,-5.869140104816636
transition1x,3,620,-5.525196070211078,-5.872346631338301
transition1x,3,621,-5.497535202242894,-5.520464692739935
transition1x,3,622,-5.658100606021015,-5.780385683034595
transition1x,3,623,-5.444680188829973,-5.781726595933433
transition1x,3,624,-5.735613583435383,-5.3763409941567115
transition1x,3,625,-5.588205011542565,-5.565633895399721
transition1x,3,626,-5.337628679596306,-5.349928882238269
transition1x,3,627,-5.434165634305318,-5.420557062917014
transition1x,3,628,-5.538352002537124,-5.78247909598974
transition1x,3,629,-5.590105425787647,-5.629643523802282
transition1x,3,630,-5.6739094834618795,-5.800871966083463
transition1x,3,632,-5.518631165952439,-5.609844896494323
transition1x,3,633,-5.60335813404227,-5.589748081698671
transition1x,3,634,-5.650160057446895,-5.461965513891487
transition1x,3,635,-5.481669237705121,-5.65404255055382
transition1x,3,636,-5.716387334965904,-5.6846583524226215
transition1x,3,637,-5.538637911036065,-5.725031630525533
transition1x,3,638,-5.451575533449761,-5.745968207125085
transition1x,3,639,-5.541487715746221,-5.7262125752257935
transition1x,3,640,-5.52841182923554,-5.640736689209191
transition1x,3,641,-5.612767144006044,-5.565530507852319
transition1x,3,642,-5.331891364306586,-5.597172900958605
transition1x,3,643,-5.471678322852079,-5.251143026534819
transition1x,3,644,-5.69637283234578,-5.585759478457943
transition1x,3,645,-5.235083971767785,-5.64569681876812
transition1x,3,647,-5.3818081837739955,-5.5353377850619685
transition1x,3,648,-5.440215457603465,-5.579823282885447
transition1x,3,649,-5.393550679261256,-5.255669667144323
transition1x,3,650,-5.490161915725348,-5.794637593428385
transition1x,3,651,-5.592868955078012,-5.435077558677876
transition1x,3,652,-5.506964052716011,-5.515028212336142
transition1x,3,653,-5.380978414373184,-4.852631830023258
transition1x,3,654,-5.289099972808076,-5.35414833638665
transition1x,3,655,-5.470236179341608,-5.2461923070652485
transition1x,3,656,-5.633605757560766,-5.475943906490567
transition1x,3,657,-5.587024141014711,-5.675991548978552
transition1x,3,659,-5.393450051053043,-5.284158477033068
transition1x,3,660,-5.825010404145746,-5.308785505195977
transition1x,3,661,-5.489016963213245,-5.5422421192369455
transition1x,3,662,-5.488937298270785,-5.552892474510751
transition1x,3,663,-5.560497977759606,-5.569997603584129
transition1x,3,664,-5.721673201079446,-5.717672876705512
transition1x,3,665,-5.33844132614404,-5.451862145198444
transition1x,3,666,-5.4948779457370005,-5.432183542056125
transition1x,3,667,-5.636695044549444,-5.614974625133265
transition1x,3,668,-5.55709881350139,-5.711216555794132
transition1x,3,669,-5.536703916466197,-5.609207751843673
transition1x,3,670,-5.598882383946388,-5.713972646111576
transition1x,3,671,-5.361323503228812,-5.707334023558038
transition1x,3,672,-5.187448186114276,-5.125924301216654
transition1x,3,674,-5.2869576530977085,-5.458833722434894
transition1x,3,675,-5.575394419465441,-5.532376605919891
transition1x,3,677,-5.674487270824277,-5.453026418814252
transition1x,3,678,-5.679959355674143,-5.5141031463385
transition1x,3,679,-5.410150815433234,-5.471793247240127
transition1x,3,680,-5.509101446166785,-5.482240171489695
transition1x,3,681,-5.679542326044671,-5.617791117883759
transition1x,3,682,-5.631879946194132,-5.482193131145888
transition1x,3,683,-5.433535698472219,-5.409642283381846
transition1x,3,684,-5.308667362892973,-5.680122535155266
transition1x,3,685,-5.413368643951848,-5.855822597628575
transition1x,3,686,-5.686816274596209,-5.772441969575931
transition1x,3,687,-5.59923591518956,-5.408117748256344
transition1x,3,690,-5.204111718234051,-5.677012434373245
transition1x,3,691,-5.469675269662486,-5.328608533715366
transition1x,3,692,-5.656414646996618,-5.687430794616828
transition1x,3,693,-5.553508555254152,-5.912554669389311
transition1x,3,694,-5.590369966979316,-5.80068752901449
transition1x,3,695,-5.215995851109561,-5.284194739682674
transition1x,3,696,-5.008369559315136,-5.36243111986594
transition1x,3,697,-5.468795982042623,-5.458000733872346
transition1x,3,699,-5.499879971494343,-5.799358465356579
transition1x,3,700,-5.517000505415686,-5.700095190183404
transition1x,3,701,-5.5682840800006215,-5.579040219052042
transition1x,3,702,-5.458198317699194,-5.412274295011992
transition1x,3,705,-5.327462982836313,-5.611155984417994
transition1x,3,707,-5.809761367568672,-5.746422985192574
transition1x,3,708,-5.469178323545258,-5.66527299088108
transition1x,3,710,-5.51905884250412,-5.7179328717547655
transition1x,3,711,-5.70946727306486,-5.497057906096066
transition1x,3,712,-5.322322658586218,-5.278995298632123
transition1x,3,713,-5.591957058778365,-5.650069340308562
transition1x,3,715,-5.511520527673252,-5.592514874093006
transition1x,3,717,-5.333166574046602,-5.345461856980786
transition1x,3,718,-5.516278450171968,-5.717262693537936
transition1x,3,719,-5.407290570136752,-5.643134202592333
transition1x,3,720,-5.385728625909488,-5.801079875987588
transition1x,3,721,-5.62458050342172,-5.672362391824455
transition1x,3,722,-5.553439688626966,-5.866080708987007
transition1x,3,723,-5.6234761707929835,-5.64448216577072
transition1x,3,726,-5.525234915633801,-5.394790009221882
transition1x,3,727,-5.717063117399578,-5.587760630902718
transition1x,3,728,-5.467585867625431,-5.489799594258693
transition1x,3,729,-5.251808654786055,-5.621765976493329
transition1x,3,731,-5.590307255682054,-5.380270109521622
transition1x,3,732,-5.388996932781326,-5.478141266935232
transition1x,3,733,-5.529881958104048,-5.575080380564813
transition1x,3,734,-5.30003462405765,-5.366326641193668
transition1x,3,735,-5.450429708944803,-5.431225964427736
transition1x,3,736,-5.298577004700839,-5.6534138814464985
transition1x,3,737,-5.504229829767467,-5.640073349326543
transition1x,3,738,-5.7341735083504854,-5.7302669367387855
transition1x,3,739,-5.4779078204858225,-5.366218215953165
transition1x,3,740,-5.648927983560507,-5.274716119746098
transition1x,3,741,-5.364054554790404,-5.422083221291708
transition1x,3,742,-5.520377127527486,-5.910146779362506
transition1x,3,743,-5.659261366634848,-5.28688079376332
transition1x,3,744,-5.549329611230019,-5.611867613077183
transition1x,3,745,-5.664128690629227,-5.551189808042636
transition1x,3,747,-5.5961777754907125,-5.646414363153823
transition1x,3,749,-5.39552242717413,-5.552030105126659
transition1x,3,750,-5.444877300694647,-5.489142528846862
transition1x,3,751,-5.5459314881776365,-5.596848352366224
transition1x,3,752,-5.454651591897247,-5.546429498872447
transition1x,3,754,-5.689845786061065,-5.596569514973089
transition1x,3,755,-5.512927346619417,-5.382587035003163
transition1x,3,756,-5.5580848089367185,-5.311486943034968
transition1x,3,757,-5.470520390692457,-5.482041540033093
transition1x,3,758,-5.5941185655379835,-5.7308869901038015
transition1x,3,759,-5.498619140745499,-5.746076925284985
transition1x,3,760,-5.5498117680309775,-5.578349542293499
transition1x,3,761,-5.2963110377302725,-5.739383117699844
transition1x,3,763,-5.692474312047362,-5.25427712466929
transition1x,3,764,-5.553691047745427,-5.441774299404771
transition1x,3,765,-5.569406030840963,-5.285659112999051
transition1x,3,766,-5.583405608515677,-5.8405903877650225
transition1x,3,767,-5.462712264325465,-5.457240846911911
transition1x,3,768,-5.540772996673865,-5.540775342735641
transition1x,3,770,-5.399967948359788,-5.208252266684859
transition1x,3,771,-5.579806142910595,-5.884559941813861
transition1x,3,772,-5.630979869379161,-5.434575046369319
transition1x,3,773,-5.376540170451287,-6.024241229730465
transition1x,3,774,-5.5638772837233335,-5.4496489171222855
transition1x,3,775,-5.614017749095767,-5.475930825098051
transition1x,3,776,-5.597105009252332,-5.657191276464357
transition1x,3,777,-5.660462534153887,-5.315146745021908
transition1x,3,778,-5.650354238735201,-5.333756185454402
transition1x,3,779,-5.529730279704861,-5.312859159986332
transition1x,3,780,-5.489297774621569,-5.499361507065633
transition1x,3,781,-5.519975157890734,-5.539054964445144
transition1x,3,782,-5.368682795978053,-5.342571436257845
transition1x,3,783,-5.485048900474047,-5.518715666014611
transition1x,3,784,-5.325525703406023,-5.444534795338795
transition1x,3,785,-5.555884166382642,-5.426595048522934
transition1x,3,788,-5.8674680027581605,-5.782457069576097
transition1x,3,789,-5.404571931828787,-5.269051743254152
transition1x,3,790,-5.65626799942355,-5.244387691947768
transition1x,3,791,-5.761725013438063,-5.672359938036754
transition1x,3,793,-5.818904847769099,-5.641610763530469
transition1x,3,794,-5.453827200092946,-5.1511929552434745
transition1x,3,795,-5.61256980017036,-5.613940262099035
transition1x,3,797,-5.372283858022613,-5.689710887405886
transition1x,3,798,-5.459630544274717,-5.620893572632062
transition1x,3,799,-5.484333610945268,-5.240737885894021
transition1x,3,800,-5.374646391684855,-5.944605397597565
transition1x,3,801,-5.5667328476639195,-5.451489329501248
transition1x,3,802,-5.6143935170911865,-5.677538227404097
transition1x,3,804,-5.547295295541367,-5.65953294085149
transition1x,3,805,-5.375251887839906,-5.408151053109095
transition1x,3,806,-5.286676714050609,-5.473057320638608
transition1x,3,807,-5.439506063868536,-5.704052902111385
transition1x,3,808,-5.649799767528716,-5.5657800125941215
transition1x,3,809,-5.641882993284343,-5.472904715996115
transition1x,3,810,-5.664294984953442,-5.622566413862715
transition1x,3,812,-5.287399825873409,-5.214234353867428
transition1x,3,814,-5.4542116796109825,-5.46242092785674
transition1x,3,815,-5.54332111787603,-5.876078595302442
transition1x,3,816,-5.550192965994201,-5.359111428041434
transition1x,3,817,-5.631715026739515,-5.607838674860481
transition1x,3,818,-5.545193400240279,-5.114247255253464
transition1x,3,819,-5.322358041892903,-5.6764041574964885
transition1x,3,820,-5.563779367816789,-5.307484086298878
transition1x,3,821,-5.422176766227545,-5.236029511442737
transition1x,3,822,-5.4657119822918165,-5.651197562344227
transition1x,3,823,-5.429294577494361,-5.597786923438028
transition1x,3,825,-5.4374386306200835,-5.334949810242895
transition1x,3,826,-5.41144107595917,-5.351824529472025
transition1x,3,827,-5.594890289065163,-5.4975841244205
transition1x,3,828,-5.458991477879458,-5.441837965137615
transition1x,3,829,-5.345179526981478,-5.503549713462846
transition1x,3,830,-5.821091766360184,-5.786680759517861
transition1x,3,831,-5.683208079687869,-5.262517925879496
transition1x,3,832,-5.5737386047296305,-5.8342539711311625
transition1x,3,833,-5.682160814302583,-5.646858559176609
transition1x,3,834,-5.619345803285055,-5.944836487087039
transition1x,3,835,-5.376532115716873,-5.680018211616428
transition1x,3,836,-5.349782710400772,-5.688812262608246
transition1x,3,837,-5.511823018236943,-5.683346586694132
transition1x,3,838,-5.614243939902569,-5.6043668684049885
transition1x,3,840,-5.632566233953158,-5.3499578731507125
transition1x,3,841,-5.805108366243282,-5.707105193098557
transition1x,3,842,-5.774730272533918,-5.499728577521439
transition1x,3,843,-5.550659957360777,-5.812139373725856
transition1x,3,844,-5.537591413758706,-5.66345859949165
transition1x,3,846,-5.668742310872297,-5.693670992908063
transition1x,3,847,-5.570850010899672,-5.62194432710356
transition1x,3,849,-5.528326190184783,-5.755894904863301
transition1x,3,850,-5.596258838297477,-5.261759860401784
transition1x,3,851,-5.823962583687039,-5.682532835922832
transition1x,3,852,-5.6743941743808115,-5.314377320552908
transition1x,3,853,-5.510553164192283,-5.59687746684089
transition1x,3,854,-5.442013336916967,-5.136939912394235
transition1x,3,855,-5.413465333399846,-5.4720213942060365
transition1x,3,857,-5.439621055929745,-5.56233711397149
transition1x,3,858,-5.536108871046907,-5.699664604685823
transition1x,3,859,-5.547334104632886,-5.42967050180401
transition1x,3,860,-5.349713131592721,-5.474759274051943
transition1x,3,862,-5.133744489031033,-5.602422762860516
transition1x,3,863,-5.382068779856989,-5.1274464854019675
transition1x,3,864,-5.526096476479684,-5.895540976610755
transition1x,3,865,-5.399430846064372,-5.698380460760451
transition1x,3,867,-5.60918194268969,-5.218570755445462
transition1x,3,869,-5.6651781336399525,-5.405818699463255
transition1x,3,870,-5.242071425639427,-5.388552942314216
transition1x,3,871,-5.498428828188315,-5.679292102145083
transition1x,3,873,-5.481390430700295,-5.580528036277133
transition1x,3,875,-5.616636466525333,-5.682432251654352
transition1x,3,876,-5.540813069338021,-5.624693893267224
transition1x,3,877,-5.378800202081488,-5.468582990524472
transition1x,3,878,-5.597156960838643,-5.294267088211703
transition1x,3,879,-5.431283364695655,-5.073974475848097
transition1x,3,880,-5.4323590437547145,-5.731365213539447
transition1x,3,882,-5.4966420092574175,-5.803457004110048
transition1x,3,883,-5.645491734505835,-5.667680255854159
transition1x,3,884,-5.547491053200499,-5.43888893641861
transition1x,3,885,-5.412914600377523,-5.6221564107261255
transition1x,3,886,-5.523714377471469,-5.490700461615038
transition1x,3,887,-5.48753836404466,-5.517302853064856
transition1x,3,888,-5.685201212624841,-5.721573971158471
transition1x,3,889,-5.4145065127908225,-5.620529773021341
transition1x,3,890,-5.50338428496051,-5.752049382877098
transition1x,3,891,-5.123247079039317,-5.675147713900826
transition1x,3,892,-5.578059409393098,-5.5397467560930815
transition1x,3,893,-5.474003208345091,-5.700085566977708
transition1x,3,894,-5.409912079677738,-4.989910737819451
transition1x,3,895,-5.545367544276823,-5.406387903100295
transition1x,3,896,-5.650774288856466,-5.191539412056308
transition1x,3,897,-5.67528130278004,-5.5636121646279975
transition1x,3,898,-5.627340248310948,-5.68095565007267
transition1x,3,900,-5.609216188782999,-5.603950397252912
transition1x,3,901,-5.370283034029499,-5.322314807722638
transition1x,3,902,-5.62272644195415,-5.604176936831572
transition1x,3,903,-5.425454248973538,-5.423951511101371
transition1x,3,904,-5.681353364725333,-5.414395381482558
transition1x,3,905,-5.521175728475045,-5.536226191169889
transition1x,3,906,-5.483619916609605,-5.393395008939022
transition1x,3,907,-5.437408366798204,-5.709531625170102
transition1x,3,909,-5.3315713529638105,-5.727943945373417
transition1x,3,910,-5.611616556728143,-5.608245392744647
transition1x,3,911,-5.347367476922847,-5.517296350655755
transition1x,3,912,-5.438303272708222,-5.003789784113129
transition1x,3,913,-5.530429886624622,-5.504212311052938
transition1x,3,914,-5.511652076747786,-5.406379859243986
transition1x,3,915,-5.5666900351334565,-5.574684980624164
transition1x,3,919,-5.3527771957156665,-5.384250100243366
transition1x,3,921,-5.653160648150039,-5.943106272384172
transition1x,3,922,-5.676648858251067,-5.424637594244674
transition1x,3,923,-5.397664529897453,-5.717887991128807
transition1x,3,926,-5.661370265395546,-5.570652464928232
transition1x,3,927,-5.5945095071531785,-5.485035109245694
transition1x,3,929,-5.361808542951263,-5.198669336342318
transition1x,3,930,-5.697323348580751,-5.791812700639062
transition1x,3,931,-5.657461951882516,-5.647579849660118
transition1x,3,932,-5.3811413839775595,-5.61485322689401
transition1x,3,933,-5.636401720313619,-5.353685460693467
transition1x,3,934,-5.424536662191598,-5.6130678881335445
transition1x,3,935,-5.660521442497154,-5.828277634414241
transition1x,3,937,-5.6088591432170585,-5.3455905824758325
transition1x,3,938,-5.680035772482874,-5.529841148049099
transition1x,3,939,-5.309510375941445,-5.401384597042134
transition1x,3,940,-5.566644716377588,-5.707666409848397
transition1x,3,941,-5.4441198641416575,-5.547370486316623
transition1x,3,943,-5.347326346598702,-5.5282669640702204
transition1x,3,944,-5.616994221420604,-5.470562845405297
transition1x,3,946,-5.342036168339737,-5.576945964196483
transition1x,3,947,-5.501936680703464,-5.3405281731790355
transition1x,3,948,-5.590798306043503,-5.666263810048763
transition1x,3,949,-5.7097011135133195,-5.739286522280627
transition1x,3,951,-5.549039321212566,-5.936520428785521
transition1x,3,952,-5.5582708542774855,-5.546426777690732
transition1x,3,953,-5.552553882089275,-5.833118103019526
transition1x,3,954,-5.182802129773958,-5.774916824198574
transition1x,3,956,-5.216638462917736,-5.402761667084221
transition1x,3,957,-5.615409198153159,-5.539692799907037
transition1x,3,958,-5.546653645868893,-5.64998812423145
transition1x,3,960,-5.3521568459761415,-5.773480475334392
transition1x,3,961,-5.47500887208358,-5.5288803491000955
transition1x,3,962,-5.569105587235595,-5.858024717049033
transition1x,3,963,-5.508709337307086,-5.956447664782617
transition1x,3,964,-5.370436261001888,-5.658685456902764
transition1x,3,965,-5.598079684848177,-5.414060132873863
transition1x,3,966,-5.3698470977988215,-5.363302611736874
transition1x,3,967,-5.346661533925953,-5.656574997073423
transition1x,3,968,-5.676368935330123,-5.785302603452875
transition1x,3,969,-5.493437552618056,-5.448890884955433
transition1x,3,970,-5.385398100142704,-5.695945991768242
transition1x,3,972,-5.4431569907461546,-5.2072577888968485
transition1x,3,973,-5.429754293687027,-5.316500994705709
transition1x,3,974,-5.437439524923493,-5.703983117572825
transition1x,3,975,-5.594330456679081,-5.586839612586272
transition1x,3,976,-5.531720866978983,-5.865050077176427
transition1x,3,977,-5.525966681228793,-5.32536699602938
transition1x,3,978,-5.531371681315408,-5.622635342347765
transition1x,3,979,-5.457232420726293,-5.591468850994613
transition1x,3,980,-5.339615134808643,-5.469666203657502
transition1x,3,981,-5.479900158099011,-5.812814140496673
transition1x,3,982,-5.435047163143905,-5.40727754402502
transition1x,3,983,-5.414613695223993,-5.63229154523906
transition1x,3,984,-5.477556889992613,-5.509554022201656
transition1x,3,986,-5.561019720335286,-5.591170677346312
transition1x,3,987,-5.734201755808028,-5.4949609496930325
transition1x,3,988,-5.493108476207504,-5.773798481826161
transition1x,3,990,-5.394387102940536,-5.500538471198821
transition1x,3,993,-5.74454954614898,-5.627937553838674
transition1x,3,994,-5.366992173661661,-5.095437397765928
transition1x,3,995,-5.488228955505665,-5.7409240330436315
transition1x,3,996,-5.412431706100467,-5.587012663327746
transition1x,3,997,-5.492472218812388,-5.3708996906017115
transition1x,3,999,-5.466008383366176,-5.715902150876886
transition1x,4,0,-5.539270645278253,-5.44052263274767
transition1x,4,2,-5.432449423722489,-5.685415501875699
transition1x,4,3,-5.572304136184706,-5.73113423939964
transition1x,4,4,-5.4871234155667885,-5.471805307450508
transition1x,4,6,-5.418327521285229,-5.540100257504743
transition1x,4,8,-5.539710453559867,-5.496581754232758
transition1x,4,11,-5.507431569492557,-5.433367391903283
transition1x,4,13,-5.500553638894888,-5.467439841441979
transition1x,4,14,-5.534210923923768,-5.277209399540503
transition1x,4,15,-5.646546836236904,-5.588949116219381
transition1x,4,17,-5.58062112166365,-5.61653800699264
transition1x,4,18,-5.5827553156192975,-5.496912242164595
transition1x,4,19,-5.478583428279376,-5.524147132272646
transition1x,4,20,-5.515452951390367,-5.412734745596977
transition1x,4,21,-5.592239684531992,-5.731476864146859
transition1x,4,22,-5.449931851593913,-5.001532580148608
transition1x,4,23,-5.524343775585207,-5.443472621717484
transition1x,4,24,-5.526718545744695,-5.474226121471119
transition1x,4,25,-5.469970555039755,-5.659385122457029
transition1x,4,26,-5.473867802563366,-5.283252092749805
transition1x,4,27,-5.6231844671636795,-5.677457933174352
transition1x,4,30,-5.511181977324045,-5.509990528689254
transition1x,4,31,-5.585657963876141,-5.492484163909438
transition1x,4,33,-5.453692299851688,-5.564568300604801
transition1x,4,34,-5.444264587487574,-5.385646239147107
transition1x,4,36,-5.587712602769133,-5.443589923347273
transition1x,4,37,-5.558563352424469,-5.57593644908344
transition1x,4,38,-5.593832275782143,-5.516747501605129
transition1x,4,41,-5.467458763411643,-5.376995568506085
transition1x,4,43,-5.612040026069457,-5.697828482599033
transition1x,4,46,-5.584826193604162,-5.464441048378892
transition1x,4,47,-5.517862250540302,-5.297542523438922
transition1x,4,48,-5.49288041270397,-5.795476584684449
transition1x,4,49,-5.5960436531409234,-5.781606745865869
transition1x,4,50,-5.6035743088250785,-5.774773711352621
transition1x,4,51,-5.573872214385981,-5.862150954959324
transition1x,4,52,-5.487603011802901,-5.644677735977032
transition1x,4,53,-5.555537593834903,-5.705512900558568
transition1x,4,54,-5.517354766990757,-5.740170028849248
transition1x,4,55,-5.594325318436393,-5.713320687038011
transition1x,4,57,-5.587829768681675,-5.723275502714022
transition1x,4,58,-5.544723667946528,-5.135788017339515
transition1x,4,60,-5.565783324278764,-5.494904306231734
transition1x,4,61,-5.4809525665521655,-5.20626010062745
transition1x,4,62,-5.647869861509431,-5.574219605637002
transition1x,4,64,-5.593638314408246,-5.769364313732205
transition1x,4,65,-5.513341263585968,-5.579222229204321
transition1x,4,66,-5.592023873969326,-5.7709294071539095
transition1x,4,67,-5.56795359418688,-5.427773099239828
transition1x,4,69,-5.449971635085601,-5.396322497713381
transition1x,4,70,-5.503311068055785,-5.430494264528497
transition1x,4,71,-5.569211482419928,-5.340454890232098
transition1x,4,72,-5.533027573541669,-5.5654885292112235
transition1x,4,74,-5.648677688536233,-6.122085431623327
transition1x,4,75,-5.603335086156749,-5.605440235990138
transition1x,4,77,-5.537673110002905,-5.216306529268351
transition1x,4,78,-5.579029549330855,-5.437553084471913
transition1x,4,80,-5.542199872119332,-5.759972372606778
transition1x,4,81,-5.586712387379823,-5.5615398850359785
transition1x,4,82,-5.575599055830169,-5.699639476507747
transition1x,4,83,-5.541284902557917,-5.904132426317477
transition1x,4,84,-5.591010263061394,-5.555812434726908
transition1x,4,85,-5.5446908687017435,-5.356273854728547
transition1x,4,86,-5.525836508928516,-5.549786611550336
transition1x,4,90,-5.531552451932249,-5.611938964026006
transition1x,4,94,-5.557885943713257,-5.579526892216496
transition1x,4,96,-5.651307912099835,-5.680080908050183
transition1x,4,97,-5.610273648815363,-5.727417434642974
transition1x,4,98,-5.5774303811715455,-5.611057887169233
transition1x,4,100,-5.537043819948344,-5.7212602824399035
transition1x,4,102,-5.585917877707659,-5.643327329630609
transition1x,4,104,-5.560390539699609,-5.8751469860689545
transition1x,4,105,-5.581129072770177,-5.424054012578679
transition1x,4,106,-5.4857345270425055,-5.890692826639227
transition1x,4,107,-5.504825915032632,-5.350100402516364
transition1x,4,108,-5.538345033716011,-5.555123325501375
transition1x,4,109,-5.461931862156351,-5.726876840386121
transition1x,4,110,-5.587414835072077,-5.766245065842643
transition1x,4,112,-5.568558490553359,-5.3016347519120215
transition1x,4,113,-5.448828804098271,-5.13784206744932
transition1x,4,115,-5.549950637692193,-5.806969456287837
transition1x,4,116,-5.567658168825876,-5.468042483568895
transition1x,4,117,-5.552212986871497,-5.718552584490348
transition1x,4,119,-5.502278860711933,-5.500301644107965
transition1x,4,121,-5.446393175296833,-5.240961040057302
transition1x,4,122,-5.59492063445363,-5.513465107940185
transition1x,4,123,-5.524985942404296,-5.23202030645334
transition1x,4,125,-5.47163399138503,-5.641077840324319
transition1x,4,126,-5.5370418282643135,-5.51162150974688
transition1x,4,127,-5.435487939242625,-5.174124275023359
transition1x,4,130,-5.585488931554007,-5.623701703230328
transition1x,4,133,-5.59124036171643,-5.473439529349504
transition1x,4,134,-5.587296002474033,-5.524971625372701
transition1x,4,135,-5.613094895925231,-5.668328596297312
transition1x,4,137,-5.474423296866383,-5.092543954539526
transition1x,4,138,-5.591154251391146,-5.867956075320811
transition1x,4,139,-5.518684672766516,-5.346699495440139
transition1x,4,142,-5.519656983730248,-5.665886064392743
transition1x,4,143,-5.4859169175823235,-5.420392514510936
transition1x,4,144,-5.600206059749522,-5.509012637143536
transition1x,4,145,-5.6252462623029285,-5.717699177778286
transition1x,4,147,-5.612718986435311,-5.451550807682158
transition1x,4,148,-5.54784756444504,-5.485071217397835
transition1x,4,149,-5.459525709995314,-5.309373994628774
transition1x,4,150,-5.509205491151995,-5.412370749984234
transition1x,4,151,-5.559798057632871,-5.698238666762924
transition1x,4,152,-5.587668864680357,-5.168765395541784
transition1x,4,153,-5.577933669351749,-5.809578040494355
transition1x,4,154,-5.565005089860744,-5.745850795016956
transition1x,4,156,-5.5718401922616305,-5.6966340113043605
transition1x,4,157,-5.561215180269841,-5.615801022270627
transition1x,4,158,-5.4531054691596825,-5.375038692772659
transition1x,4,159,-5.505072290756943,-5.264473711839238
transition1x,4,160,-5.518173347558012,-6.073016489878226
transition1x,4,162,-5.5809147103487575,-5.601161555907183
transition1x,4,165,-5.5155557920936635,-5.741354502308595
transition1x,4,167,-5.54126704124907,-5.513592582056164
transition1x,4,168,-5.552691198214174,-5.488270463157472
transition1x,4,169,-5.441810835807737,-5.510183753868209
transition1x,4,171,-5.5907494785895135,-6.132861625008777
transition1x,4,172,-5.60592888503027,-5.618510608089326
transition1x,4,174,-5.518413311745981,-5.730299684147132
transition1x,4,175,-5.53824350093273,-5.476653618363399
transition1x,4,176,-5.4833707328160415,-5.4467889368082245
transition1x,4,177,-5.5777976176962385,-5.567357332057726
transition1x,4,178,-5.614031446767068,-5.708214618681194
transition1x,4,179,-5.527968019744688,-5.240194861282982
transition1x,4,180,-5.591769829952443,-5.364104727847779
transition1x,4,181,-5.589708491180682,-5.442756597107894
transition1x,4,182,-5.502854546533991,-5.770440915366266
transition1x,4,183,-5.57707367255787,-5.381005452118685
transition1x,4,184,-5.51192971509002,-5.769219815746721
transition1x,4,186,-5.529071794730421,-5.886543684481757
transition1x,4,188,-5.453530082606879,-5.5779995507681654
transition1x,4,189,-5.543997835188803,-5.775230265133861
transition1x,4,190,-5.450050268770879,-5.653597540274536
transition1x,4,191,-5.467862590381842,-5.123672020310347
transition1x,4,195,-5.510976613838403,-5.592908428460874
transition1x,4,196,-5.581764368394161,-5.759767638856115
transition1x,4,197,-5.5522505628150425,-5.47254661925825
transition1x,4,203,-5.6415987040111295,-5.675038247453735
transition1x,4,205,-5.554850828736496,-5.762841249526104
transition1x,4,207,-5.564554292877136,-5.696530798700786
transition1x,4,208,-5.579205820503263,-5.645789313662973
transition1x,4,209,-5.555340053372836,-5.9195941372776195
transition1x,4,210,-5.443845258868918,-5.141001241419998
transition1x,4,211,-5.6883496010766486,-5.774049798151957
transition1x,4,212,-5.4570202835894825,-5.262895990114306
transition1x,4,213,-5.493900608358924,-5.713462384269518
transition1x,4,214,-5.597119405448145,-5.422133870182672
transition1x,4,215,-5.641130304397155,-5.9902213724803195
transition1x,4,216,-5.631886426171315,-5.573966391757949
transition1x,4,218,-5.5469367719493095,-5.658623575212425
transition1x,4,219,-5.527059818651823,-5.639337123515158
transition1x,4,220,-5.524961316753213,-5.792750744293627
transition1x,4,221,-5.5769417901775284,-5.427984329967071
transition1x,4,222,-5.567696383792116,-5.660860248431088
transition1x,4,224,-5.612425548678893,-5.487277374763091
transition1x,4,225,-5.505962585322463,-5.678308253606619
transition1x,4,228,-5.4134318092374025,-4.965582582046392
transition1x,4,229,-5.4014885142328835,-5.001711652431064
transition1x,4,230,-5.575355343878947,-5.3762365843229265
transition1x,4,231,-5.536628697375946,-5.497685287995537
transition1x,4,233,-5.538589408444745,-5.39007262276549
transition1x,4,234,-5.6247011262856565,-5.480713533662718
transition1x,4,235,-5.617703211273162,-5.720619520541313
transition1x,4,236,-5.456838764811416,-5.455292584180629
transition1x,4,237,-5.58936900583416,-5.7180705824965985
transition1x,4,238,-5.580889829282063,-5.700219838268435
transition1x,4,239,-5.6632525310823025,-5.923017678576031
transition1x,4,240,-5.601395108557458,-5.3672035925826975
transition1x,4,241,-5.577941617730272,-5.568407797702504
transition1x,4,242,-5.485962054577821,-5.511006128428111
transition1x,4,243,-5.52975503448819,-5.606804742722101
transition1x,4,244,-5.602904155813153,-5.821575164388754
transition1x,4,246,-5.5820112909243855,-5.63240919755391
transition1x,4,247,-5.433158056579552,-5.215053026631006
transition1x,4,248,-5.48861173092505,-5.406756700494589
transition1x,4,249,-5.510665731300279,-5.665772937291944
transition1x,4,251,-5.506833395802668,-5.601497033624336
transition1x,4,252,-5.527219998314626,-5.601523696286503
transition1x,4,253,-5.584904755422988,-5.612217464257963
transition1x,4,255,-5.423760177824381,-0.1433214174008456
transition1x,4,256,-5.569441780597576,-5.686563992260886
transition1x,4,257,-5.565212907341464,-5.583769235515536
transition1x,4,258,-5.515294124969753,-5.515360393961902
transition1x,4,260,-5.552037691239575,-5.657155713823455
transition1x,4,261,-5.504991470567908,-5.404452847837555
transition1x,4,262,-5.556566340624589,-5.335747345866758
transition1x,4,263,-5.559138708620238,-5.230963292395425
transition1x,4,264,-5.574789681909881,-5.596033460374318
transition1x,4,265,-5.582605735298209,-5.66536196263934
transition1x,4,267,-5.631278144962854,-5.542740975872009
transition1x,4,268,-5.544855318661078,-5.640511637027927
transition1x,4,269,-5.591777476529354,-5.620207314539718
transition1x,4,270,-5.623255295606922,-5.463566920351311
transition1x,4,271,-5.544407764501829,-5.630088368645474
transition1x,4,272,-5.566273095600557,-5.643036943948155
transition1x,4,274,-5.5054529910801016,-5.74657967503597
transition1x,4,275,-5.580745102102972,-5.523259554854505
transition1x,4,277,-5.602294236351523,-5.640488897988681
transition1x,4,278,-5.400026837394943,-5.604535676732382
transition1x,4,279,-5.624938114291495,-5.635785590715271
transition1x,4,280,-5.568283092874388,-5.734583124407034
transition1x,4,283,-5.6370922428462835,-5.927350326633291
transition1x,4,284,-5.541047803991905,-5.755854649165842
transition1x,4,285,-5.583051639280059,-5.417818176915238
transition1x,4,287,-5.418550210331993,-5.416468401680446
transition1x,4,288,-5.555690899066241,-5.670464158827537
transition1x,4,289,-5.578970794412728,-5.691260736178026
transition1x,4,290,-5.49968137791685,-5.560140911532988
transition1x,4,291,-5.648196015282711,-5.588172170633844
transition1x,4,293,-5.543788673791044,-5.868485513883408
transition1x,4,295,-5.547277867608877,-5.500979223673535
transition1x,4,296,-5.548134282091744,-5.523609527464203
transition1x,4,297,-5.481677233388342,-5.5304529524531345
transition1x,4,298,-5.567553977615093,-5.596372966472604
transition1x,4,299,-5.529859231484971,-5.449269106269045
transition1x,4,300,-5.5336339086133695,-5.150555785688131
transition1x,4,301,-5.532980636173256,-5.492696666355073
transition1x,4,302,-5.612964633319442,-5.697039643177721
transition1x,4,303,-5.63076970186696,-5.597681637894321
transition1x,4,304,-5.56636964283547,-5.505223697704933
transition1x,4,306,-5.462028196801911,-5.1154512639416865
transition1x,4,307,-5.565230341400706,-5.631154102695755
transition1x,4,308,-5.517638866353058,-5.584977283606698
transition1x,4,310,-5.493798853001427,-5.491565415335564
transition1x,4,311,-5.44076041198224,-5.8394339950604985
transition1x,4,312,-5.5446477476351985,-5.798882179169754
transition1x,4,314,-5.571651256255166,-5.651905624658636
transition1x,4,315,-5.509398146951084,-5.701310416385786
transition1x,4,316,-5.503558271936872,-5.549187183810974
transition1x,4,317,-5.623560695394821,-5.322650337150257
transition1x,4,318,-5.558440733695898,-5.373399228994537
transition1x,4,322,-5.557218567591033,-5.301425896129006
transition1x,4,323,-5.526865342005529,-5.458536320539783
transition1x,4,324,-5.5800320677953,-5.6272100772315214
transition1x,4,325,-5.600348962966299,-5.3919424305793315
transition1x,4,326,-5.645782681266103,-5.799913387423927
transition1x,4,328,-5.550613644552226,-5.597487126904461
transition1x,4,332,-5.593494191531455,-5.694975723566064
transition1x,4,333,-5.529784281308211,-5.366944802188488
transition1x,4,334,-5.5365879616477995,-5.687697299385488
transition1x,4,336,-5.580021217649319,-5.616503221729817
transition1x,4,338,-5.603034746317222,-5.8298642156737275
transition1x,4,339,-5.494559602530334,-5.4795487727943435
transition1x,4,340,-5.585377843269839,-5.581127413457863
transition1x,4,341,-5.565157225418064,-5.54061577230977
transition1x,4,343,-5.515419247904,-5.715892011835626
transition1x,4,344,-5.549500154198355,-5.567089751528381
transition1x,4,346,-5.461206601201662,-5.341322255288908
transition1x,4,347,-5.564648290226049,-6.062894608288165
transition1x,4,348,-5.519800912488664,-5.792850728586079
transition1x,4,349,-5.444110123968454,-5.607211614286432
transition1x,4,350,-5.449683364861972,-5.53891619944884
transition1x,4,351,-5.557622167964142,-5.740950148824503
transition1x,4,353,-5.520002152277386,-5.665182411161227
transition1x,4,354,-5.522057004826584,-5.250686948227149
transition1x,4,355,-5.530732198159002,-5.607977176534258
transition1x,4,356,-5.556757985841774,-5.295032183614446
transition1x,4,357,-5.517250403169848,-5.248868041913738
transition1x,4,358,-5.5105456736605305,-5.658469687925931
transition1x,4,359,-5.639559999481686,-5.8803516384856955
transition1x,4,360,-5.53484255796811,-5.402858715087489
transition1x,4,361,-5.559008917717734,-5.457122876192186
transition1x,4,362,-5.543920802912445,-5.561729474447584
transition1x,4,364,-5.563591862140123,-5.694349009315007
transition1x,4,366,-5.508464455809099,-5.516081594602939
transition1x,4,370,-5.590478089827772,-5.57810033940832
transition1x,4,371,-5.526532508990909,-5.263875604802395
transition1x,4,372,-5.60484053569683,-5.299867798974231
transition1x,4,373,-5.56323001156618,-5.684994663660407
transition1x,4,374,-5.548617229528993,-5.812656879856664
transition1x,4,375,-5.600512032095241,-5.424012105676866
transition1x,4,376,-5.498635063684852,-5.548025675637713
transition1x,4,377,-5.483676929763865,-5.788204329553262
transition1x,4,378,-5.596435723849427,-5.495150487664568
transition1x,4,381,-5.654689170559306,-5.395845299355241
transition1x,4,382,-5.505496322409419,-5.358083672372923
transition1x,4,383,-5.545532695450627,-5.726652696432641
transition1x,4,385,-5.522794661862467,-5.165950519780868
transition1x,4,386,-5.537357641057368,-5.845089359906251
transition1x,4,387,-5.571507719807822,-5.493003486624331
transition1x,4,388,-5.579327370615762,-5.641612777878404
transition1x,4,389,-5.599359503500423,-5.743977464377623
transition1x,4,390,-5.553781039506226,-5.504735333225325
transition1x,4,391,-5.530741465071266,-5.419106343670884
transition1x,4,392,-5.5598540681905595,-5.407479833288661
transition1x,4,394,-5.489416388736093,-5.713168717324844
transition1x,4,396,-5.555888147669075,-5.575984642526635
transition1x,4,397,-5.568016130532063,-5.73575105714359
transition1x,4,398,-5.549535487351362,-5.427159686493209
transition1x,4,399,-5.620804281168534,-5.484495682129912
transition1x,4,401,-5.575898320224167,-5.748660750955965
transition1x,4,402,-5.482090928854692,-5.494405580321708
transition1x,4,404,-5.514506932481267,-5.648335009043493
transition1x,4,405,-5.545349671946586,-5.574826774353399
transition1x,4,406,-5.5458611146704655,-5.69797728282338
transition1x,4,407,-5.445525855305417,-5.400575555007733
transition1x,4,408,-5.579076433375804,-5.759621262969405
transition1x,4,409,-5.597078707396262,-5.9965376880369226
transition1x,4,410,-5.649297549200642,-5.702076378141135
transition1x,4,411,-5.444321534641241,-5.2942755361253715
transition1x,4,412,-5.318936727049644,-4.844107890127576
transition1x,4,414,-5.568418850525729,-5.45643993481695
transition1x,4,415,-5.636212210009421,-5.419368046768906
transition1x,4,416,-5.532543252089982,-5.568992002768636
transition1x,4,418,-5.595406960471625,-5.5594018700406105
transition1x,4,419,-5.471539106502005,-5.2226779095185485
transition1x,4,420,-5.585361205183208,-5.674476322174575
transition1x,4,422,-5.410627736523202,-5.229602891841574
transition1x,4,423,-5.5173523878866675,-5.1285888064940455
transition1x,4,426,-5.597953200857395,-5.891245275641334
transition1x,4,427,-5.587226664019308,-5.612851187503056
transition1x,4,428,-5.59325126228807,-5.365938962800988
transition1x,4,430,-5.540966035564154,-5.541779350797991
transition1x,4,431,-5.499091507649437,-5.588301776152545
transition1x,4,432,-5.463409175075721,-5.4490043881849495
transition1x,4,433,-5.524606364624895,-5.444943519169251
transition1x,4,434,-5.550364170185901,-5.867841334308394
transition1x,4,435,-5.468616680072548,-5.061813182583717
transition1x,4,436,-5.617355721391789,-5.2956715152683795
transition1x,4,444,-5.57480287112223,-5.772722170382045
transition1x,4,447,-5.430671844020836,-5.491909144257345
transition1x,4,448,-5.567240333921885,-5.573232697515478
transition1x,4,449,-5.517751540307924,-5.539472070207202
transition1x,4,450,-5.449086986571824,-5.448496865133251
transition1x,4,452,-5.581682676427801,-5.568487361275021
transition1x,4,453,-5.516169593179121,-5.90339217429919
transition1x,4,454,-5.645047230171261,-5.518014164279013
transition1x,4,456,-5.569046093769445,-5.123012439096802
transition1x,4,457,-5.566294897278171,-5.659445013846555
transition1x,4,458,-5.524964499861173,-5.508640924238795
transition1x,4,459,-5.601547974899868,-5.441300866842773
transition1x,4,460,-5.583728038176225,-5.617034408738579
transition1x,4,461,-5.625727764305982,-5.2610257903030595
transition1x,4,462,-5.466289663655783,-5.5104759557525185
transition1x,4,464,-5.553353424196801,-5.854769465991264
transition1x,4,465,-5.546681526778707,-5.666122220450113
transition1x,4,468,-5.5726681705332375,-5.557077387264361
transition1x,4,469,-5.570052935997407,-5.547514688899025
transition1x,4,470,-5.450925316179674,-5.1595170935633705
transition1x,4,472,-5.558473777282594,-5.4491245655303215
transition1x,4,473,-5.576205608582877,-5.870937405065079
transition1x,4,474,-5.542849183868944,-5.548414060848791
transition1x,4,475,-5.651861765614909,-5.65038797798179
transition1x,4,476,-5.591825231415935,-5.606119993955995
transition1x,4,477,-5.501994959857042,-5.395894632240011
transition1x,4,478,-5.4255351624446915,-5.604196341878174
transition1x,4,479,-5.546395679415879,-5.476909250836935
transition1x,4,480,-5.5767585628898715,-5.611209512386352
transition1x,4,482,-5.6215786270638475,-5.668959948090597
transition1x,4,483,-5.483984202367818,-6.065719696812629
transition1x,4,486,-5.552293112385161,-5.259531725671342
transition1x,4,487,-5.60580446455822,-5.632022098893556
transition1x,4,488,-5.5710173087799095,-5.681069773289874
transition1x,4,489,-5.555354635977943,-5.42982052762398
transition1x,4,490,-5.593465271830937,-5.841573110463029
transition1x,4,491,-5.559923353237596,-5.456290287895216
transition1x,4,492,-5.524309221635755,-5.498466583331564
transition1x,4,493,-5.445266703255599,-5.44069560512623
transition1x,4,495,-5.497067589733381,-5.052476535536643
transition1x,4,496,-5.585501561049501,-5.527645702528867
transition1x,4,497,-5.519272376166524,-5.536992788808144
transition1x,4,498,-5.58817489969149,-5.500604936818672
transition1x,4,500,-5.4894497659293044,-5.383516650285565
transition1x,4,501,-5.578931320477217,-5.628420158668108
transition1x,4,503,-5.493446429799294,-5.192507568830164
transition1x,4,505,-5.552005129175706,-5.480598748162002
transition1x,4,506,-5.486868150305713,-5.236783924659731
transition1x,4,507,-5.5238788516254775,-5.806197108959884
transition1x,4,508,-5.548056268575842,-5.43508166947116
transition1x,4,510,-5.556221527741394,-5.602396404894847
transition1x,4,511,-5.57125480477854,-5.559718280417845
transition1x,4,512,-5.498547304591805,-5.1320555376569414
transition1x,4,515,-5.468562035320542,-5.49859637305385
transition1x,4,516,-5.532306947503157,-5.3566794654967085
transition1x,4,517,-5.576958679417008,-5.474335654809739
transition1x,4,518,-5.587141501320275,-5.589416896829574
transition1x,4,520,-5.614692463231585,-5.299115558137183
transition1x,4,521,-5.408035380835323,-5.88893302253149
transition1x,4,522,-5.530822650638971,-5.354191844822007
transition1x,4,523,-5.550019104614642,-5.478430680846067
transition1x,4,524,-5.552672194061499,-5.811252441689444
transition1x,4,526,-5.513389105944252,-5.843209045773095
transition1x,4,527,-5.576015283545463,-5.633137719217108
transition1x,4,528,-5.482353588403216,-5.3645061409095725
transition1x,4,533,-5.636639150487937,-5.737520843561175
transition1x,4,534,-5.436713749897176,-5.732345168544107
transition1x,4,535,-5.5706852680048895,-5.6569932723595135
transition1x,4,538,-5.5740688401165635,-5.715655012681623
transition1x,4,540,-5.477700824066426,-5.465322324591039
transition1x,4,541,-5.573824967722401,-5.329681245838228
transition1x,4,543,-5.5242469655793,-5.5549512221725825
transition1x,4,544,-5.416701218149805,-5.3198750130137435
transition1x,4,545,-5.565793554489266,-5.657536314599868
transition1x,4,547,-5.6398418266842825,-5.479398028673454
transition1x,4,548,-5.5967244260642826,-5.570810968488984
transition1x,4,552,-5.560142341975248,-5.5864936316507094
transition1x,4,553,-5.505964630501575,-5.474692472080779
transition1x,4,554,-5.54765725954429,-5.550544206604527
transition1x,4,555,-5.419421156456211,-5.181745078944459
transition1x,4,559,-5.608737118217499,-5.606397728628221
transition1x,4,560,-5.520575243626227,-5.49132301015187
transition1x,4,561,-5.434527713784433,-5.1078957131799845
transition1x,4,562,-5.499550928973519,-5.656236433469887
transition1x,4,563,-5.559319628959631,-5.401748284360798
transition1x,4,565,-5.5604554439504215,-5.523451928957118
transition1x,4,567,-5.524206528767547,-5.764959821078034
transition1x,4,570,-5.522106031556972,-5.7832145804629675
transition1x,4,573,-5.541357299431194,-5.356993376316676
transition1x,4,574,-5.660756156278388,-5.780106160178172
transition1x,4,577,-5.618712097657306,-5.888046084857188
transition1x,4,579,-5.557826182415037,-5.482374260271156
transition1x,4,580,-5.462962358866134,-5.447290565936189
transition1x,4,581,-5.56644755431462,-5.305320631122693
transition1x,4,582,-5.5452992930536045,-5.358765146619235
transition1x,4,587,-5.48012368952103,-5.474106843548719
transition1x,4,588,-5.537227548838496,-5.6977698311453375
transition1x,4,590,-5.568979027182436,-5.623888816630812
transition1x,4,591,-5.606802071685601,-5.54565468760126
transition1x,4,592,-5.580015216395062,-5.696534235690429
transition1x,4,593,-5.557612511218596,-5.589089714171706
transition1x,4,594,-5.575795448526596,-5.565744134318106
transition1x,4,595,-5.599428474734259,-5.563809888346303
transition1x,4,596,-5.607280134651402,-5.65007320971913
transition1x,4,598,-5.628067640546837,-5.724197091623598
transition1x,4,600,-5.5774630330962065,-5.498775181641076
transition1x,4,602,-5.509229449930758,-4.8226727413780095
transition1x,4,605,-5.5588737408833735,-5.66414601636611
transition1x,4,606,-5.576091305430836,-5.297632817070668
transition1x,4,607,-5.570664327668993,-5.480742522799976
transition1x,4,609,-5.567131702949094,-5.32042788205727
transition1x,4,610,-5.590120120203755,-5.665436201254659
transition1x,4,612,-5.622768924023963,-5.389555269953776
transition1x,4,614,-5.57455713135831,-5.550807764842237
transition1x,4,615,-5.579407363668593,-5.455579428829688
transition1x,4,616,-5.561806321878792,-5.849898347926075
transition1x,4,618,-5.585961699570073,-5.869140104816636
transition1x,4,619,-5.459432663907135,-5.33028775500032
transition1x,4,620,-5.572155287982885,-5.872346631338301
transition1x,4,621,-5.54676866116889,-5.520464692739935
transition1x,4,622,-5.6158646577572995,-5.780385683034595
transition1x,4,623,-5.575342946361303,-5.781726595933433
transition1x,4,625,-5.49208000388096,-5.565633895399721
transition1x,4,626,-5.5272047024203514,-5.349928882238269
transition1x,4,627,-5.533289789954094,-5.420557062917014
transition1x,4,628,-5.532449588782976,-5.78247909598974
transition1x,4,629,-5.5675065709619345,-5.629643523802282
transition1x,4,630,-5.64809676112144,-5.800871966083463
transition1x,4,631,-5.625308274738058,-5.555950988566493
transition1x,4,632,-5.534803657567695,-5.609844896494323
transition1x,4,633,-5.565041740654642,-5.589748081698671
transition1x,4,635,-5.552945394962994,-5.65404255055382
transition1x,4,636,-5.580178127389964,-5.6846583524226215
transition1x,4,637,-5.552666099500924,-5.725031630525533
transition1x,4,639,-5.586498286143235,-5.7262125752257935
transition1x,4,640,-5.611092532724311,-5.640736689209191
transition1x,4,641,-5.618833253848314,-5.565530507852319
transition1x,4,642,-5.607954671969339,-5.597172900958605
transition1x,4,643,-5.563793237810887,-5.251143026534819
transition1x,4,645,-5.5296625397650105,-5.64569681876812
transition1x,4,646,-5.599350137822844,-5.591688305063185
transition1x,4,649,-5.4303404053676285,-5.255669667144323
transition1x,4,651,-5.447197428358475,-5.435077558677876
transition1x,4,653,-5.551913534789768,-4.852631830023258
transition1x,4,654,-5.546549283472977,-5.35414833638665
transition1x,4,657,-5.587315372605644,-5.675991548978552
transition1x,4,658,-5.607222375599639,-5.6005150717811985
transition1x,4,659,-5.5688597830227895,-5.284158477033068
transition1x,4,660,-5.5117320157900025,-5.308785505195977
transition1x,4,661,-5.636374231940772,-5.5422421192369455
transition1x,4,662,-5.572596334713007,-5.552892474510751
transition1x,4,663,-5.5339181201862715,-5.569997603584129
transition1x,4,664,-5.579018740045801,-5.717672876705512
transition1x,4,669,-5.675075521669568,-5.609207751843673
transition1x,4,670,-5.595544264422232,-5.713972646111576
transition1x,4,672,-5.437619757748794,-5.125924301216654
transition1x,4,673,-5.554799282710242,-5.543865374721352
transition1x,4,674,-5.547322380928166,-5.458833722434894
transition1x,4,675,-5.556068468279015,-5.532376605919891
transition1x,4,676,-5.561839537392057,-5.447516790705246
transition1x,4,678,-5.511739012213312,-5.5141031463385
transition1x,4,679,-5.584807151804051,-5.471793247240127
transition1x,4,681,-5.624171756370462,-5.617791117883759
transition1x,4,682,-5.544725397272153,-5.482193131145888
transition1x,4,683,-5.453912823834946,-5.409642283381846
transition1x,4,684,-5.654831454144847,-5.680122535155266
transition1x,4,685,-5.548927753320895,-5.855822597628575
transition1x,4,686,-5.576120790936297,-5.772441969575931
transition1x,4,688,-5.562944985548404,-5.779572819824548
transition1x,4,689,-5.575692895378934,-5.826825815704717
transition1x,4,690,-5.529748584095085,-5.677012434373245
transition1x,4,691,-5.462606389230134,-5.328608533715366
transition1x,4,694,-5.57759353409004,-5.80068752901449
transition1x,4,695,-5.479508044841838,-5.284194739682674
transition1x,4,696,-5.462595031739656,-5.36243111986594
transition1x,4,697,-5.5793056190102925,-5.458000733872346
transition1x,4,698,-5.597234131663245,-5.447443987935054
transition1x,4,699,-5.5688402253095,-5.799358465356579
transition1x,4,701,-5.485563248938281,-5.579040219052042
transition1x,4,702,-5.560553659448068,-5.412274295011992
transition1x,4,703,-5.614450180657251,-5.635245708729905
transition1x,4,704,-5.505782917204746,-5.255048457802161
transition1x,4,705,-5.481189427893275,-5.611155984417994
transition1x,4,706,-5.477603715441412,-5.878922833159213
transition1x,4,707,-5.480573499154866,-5.746422985192574
transition1x,4,708,-5.53773795358738,-5.66527299088108
transition1x,4,709,-5.415489350233834,-5.417347752194028
transition1x,4,710,-5.565865587351785,-5.7179328717547655
transition1x,4,711,-5.569874418606615,-5.497057906096066
transition1x,4,712,-5.494968226049345,-5.278995298632123
transition1x,4,713,-5.533451634673495,-5.650069340308562
transition1x,4,714,-5.479140709074613,-5.710713766135034
transition1x,4,715,-5.489090779799984,-5.592514874093006
transition1x,4,716,-5.474103193912846,-5.534870790397062
transition1x,4,719,-5.532428295799258,-5.643134202592333
transition1x,4,721,-5.588295665729562,-5.672362391824455
transition1x,4,722,-5.554057431387564,-5.866080708987007
transition1x,4,723,-5.637286566876601,-5.64448216577072
transition1x,4,724,-5.615054119061847,-5.5684854075823
transition1x,4,725,-5.598112056689304,-5.691539174747969
transition1x,4,727,-5.55696129516559,-5.587760630902718
transition1x,4,728,-5.489139010490382,-5.489799594258693
transition1x,4,729,-5.45482726546773,-5.621765976493329
transition1x,4,730,-5.592369163075027,-5.432458038819072
transition1x,4,731,-5.561475603640921,-5.380270109521622
transition1x,4,732,-5.575663779287868,-5.478141266935232
transition1x,4,733,-5.54497771143961,-5.575080380564813
transition1x,4,737,-5.465998021229948,-5.640073349326543
transition1x,4,738,-5.562297053310391,-5.7302669367387855
transition1x,4,740,-5.572506793195593,-5.274716119746098
transition1x,4,742,-5.572876003810217,-5.910146779362506
transition1x,4,746,-5.465438528568286,-5.608810882428293
transition1x,4,747,-5.557682785806026,-5.646414363153823
transition1x,4,748,-5.606109381067846,-5.7367360083609205
transition1x,4,750,-5.546766497902901,-5.489142528846862
transition1x,4,751,-5.587195679439277,-5.596848352366224
transition1x,4,752,-5.562828817640847,-5.546429498872447
transition1x,4,753,-5.503859316991201,-5.243610279413697
transition1x,4,754,-5.584820913442883,-5.596569514973089
transition1x,4,755,-5.582868131097049,-5.382587035003163
transition1x,4,757,-5.551700451082667,-5.482041540033093
transition1x,4,758,-5.558285113989966,-5.7308869901038015
transition1x,4,759,-5.553256132857776,-5.746076925284985
transition1x,4,760,-5.590720846772291,-5.578349542293499
transition1x,4,761,-5.503502004530447,-5.739383117699844
transition1x,4,762,-5.4925884715680775,-5.306663734089606
transition1x,4,763,-5.4845862921066075,-5.25427712466929
transition1x,4,764,-5.573170772304123,-5.441774299404771
transition1x,4,765,-5.4867495202389955,-5.285659112999051
transition1x,4,766,-5.551268043114132,-5.8405903877650225
transition1x,4,768,-5.587003382056905,-5.540775342735641
transition1x,4,769,-5.499234134787726,-5.774280685218963
transition1x,4,770,-5.599178937776257,-5.208252266684859
transition1x,4,774,-5.5258433742082005,-5.4496489171222855
transition1x,4,777,-5.4621500394279225,-5.315146745021908
transition1x,4,778,-5.53866163860351,-5.333756185454402
transition1x,4,780,-5.545180693608373,-5.499361507065633
transition1x,4,781,-5.594310921270592,-5.539054964445144
transition1x,4,782,-5.505243944081154,-5.342571436257845
transition1x,4,783,-5.595832876895737,-5.518715666014611
transition1x,4,785,-5.5499916902753,-5.426595048522934
transition1x,4,786,-5.600017455332494,-5.7411430406225445
transition1x,4,787,-5.4573354699793715,-5.462095881345265
transition1x,4,789,-5.469577554716112,-5.269051743254152
transition1x,4,791,-5.560053067087236,-5.672359938036754
transition1x,4,792,-5.583202258111176,-5.883669230179589
transition1x,4,794,-5.537226630416693,-5.1511929552434745
transition1x,4,795,-5.575123537109629,-5.613940262099035
transition1x,4,796,-5.577316011595735,-5.425229837774994
transition1x,4,798,-5.536551961404007,-5.620893572632062
transition1x,4,799,-5.533333247854279,-5.240737885894021
transition1x,4,801,-5.5228416806958025,-5.451489329501248
transition1x,4,802,-5.54597204125816,-5.677538227404097
transition1x,4,803,-5.586460501815541,-5.52551954992492
transition1x,4,804,-5.595697804597696,-5.65953294085149
transition1x,4,805,-5.620855363452946,-5.408151053109095
transition1x,4,806,-5.554496219079005,-5.473057320638608
transition1x,4,807,-5.600309002329443,-5.704052902111385
transition1x,4,809,-5.581125055747691,-5.472904715996115
transition1x,4,810,-5.532125933430563,-5.622566413862715
transition1x,4,811,-5.647820441853034,-6.015399184497709
transition1x,4,812,-5.556534205220056,-5.214234353867428
transition1x,4,813,-5.604123682163701,-5.568347942386029
transition1x,4,814,-5.496891080693875,-5.46242092785674
transition1x,4,815,-5.415373400320251,-5.876078595302442
transition1x,4,817,-5.575951525647853,-5.607838674860481
transition1x,4,820,-5.599844254951201,-5.307484086298878
transition1x,4,824,-5.516155145921852,-5.515971670532086
transition1x,4,825,-5.4809840112998875,-5.334949810242895
transition1x,4,826,-5.5298646105151,-5.351824529472025
transition1x,4,827,-5.547646479633537,-5.4975841244205
transition1x,4,828,-5.568003314739084,-5.441837965137615
transition1x,4,829,-5.5442434629815915,-5.503549713462846
transition1x,4,830,-5.542560260486754,-5.786680759517861
transition1x,4,831,-5.5222829680441725,-5.262517925879496
transition1x,4,832,-5.575246664561511,-5.8342539711311625
transition1x,4,833,-5.572954928612483,-5.646858559176609
transition1x,4,834,-5.6304766689936505,-5.944836487087039
transition1x,4,835,-5.555286000765009,-5.680018211616428
transition1x,4,836,-5.527139793090071,-5.688812262608246
transition1x,4,837,-5.56626100971734,-5.683346586694132
transition1x,4,838,-5.47574186411938,-5.6043668684049885
transition1x,4,839,-5.603314459973535,-5.481432223704239
transition1x,4,840,-5.593898458246661,-5.3499578731507125
transition1x,4,841,-5.5846344238595,-5.707105193098557
transition1x,4,842,-5.619522640096471,-5.499728577521439
transition1x,4,844,-5.565112290656049,-5.66345859949165
transition1x,4,845,-5.41455473508149,-5.358781256982423
transition1x,4,847,-5.567882644610479,-5.62194432710356
transition1x,4,848,-5.571309247703256,-5.7593142021970065
transition1x,4,850,-5.396808691156578,-5.261759860401784
transition1x,4,852,-5.510085025616886,-5.314377320552908
transition1x,4,854,-5.5838346012493885,-5.136939912394235
transition1x,4,855,-5.573306448416679,-5.4720213942060365
transition1x,4,856,-5.598693386570912,-5.782404556456264
transition1x,4,858,-5.574991797609281,-5.699664604685823
transition1x,4,859,-5.517212798275966,-5.42967050180401
transition1x,4,860,-5.530442247232761,-5.474759274051943
transition1x,4,861,-5.5955852721266455,-5.6535206528829125
transition1x,4,862,-5.493513769760623,-5.602422762860516
transition1x,4,863,-5.490925290956169,-5.1274464854019675
transition1x,4,864,-5.631709533798618,-5.895540976610755
transition1x,4,865,-5.562817222431274,-5.698380460760451
transition1x,4,866,-5.620033755664764,-5.729321223305603
transition1x,4,867,-5.602234707154134,-5.218570755445462
transition1x,4,868,-5.5974033493069255,-5.657943426784202
transition1x,4,869,-5.51173616257153,-5.405818699463255
transition1x,4,872,-5.560952959643583,-5.759539602958996
transition1x,4,873,-5.475684825128959,-5.580528036277133
transition1x,4,874,-5.634905245860012,-5.645617009013574
transition1x,4,875,-5.605931778489658,-5.682432251654352
transition1x,4,877,-5.544563995453067,-5.468582990524472
transition1x,4,878,-5.406830644418569,-5.294267088211703
transition1x,4,879,-5.499360558560473,-5.073974475848097
transition1x,4,881,-5.627455103053736,-5.490852061622178
transition1x,4,885,-5.5302239583169195,-5.6221564107261255
transition1x,4,888,-5.625547659931433,-5.721573971158471
transition1x,4,891,-5.431121999010571,-5.675147713900826
transition1x,4,895,-5.5853556859526625,-5.406387903100295
transition1x,4,896,-5.4221280277526915,-5.191539412056308
transition1x,4,897,-5.591149955950703,-5.5636121646279975
transition1x,4,899,-5.518192866876586,-5.4957816506710735
transition1x,4,900,-5.579343056906137,-5.603950397252912
transition1x,4,901,-5.596870253080651,-5.322314807722638
transition1x,4,902,-5.580950271705216,-5.604176936831572
transition1x,4,903,-5.559523020385019,-5.423951511101371
transition1x,4,904,-5.572231644917126,-5.414395381482558
transition1x,4,905,-5.541165070855609,-5.536226191169889
transition1x,4,906,-5.588593377089358,-5.393395008939022
transition1x,4,907,-5.540660785019843,-5.709531625170102
transition1x,4,908,-5.543300054577547,-5.571118368875035
transition1x,4,909,-5.537123573751439,-5.727943945373417
transition1x,4,910,-5.546826117571869,-5.608245392744647
transition1x,4,911,-5.531426655951567,-5.517296350655755
transition1x,4,912,-5.43833971138443,-5.003789784113129
transition1x,4,913,-5.556202747492513,-5.504212311052938
transition1x,4,914,-5.541339747744846,-5.406379859243986
transition1x,4,915,-5.544920224338148,-5.574684980624164
transition1x,4,916,-5.503667111462841,-5.631223093735876
transition1x,4,917,-5.598052521920711,-5.459298641870488
transition1x,4,918,-5.617492061624129,-5.563673617809082
transition1x,4,920,-5.595125279209891,-5.635404893137516
transition1x,4,923,-5.511812268357984,-5.717887991128807
transition1x,4,924,-5.580225999661262,-5.554951259909003
transition1x,4,925,-5.622115736172026,-5.499881186381053
transition1x,4,926,-5.513705335317091,-5.570652464928232
transition1x,4,928,-5.497028839578938,-5.26819462032761
transition1x,4,931,-5.5731235364674605,-5.647579849660118
transition1x,4,932,-5.465343230480112,-5.61485322689401
transition1x,4,933,-5.552846855739225,-5.353685460693467
transition1x,4,934,-5.510661705610535,-5.6130678881335445
transition1x,4,935,-5.648508024107184,-5.828277634414241
transition1x,4,936,-5.574987679911287,-5.1898285667745245
transition1x,4,937,-5.566924902185225,-5.3455905824758325
transition1x,4,938,-5.491733131957603,-5.529841148049099
transition1x,4,939,-5.50642759215573,-5.401384597042134
transition1x,4,940,-5.550803313557257,-5.707666409848397
transition1x,4,941,-5.534401184408174,-5.547370486316623
transition1x,4,942,-5.4001000028846455,-5.623543284240356
transition1x,4,943,-5.59780081251464,-5.5282669640702204
transition1x,4,944,-5.62158082365401,-5.470562845405297
transition1x,4,945,-5.604209778997018,-5.763021532100866
transition1x,4,946,-5.467084089050658,-5.576945964196483
transition1x,4,949,-5.5784303561737225,-5.739286522280627
transition1x,4,950,-5.606075861724197,-5.659391664267589
transition1x,4,951,-5.590304007091321,-5.936520428785521
transition1x,4,952,-5.616910047887524,-5.546426777690732
transition1x,4,953,-5.5763246754456235,-5.833118103019526
transition1x,4,954,-5.478754776775289,-5.774916824198574
transition1x,4,955,-5.6542769443068295,-5.801200049208473
transition1x,4,956,-5.522764255010497,-5.402761667084221
transition1x,4,957,-5.541027703159066,-5.539692799907037
transition1x,4,958,-5.59849186719517,-5.64998812423145
transition1x,4,959,-5.540442272234442,-5.23690473104943
transition1x,4,960,-5.445921284653109,-5.773480475334392
transition1x,4,962,-5.586180527155688,-5.858024717049033
transition1x,4,964,-5.600515667163245,-5.658685456902764
transition1x,4,965,-5.468069486178224,-5.414060132873863
transition1x,4,966,-5.505964165246339,-5.363302611736874
transition1x,4,967,-5.507629850103613,-5.656574997073423
transition1x,4,968,-5.582874975591112,-5.785302603452875
transition1x,4,970,-5.583313847198662,-5.695945991768242
transition1x,4,971,-5.523620998325478,-5.474919018749973
transition1x,4,975,-5.64085639466686,-5.586839612586272
transition1x,4,976,-5.607031731732303,-5.865050077176427
transition1x,4,977,-5.591687896609909,-5.32536699602938
transition1x,4,978,-5.514375255402615,-5.622635342347765
transition1x,4,980,-5.547569413753804,-5.469666203657502
transition1x,4,981,-5.605197521106929,-5.812814140496673
transition1x,4,983,-5.411679567648384,-5.63229154523906
transition1x,4,984,-5.530856315408323,-5.509554022201656
transition1x,4,985,-5.588572158592542,-5.527975287050478
transition1x,4,986,-5.5783816813508365,-5.591170677346312
transition1x,4,988,-5.6021718354401875,-5.773798481826161
transition1x,4,989,-5.563216907343466,-5.747625993712873
transition1x,4,991,-5.450417688341327,-5.816951780025933
transition1x,4,992,-5.630158454640749,-5.44786618178185
transition1x,4,993,-5.572602332168673,-5.627937553838674
transition1x,4,996,-5.58923124020042,-5.587012663327746
transition1x,4,997,-5.570349587917115,-5.3708996906017115
transition1x,4,998,-5.55476080635754,-5.889142819392917
transition1x,4,999,-5.465454100688994,-5.715902150876886
