dataset,index,formula,n_atoms,raw,translation,rigid,tangent_error,normal_error,ref_normal
ani_1x_tz,0,C4H5N3O1,13,0.5786073097475849,0.5786073097475722,0.5786055119009473,0.5786053203039183,1.9894436665738294e-06,1.9159702885067991e-07
ani_1x_tz,1,C9H18N2O4,33,2.2929476344305852,2.292947634430575,2.292943974338538,2.2929438070050114,3.827425574434656e-06,1.673335272370952e-07
ani_1x_tz,2,C5H8N2O1,16,0.4283428755037015,0.42834287550364214,0.42834249433379734,0.4283424471563232,4.2834737840292586e-07,4.717747416183277e-08
ani_1x_tz,3,C6H12N2,20,0.7105332366849073,0.7105332366848964,0.7105170674299752,0.7105166658857773,1.657079913011657e-05,4.0154419827519387e-07
ani_1x_tz,4,C13H18N2O5,38,2.81935973094831,2.819359730948269,2.8193574531333234,2.819357435833549,2.2951147605242253e-06,1.729977394149465e-08
ani_1x_tz,5,C5H14N6O1,26,1.4954079134162654,1.49540791341624,1.4954062284016214,1.4954062011144493,1.712301816609965e-06,2.7287172168483578e-08
ani_1x_tz,6,C4H9N3O1,17,0.7268578513672282,0.7268578513672007,0.7268570930231235,0.7268570141964642,8.371707640274817e-07,7.882665941404285e-08
ani_1x_tz,7,C5H4,9,1.4145411283635476,1.414541128363531,1.414538293067464,1.4145382427800897,2.885583458051741e-06,5.02873739250435e-08
ani_1x_tz,8,H4O2,6,1.0929989161234561,1.0929989161234306,1.0929985678067804,1.0929983317345462,5.843889099735022e-07,2.360722339896447e-07
ani_1x_tz,9,C2H5N5O1,13,1.5169970975895293,1.5169970975895173,1.5169941120212573,1.5169940166411298,3.0809483993686088e-06,9.538012719245353e-08
ani_1x_tz,10,C9H6N2O2,19,0.9019711211833623,0.9019711211833581,0.9019700004397561,0.9019697806206496,1.3405627127594734e-06,2.1981910687763223e-07
ani_1x_tz,11,C11H22N2O3,38,2.0884789670430397,2.0884789670430184,2.088476961889515,2.088476896482478,2.070560561571822e-06,6.540703764262791e-08
ani_1x_tz,12,C3H2N2O2,9,1.6499396339179915,1.6499396339179193,1.6499393979042745,1.649939371947974,2.61970017142101e-07,2.5956300693563915e-08
ani_1x_tz,13,C7H8O1,16,1.3011897472935567,1.3011897472935283,1.3011849722570794,1.3011849564622469,4.790831310126956e-06,1.5794832624425958e-08
ani_1x_tz,14,C2H4N2O2,10,1.4207022921491048,1.4207022921490902,1.4206941294704447,1.4206940728725599,8.219276544828853e-06,5.659788485235e-08
ani_1x_tz,15,C1H1N3O1,6,0.9463254984606322,0.9463254984606074,0.9463176241783275,0.9463170424129078,8.45604772424068e-06,5.817654197409043e-07
ani_1x_tz,16,C4H3N3,10,1.4611258637535114,1.4611258637535036,1.4611257422616586,1.4611256991571362,1.6459637518740044e-07,4.310452225477454e-08
ani_1x_tz,17,C3H5N1,9,1.7454784751290142,1.7454784751289736,1.7454588306304963,1.74545878271222,1.9692416793950756e-05,4.7918276492246886e-08
ani_1x_tz,18,C11H12N2O1,26,1.4195756663257573,1.419575666325748,1.4195738164346903,1.4195737762164375,1.8901093199629222e-06,4.021825300241823e-08
ani_1x_tz,19,C5H9N1O2,17,1.169208260452545,1.1692082604525318,1.1692068981238704,1.1692068886730742,1.371779470578049e-06,9.450797112735646e-09
ani_1x_tz,20,C4H7N3O1,15,1.4939118328374863,1.4939118328374756,1.4939114933909428,1.4939113621205842,4.707169020709851e-07,1.3127035851205157e-07
ani_1x_tz,21,C4H6O1,11,0.6730790605358414,0.6730790605358279,0.6730748742147303,0.6730746485493934,4.411986448051679e-06,2.2566533711256897e-07
ani_1x_tz,22,C4H6N2O2,14,0.5412024975341777,0.5412024975341673,0.5411964577399236,0.5411964316854138,6.065848763913147e-06,2.6054509848822314e-08
ani_1x_tz,23,C5H6O3,14,0.7258911028896087,0.7258911028896036,0.7258905226488789,0.7258903164007856,7.86488823050813e-07,2.0624809345382088e-07
ani_1x_tz,24,C3H10N2,15,0.8415585821502484,0.8415585821502394,0.8415469878383147,0.84154693124608,1.1650904168490537e-05,5.659223486344681e-08
ani_1x_tz,25,C4H3N3O1,11,2.1540578212582027,2.1540578212581956,2.154054628192334,2.1540546073069735,3.213951228706468e-06,2.0885360034060658e-08
ani_1x_tz,26,C9H10N2O1,22,5.18844966202398,5.188449662023851,5.188447873899396,5.188447749309421,1.9127145580283616e-06,1.245899816020681e-07
ani_1x_tz,27,H4O2,6,1.0551547204706546,1.0551547204706413,1.0551547175404723,1.0551538082207235,9.12249931211051e-07,9.093197488291855e-07
ani_1x_tz,28,C6H10N2,18,0.7535201528386453,0.7535201528386124,0.753516345080999,0.7535159371411645,4.215697480870616e-06,4.079398348799063e-07
ani_1x_tz,29,C3H7N1O1,12,0.9149289118472812,0.9149289118472209,0.9149275747944896,0.9149274840104349,1.4278368461588042e-06,9.07840548537305e-08
ani_1x_tz,30,C3H6N2O2,13,1.1003059907037687,1.1003059907037573,1.1003042843204902,1.1003041694232194,1.8212805491402681e-06,1.1489727072967146e-07
ani_1x_tz,31,C2H6N4O1,13,1.7442589490097664,1.7442589490097145,1.7442588199801015,1.7442587302732948,2.187364710020544e-07,8.970680597943501e-08
ani_1x_tz,32,C5H6N2O1,14,0.8149714333438951,0.8149714333438898,0.8149694213245116,0.8149690695063228,2.36383757230327e-06,3.5181818873470704e-07
ani_1x_tz,33,C2H6N4O1,13,1.9706867551707303,1.9706867551707012,1.970684905281211,1.9706846848620758,2.0703086544758984e-06,2.2041913657600287e-07
ani_1x_tz,34,C4H9N1O1,15,0.813084459797893,0.813084459797843,0.8130841082935646,0.8130839736054384,4.861924545577832e-07,1.3468812643109583e-07
ani_1x_tz,35,C4H4N2O2,12,0.7776182605322438,0.7776182605322131,0.7776114725583636,0.7776112832812059,6.97725103800696e-06,1.8927715766632214e-07
ani_1x_tz,36,C10H14N4O5,33,2.7227849801937998,2.7227849801937527,2.7227846307154167,2.7227846300304313,3.501633682373717e-07,6.849852796719126e-10
ani_1x_tz,37,C3H3N3O2,11,2.4781351387099924,2.478135138709925,2.478133463562966,2.47813338791997,1.7507900231121287e-06,7.564299649196977e-08
ani_1x_tz,38,C4H9N1O1,15,1.9666865213565219,1.9666865213564975,1.9666849140721145,1.9666848893561057,1.6320004156198843e-06,2.4716010155063252e-08
ani_1x_tz,39,C2H1N3O2,8,2.839685375063951,2.8396853750639317,2.8396722411249433,2.839672003297429,1.3371766522055232e-05,2.3782751346199356e-07
ani_1x_tz,40,C4H7N5O3,19,1.5081574011663856,1.508157401166378,1.5081550788989224,1.5081549636056808,2.4375607046024407e-06,1.152932413085953e-07
ani_1x_tz,41,C10H18N2O5,35,2.754525273695171,2.7545252736951116,2.7545240274269074,2.754523993003133,1.2806920382742525e-06,3.4423774491097274e-08
ani_1x_tz,42,C5H6N2O1,14,1.485773980215665,1.485773980215655,1.4857732747874355,1.4857731938395475,7.863761175042222e-07,8.094788768085397e-08
ani_1x_tz,43,C5H5N3,13,0.4230312227780513,0.4230312227780276,0.4230058677410875,0.4230057903037485,2.543247430270499e-05,7.743733897406693e-08
ani_1x_tz,44,C5H11N3,19,0.9539113309400803,0.9539113309400572,0.9539102511149953,0.9539101415249853,1.1894150947978747e-06,1.0959000991005826e-07
ani_1x_tz,45,C5H13N1O1,20,1.0249742309903325,1.0249742309902867,1.0249727579395016,1.0249726725508934,1.5584394393849682e-06,8.538860844716592e-08
ani_1x_tz,46,C4H7N1O2,14,1.3792229019069755,1.3792229019069617,1.3792153719784774,1.379215304706999,7.597199976511267e-06,6.727147771507975e-08
ani_1x_tz,47,C1H2O2,5,0.4037776773541969,0.40377767735413767,0.403773751075209,0.4037733664247459,4.310929450982904e-06,3.846504627326635e-07
ani_1x_tz,48,C5H11N1O2,19,0.6899084058728985,0.6899084058728947,0.6899080152690177,0.6899080106764731,3.951964252196037e-07,4.592544720137259e-09
ani_1x_tz,49,C3H6N2O3,14,0.9611784855662022,0.9611784855661772,0.9611779639317122,0.9611779360227508,5.495434513562344e-07,2.7908961117902658e-08
ani_1x_tz,50,C11H22N2,35,0.890295001727787,0.8902950017277765,0.8902925997130852,0.8902924723150611,2.5294127257847385e-06,1.2739802416988825e-07
ani_1x_tz,51,C1H5N3O2,11,1.5999521823566347,1.5999521823566285,1.599950689787657,1.5999506145778228,1.5677788116374187e-06,7.520983317838469e-08
ani_1x_tz,52,C6H11N1O1,19,0.5203533310816646,0.5203533310816442,0.5203505540756876,0.5203504806089114,2.850472753115901e-06,7.346677602299624e-08
ani_1x_tz,53,C3H7N5,15,0.7472811002824884,0.7472811002824199,0.7472788996935186,0.7472788045792809,2.295703207509234e-06,9.511423774150912e-08
ani_1x_tz,54,C5H9N3O2,19,1.6141629821070347,1.614162982107026,1.6141622590935327,1.6141621909712867,7.911357482818452e-07,6.812224616666466e-08
ani_1x_tz,55,C10H13N1,24,3.455383143049306,3.455383143049188,3.4553821372914255,3.45538196230351,1.180745796886099e-06,1.7498791438689417e-07
ani_1x_tz,56,C5H5N3,13,0.6407743629972765,0.6407743629972651,0.6407730463159375,0.6407730338758364,1.3291214400736522e-06,1.2440101146153824e-08
ani_1x_tz,57,C5H6N2,13,0.6115314880040145,0.611531488003997,0.6115262220351411,0.6115259655196511,5.522484363306456e-06,2.5651548979877475e-07
ani_1x_tz,58,C4H9N1,14,0.3773162667277964,0.37731626672773927,0.3773131677660437,0.377313109289316,3.1574384804264856e-06,5.847672767138039e-08
ani_1x_tz,59,C3H7N3,13,0.7935036352211239,0.7935036352211186,0.7935006066298619,0.7935005244200248,3.1108010988047e-06,8.220983699400429e-08
ani_1x_tz,60,C3H5N3O2,13,0.9568225874670429,0.9568225874670322,0.9568154973568956,0.9568152192321779,7.3682348649729515e-06,2.781247176626859e-07
ani_1x_tz,61,C2H3N3O1,9,1.7565677910208337,1.756567791020817,1.7565671225371213,1.756566904882547,8.861382871954472e-07,2.1765457487414355e-07
ani_1x_tz,62,C3H3N3O2,11,1.4877790362249796,1.4877790362249528,1.4877742003913286,1.4877740718415178,4.964383462038683e-06,1.2854981094594336e-07
ani_1x_tz,63,C7H9N1,17,1.0729652563177874,1.0729652563177796,1.0729627408894227,1.0729626958012823,2.5605165049782024e-06,4.508814018872834e-08
ani_1x_tz,64,C4H8N4,16,0.594476563222328,0.5944765632223191,0.5944749679661689,0.5944749633445112,1.5998778167777773e-06,4.6216574316528966e-09
ani_1x_tz,65,C10H21N5O4,40,2.844383876875688,2.8443838768756766,2.844381849934274,2.8443818191752217,2.0577004662447582e-06,3.0759052266654225e-08
ani_1x_tz,66,C4H9N3O1,17,2.0779367374120636,2.077936737412042,2.077935158146501,2.077935019205164,1.718206898859991e-06,1.389413373868191e-07
ani_1x_tz,67,C4H8N2O1,15,0.4957538454381935,0.4957538454381743,0.4957504952968088,0.495750392410632,3.4530275613973043e-06,1.0288617664257369e-07
ani_1x_tz,68,C4H9N1,14,0.5039878250106221,0.5039878250106168,0.5039692360631409,0.5039691401163793,1.8684894242933015e-05,9.594676180346309e-08
ani_1x_tz,69,C6H9N1O1,17,1.1154962625968683,1.1154962625968463,1.115493153578108,1.1154931191614634,3.143435404862338e-06,3.441664429023984e-08
ani_1x_tz,70,C4H6N4,14,3.3103361991108775,3.3103361991108287,3.31033457858811,3.310334562588002,1.636522874545997e-06,1.6000106505637765e-08
ani_1x_tz,71,C3H9N3O2,17,1.7628332011510095,1.7628332011509755,1.7628285968806199,1.7628284430975492,4.7580534604844575e-06,1.537830709749091e-07
ani_1x_tz,72,C4H7N1O3,15,0.48391285280497864,0.4839128528049685,0.48390569736048505,0.4839056762299119,7.176575066862302e-06,2.113057322349781e-08
ani_1x_tz,73,C2H5N3O3,13,1.98405012018457,1.984050120184535,1.9840445309774324,1.9840443837367763,5.736447794356141e-06,1.4724065620626722e-07
ani_1x_tz,74,C1O1,2,8.60227844740302,8.60227844740302,8.60227844740302,8.60227844740302,0.0,0.0
ani_1x_tz,75,C7H10O1,18,0.3640284962633099,0.3640284962632681,0.36402577086163906,0.3640257212693553,2.774993954627425e-06,4.95922838327083e-08
ani_1x_tz,76,C3H6N4O1,14,1.198912041953229,1.1989120419532031,1.1989095324056425,1.1989094612033655,2.580749863928973e-06,7.120227688900936e-08
ani_1x_tz,77,C5H7N1O2,15,1.343454079820965,1.343454079820902,1.3434431826781736,1.343443065249089,1.101457187609358e-05,1.1742908441028055e-07
ani_1x_tz,78,C4H9N1,14,0.29874168929666756,0.29874168929666767,0.29873902710681555,0.2987389675560791,2.721740588532914e-06,5.955073643509184e-08
ani_1x_tz,79,C4H6N2O2,14,2.3995663159616685,2.39956631596161,2.3995642405795246,2.399564201530418,2.114431250128229e-06,3.90491067587074e-08
ani_1x_tz,80,C3H3N1O3,10,1.8200287289518977,1.8200287289518902,1.820026020036989,1.8200259114546826,2.8174972150376852e-06,1.0858230643423275e-07
ani_1x_tz,81,C3H3N5,11,2.5199166817825414,2.5199166817825063,2.5199127959479997,2.5199124584206034,4.223361937703011e-06,3.3752739516793646e-07
ani_1x_tz,82,C5H9N3,17,0.5901955330978211,0.5901955330977681,0.5901912535296832,0.5901908306921436,4.702405677470642e-06,4.2283753933245944e-07
ani_1x_tz,83,C7H13N3O5,28,1.792842587607473,1.7928425876074356,1.7928423860054834,1.7928423479093252,2.3969814787639054e-07,3.809615845507099e-08
ani_1x_tz,84,C5H8N2O1,16,0.6359101123293924,0.6359101123293494,0.6359098934963067,0.6359098289459024,2.8338349008030936e-07,6.455040432605098e-08
ani_1x_tz,85,C9H7N1O1,18,0.5782367154762138,0.5782367154762061,0.578233326727471,0.5782332028151326,3.51266108096684e-06,1.2391233815513502e-07
ani_1x_tz,86,C5H9N1,15,0.8743003176540959,0.8743003176540959,0.8742991392808948,0.8742991038809803,1.2137731155070527e-06,3.53999144605601e-08
ani_1x_tz,87,C6H7N1O1,15,2.1783881827340736,2.178388182734069,2.178385862792217,2.178385766823744,2.4159103297443867e-06,9.596847155296989e-08
ani_1x_tz,88,C4H6N2O1,13,0.5673148768167731,0.5673148768167388,0.5673134283697813,0.5673133312176342,1.5455991389754882e-06,9.715214748458224e-08
ani_1x_tz,89,C4H4N4,12,2.2623912182051082,2.262391218205052,2.262387769814028,2.262387757293085,3.460912023362185e-06,1.2520942718507207e-08
ani_1x_tz,90,C6H8N2O1,17,4.359790389617365,4.359790389617339,4.359788360869779,4.359788329902371,2.0597149950045768e-06,3.096740785303628e-08
ani_1x_tz,91,C4H6O4,14,1.5619855241884062,1.5619855241884,1.561979234694189,1.561979199911926,6.32427648025924e-06,3.478226316918523e-08
ani_1x_tz,92,C4H7N3O2,16,1.724053024018146,1.7240530240181364,1.7240518486920335,1.7240518074271227,1.2165910234086494e-06,4.12649111450721e-08
ani_1x_tz,93,C4H6N2O1,13,0.6300577153395241,0.6300577153394904,0.6300571260038408,0.6300570482185239,6.671210000381748e-07,7.778531684361701e-08
ani_1x_tz,94,C4H6N2O1,13,0.6090832589315855,0.6090832589315669,0.6090828613781342,0.6090827397523048,5.191792806854551e-07,1.2162582973986416e-07
ani_1x_tz,95,C4H8O2,14,0.6052621019779397,0.6052621019779301,0.6052530279509514,0.6052528682148454,9.233763094365406e-06,1.5973610583557937e-07
ani_1x_tz,96,C3H2N2O3,10,0.6653529953170121,0.6653529953170045,0.6653527103190483,0.6653526808772773,3.1443973473856386e-07,2.9441771485364182e-08
ani_1x_tz,97,C3H5N1O1,10,0.5062948649654095,0.5062948649653959,0.506294450026125,0.506294441988939,4.229764705683566e-07,8.03718593476816e-09
ani_1x_tz,98,C2H3N1O2,8,0.5400660983820793,0.5400660983820708,0.5400648530277438,0.5400648220658553,1.2763162240392836e-06,3.096188856214691e-08
ani_1x_tz,99,C9H9N1O1,20,0.7754492062857563,0.7754492062857229,0.7754467650727138,0.7754467564941565,2.4497915998475034e-06,8.578557429899111e-09
ani_1x_tz,100,C3H7N5,15,0.9309924773668751,0.9309924773668645,0.9309904031812037,0.9309903506321878,2.1267346873258926e-06,5.254901605839271e-08
ani_1x_tz,101,C4H8O2,14,0.9544763077690002,0.9544763077689895,0.9544755808316119,0.954475340133928,9.676350721404734e-07,2.406976841354947e-07
ani_1x_tz,102,C3H6N4O1,14,1.0557935711966384,1.055793571196585,1.0557894090374285,1.0557893301256653,4.241070973206442e-06,7.891176298023746e-08
ani_1x_tz,103,C4H5N3O1,13,1.9085460048574665,1.9085460048574607,1.9085427665073555,1.9085427199027047,3.2849547617415037e-06,4.660465099064241e-08
ani_1x_tz,104,C2H3N5O1,11,1.869787627034437,1.8697876270344294,1.8697790156614547,1.8697788805458033,8.746488633937397e-06,1.3511565124114518e-07
ani_1x_tz,105,C3H1N3O2,9,4.182532240885584,4.182532240885568,4.1825300616219225,4.182529890148652,2.3507369320728003e-06,1.7147326859339955e-07
ani_1x_tz,106,C2H3N3O2,10,1.238490906369578,1.2384909063695324,1.238489458813261,1.2384893088736124,1.5974959658585912e-06,1.4993964883137385e-07
ani_1x_tz,107,C8H6,14,1.5373956594480134,1.5373956594479858,1.5373932861651582,1.5373932601003373,2.399347675734791e-06,2.6064819541028902e-08
ani_1x_tz,108,C11H21N5O5,42,3.1259699305978956,3.1259699305978668,3.125967331050137,3.125967298661,2.631936895590154e-06,3.238913669313982e-08
ani_1x_tz,109,C5H8N2O1,16,0.8575411060755358,0.8575411060755307,0.8575390508182539,0.857538969495024,2.136580511806844e-06,8.132323001897918e-08
ani_1x_tz,110,C5H8O3,16,1.4601507167135113,1.4601507167134886,1.4601483917807336,1.4601483615707855,2.355142725997975e-06,3.020994712959265e-08
ani_1x_tz,111,C5H4N2O1,12,0.6554149113305799,0.6554149113305738,0.6554126277723289,0.6554124606134165,2.4507171632000194e-06,1.6715891211155018e-07
ani_1x_tz,112,C6H8N2,16,0.8422292404307701,0.8422292404307654,0.8422261547678112,0.8422261025719846,3.137858785377689e-06,5.2195826532472694e-08
ani_1x_tz,113,C6H8N2,16,0.5898265186093895,0.5898265186093534,0.5898260224941796,0.5898259787016938,5.399076955965564e-07,4.379248562579892e-08
ani_1x_tz,114,C5H6N2O1,14,1.0802918378184634,1.0802918378184523,1.0802897971310355,1.0802897663485813,2.0714698817779637e-06,3.078245534906895e-08
ani_1x_tz,115,C5H7N1O2,15,0.5615380911996951,0.5615380911996896,0.5615290971215667,0.5615261503253797,1.1940874315401874e-05,2.946796187136757e-06
ani_1x_tz,116,C5H9N1O1,16,0.5176075412793826,0.5176075412793681,0.517605911231138,0.5176056495060333,1.8917733494573652e-06,2.617251048459188e-07
ani_1x_tz,117,C4H8N2,14,0.4497961087972314,0.44979610879721504,0.4497898064218222,0.4497897888245337,6.319972697709129e-06,1.75972884484711e-08
ani_1x_tz,118,C5H7N1O2,15,0.5379029022222933,0.5379029022222834,0.5379008297204798,0.5379006593663567,2.242855936588607e-06,1.703541233931557e-07
ani_1x_tz,119,C12H26O3,41,0.5427294144745198,0.5427294144745082,0.5427277633368368,0.5427275695888046,1.8448857153057336e-06,1.937480323329597e-07
ani_1x_tz,120,H4O2,6,1.138010419119324,1.1380104191192881,1.1380099282253398,1.1380098672301597,5.518891643185151e-07,6.099517982308955e-08
ani_1x_tz,121,C5H8N2,15,0.8950999756050593,0.8950999756050141,0.8951000384471054,0.8950995199590102,4.556460490983101e-07,5.184880949157976e-07
ani_1x_tz,122,C11H21N5O3,40,3.088951487922644,3.0889514879226327,3.088946094610636,3.0889460110756666,5.476846977138582e-06,8.353496994924422e-08
ani_1x_tz,123,C10H16O2,28,0.7344292955787265,0.7344292955786924,0.7344279207287361,0.7344278860101745,1.4095685519133787e-06,3.471856156397056e-08
ani_1x_tz,124,C8H8,16,0.576511708011743,0.5765117080117381,0.5765114090266628,0.5765113367274304,3.7128431263272927e-07,7.22992325130882e-08
ani_1x_tz,125,C4H6O1,11,0.3165906499375876,0.3165906499375471,0.31658864962576366,0.3165885248167919,2.1251207956095087e-06,1.248089717033337e-07
ani_1x_tz,126,C3H5N3O1,12,0.9996754765703126,0.9996754765703061,0.9996738009972903,0.9996737904121256,1.6861581872782985e-06,1.058516450521262e-08
ani_1x_tz,127,C3H7N3,13,0.7093354666975998,0.7093354666975727,0.7093350898544969,0.7093349079563278,5.587412721750841e-07,1.8189816910617792e-07
ani_1x_tz,128,C4H6N2O2,14,1.0299424624302767,1.029942462430271,1.029940940313869,1.029940857497685,1.6049325917558105e-06,8.281618401159062e-08
ani_1x_tz,129,C8H11N1O2,22,0.9886499652086794,0.988649965208669,0.9886499591601132,0.9886499402619993,2.4946680110951227e-08,1.8898113804987477e-08
ani_1x_tz,130,C2H5N3O1,11,1.3102549032612947,1.3102549032612811,1.3102542804028448,1.3102542741441576,6.291171368220706e-07,6.258686382735107e-09
ani_1x_tz,131,C3H4N2O2,11,1.2288136707282868,1.228813670728262,1.2288064457501777,1.228806401215181,7.269513106094542e-06,4.45349968560482e-08
ani_1x_tz,132,C4H8N2,14,0.4176559746041587,0.41765597460413256,0.41765580567446964,0.4176557228237209,2.517804378733318e-07,8.28507486739968e-08
ani_1x_tz,133,C5H9N1O2,17,1.0153215144883263,1.015321514488304,1.0153209405010464,1.015320725492944,7.889953824791074e-07,2.1500810208478645e-07
ani_1x_tz,134,C7H6N4O1,18,1.6338654241423987,1.6338654241423982,1.6338649087375319,1.6338648107840532,6.133583451953025e-07,9.79534793827752e-08
ani_1x_tz,135,C3H5N1O2,11,0.5829484644767221,0.5829484644766842,0.5829447235646366,0.5829446515503635,3.8129263587815137e-06,7.201427338478799e-08
ani_1x_tz,136,C2H6O2,10,1.1214966017675643,1.121496601767557,1.121494772080548,1.1214947452616546,1.8565059097144408e-06,2.6818893104198382e-08
ani_1x_tz,137,C2H5N5,12,1.0165871391821513,1.0165871391821264,1.0165845251317036,1.0165844440707108,2.695111440335878e-06,8.106099291637254e-08
ani_1x_tz,138,C2H7N1O1,11,1.694745192243115,1.6947451922431092,1.694739796338258,1.6947397868137937,5.405429321265945e-06,9.524463118826872e-09
ani_1x_tz,139,C4H4N2O1,11,1.1040914866888643,1.104091486688824,1.104089549534769,1.1040895001782138,1.9865106505649454e-06,4.9356555113888434e-08
ani_1x_tz,140,C3H9N1O1,14,0.6779318607491919,0.6779318607491803,0.6779284500595715,0.6779282794361415,3.5813130502886896e-06,1.706234297661003e-07
ani_1x_tz,141,C4H7N3O1,15,1.7212078995561735,1.7212078995561035,1.721196829611145,1.721196728104977,1.1171451196550816e-05,1.0150616808776096e-07
ani_1x_tz,142,C2H3N5O1,11,1.4362727401369426,1.4362727401369288,1.4362726933708967,1.4362724321529932,3.0798394954417855e-07,2.6121790379153654e-07
ani_1x_tz,143,C5H4O3,12,0.7422623754190149,0.7422623754189834,0.742259317388662,0.7422592491456405,3.126273374504146e-06,6.824302149384512e-08
ani_1x_tz,144,C2H5N5O1,13,1.2674430356835773,1.2674430356835416,1.2674420306142,1.2674419045720344,1.1311115432624016e-06,1.2604216527739853e-07
ani_1x_tz,145,C6H10N2O1,19,5.43363564228532,5.43363564228522,5.433635574239405,5.433635544944413,9.734090801420267e-08,2.9294992545015064e-08
ani_1x_tz,146,C2H6N4O1,13,0.9225239093242876,0.922523909324277,0.9225208749914366,0.9225208194803259,3.0898439617723265e-06,5.551111047763841e-08
ani_1x_tz,147,C5H11N3,19,1.140427246608036,1.1404272466080059,1.1404267063536586,1.1404265555922641,6.910157719577232e-07,1.507613943024874e-07
ani_1x_tz,148,C4H9N1O3,17,0.686986689367815,0.6869866893677761,0.6869862341665675,0.6869862173663974,4.720014177457269e-07,1.6800169908473474e-08
ani_1x_tz,149,C3H6N2O2,13,0.6069599271019114,0.6069599271018894,0.6069577589137046,0.6069576309326528,2.296169258688647e-06,1.2798105184676474e-07
ani_1x_tz,150,C7H11N1,19,0.6974364617784353,0.697436461778413,0.6974325672359597,0.6974325628300201,3.898948415254762e-06,4.405939544297793e-09
ani_1x_tz,151,C5H10N2O2,19,10.37596797465567,10.375967974655289,10.375964227157786,10.375963926049138,4.048606533686102e-06,3.011086491273562e-07
ani_1x_tz,152,C2H6N2O1,11,0.7762612413362141,0.7762612413362011,0.7762606495757294,0.7762606183138497,6.230223642446531e-07,3.126187961684386e-08
ani_1x_tz,153,C6H10O1,17,0.2799823008459667,0.27998230084594417,0.2799811270096857,0.2799810827744851,1.2180714816509667e-06,4.423520055017758e-08
ani_1x_tz,154,C5H9N3,17,0.5451763741105946,0.5451763741105715,0.5451761270542057,0.5451758613789044,5.127316901910471e-07,2.656753012714709e-07
ani_1x_tz,155,C5H6N2O1,14,0.8670294262927462,0.8670294262927409,0.8670287281035413,0.867028669813959,7.564787871585567e-07,5.8289582111504417e-08
ani_1x_tz,156,C7H11N1O1,20,0.8325445514791785,0.8325445514791415,0.832541333714243,0.8325409199718882,3.6315072904039096e-06,4.137423552098422e-07
ani_1x_tz,157,C8H9N1O1,19,5.5571777020969915,5.55717770209687,5.557176727753621,5.557176661222699,1.0408742923834302e-06,6.65309242913661e-08
ani_1x_tz,158,C3H5N3O1,12,0.8760537409040784,0.8760537409040721,0.87604674408794,0.8760463695301418,7.371373936439777e-06,3.745577982082593e-07
ani_1x_tz,159,C10H13N1O3,27,1.8445518116103123,1.8445518116102964,1.844540768874665,1.8445407150539166,1.1096556395836725e-05,5.382074851987775e-08
ani_1x_tz,160,C6H8O2,16,0.36927091225163367,0.36927091225161945,0.36927010688000306,0.36927007663723477,8.356143989172534e-07,3.0242768304805435e-08
ani_1x_tz,161,C4H5N3O2,14,3.0262528207256474,3.0262528207256327,3.0262513354825273,3.026251172757589,1.6479680589810163e-06,1.6272493909194822e-07
ani_1x_tz,162,C3H7N1O2,13,0.4795628846884671,0.479562884688415,0.4795622498685716,0.4795621340142825,7.506741846755549e-07,1.1585428931386623e-07
ani_1x_tz,163,C2H2N2O3,9,1.3398961376091751,1.339896137609167,1.3398884721114244,1.339888426909838,7.710699337107268e-06,4.520158648134713e-08
ani_1x_tz,164,C5H6N2,13,0.4188325156553238,0.41883251565529583,0.4188298135655563,0.41882980315186563,2.7125034582011114e-06,1.0413690592802942e-08
ani_1x_tz,165,C7H8O1,16,0.5325249251091069,0.5325249251090661,0.5325216836433362,0.5325216014539695,3.3236551374286764e-06,8.218936654551395e-08
ani_1x_tz,166,C9H6N4,19,5.804648341680256,5.804648341680205,5.804647476023033,5.804647332039808,1.0096404480767355e-06,1.4398322415019069e-07
ani_1x_tz,167,C2H5N3O2,12,2.511637271260494,2.511637271260482,2.5116350485102075,2.511634936011046,2.3352494482821733e-06,1.124991608642324e-07
ani_1x_tz,168,C2H9N5O1,17,0.9767099475055067,0.9767099475054558,0.9767093753633995,0.9767092893337797,6.581717270504774e-07,8.602961963512855e-08
ani_1x_tz,169,C10H13N1O3,27,1.7160591874502775,1.7160591874502609,1.7160586752181546,1.7160586135886127,5.738616647543952e-07,6.162954182345283e-08
ani_1x_tz,170,C4H4N4O1,13,1.227288568092381,1.2272885680923526,1.2272865080085564,1.227286485385749,2.0827066319895115e-06,2.2622807409832476e-08
ani_1x_tz,171,C2H2N2O2,8,1.389136646279733,1.3891366462797237,1.3891362345181806,1.3891358199366874,8.263430452769626e-07,4.1458149204099656e-07
ani_1x_tz,172,C3H6O2,11,0.28776836100380837,0.2877683610036706,0.2877668671305108,0.2877666789251205,1.6820786878347108e-06,1.8820539028133373e-07
ani_1x_tz,173,C3H7N1O1,12,0.2604011620720407,0.2604011620719855,0.26039631079670184,0.2603959731233386,5.188948702089103e-06,3.376733631831056e-07
ani_1x_tz,174,C4H6N2O2,14,1.3905050903181542,1.390505090318097,1.390504786867245,1.390504642429665,4.478884891451407e-07,1.4443757988080536e-07
ani_1x_tz,175,C6H13N1O3,23,4.210639071432395,4.210639071432287,4.210639237505731,4.210638833425245,2.3800714937246223e-07,4.040804860311607e-07
ani_1x_tz,176,C3H3N3O2,11,1.9185865454486377,1.918586545448596,1.918584679515876,1.9185845071784617,2.038270175953202e-06,1.7233741557633335e-07
ani_1x_tz,177,C14H18N2O4,38,2.8817187201112686,2.8817187201112304,2.8817173452617837,2.881717277229137,1.4428821320182722e-06,6.803264606363069e-08
ani_1x_tz,178,C4H5N3O1,13,0.9044856226969865,0.9044856226969646,0.9044850425141242,0.9044850000819955,6.226149909959311e-07,4.243212885193169e-08
ani_1x_tz,179,C5H10N2O1,18,1.1718929060978667,1.1718929060978256,1.1718928761160128,1.1718928538850144,5.221285217213718e-08,2.2230998092893526e-08
ani_1x_tz,180,C3H3N3O2,11,0.9531638605179766,0.9531638605178624,0.9531629815699583,0.9531628041797239,1.0563382528644573e-06,1.7739023483149058e-07
ani_1x_tz,181,C2H2N2O1,7,0.8281821611580489,0.8281821611579963,0.8281791287776552,0.8281789585783402,3.2025797085313566e-06,1.7019931485185026e-07
ani_1x_tz,182,C4H6N2O1,13,0.5746033644648533,0.5746033644648018,0.5746011453540906,0.5746010856425277,2.278822325665907e-06,5.971156243447145e-08
ani_1x_tz,183,C6H7N1O1,15,0.3953249989051598,0.3953249989051507,0.3953247844725807,0.3953247672872761,2.3161788362454032e-07,1.7185304744756226e-08
ani_1x_tz,184,C10H20N2O4,36,2.535291962433323,2.5352919624333192,2.5352914168118956,2.5352912897016586,6.727316639235849e-07,1.2711023655858735e-07
ani_1x_tz,185,C4H6N2O3,15,2.334534339653684,2.3345343396536,2.334534174044797,2.3345338657756045,4.7387807935280126e-07,3.082691909616039e-07
ani_1x_tz,186,C4H5N1O3,13,0.8281137865998136,0.8281137865998083,0.8281128530918459,0.8281126124769994,1.1741228141910314e-06,2.4061484652593756e-07
ani_1x_tz,187,C4H6N4,14,0.9338011636390283,0.9338011636389959,0.9337980438138436,0.9337980149492531,3.1486897751796043e-06,2.886459034511165e-08
ani_1x_tz,188,H12O6,18,2.671805850875083,2.671805850875057,2.671805777794609,2.67180576449469,8.638039186773676e-08,1.3299918145161924e-08
ani_1x_tz,189,C8H6O2,16,7.973943930055407,7.973943930055247,7.9739439792602465,7.9739438495796655,8.047574262864345e-08,1.2968058704983383e-07
ani_1x_tz,190,C10H20N2O4,36,2.434232515311024,2.4342325153110065,2.4342305168564806,2.4342304415201976,2.073790825882115e-06,7.533628237210303e-08
ani_1x_tz,191,C5H12N2O1,20,1.042790910824252,1.042790910824218,1.0427874416964311,1.0427874134374462,3.4973868058306548e-06,2.82589849658515e-08
ani_1x_tz,192,C3H5N3O1,12,1.181113534250167,1.1811135342501606,1.1811109623517595,1.1811108812835733,2.652966593764143e-06,8.106818654679634e-08
ani_1x_tz,193,C2H3N3O2,10,1.2363480263899764,1.2363480263899458,1.2363393969300427,1.236339286535198,8.739854778292e-06,1.1039484422555116e-07
ani_1x_tz,194,C3H2N2O3,10,1.14918268083751,1.1491826808374488,1.149172124784976,1.1491708420697513,1.1838767758961794e-05,1.2827152245703043e-06
ani_1x_tz,195,C5H4N2O1,12,0.6780265942499376,0.6780265942499314,0.6780257191061372,0.6780252444154928,1.349834444954282e-06,4.7469064431192007e-07
ani_1x_tz,196,C10H12O3,25,0.9178183962048144,0.9178183962048061,0.917818049934945,0.9178179974459529,3.9875886161377755e-07,5.2488991995001114e-08
ani_1x_tz,197,C6H9N1O1,17,0.41634666487444105,0.4163466648744367,0.4163397416040254,0.4163390694388362,7.5954356048061925e-06,6.721651891779915e-07
ani_1x_tz,198,C7H10,17,0.60929635569651,0.6092963556965022,0.6092824485233647,0.6092824131174321,1.3942579077849506e-05,3.540593232282781e-08
ani_1x_tz,199,C5H6O2,13,1.786438577438177,1.7864385774381584,1.7864306537814196,1.786430177229595,8.400208581790482e-06,4.7655182514495933e-07
ani_1x_tz,200,C3H5N5O1,14,1.2221047499373352,1.2221047499373037,1.2221004006772946,1.2221002247212613,4.525216074050584e-06,1.7595603325256043e-07
ani_1x_tz,201,C8H16N4,28,1.691336582604908,1.6913365826049,1.6913358472420843,1.6913357671227691,8.154821391166771e-07,8.011931533176791e-08
ani_1x_tz,202,C6H10O4,20,0.9129376010493271,0.9129376010493198,0.9129357390096643,0.9129350532565396,2.547792787500722e-06,6.857531246841874e-07
ani_1x_tz,203,C7H6,13,1.1163164220620627,1.1163164220620359,1.1163141545084057,1.1163141379944206,2.2840676420419917e-06,1.6513985438378348e-08
ani_1x_tz,204,C3H3N3O2,11,1.3905174868435588,1.3905174868435461,1.3905158771645303,1.3905148473546387,2.6394889204014232e-06,1.029809891825804e-06
ani_1x_tz,205,C8H12N4O1,25,1.594820581405534,1.594820581405528,1.594819181804757,1.5948191663405822,1.4150649517379417e-06,1.5464174375890277e-08
ani_1x_tz,206,C4H7N1O1,13,0.7232143849575445,0.7232143849575332,0.7232106324292691,0.7232103841325097,4.000825034802283e-06,2.482967595062819e-07
ani_1x_tz,207,C5H7N1O2,15,1.4865247628907905,1.4865247628907812,1.4865176118315209,1.4865175210173427,7.2418734476882464e-06,9.081417817378995e-08
ani_1x_tz,208,C5H7N1O2,15,1.8502364077565954,1.8502364077565796,1.85023346553372,1.850232904003147,3.503753447901382e-06,5.615305722889653e-07
ani_1x_tz,209,C4H5N1O3,13,1.0264290815651218,1.0264290815650934,1.0264143201748002,1.0264137055430553,1.5376022066397473e-05,6.146317450297055e-07
ani_1x_tz,210,C3H5N1O4,13,2.4574062274983968,2.4574062274983617,2.457405858876813,2.4574057158214697,5.116769265493815e-07,1.4305534311533522e-07
ani_1x_tz,211,C3H10N2O3,18,1.0229155313127951,1.0229155313127913,1.0229126798967212,1.0229123190293508,3.2122834443661688e-06,3.6086737053558715e-07
ani_1x_tz,212,C3H4O1,8,1.1074056309308353,1.1074056309308256,1.1074034800540882,1.1074033498729563,2.2810578791609547e-06,1.3018113211605185e-07
ani_1x_tz,213,C6H15N1O6,28,3.022813522983537,3.0228135229835345,3.0228135526324666,3.0228135163880294,6.59550743081712e-09,3.6244436957010524e-08
ani_1x_tz,214,C3H4N2O2,11,0.8033602059980888,0.8033602059980536,0.8033554195906689,0.8033550239168399,5.182081248915319e-06,3.9567382960331146e-07
ani_1x_tz,215,C4H9N3O1,17,0.6988628074513918,0.6988628074513659,0.69885918644675,0.6988591633193091,3.644132082862447e-06,2.3127440744233502e-08
ani_1x_tz,216,H3N3,6,8.80614972139945,8.806149721399438,8.806149130912395,8.806149046688208,6.747112401412654e-07,8.422418457991484e-08
ani_1x_tz,217,C6H7N1O1,15,0.4761105565876541,0.47611055658762974,0.47611064426364663,0.47611054689899956,9.688654467478106e-09,9.736464695778606e-08
ani_1x_tz,218,C6H12,18,0.5784307040223762,0.5784307040223557,0.5784251301923357,0.5784251232790728,5.580743303643155e-06,6.913262806326944e-09
ani_1x_tz,219,C5H6N2O1,14,0.5630367740043805,0.5630367740043806,0.5630361933841904,0.5630361553708834,6.186334972583535e-07,3.801330732695694e-08
ani_1x_tz,220,C3H4N2O3,12,1.413246566047123,1.4132465660470435,1.4132464154334354,1.4132463777679216,1.8827920092689066e-07,3.7665513504007164e-08
ani_1x_tz,221,C5H6N2O2,15,0.7839796509742728,0.7839796509742678,0.7839764131603497,0.7839763158340654,3.3351402076312766e-06,9.732628455384809e-08
ani_1x_tz,222,C6H10N2O5,23,2.834968330401,2.8349683304009172,2.834967212120486,2.8349671971327783,1.133268221071521e-06,1.49877065316475e-08
ani_1x_tz,223,C5H10N2O1,18,1.0350112636931668,1.0350112636931588,1.035003788434779,1.0350035640074544,7.69968571260818e-06,2.2442732438121473e-07
ani_1x_tz,224,C5H10N2O1,18,0.2775281429893412,0.2775281429893412,0.27752590461383886,0.27752587626352765,2.2667258135781933e-06,2.835031102552194e-08
ani_1x_tz,225,C6H8O3,17,0.8903529431104173,0.8903529431104127,0.8903505816762738,0.890350568167342,2.374943075451626e-06,1.3508931785947677e-08
ani_1x_tz,226,C6H8O2,16,0.4297210029716866,0.4297210029716624,0.4297205405581551,0.42972040190751093,6.010641756146812e-07,1.3865064418176257e-07
ani_1x_tz,227,C10H9N1O2,22,0.9124717497229115,0.9124717497229061,0.9124709943529444,0.912470847692716,9.020301953375716e-07,1.466602278460867e-07
ani_1x_tz,228,C8H12O2,22,10.187206050606797,10.187206050606706,10.187204189494617,10.187204131546055,1.9190607384701406e-06,5.794856030164803e-08
ani_1x_tz,229,C6H10N2,18,0.8675634950883202,0.8675634950883202,0.8675495999053451,0.867549468567163,1.4026521157090996e-05,1.3133818185275063e-07
ani_1x_tz,230,C6H9N1O1,17,0.8331407967569344,0.8331407967569222,0.833139378724916,0.8331391259009235,1.670856010996212e-06,2.5282399229184376e-07
ani_1x_tz,231,C11H8O2,21,1.1031786355334594,1.1031786355334419,1.103175389248508,1.103175367111617,3.2684218424867222e-06,2.2136891237335177e-08
ani_1x_tz,232,C5H6N2O1,14,1.3039200326165596,1.303920032616548,1.3039185149667167,1.3039182685177029,1.7640988565964123e-06,2.464490139239039e-07
ani_1x_tz,233,C3H6N4O1,14,1.2296141626768702,1.229614162676823,1.2296139441118061,1.229613650271458,5.124054121361401e-07,2.9384034804837583e-07
ani_1x_tz,234,C2H6N2O2,12,3.2778338947247474,3.2778338947247176,3.277833899336716,3.2778337706896687,1.2403507839960384e-07,1.2864704719578334e-07
ani_1x_tz,235,C9H8O2,19,0.7318475459738136,0.7318475459737795,0.731847044704807,0.7318469003806484,6.455931652550867e-07,1.4432415844669757e-07
ani_1x_tz,236,C6H9N1O1,17,0.6192056015927345,0.6192056015927259,0.6192034793818861,0.619203449308215,2.152284519647378e-06,3.0073671117828556e-08
ani_1x_tz,237,C8H8N2O3,21,1.1372768652195842,1.1372768652195488,1.1372766700586883,1.1372766191861587,2.4603342548482633e-07,5.0872529088517815e-08
ani_1x_tz,238,C2H6N4O2,14,0.8016978233806819,0.8016978233806664,0.8016907531934595,0.8016900870433242,7.736337357509919e-06,6.661501354546792e-07
ani_1x_tz,239,C4H6O1,11,0.4113478259913668,0.4113478259913399,0.41134523591076905,0.4113451919200829,2.6340712839501368e-06,4.39906860790272e-08
ani_1x_tz,240,C4H4N2O2,12,0.725285754504218,0.7252857545042066,0.725284175893045,0.7252837511026053,2.0034016125003107e-06,4.2479043973515703e-07
ani_1x_tz,241,C1H2N4O2,9,1.345170125639797,1.345170125639748,1.345158103167669,1.3451580334341902,1.2092205606610773e-05,6.97334790324403e-08
ani_1x_tz,242,C2H5N3O2,12,1.8201745892506005,1.8201745892505639,1.8201747629903502,1.820174380395697,2.088549036092982e-07,3.8259465379621047e-07
ani_1x_tz,243,C6H14O2,22,5.968751469656968,5.968751469656895,5.968749854312877,5.968749779644363,1.6900126048801423e-06,7.466851547237531e-08
ani_1x_tz,244,C4H2N4,10,1.1074042135630286,1.1074042135629842,1.1074019823292347,1.1074018998857282,2.3136773003971227e-06,8.244350682963792e-08
ani_1x_tz,245,C3H5N1O3,12,1.3034637431099905,1.303463743109887,1.3034621042717727,1.3034619949528843,1.7481571057437917e-06,1.0931888779731078e-07
ani_1x_tz,246,C5H8N2O1,16,0.6506700811223167,0.6506700811222899,0.650663774296433,0.6506637563692765,6.324753040060585e-06,1.7927156219553076e-08
ani_1x_tz,247,C2H3N3O1,9,1.3928204927344385,1.3928204927343728,1.3928191597947839,1.3928191230283975,1.3697060409260557e-06,3.676638638720386e-08
ani_1x_tz,248,C5H8O2,15,0.8896585971730905,0.8896585971730216,0.8896580927551717,0.8896580276859551,5.694871350878194e-07,6.506921696722044e-08
ani_1x_tz,249,C3H6O2,11,1.0974765235278598,1.097476523527853,1.0974720723038525,1.0974718910842316,4.632443628674046e-06,1.8121962100647205e-07
ani_1x_tz,250,C5H9N3,17,1.3964354822012748,1.3964354822012495,1.3964319560735112,1.396431879756553,3.6024447220529953e-06,7.631695849167254e-08
ani_1x_tz,251,C9H11N5,25,0.7944362989716142,0.7944362989716114,0.7944334548210872,0.7944334130008261,2.885970788113066e-06,4.182026096127633e-08
ani_1x_tz,252,C1H4,5,0.14897376993802822,0.14897376993802822,0.14897215609034697,0.14897193510531298,1.8348327152096531e-06,2.2098503393374816e-07
ani_1x_tz,253,C7H14N2O2,25,1.8855620538107214,1.8855620538107187,1.885559262690796,1.8855590400946256,3.013716095690534e-06,2.2259616987632596e-07
ani_1x_tz,254,C2H5N3O1,11,0.7489972249910763,0.7489972249910506,0.748992120092559,0.748992094664874,5.130326202196479e-06,2.5427685036638327e-08
ani_1x_tz,255,C5H10O1,16,0.7251684740099155,0.7251684740099056,0.7251668258245486,0.7251668075315849,1.6664783305032106e-06,1.829296360399018e-08
ani_1x_tz,256,C5H10O1,16,0.3391469089389536,0.3391469089389496,0.3391449249344356,0.33914491676314984,1.9921758036817003e-06,8.171285699959181e-09
ani_1x_tz,257,C3H5N1O1,10,0.8150852963128603,0.8150852963128375,0.8150842382143094,0.8150841361674115,1.160145448880337e-06,1.0204689811095126e-07
ani_1x_tz,258,C6H8,14,0.8718799905669884,0.8718799905669408,0.871873396593058,0.8718733834397792,6.607127209365105e-06,1.3153278729945877e-08
ani_1x_tz,259,C2H4N4O2,12,1.1973195081658081,1.1973195081657968,1.197319030881526,1.197318819182187,6.889836209389568e-07,2.116993388405418e-07
ani_1x_tz,260,C3H3N3O2,11,1.352574020518341,1.3525740205183343,1.352573096737667,1.3525730141496934,1.0063686477640397e-06,8.258797327450504e-08
ani_1x_tz,261,C4H10N2,16,0.6471600040023583,0.6471600040023483,0.6471568622802759,0.6471568375253571,3.166477001125747e-06,2.475491885623273e-08
ani_1x_tz,262,C6H9N1O1,17,0.5249803069636179,0.5249803069635617,0.524974419148886,0.5249733957595113,6.911204106549276e-06,1.0233893748376984e-06
ani_1x_tz,263,C2H5N3O1,11,0.8256744269429162,0.8256744269428763,0.8256717617218011,0.8256716862244118,2.7407185043679957e-06,7.549738940771574e-08
ani_1x_tz,264,C8H14N2O5,29,3.765782460426002,3.7657824604259647,3.7657807343798617,3.765780682350781,1.7780752202329301e-06,5.202908019250775e-08
ani_1x_tz,265,H12O6,18,3.8901141368464383,3.8901141368464165,3.890114005250285,3.89011399948479,1.3736164749231627e-07,5.765495530515537e-09
ani_1x_tz,266,C7H8O1,16,1.0763612488945768,1.0763612488945622,1.0763608176598323,1.0763606774996437,5.713949328875342e-07,1.40160188617666e-07
ani_1x_tz,267,C7H10N2O3,22,0.6406329552555626,0.6406329552555463,0.6406304109276522,0.640630404321604,2.5509339586106995e-06,6.606048222896147e-09
ani_1x_tz,268,C4H5N3O1,13,1.812497958816417,1.8124979588164112,1.8124978237019134,1.8124975482128247,4.106035923472979e-07,2.754890895060112e-07
ani_1x_tz,269,C3H4N2O3,12,1.4034240773614672,1.4034240773614568,1.4034197909000892,1.4034196369881604,4.4403733070137996e-06,1.539119281816132e-07
ani_1x_tz,270,C9H18N2O4,33,2.5261999648362146,2.5261999648362106,2.526197748544243,2.5261977379161116,2.226920103446267e-06,1.0628131272259408e-08
ani_1x_tz,271,C4H6N2O1,13,0.6870294745473762,0.6870294745473652,0.6870243833877999,0.6870242267570597,5.247790316516973e-06,1.5663074009694237e-07
ani_1x_tz,272,C5H4N2O1,12,1.0191455549941169,1.0191455549940778,1.0191446642573205,1.019144523978064,1.0310160528247513e-06,1.402792568820598e-07
ani_1x_tz,273,C8H9N1,18,0.47157723831243065,0.4715772383124259,0.4715747771935983,0.47157475211510363,2.4861973269713836e-06,2.5078494753848183e-08
ani_1x_tz,274,C3H7N5,15,1.727066784714402,1.7270667847143952,1.727065540566537,1.7270654774503404,1.3072640616492903e-06,6.311619724801868e-08
ani_1x_tz,275,C9H9N3,21,1.12361972638334,1.1236197263833054,1.1236190235440409,1.123618944683846,7.816994938981387e-07,7.886019404254982e-08
ani_1x_tz,276,C8H15N3O4,30,2.7365677136042064,2.736567713604201,2.7365639025696327,2.736563776347449,3.937256757511618e-06,1.2622218316760596e-07
ani_1x_tz,277,C5H8N2O1,16,1.6404145321939474,1.6404145321939372,1.6404140249742838,1.6404138845213811,6.476725662708167e-07,1.404529027338492e-07
ani_1x_tz,278,C3H1N1O4,9,2.3975833551680106,2.3975833551679693,2.3975812256676,2.397580931620039,2.4235479725044828e-06,2.9404756134526266e-07
ani_1x_tz,279,C6H10O2,18,0.9222966980705396,0.922296698070535,0.9222950154755143,0.9222949799267973,1.71814374232896e-06,3.554871715173224e-08
ani_1x_tz,280,C4H4O1,9,2.963547865535744,2.9635478655357224,2.963539652630367,2.9635394756872824,8.389848461450968e-06,1.7694308276424395e-07
ani_1x_tz,281,C3H2N2O3,10,1.9178082604514173,1.9178082604514024,1.9177999863238973,1.917799961038257,8.299413160361681e-06,2.528564123129131e-08
ani_1x_tz,282,C5H6N2,13,0.8486874519974849,0.8486874519974742,0.8486863627877551,0.8486863356945837,1.116302901252611e-06,2.7093171545282686e-08
ani_1x_tz,283,C3H6N2O2,13,0.9049121116034333,0.9049121116034217,0.9049117036509522,0.9049116691269433,4.4247648989832074e-07,3.452400886902944e-08
ani_1x_tz,284,C6H10N4O1,21,1.3677488014141912,1.3677488014141175,1.3677474020490428,1.3677473182041238,1.4832100675929364e-06,8.384491933785129e-08
ani_1x_tz,285,C5H9N1,15,1.5221867403167395,1.5221867403167257,1.5221859077483295,1.522185856475183,8.838415562998902e-07,5.127314603033928e-08
ani_1x_tz,286,C7H8O1,16,1.0513732224091363,1.0513732224090715,1.051373211124921,1.0513729532556515,2.69153484990918e-07,2.5786926937276757e-07
ani_1x_tz,287,C14H11N1,26,1.0285194301579024,1.0285194301578722,1.0285192064992517,1.0285191860024612,2.4415544129939953e-07,2.0496790236532426e-08
ani_1x_tz,288,C4H6N2O2,14,1.368655286770907,1.3686552867708792,1.3686538671260775,1.368653565218252,1.7215526552940598e-06,3.0190782564125194e-07
ani_1x_tz,289,C6H9N1O1,17,0.6057182815800867,0.6057182815800694,0.6057046277589904,0.6057045766133705,1.3704966716168119e-05,5.114561971897891e-08
ani_1x_tz,290,C2H2N2O3,9,1.1430539105000295,1.1430539104999953,1.1430532708488899,1.1430530960344745,8.144655549367247e-07,1.748144160001139e-07
ani_1x_tz,291,C2H6,8,0.19822695894162085,0.19822695894160303,0.19822098699137308,0.19822096638987324,5.992551747575164e-06,2.060149978948787e-08
ani_1x_tz,292,C4H1N1O2,8,1.4217039183320543,1.4217039183318978,1.421703598597432,1.4217035540267122,3.643053419813717e-07,4.457071925321562e-08
ani_1x_tz,293,C5H10O1,16,0.6167346708621535,0.6167346708621364,0.6167325409122838,0.6167325288539416,2.1420082119166347e-06,1.2058342290383044e-08
ani_1x_tz,294,C9H8N2,19,0.7060879536298565,0.706087953629821,0.7060837028720767,0.7060836412654886,4.312364367773069e-06,6.160658759813142e-08
ani_1x_tz,295,C11H11N1,23,0.8219692471669949,0.8219692471669798,0.8219686470799086,0.821968582653109,6.645138861238831e-07,6.44268002212633e-08
ani_1x_tz,296,C6H8N2,16,1.9309620343207068,1.9309620343206841,1.9309610927988388,1.9309610869878164,9.473328903604518e-07,5.811022815076239e-09
ani_1x_tz,297,C6H4N2,12,1.5545480029326035,1.5545480029325907,1.5545469799757277,1.5545469491719446,1.0537606590530235e-06,3.0803783069001755e-08
ani_1x_tz,298,C5H9N1O2,17,0.7130360768350309,0.7130360768349693,0.7130313310028603,0.7130311923127985,4.884522232413786e-06,1.3869006148618158e-07
ani_1x_tz,299,C3H4N2,9,0.6049409710650776,0.6049409710650143,0.6049388022957085,0.6049387490797811,2.2219852966545444e-06,5.321592740046678e-08
ani_1x_tz,300,C6H5N1O1,13,0.5957745532558886,0.59577455325586,0.5957724079498603,0.5957724034904065,2.149765482004229e-06,4.459454179410492e-09
ani_1x_tz,301,C4H7N1O2,14,0.9416001589890155,0.9416001589889882,0.9415941773491143,0.9415938967805151,6.262208500231035e-06,2.80568599325996e-07
ani_1x_tz,302,C5H4N2,11,3.143030837781485,3.1430308377814513,3.143028945950311,3.143028942422371,1.8953591152696685e-06,3.527941552600856e-09
ani_1x_tz,303,C4H5N3O1,13,1.1616335858667477,1.161633585866737,1.1616322141491262,1.1616319908834876,1.594983259719164e-06,2.2326563901214507e-07
ani_1x_tz,304,C4H6N2O2,14,0.6190039533944677,0.6190039533944351,0.6190035645975865,0.6190034588345112,4.945599564949582e-07,1.0576307519451913e-07
ani_1x_tz,305,C5H6O1,12,0.47733873260965154,0.4773387326096389,0.4773339332183535,0.4773338754441145,4.857165537038962e-06,5.777423893342219e-08
ani_1x_tz,306,C4H2N2O2,10,3.233855069392349,3.2338550693923342,3.2338532814915855,3.2338532640280473,1.805364302110074e-06,1.746353770184397e-08
ani_1x_tz,307,C4H5N1O1,11,0.447719155563197,0.4477191555631971,0.4477140092473614,0.4477139610439343,5.194519262840513e-06,4.820342700158557e-08
ani_1x_tz,308,C7H12N2O5,26,2.3957456896319846,2.3957456896319296,2.395743615538521,2.3957433815615077,2.3080704765655813e-06,2.3397701310942752e-07
ani_1x_tz,309,C3H3N5O1,12,1.8807738153993916,1.880773815399362,1.8807716356433961,1.8807716169509836,2.198448407726336e-06,1.869241237646545e-08
ani_1x_tz,310,C5H7N1O2,15,1.1047433099810946,1.1047433099810495,1.1047374616113934,1.1047372727541531,6.037226941851726e-06,1.8885724021943527e-07
ani_1x_tz,311,C4H6N2,12,0.6582021136545425,0.6582021136545372,0.6581992489734377,0.6581992082305864,2.9054239558371937e-06,4.0742850888418244e-08
ani_1x_tz,312,C8H8,16,0.362331971749136,0.3623319717491079,0.36232825711575906,0.36232824424278115,3.727506354857225e-06,1.287297784408438e-08
ani_1x_tz,313,C4H8N4,16,0.9843433651049254,0.9843433651049068,0.9843425300526067,0.984342477103598,8.880013273446059e-07,5.294900866944763e-08
ani_1x_tz,314,C3H5N3O2,13,2.5170750655095424,2.517075065509424,2.5170743155530446,2.5170742585748607,8.0693468235808e-07,5.697818337987064e-08
ani_1x_tz,315,C4H6O3,13,0.7823242231230357,0.782324223123007,0.7823231542221548,0.7823230506476487,1.1724753869547735e-06,1.0357450650005984e-07
ani_1x_tz,316,C1H3N5,9,1.6891014404024993,1.6891014404024682,1.6890999783175569,1.6890998688580303,1.571544468942554e-06,1.0945952606882483e-07
ani_1x_tz,317,C2H3N1O3,9,0.7132570720463832,0.713257072046359,0.7132552492833902,0.713255117128518,1.9549178652431925e-06,1.3215487245973883e-07
ani_1x_tz,318,C7H10N2,19,0.6612333504894538,0.6612333504894451,0.6612325010849208,0.6612324047886263,9.457008274273176e-07,9.629629451749384e-08
ani_1x_tz,319,C3H5N1O2,11,0.6458789296745209,0.6458789296745152,0.6458733309946755,0.6458731931231924,5.736551328415188e-06,1.378714830094898e-07
ani_1x_tz,320,C2H5N1O1,9,0.383350871488695,0.3833508714886786,0.3833465397181066,0.3833464957244183,4.375764276706927e-06,4.3993688328265895e-08
ani_1x_tz,321,C7H13N3O4,27,2.2454687890089406,2.2454687890089153,2.2454554503336466,2.2454553686667595,1.3420342181573117e-05,8.166688728508731e-08
ani_1x_tz,322,C7H9N1,17,4.644058199163452,4.644058199163404,4.644058395985135,4.644057946360263,2.5280318993118934e-07,4.4962487350723035e-07
ani_1x_tz,323,C4H5N1O2,12,0.9249648359106889,0.9249648359106696,0.9249637280603311,0.9249636985012819,1.1374094070523693e-06,2.9559049246216102e-08
ani_1x_tz,324,C2H4N4O2,12,0.8925957019386906,0.8925957019386908,0.8925902420683844,0.8925901667290164,5.535209674537561e-06,7.533936814737565e-08
ani_1x_tz,325,C4H6N2O2,14,1.0988085941781762,1.0988085941781274,1.0988021154881924,1.0988020870695652,6.5071086111084845e-06,2.841862694865365e-08
ani_1x_tz,326,C2H4N2O3,11,3.015894573726002,3.015894573725968,3.015892100852419,3.015892004284463,2.5694415384779778e-06,9.656795364611736e-08
ani_1x_tz,327,C4H7N3O1,15,0.7823011971076358,0.7823011971076261,0.7822974220248614,0.7822972949298491,3.902177786793177e-06,1.270950125723017e-07
ani_1x_tz,328,C6H9N1O1,17,1.0459737210712658,1.045973721071243,1.0459713841347116,1.0459712445344809,2.476536784764614e-06,1.3960023100290228e-07
ani_1x_tz,329,C4H6N4,14,0.6538671694024036,0.6538671694023772,0.6538660752183684,0.6538659112387877,1.258163616085689e-06,1.6397958073344842e-07
ani_1x_tz,330,C1H4N2,7,8.493394722088986,8.493394722088924,8.493384360502874,8.493384338278885,1.0383810100625365e-05,2.2223988847806507e-08
ani_1x_tz,331,C4H3N1O2,10,0.8365934971587579,0.8365934971586997,0.8365908639443803,0.836590713918315,2.7832404428723434e-06,1.5002606502807779e-07
ani_1x_tz,332,C5H11N3,19,0.7808245949704069,0.7808245949703864,0.780819604399857,0.7808195076856597,5.0872847472203355e-06,9.671419742862754e-08
ani_1x_tz,333,H4O2,6,0.8858616659160319,0.8858616659160082,0.8858600501303977,0.8858595969691616,2.0689468705376006e-06,4.531612363807147e-07
ani_1x_tz,334,C4H7N3,14,2.886423990759914,2.886423990759882,2.886423489451473,2.8864233761041285,6.146557853449435e-07,1.1334734483600363e-07
ani_1x_tz,335,C3H3N1O3,10,0.7673873517820864,0.7673873517820716,0.7673841842220575,0.7673841456125953,3.2061694910670607e-06,3.860946206663463e-08
ani_1x_tz,336,C8H11N3O1,23,1.2746928185296205,1.2746928185296043,1.2746866855022774,1.274686677101895,6.14142772554465e-06,8.400382195316136e-09
ani_1x_tz,337,C5H6N2O1,14,2.6147497129144948,2.6147497129144366,2.61474862397065,2.614748518546453,1.1943680413558205e-06,1.0542419672628988e-07
ani_1x_tz,338,C6H9N1O3,19,1.4454287648496777,1.445428764849667,1.4454224325802776,1.4454224187874916,6.346062186172415e-06,1.3792785943367982e-08
ani_1x_tz,339,C6H8N2O1,17,1.347979266797422,1.3479792667973969,1.3479766514982843,1.3479766262541912,2.640543230810333e-06,2.5244092956357902e-08
ani_1x_tz,340,C5H10N2O1,18,1.5784121671417966,1.5784121671417266,1.5784113125041563,1.5784111538068466,1.0133349496707592e-06,1.5869730904575666e-07
ani_1x_tz,341,C3H4N2O3,12,0.8141281230384744,0.8141281230384075,0.8141281070848225,0.814128015910465,1.0712800940444203e-07,9.117435700931555e-08
ani_1x_tz,342,C5H4N2O1,12,1.6610076876268982,1.6610076876267854,1.661006360267114,1.661006335329978,1.3522969202842943e-06,2.4937137043906698e-08
ani_1x_tz,343,C3H2N4O1,10,2.1636964560931844,2.163696456093169,2.1636865177230367,2.163686302577861,1.0153515322635949e-05,2.1514517502432426e-07
ani_1x_tz,344,C4H5N3O1,13,1.0408091326234359,1.040809132623408,1.040807757275936,1.040807709005499,1.4236179369438832e-06,4.827043731457801e-08
ani_1x_tz,345,C5H5N3,13,0.8487328496271036,0.8487328496270742,0.8487300117899417,0.8487299939753438,2.855651759522476e-06,1.7814598191427837e-08
ani_1x_tz,346,C3H4N2O3,12,1.4748174270204983,1.474817427020444,1.4748166698617389,1.474816277960197,1.1490603017451972e-06,3.919015426521333e-07
ani_1x_tz,347,C4H6N2O1,13,0.7958328417811334,0.7958328417810974,0.7958325148428073,0.7958324792373924,3.6254374092489473e-07,3.560541473342475e-08
ani_1x_tz,348,C4H8N2,14,0.5780413929843945,0.5780413929843897,0.5780407637862851,0.5780407166912043,6.762931901756194e-07,4.709508075555321e-08
ani_1x_tz,349,C5H8N2,15,0.936929617008625,0.9369296170086201,0.9369291133415882,0.9369291009080153,5.161006097607015e-07,1.2433573499990044e-08
ani_1x_tz,350,C5H7N1O2,15,1.4872693302434197,1.4872693302433702,1.487262026587511,1.487260754271926,8.575971493745333e-06,1.272315585596983e-06
ani_1x_tz,351,C3H8N2O2,15,0.4572915716351434,0.45729157163509815,0.45729005143090906,0.4572897838225234,1.7878126199310927e-06,2.6760838544413624e-07
ani_1x_tz,352,C4H6O2,12,0.45210814492482465,0.4521081449248,0.45210720356034795,0.45210715622979647,9.886950281669645e-07,4.733055147872658e-08
ani_1x_tz,353,C4H3N3O1,11,2.2709656857773233,2.2709656857773024,2.270964519965523,2.270964462688277,1.223089046422565e-06,5.727724640468834e-08
ani_1x_tz,354,C2H4N2O4,12,4.850299841416258,4.850299841416226,4.850296821383165,4.850296729498785,3.111917472986793e-06,9.188437872496151e-08
ani_1x_tz,355,C5H11N1O2,19,0.9635400761381296,0.9635400761380901,0.9635350398966697,0.9635350322449725,5.043893157005285e-06,7.651697372170747e-09
ani_1x_tz,356,C7H13N1,21,0.48703842584559814,0.48703842584555085,0.4870215427378844,0.48702144724391205,1.697860168615369e-05,9.549397242435574e-08
ani_1x_tz,357,C6H5N1O1,13,2.0358236970002404,2.0358236970002115,2.035820455238154,2.0358204304597733,3.266540466811755e-06,2.4778380784947375e-08
ani_1x_tz,358,C6H10O4,20,1.4495718517903013,1.449571851790229,1.4495589957230144,1.4495589854963542,1.2866293947303393e-05,1.0226660369156781e-08
ani_1x_tz,359,C6H12N2,20,1.3352355979662933,1.3352355979662822,1.335230605809774,1.335230528883613,5.0690826803988764e-06,7.692616073655716e-08
ani_1x_tz,360,C6H8O1,15,0.7206752865008924,0.7206752865008772,0.7206733105364962,0.7206732418446947,2.0446561978173164e-06,6.869180146201814e-08
ani_1x_tz,361,C2H9N7O3,21,3.532998912053965,3.532998912053948,3.532996658354366,3.5329963640004385,2.5480535257572154e-06,2.943539273527198e-07
ani_1x_tz,362,C7H11N1,19,0.43565388654146214,0.43565388654143833,0.43564926703548285,0.43564896473645953,4.92180500262666e-06,3.022990234888927e-07
ani_1x_tz,363,C3H1N1O3,8,1.491784642702894,1.491784642702849,1.4917824707384988,1.4917824135618876,2.2291410064486787e-06,5.7176610840624916e-08
ani_1x_tz,364,C5H7N3,15,0.5516047597465328,0.5516047597465137,0.5516020194611455,0.5516019205988136,2.8391477191592054e-06,9.88623320981336e-08
ani_1x_tz,365,C5H12N2O1,20,0.776762698132762,0.7767626981327314,0.7767621345021171,0.7767621172299731,5.809027888811614e-07,1.727214415904801e-08
ani_1x_tz,366,C6H12N4O2,24,1.4325910725699318,1.4325910725699256,1.4325881420777167,1.4325879825002727,3.090069658850903e-06,1.5957744425406512e-07
ani_1x_tz,367,C2H2N2O2,8,2.045440382659021,2.0454403826590037,2.0454253624955387,2.045425095869871,1.5286789149992812e-05,2.666256682036088e-07
ani_1x_tz,368,C9H17N3O5,34,2.9041583484935103,2.9041583484934534,2.904155996197826,2.9041559146108904,2.4338826197557214e-06,8.158693546910264e-08
ani_1x_tz,369,C2H4O3,9,1.7646412468982577,1.7646412468981436,1.7646412824703301,1.7646409771499274,2.6974833034243395e-07,3.0532040268507984e-07
ani_1x_tz,370,C9H8N4,21,0.935787648305252,0.9357876483052194,0.9357856520556161,0.9357856082811845,2.040024067500293e-06,4.377443166325016e-08
ani_1x_tz,371,C9H19N1O3,32,0.7010818058512016,0.7010818058511641,0.7010792657252574,0.701079254666259,2.5511849425796107e-06,1.1058998484446776e-08
ani_1x_tz,372,C3H5N3O2,13,1.0017635585501912,1.0017635585501636,1.0017610992009842,1.0017608996265621,2.658923628717593e-06,1.9957442197894915e-07
ani_1x_tz,373,C7H11N1O1,20,1.343362034781509,1.3433620347815018,1.3433615690213392,1.34336151766556,5.171159489173093e-07,5.135577916153365e-08
ani_1x_tz,374,C6H8N2,16,0.48950435140212767,0.4895043514021177,0.4895011079827319,0.4895010602580788,3.291144048832147e-06,4.772465309380967e-08
ani_1x_tz,375,C12H14N2O1,29,1.4109006382386686,1.4109006382386522,1.4109006351211835,1.4109005903345033,4.7904165320133865e-08,4.47866805832731e-08
ani_1x_tz,376,C3H7N1O1,12,0.2762781572407797,0.27627815724074933,0.2762739127201313,0.2762738579228017,4.299317978131479e-06,5.479732965729284e-08
ani_1x_tz,377,C4H5N1O3,13,1.5213994003117686,1.5213994003117397,1.521395995378268,1.521395956686176,3.443625592874531e-06,3.8692093159034916e-08
ani_1x_tz,378,C3H6N4O1,14,1.4361199348611402,1.436119934861131,1.43611797164095,1.4361178350101305,2.0998510098420266e-06,1.3663082013176538e-07
ani_1x_tz,379,C4H7N3O1,15,3.8176251273476804,3.817625127347659,3.8176242365747304,3.8176241809548532,9.463928276202196e-07,5.5619876368608236e-08
ani_1x_tz,380,C2H5N1O2,10,1.1240000430453168,1.1240000430452786,1.12399448891242,1.123994477566164,5.565479152857863e-06,1.1346256273651025e-08
ani_1x_tz,381,C4H8N4,16,0.6578286171921728,0.657828617192159,0.6578272441169359,0.6578272289482334,1.3882439393115022e-06,1.5168702480561042e-08
ani_1x_tz,382,C6H13N3,22,0.7916330382108043,0.7916330382108004,0.7916290303440665,0.7916289605491736,4.077661630508088e-06,6.97948930214057e-08
ani_1x_tz,383,C8H11N5O1,25,1.4155320939992966,1.4155320939992417,1.4155310675155193,1.415531054520517,1.0394787797388551e-06,1.299500201647528e-08
ani_1x_tz,384,C2H7N3,12,1.015480097585375,1.015480097585321,1.015478999506696,1.0154789299262867,1.1676590885017532e-06,6.95804093538714e-08
ani_1x_tz,385,C3H4N4,11,1.0237071840414746,1.0237071840414602,1.023693202449657,1.0236930825204007,1.4101521073924986e-05,1.1992925632609187e-07
ani_1x_tz,386,C4H7N1O2,14,0.7790104431765019,0.7790104431764958,0.7790072245426338,0.7790070914890778,3.3516874240457954e-06,1.330535559795148e-07
ani_1x_tz,387,C2H7N3,12,0.5429586592459529,0.5429586592459238,0.5429497549043868,0.5429497114085741,8.947837378781413e-06,4.3495812648963075e-08
ani_1x_tz,388,C3H5N5,13,0.6479830565502039,0.6479830565501931,0.647982352887563,0.6479822545503692,8.019998347719573e-07,9.833719388295231e-08
ani_1x_tz,389,C4H7N1O3,15,1.140732729283565,1.1407327292835339,1.140731246280149,1.1407311405507505,1.5887328141665281e-06,1.057293986271812e-07
ani_1x_tz,390,C3H10N4O2,19,0.9781945964218852,0.9781945964218817,0.9781943797674452,0.9781942676818034,3.287400818537358e-07,1.1208564210830609e-07
ani_1x_tz,391,C3H4O2,9,0.47993948145050597,0.47993948145049764,0.4799379692867862,0.47993773272031415,1.7487301918710457e-06,2.36566472444367e-07
ani_1x_tz,392,C3H6N4,13,0.9202011861545379,0.920201186154475,0.9201954042299415,0.9201953525602569,5.833594281114863e-06,5.166968470731261e-08
ani_1x_tz,393,C1H4N6,11,0.502126260514922,0.5021262605148888,0.5021260753615974,0.5021259958069244,2.647079976088863e-07,7.955467294963971e-08
ani_1x_tz,394,C6H12O2,20,8.004884594445365,8.004884594445251,8.004880567470165,8.00488049094924,4.103496121941246e-06,7.65209194792475e-08
ani_1x_tz,395,C2H7N3O2,14,1.5585319262297666,1.5585319262297574,1.5585310087110995,1.55853088923363,1.0369961362970044e-06,1.194774689457534e-07
ani_1x_tz,396,C4H8N4,16,0.792192718072374,0.7921927180723057,0.7921922102169103,0.7921921720334079,5.460389660940658e-07,3.818350238947476e-08
ani_1x_tz,397,C10H21N5O4,40,2.6559547478900614,2.6559547478900507,2.655953621820659,2.655953578165284,1.1697247769498844e-06,4.365537521409749e-08
ani_1x_tz,398,C4H6N2O2,14,1.6011095030056681,1.6011095030056153,1.601107080550164,1.6011070474744318,2.4555312363918504e-06,3.307573297367878e-08
ani_1x_tz,399,C5H8N2O1,16,0.3916608202214348,0.391660820221407,0.39165771606258826,0.39165739959696105,3.4206244737013014e-06,3.164656272191538e-07
ani_1x_tz,400,C3H6N6O3,18,3.3831470878946255,3.3831470878946006,3.3831420396814376,3.383141954347489,5.133547135574091e-06,8.533394811273909e-08
ani_1x_tz,401,C5H6O1,12,0.664387127630022,0.6643871276299843,0.6643843931927964,0.6643843556087992,2.772021222797872e-06,3.7583997359111665e-08
ani_1x_tz,402,C5H6N2O1,14,1.0875154572416725,1.08751545724164,1.0875147546168424,1.0875147231108933,7.341307794453078e-07,3.150594912880361e-08
ani_1x_tz,403,C3H5N3O2,13,1.6020059151890003,1.6020059151889472,1.6020024615740358,1.6020022764228523,3.6387661477185185e-06,1.8515118362893598e-07
ani_1x_tz,404,C2H4N6,12,1.4814341341819404,1.4814341341818713,1.4814320074847571,1.4814317898321963,2.3443497441464306e-06,2.1765256002180532e-07
ani_1x_tz,405,C7H13N5O1,26,1.9205299516998915,1.9205299516998768,1.920527571476102,1.9205275419084202,2.4097914714704017e-06,2.956768206199351e-08
ani_1x_tz,406,C5H8O4,17,1.8386108524273903,1.838610852427356,1.838595910915768,1.8385957363129937,1.5116114396178921e-05,1.746027740159361e-07
ani_1x_tz,407,C3H4N2O1,10,0.691597591339076,0.6915975913389376,0.6915956736376566,0.6915951374595577,2.453879518308342e-06,5.361780992068756e-07
ani_1x_tz,408,C3H6N2O2,13,0.980380926137899,0.9803809261378873,0.9803804573615111,0.980380388671585,5.374663138817372e-07,6.868992630867631e-08
ani_1x_tz,409,H14O7,21,4.217350727519571,4.217350727519531,4.2173507016082015,4.217350521843639,2.056759309691555e-07,1.797645618856455e-07
ani_1x_tz,410,C7H9N1O1,18,0.5907265827605566,0.590726582760536,0.590725432117203,0.5907253202879885,1.2624725680987983e-06,1.1182921444697713e-07
ani_1x_tz,411,C2H4N4O2,12,4.2959417760268135,4.295941776026801,4.295940530859338,4.295940305398956,1.4706278564866924e-06,2.2546038042900722e-07
ani_1x_tz,412,C7H8O1,16,0.4042066788019216,0.40420667880183914,0.4042053762593307,0.4042051113761931,1.567425728512041e-06,2.6488313755513324e-07
ani_1x_tz,413,C4H10N2,16,1.2402373636711541,1.2402373636711268,1.2402332251854251,1.2402331974459533,4.166225200815043e-06,2.7739471802613384e-08
ani_1x_tz,414,C6H9N1O1,17,0.5311895001797303,0.5311895001796901,0.5311852492921173,0.5311850294756192,4.4707041111713594e-06,2.1981649810627465e-07
ani_1x_tz,415,C12H19N1O2,34,1.082990595971209,1.0829905959711466,1.0829891537896095,1.0829891474863427,1.4484848663411912e-06,6.303266780683122e-09
ani_1x_tz,416,C5H8O3,16,3.4429607959095145,3.4429607959094275,3.4429595769071906,3.442959565856321,1.2300531934701192e-06,1.1050870401509819e-08
ani_1x_tz,417,C8H14O1,23,0.8848029878062382,0.8848029878062128,0.8848014581767364,0.8848014386914255,1.5491148128022584e-06,1.9485310837889625e-08
ani_1x_tz,418,H4O2,6,1.04747730994971,1.0474773099496986,1.0474767510612353,1.0474754876476153,1.8223020944985472e-06,1.2634136197329023e-06
ani_1x_tz,419,C4H9N1O1,15,0.6056824420773121,0.6056824420773022,0.6056785773794731,0.6056784306862241,4.0113910880955725e-06,1.46693248983337e-07
ani_1x_tz,420,C3H3N3O1,10,1.6036016601335126,1.6036016601335124,1.6035994543814396,1.6035994265579312,2.2335755813892357e-06,2.7823507605590752e-08
ani_1x_tz,421,C7H8O4,19,1.0752014485696528,1.0752014485696486,1.0751983462147132,1.0751982958294688,3.15274018388286e-06,5.038524424875647e-08
ani_1x_tz,422,C4H9N1,14,0.3631524429071,0.36315244290707366,0.3631509343897051,0.3631509108300772,1.532077022776064e-06,2.355962769970873e-08
ani_1x_tz,423,C2H5N3O2,12,0.9012943869343129,0.9012943869342557,0.901291757878804,0.9012911942302321,3.192704080631846e-06,5.636485716159097e-07
ani_1x_tz,424,C1H5N3O2,11,1.4680330887044342,1.4680330887043946,1.4680320205787045,1.4680319545210485,1.1341833853632508e-06,6.605765572237397e-08
ani_1x_tz,425,C4H9N3O1,17,0.8610209342828345,0.8610209342827917,0.861019744601267,0.8610196744729706,1.259809863862398e-06,7.012829625935832e-08
ani_1x_tz,426,C3H8N4,15,0.9473014098098979,0.9473014098098728,0.9473008800495644,0.9473006862503508,7.235595467900343e-07,1.9379921353536816e-07
ani_1x_tz,427,C6H5N1O1,13,2.923830499438298,2.9238304994382873,2.9238287698389893,2.9238287535975096,1.745840788944569e-06,1.6241479467844514e-08
ani_1x_tz,428,C4H6N2O1,13,1.0142415298285083,1.0142415298284908,1.0142390831902448,1.0142390309769855,2.4988515229371234e-06,5.2213259807978805e-08
ani_1x_tz,429,C4H3N3O2,12,2.048022010958445,2.048022010958425,2.0480215464478557,2.0480214744818825,5.364765616473257e-07,7.196597323456087e-08
ani_1x_tz,430,C4H7N3O1,15,1.6032867804200126,1.603286780419966,1.6032805310033447,1.6032804713712445,6.309048768011802e-06,5.96320996164108e-08
ani_1x_tz,431,C6H8N2,16,1.5476666666449215,1.547666666644854,1.5476643999056952,1.5476640772166066,2.5894283147054215e-06,3.226890874965785e-07
ani_1x_tz,432,C4H9N3,16,0.41285395111257495,0.41285395111256584,0.41285296651526,0.4128527525157808,1.1985967941214097e-06,2.1399947940042583e-07
ani_1x_tz,433,C2H5N5,12,0.8403930930325567,0.8403930930325447,0.8403911715978455,0.840391047091437,2.045941119688712e-06,1.245064085675747e-07
ani_1x_tz,434,C2H1N1O4,8,2.0794679201992725,2.079467920199235,2.079467521594041,2.079467440757651,4.794416214318929e-07,8.083638954269695e-08
ani_1x_tz,435,C5H11N1,17,0.5635618313325131,0.5635618313324919,0.5635506150678771,0.5635503391336631,1.1492198849905454e-05,2.759342138801462e-07
ani_1x_tz,436,C1H4N6,11,1.6536051366267928,1.6536051366267668,1.6536026220101172,1.6536025611407636,2.575486028768931e-06,6.086935318427597e-08
ani_1x_tz,437,C4H9N5O3,21,2.9466131538491758,2.946613153849172,2.9466126230068204,2.946612566908164,5.86941011321348e-07,5.6098655862823723e-08
ani_1x_tz,438,C3H5N3O1,12,0.7525436760115192,0.7525436760114946,0.7525424144513245,0.7525422479226727,1.4280888463842206e-06,1.6652865158923415e-07
ani_1x_tz,439,C5H6N2O1,14,2.1366610830734567,2.136661083073447,2.13666004391842,2.1366598191079826,1.263965474297227e-06,2.2481043774674929e-07
ani_1x_tz,440,C7H9N1,17,0.5038761434321554,0.5038761434321425,0.503871466858983,0.503871338820888,4.804611267327591e-06,1.2803809479094557e-07
ani_1x_tz,441,C4H7N3O1,15,0.8260455768349793,0.8260455768349689,0.826044635371638,0.8260444887154589,1.088119520245997e-06,1.4665617901309915e-07
ani_1x_tz,442,H4O2,6,1.02958293064966,1.0295829306496223,1.0295823356154177,1.0295822237332046,7.069164554709398e-07,1.1188221329178856e-07
ani_1x_tz,443,C2H6O1,9,0.6139655365437737,0.6139655365437655,0.6139604284929098,0.6139603569253465,5.179618427266071e-06,7.156756329965827e-08
ani_1x_tz,444,C4H10N2,16,0.5274876397104025,0.527487639710364,0.5274872896439375,0.5274872461086518,3.936017505772171e-07,4.353528562179872e-08
ani_1x_tz,445,C2H5N3O3,13,0.9202878786494989,0.9202878786494929,0.9202845626984845,0.9202845473502214,3.33129927773277e-06,1.534826283351604e-08
ani_1x_tz,446,C5H10O1,16,0.9433387554236357,0.9433387554236305,0.943337402397735,0.9433373300266842,1.4253969515046876e-06,7.237105051469711e-08
ani_1x_tz,447,C2H3N1O1,7,2.4595174979962633,2.4595174979962424,2.4595160623448344,2.459516049863893,1.448132369920656e-06,1.2480940304352343e-08
ani_1x_tz,448,C3H7N1O2,13,1.6191477554850813,1.6191477554850509,1.6191437673912266,1.6191437280486076,4.027436473196396e-06,3.9342618369999126e-08
ani_1x_tz,449,C4H9N1O1,15,0.6851067317415994,0.685106731741579,0.6851011921845055,0.685101172377317,5.559364282278314e-06,1.9807188171867187e-08
ani_1x_tz,450,C3H4N2O1,10,1.4090828926102605,1.409082892610245,1.4090822098363138,1.4090821242921716,7.683180886056444e-07,8.554414115366355e-08
ani_1x_tz,451,C7H6N2,15,1.1862265284353355,1.186226528435325,1.1862225210790864,1.1862224742100815,4.054225253872862e-06,4.686900534149082e-08
ani_1x_tz,452,C8H10O2,20,0.5800090753145497,0.5800090753145416,0.5800072430829327,0.5800072393880271,1.8359265226526303e-06,3.6949052541616612e-09
ani_1x_tz,453,C5H5N3,13,3.20237457893457,3.2023745789345424,3.2023703446570826,3.2023702222584274,4.356676142487877e-06,1.223986550025694e-07
ani_1x_tz,454,C5H10N2O1,18,0.5758637132358222,0.5758637132358003,0.5758630656442517,0.5758630457442135,6.674916083977129e-07,1.990003827461148e-08
ani_1x_tz,455,C6H12N2,20,0.525003192181202,0.525003192181184,0.5250005075746519,0.5250004991668554,2.693014346531055e-06,8.407796518505064e-09
ani_1x_tz,456,H10O5,15,2.8443154963475177,2.8443154963475132,2.844314890837594,2.8443148482343448,6.481131740157287e-07,4.260324945959441e-08
ani_1x_tz,457,C6H11N1,18,0.40017309601015544,0.4001730960101471,0.40017254256209217,0.4001724590817906,6.369283648199946e-07,8.348030164198983e-08
ani_1x_tz,458,C4H6N2,12,0.592736306180261,0.5927363061802038,0.59273450418357,0.5927343486458442,1.957534416904168e-06,1.5553772616683668e-07
ani_1x_tz,459,H8O4,12,1.9240339738800094,1.9240339738799979,1.9240340106254237,1.9240338996812514,7.41987580366272e-08,1.1094417199271261e-07
ani_1x_tz,460,C8H12O4,24,5.250959375348843,5.250959375348735,5.250956704819505,5.250956682944197,2.692404646275496e-06,2.1875311748037956e-08
ani_1x_tz,461,C6H10N2,18,0.5309537821857263,0.5309537821856943,0.5309467727405358,0.5309460056904612,7.776495265069437e-06,7.670500748862465e-07
ani_1x_tz,462,C5H6N2O1,14,1.3702508998299303,1.3702508998299108,1.3702502401261458,1.3702499244550725,9.753748578205496e-07,3.156710734023721e-07
ani_1x_tz,463,C4H3N1O3,11,0.5991601776892598,0.5991601776892599,0.5991595147552508,0.5991594658725198,7.118167401310265e-07,4.888273095345653e-08
ani_1x_tz,464,C2H3N1O3,9,3.1134756917723228,3.1134756917723068,3.1134733670828223,3.1134733660598126,2.3257125102768026e-06,1.0230103117563866e-09
ani_1x_tz,465,C11H22N4O4,41,5.401983349141601,5.401983349141538,5.401982798847419,5.401982796280971,5.52860629758768e-07,2.566445408425773e-09
ani_1x_tz,466,C4H5N1,10,2.3314031239160964,2.331403123916067,2.3313922935715996,2.331392177880095,1.094603600126995e-05,1.1569150487667714e-07
ani_1x_tz,467,C10H20N2O2,34,1.7021053649955096,1.7021053649954858,1.70210534624314,1.7021053004260847,6.456942453284013e-08,4.581705539701885e-08
ani_1x_tz,468,C3H7N3O1,14,3.2793146578177583,3.279314657817737,3.2793111812768245,3.2793109298408027,3.7279769557126263e-06,2.514360237900312e-07
ani_1x_tz,469,C7H13N1,21,0.6301929450550767,0.6301929450550544,0.6301800576848474,0.6301795340230213,1.3411032055725374e-05,5.236618262882148e-07
ani_1x_tz,470,C6H12N2O1,21,0.7247378190786384,0.7247378190786309,0.724735621732641,0.7247356161781715,2.2029004669464144e-06,5.554469197361608e-09
ani_1x_tz,471,C7H10,17,0.4297002246231306,0.42970022462309243,0.429699563598509,0.42969953177230247,6.928508281334518e-07,3.182620669592227e-08
ani_1x_tz,472,H4N2,6,0.7749008727318829,0.7749008727318594,0.7749008135857014,0.7749005299716794,3.4276020352944475e-07,2.8361402223003045e-07
ani_1x_tz,473,C5H9N3,17,0.8691422113617204,0.8691422113616573,0.8691392531021681,0.8691392373725672,2.973989153170331e-06,1.5729601176607912e-08
ani_1x_tz,474,C4H5N3O1,13,0.7877569175437859,0.7877569175437498,0.7877558571478114,0.7877558406481086,1.0768956774106034e-06,1.6499702902393922e-08
ani_1x_tz,475,C9H8N2O1,20,0.978234619977041,0.9782346199770373,0.9782336727439472,0.9782333289654714,1.291011569466708e-06,3.4377847582367125e-07
ani_1x_tz,476,C2H4N4O1,11,0.7591847653361968,0.7591847653361903,0.7591826185937435,0.759182533549226,2.231786970796813e-06,8.504451751828914e-08
ani_1x_tz,477,C8H15N3O4,30,2.9848177276998884,2.984817727699855,2.98481748099796,2.98481737513514,3.525647483885939e-07,1.0586282062933301e-07
ani_1x_tz,478,C5H6N2,13,1.3770325842794364,1.3770325842793898,1.3770302874003502,1.3770302780591652,2.3062202715799922e-06,9.341185116156426e-09
ani_1x_tz,479,C3H8N4O1,16,1.0512357977169207,1.0512357977169065,1.0512357160698225,1.0512356974700072,1.0024691356557465e-07,1.8599815455236116e-08
ani_1x_tz,480,C5H10N2O1,18,1.6340195160000788,1.6340195160000015,1.6340193505162246,1.634019310216667,2.0578341197067275e-07,4.029955757502002e-08
ani_1x_tz,481,C3H5N3O2,13,1.429183534784082,1.4291835347840707,1.4291803036123891,1.4291803025472225,3.232236859901583e-06,1.0651673934826214e-09
ani_1x_tz,482,C3H2O1,6,0.49513191266573797,0.4951319126657133,0.4951285672473084,0.4951285536020939,3.3590636440993684e-06,1.3645214273608e-08
ani_1x_tz,483,C2H6N2O1,11,0.5740300672892679,0.5740300672892539,0.5740283190262944,0.5740282204784556,1.8468108121842427e-06,9.854783862686007e-08
ani_1x_tz,484,C3H8N4,15,1.1728728734216916,1.1728728734216625,1.1728723723609076,1.1728723208330045,5.525886868185795e-07,5.152790268687137e-08
ani_1x_tz,485,C10H12O3,25,1.376306732137441,1.3763067321374025,1.3763031012986864,1.3763030963346092,3.635802831734438e-06,4.96407766753634e-09
ani_1x_tz,486,C8H6,14,1.3326904354037674,1.3326904354037126,1.3326901138359493,1.3326900726285482,3.627752188183575e-07,4.120740160412565e-08
ani_1x_tz,487,C4H4N2O2,12,1.5727103728053096,1.5727103728053027,1.5727085223837252,1.5727083734982166,1.999307092878048e-06,1.488855076478915e-07
ani_1x_tz,488,C12H18,30,1.7329405904075887,1.732940590407574,1.732939883737191,1.7329398164847172,7.739228714897544e-07,6.725247396857534e-08
ani_1x_tz,489,C4H3N1O3,11,1.4936526045243281,1.4936526045243208,1.4936491832405294,1.4936491373400698,3.467184257811306e-06,4.590045935463752e-08
ani_1x_tz,490,C8H6O3,17,0.4998251249528543,0.4998251249528402,0.4998247446379333,0.49982460131015344,5.236427008355885e-07,1.4332777971780443e-07
ani_1x_tz,491,C6H8N2O1,17,0.8285696594608101,0.8285696594607963,0.8285672172050538,0.8285671873444583,2.4721163516984584e-06,2.986059556251417e-08
ani_1x_tz,492,C5H3N1O2,11,1.8552130477862854,1.8552130477862854,1.8552111687190576,1.8552109908698151,2.056916470318355e-06,1.7784924282950214e-07
ani_1x_tz,493,C5H11N3,19,0.5542402331601022,0.5542402331600373,0.5542363337940426,0.5542362957421874,3.937417914774776e-06,3.805185509414034e-08
ani_1x_tz,494,C3H3N1O2,9,1.0959435638199821,1.095943563819931,1.0959421881709885,1.0959421242563683,1.439563614116819e-06,6.391462061297409e-08
ani_1x_tz,495,C4H3N1O3,11,0.6385463999659717,0.6385463999659512,0.6385464576638779,0.6385463371282865,6.283768533226015e-08,1.2053559163556234e-07
ani_1x_tz,496,C4H4N2O2,12,0.9581429053085576,0.9581429053085512,0.9581419247904183,0.9581418775251515,1.0277834059501518e-06,4.726526694848233e-08
ani_1x_tz,497,C11H18,29,0.5902807091456631,0.5902807091456008,0.5902701983914561,0.5902701884877762,1.0520657886752866e-05,9.903679522153289e-09
ani_1x_tz,498,C3H11N5,19,0.9301534819981441,0.9301534819981364,0.9301514251531519,0.9301513607955999,2.121202543969339e-06,6.435755174327682e-08
ani_1x_tz,499,C9H10N2O1,22,0.8103464373676551,0.8103464373676221,0.8103453003196325,0.8103452405174548,1.1968502004283536e-06,5.980217796810069e-08
ani_1x_tz,500,C5H6N2O1,14,0.6788753496144233,0.6788753496143964,0.6788725457372121,0.6788723827425046,2.9668719188012655e-06,1.6299470726675755e-07
ani_1x_tz,501,C4H6N2O1,13,1.3984221930335303,1.3984221930334366,1.398420369490665,1.3984202505001468,1.9425333835123496e-06,1.1899051735716078e-07
ani_1x_tz,502,C3H6N4,13,1.1465791474588192,1.1465791474588076,1.146577350524247,1.1465773104325545,1.8370262647785903e-06,4.009169279801155e-08
ani_1x_tz,503,C4H4N4,12,1.0266061141411125,1.0266061141410603,1.026602448405084,1.0266021781257446,3.936015367798852e-06,2.702793394094185e-07
ani_1x_tz,504,C4H6N2O2,14,1.13057258335152,1.130572583351473,1.1305720833487107,1.1305719885343266,5.94817193657489e-07,9.481438556374736e-08
ani_1x_tz,505,C4H6O3,13,1.4754337442600396,1.4754337442600223,1.4754329605754235,1.4754329434318982,8.008281413425985e-07,1.7143525453238352e-08
ani_1x_tz,506,C3H8N4O1,16,1.3819592109689816,1.381959210968963,1.3819508652157884,1.381950850365285,8.36060369660879e-06,1.4850503230813592e-08
ani_1x_tz,507,C4H6,10,1.1795780378101248,1.179578037810109,1.17957459595821,1.179574563238914,3.474571210173362e-06,3.2719295688696504e-08
ani_1x_tz,508,C7H8,15,1.1961701293794158,1.1961701293794054,1.1961689539122786,1.196168927856897,1.2015225188023875e-06,2.6055381869713293e-08
ani_1x_tz,509,C10H9N3O1,23,1.2259205546164416,1.225920554616387,1.2259156457484937,1.2259154558191996,5.098797241965857e-06,1.8992929411911087e-07
ani_1x_tz,510,C2H7N3,12,0.49815608018178786,0.4981560801817261,0.4981520990694255,0.4981520963819846,3.983799803215822e-06,2.6874408626538685e-09
ani_1x_tz,511,C6H10N2,18,0.6822113756268807,0.6822113756268603,0.6822073601577638,0.6822067380647916,4.637562088904007e-06,6.220929723621625e-07
ani_1x_tz,512,C8H11N1O3,23,1.2952384741239453,1.295238474123939,1.2952362939576179,1.2952361883687569,2.2857551884520482e-06,1.0558886054234094e-07
ani_1x_tz,513,C4H6N2O1,13,0.9668903176126616,0.9668903176126334,0.9668891756455742,0.9668891555672164,1.162045444860238e-06,2.007835805544405e-08
ani_1x_tz,514,C4H8N2O1,15,0.76472778743257,0.7647277874325511,0.764722053697514,0.7647219580711957,5.829361374429276e-06,9.56263182600706e-08
ani_1x_tz,515,C7H12N2,21,0.7605030134555714,0.7605030134555356,0.760502535542928,0.760502356215905,6.572396663390485e-07,1.7932702285663526e-07
ani_1x_tz,516,C6H10N2,18,0.7662746929659194,0.7662746929658829,0.7662743704068453,0.7662741608249846,5.321409350050352e-07,2.0958186090502035e-07
ani_1x_tz,517,C2H1N5O2,10,2.4347629679460545,2.43476296794601,2.4347619647219134,2.4347618641325934,1.1038134613785531e-06,1.0058931963794881e-07
ani_1x_tz,518,C3H6N4O1,14,1.0538910762633387,1.053891076263327,1.0538871462710189,1.05388701338844,4.062874898727129e-06,1.3288257902561229e-07
ani_1x_tz,519,C5H8,13,0.3871577522259152,0.3871577522259103,0.38715036140393216,0.3871503529329605,7.399292954692375e-06,8.470971706870428e-09
ani_1x_tz,520,C2H6N2O1,11,1.063700641827464,1.0637006418274282,1.0636973058762962,1.063697261369425,3.3804580387276577e-06,4.450687073112035e-08
ani_1x_tz,521,C4H6N2O2,14,0.8139311047926887,0.8139311047926789,0.8139310632400075,0.8139309340574443,1.7073524439915288e-07,1.291825632250865e-07
ani_1x_tz,522,C9H13N3O2,27,1.5243719115894896,1.5243719115894558,1.5243708767720172,1.5243708619865919,1.0496028975852836e-06,1.4785425229361752e-08
ani_1x_tz,523,C1H3N5O2,11,2.100071821146009,2.1000718211459333,2.1000696430710195,2.100069557251511,2.2638944981634737e-06,8.581950838830166e-08
ani_1x_tz,524,C3H6N4O1,14,0.8200170277455148,0.8200170277455091,0.8200138493594205,0.8200137987098466,3.229035668147447e-06,5.064957407404442e-08
ani_1x_tz,525,C6H10O2,18,0.26214357403450944,0.2621435740345011,0.2621376975493443,0.2621375318297819,6.042204727535404e-06,1.6571956239133e-07
ani_1x_tz,526,C3H8N2O1,14,0.5274802538725849,0.5274802538725754,0.5274799368934089,0.5274799169474697,3.369251151075414e-07,1.9945939220766574e-08
ani_1x_tz,527,C1H2N4,7,1.383069754752259,1.3830697547522484,1.3830670736476096,1.3830669765505017,2.778201757382584e-06,9.709710782752697e-08
ani_1x_tz,528,C5H5N1O2,13,1.765588172241635,1.7655881722416187,1.7655868300657662,1.765586728357194,1.4438844409216374e-06,1.0170857234817485e-07
ani_1x_tz,529,C6H10N2,18,0.5271998614904455,0.5271998614904335,0.5271988439675844,0.5271988027733537,1.0587170917734995e-06,4.11942307587792e-08
ani_1x_tz,530,C3H5N3O1,12,0.8798755858097226,0.8798755858097155,0.8798757572713889,0.8798754502169245,1.3559279812767603e-07,3.070544644725056e-07
ani_1x_tz,531,C2H3N3O3,11,1.0672039010430847,1.0672039010430507,1.0672003960421448,1.067200375243525,3.525799559620503e-06,2.0798619713360376e-08
ani_1x_tz,532,C3H7N1O3,14,1.4943570701283215,1.4943570701283053,1.4943522616535065,1.4943521047629196,4.965365401832785e-06,1.568905867876895e-07
ani_1x_tz,533,C3H4N4O1,12,1.0919018037264208,1.0919018037263963,1.0919004544446544,1.0919003562984886,1.4474279317420956e-06,9.814616575189746e-08
ani_1x_tz,534,C5H10N2O1,18,0.5272942930352768,0.5272942930352197,0.5272844956329664,0.5272842032342036,1.008980107327978e-05,2.923987628474598e-07
ani_1x_tz,535,C2H3N3O2,10,1.3798488675157232,1.3798488675157152,1.3798468101588766,1.3798467737348519,2.0937808715707727e-06,3.6424024997885806e-08
ani_1x_tz,536,C3H9N1,13,0.3967883937293913,0.3967883937293575,0.3967855445687935,0.39678548742934305,2.9063000482409358e-06,5.7139450394964235e-08
ani_1x_tz,537,C3H5N3O1,12,0.717122205428551,0.7171222054285152,0.7171121561294838,0.7171117588160205,1.0446612530568206e-05,3.973134633171235e-07
ani_1x_tz,538,C4H2,6,1.9034840202909995,1.9034840202909613,1.9034748196815883,1.9034747580370581,9.262253941669192e-06,6.164452985359165e-08
ani_1x_tz,539,C4H6N4,14,1.1906282738061058,1.1906282738060519,1.1906235516603438,1.1906231894013257,5.084404779948258e-06,3.6225901780311524e-07
ani_1x_tz,540,C8H8N2,18,0.5465625636510743,0.5465625636510373,0.5465620917929672,0.546561973109919,5.905411551666778e-07,1.1868304796671798e-07
ani_1x_tz,541,C2H7N3,12,1.160206747067152,1.1602067470671211,1.1602033438918016,1.1602032618734646,3.4851936875620904e-06,8.2018337449819e-08
ani_1x_tz,542,C5H9N1O4,19,2.510837849881035,2.5108378498810233,2.5108369769631276,2.510836858455738,9.914252969045086e-07,1.1850738944394259e-07
ani_1x_tz,543,H4O2,6,1.1715542937753392,1.1715542937752763,1.171554152344957,1.1715540348938918,2.5888144713266824e-07,1.1745106521581478e-07
ani_1x_tz,544,C11H22N4O4,41,2.565886463112837,2.5658864631127978,2.5658844021606693,2.5658843488154255,2.1142974109275218e-06,5.334524395117238e-08
ani_1x_tz,545,C4H6N2O2,14,2.5975156439520437,2.5975156439520184,2.597514872673051,2.5975148661389245,7.778131190964345e-07,6.53412603549761e-09
ani_1x_tz,546,C2H2N2O2,8,0.8986706701771546,0.8986706701771098,0.8986576750486224,0.8986575663708193,1.3103806335268078e-05,1.086778030151505e-07
ani_1x_tz,547,C2H2N2O4,10,1.779002551179756,1.7790025511797416,1.7789990073814543,1.778998962054243,3.589125512870267e-06,4.5327211467879636e-08
ani_1x_tz,548,C5H7N1O1,14,1.3019225148339544,1.301922514833943,1.30191736656087,1.3019172097403786,5.305093576101917e-06,1.5682049157573711e-07
ani_1x_tz,549,C6H9N1O1,17,0.6372693245774584,0.6372693245774534,0.6372659844299593,0.6372659507900611,3.373787397451359e-06,3.363989848241992e-08
ani_1x_tz,550,C4H4N4,12,1.1251346874185442,1.1251346874185308,1.1251281386242402,1.1251280944087505,6.593009793690462e-06,4.4215489481621084e-08
ani_1x_tz,551,C3H5N3O2,13,1.2673168317164856,1.2673168317164856,1.2673141695840437,1.2673141475696983,2.684146787345516e-06,2.2014346169337522e-08
ani_1x_tz,552,C3H3N1O4,11,1.3891518695109317,1.389151869510906,1.3891512097788619,1.3891510692004565,8.003104751241954e-07,1.405784048791791e-07
ani_1x_tz,553,C6H9N3O4,22,2.253319586776147,2.2533195867761027,2.2533184288378654,2.2533183127918357,1.2739843116233544e-06,1.1604602955289473e-07
ani_1x_tz,554,C2H6N2O2,12,1.121137027319486,1.121137027319473,1.121136443778423,1.1211363383807376,6.889387486404944e-07,1.0539768551711206e-07
ani_1x_tz,555,H2N2O1,5,9.49311083148955,9.493110831489524,9.493109358428365,9.493108946018982,1.8854705731801091e-06,4.12409384317962e-07
ani_1x_tz,556,C3H8N2,13,0.3402381440100872,0.34023814401008134,0.34023602295411953,0.3402359217466534,2.2222634336927528e-06,1.0120746609749547e-07
ani_1x_tz,557,C6H6N2,14,0.9633350394482215,0.963335039448197,0.9633324463135431,0.9633324347153605,2.6047328609314372e-06,1.159818250945214e-08
ani_1x_tz,558,C5H4O3,12,1.0456280061352656,1.0456280061352599,1.0456274525042828,1.0456272817293601,7.244059057987534e-07,1.7077492317347008e-07
ani_1x_tz,559,C10H16N2,28,3.9008276152501433,3.900827615250139,3.900827377488141,3.90082735948628,2.5576386403484614e-07,1.8001860707105913e-08
ani_1x_tz,560,C6H8N2,16,1.9990982604141179,1.9990982604140946,1.9990967862735132,1.9990967656230696,1.4947910480725808e-06,2.0650444180695043e-08
ani_1x_tz,561,C5H11N1O2,19,1.2438284979203784,1.2438284979203558,1.2438251322888776,1.2438250825169412,3.415403436973036e-06,4.977193629241486e-08
ani_1x_tz,562,C12H10O2,24,1.1227832377459546,1.1227832377459404,1.1227808684000986,1.1227806879679707,2.54977798384257e-06,1.8043212766473438e-07
ani_1x_tz,563,C10H13N1O1,25,1.3038603498296935,1.3038603498296835,1.3038565024761686,1.3038564830315422,3.866798151074732e-06,1.9444626706537286e-08
ani_1x_tz,564,C5H3N1,9,5.362306415720591,5.36230641572054,5.362306126099673,5.362306055549013,3.601715770300649e-07,7.055065814423969e-08
ani_1x_tz,565,C6H9N1O1,17,0.42703681718230335,0.42703681718229874,0.4270353498512198,0.4270350032327903,1.813949513078477e-06,3.466184294261202e-07
ani_1x_tz,566,C6H4N2,12,3.6159171660571285,3.6159171660570792,3.6159159496371234,3.6159159432980728,1.2227590554801599e-06,6.339049301276354e-09
ani_1x_tz,567,C7H11N1,19,0.4518206440761472,0.45182064407613953,0.4518156629980896,0.45181556179407845,5.0822820687108624e-06,1.0120401111984331e-07
ani_1x_tz,568,C4H6N2O2,14,0.5165130144863009,0.516513014486296,0.5165119467017897,0.5165118543754786,1.1601108223255755e-06,9.232631093498133e-08
ani_1x_tz,569,C4H8N2O1,15,0.7115380044490007,0.7115380044489613,0.7115369989876762,0.7115369332650721,1.071183928560925e-06,6.572260413195994e-08
ani_1x_tz,570,C5H8N2O1,16,0.6840591512466997,0.684059151246695,0.6840572241636009,0.6840570673018171,2.0839448824210267e-06,1.5686178386073895e-07
ani_1x_tz,571,C7H13N1O4,25,2.258067837930605,2.2580678379305708,2.2580658213998825,2.2580657858827107,2.0520478939642072e-06,3.551717175592597e-08
ani_1x_tz,572,C4H7N1,12,0.4175386841375617,0.4175386841375617,0.4175326968746723,0.41753268951381883,5.9946237429472675e-06,7.360853577446538e-09
ani_1x_tz,573,C3H7N3O2,15,1.5932058989514408,1.5932058989513744,1.5932028613436056,1.593202802623753,3.0963276875152256e-06,5.871985251586808e-08
ani_1x_tz,574,C10H19N3O4,36,1.6973700847695654,1.697370084769509,1.697366839958436,1.6973668397991615,3.2449704035852284e-06,1.5927439172681265e-10
ani_1x_tz,575,C3H7N3O3,16,1.7764329218511616,1.7764329218511528,1.776431113042406,1.7764311119187826,1.8099323791554304e-06,1.123623487881892e-09
ani_1x_tz,576,C5H9N3,17,0.5442233204006539,0.5442233204006156,0.5442186259185672,0.5442185234600381,4.796940615923486e-06,1.024585294191556e-07
ani_1x_tz,577,C5H8O1,14,0.5166384122668505,0.5166384122668095,0.5166346966673695,0.5166346823577893,3.7299090609958663e-06,1.430958011641094e-08
ani_1x_tz,578,C4H6O3,13,0.5110050112017641,0.5110050112017127,0.5109974127262511,0.5109973789108496,7.632290914564181e-06,3.381540124211812e-08
ani_1x_tz,579,C1H3N5O1,10,0.7859469532271998,0.7859469532271772,0.7859450415471463,0.7859447501864493,2.2030407504779592e-06,2.9136069700364613e-07
ani_1x_tz,580,C3H2N4O1,10,2.393131025571658,2.393131025571613,2.393128929274193,2.3931288086538443,2.2169178137530767e-06,1.2062034963230665e-07
ani_1x_tz,581,C2H3N3O1,9,1.1975142226254833,1.1975142226254416,1.197510685625287,1.1975103341383457,3.88848713763273e-06,3.514869413922744e-07
ani_1x_tz,582,C3H6N2,11,0.4090361170720924,0.40903611707207793,0.40903630763550436,0.4090360375427132,7.9529379181211e-08,2.700927911580419e-07
ani_1x_tz,583,C12H15N1,28,0.62629793160725,0.6262979316072393,0.6262960779290756,0.6262957368853586,2.194721891319878e-06,3.4104371709747594e-07
ani_1x_tz,584,C2H5N1O2,10,1.1305929601808598,1.1305929601808444,1.1305887106434211,1.1305887078852033,4.252295656202844e-06,2.7582177096161426e-09
ani_1x_tz,585,C5H9N1O1,16,0.9843660203744917,0.9843660203744394,0.9843621777090928,0.9843619410482065,4.079326285204621e-06,2.3666088620448332e-07
ani_1x_tz,586,C4H5N1O2,12,1.4587481796284927,1.4587481796284807,1.4587376569277009,1.4587374080808897,1.0771547602858196e-05,2.488468110422833e-07
ani_1x_tz,587,C5H7N1O2,15,1.035596986087875,1.0355969860878704,1.0355963473895184,1.0355963455217907,6.405660843457205e-07,1.867727807488318e-09
ani_1x_tz,588,C5H4O2,11,0.6737472330874855,0.6737472330874784,0.6737424028202564,0.6737423430293161,4.8900581693980066e-06,5.979094100848291e-08
ani_1x_tz,589,C7H10O2,19,2.16769200961294,2.167692009612928,2.167690094610079,2.1676900596950426,1.9499178968417876e-06,3.4915035715344033e-08
ani_1x_tz,590,C3H4N4,11,2.441865507599766,2.441865507599704,2.4418613792157604,2.441861155771779,4.3518279877054755e-06,2.2344398157359023e-07
ani_1x_tz,591,C7H11N1O1,20,1.2173953478249138,1.2173953478248365,1.2173861531115864,1.2173859734719747,9.374352939035196e-06,1.7963961201508093e-07
ani_1x_tz,592,C4H5N3O1,13,1.5598893024595006,1.5598893024594656,1.5598889542508707,1.5598889332903842,3.691691174013357e-07,2.096048714494946e-08
ani_1x_tz,593,C2H4,6,0.15180236423844667,0.15180236423843346,0.15180095428819204,0.15180089974453095,1.4644939157366292e-06,5.454366111972265e-08
ani_1x_tz,594,C10H16N4O4,34,2.426440765588572,2.4264407655885094,2.426438863505845,2.4264388296973705,1.9358912025136302e-06,3.3808475673420975e-08
ani_1x_tz,595,C10H20N4O4,38,3.047954175544133,3.0479541755441284,3.047953221096473,3.0479529945590684,1.180985064752034e-06,2.2653740479065874e-07
ani_1x_tz,596,C2H5N3O2,12,0.5229248609430925,0.5229248609430925,0.5229249702510004,0.5229244399538203,4.2098927228484365e-07,5.302971799260667e-07
ani_1x_tz,597,C3H3N1O1,8,2.3811087515757188,2.3811087515757,2.38110441525904,2.38110428957641,4.461999308878429e-06,1.2568263007014572e-07
ani_1x_tz,598,C13H15N1,29,0.6818086593823918,0.6818086593823697,0.6818085794944957,0.6818085454249146,1.1395747700316726e-07,3.406958078523587e-08
ani_1x_tz,599,C1H4N2O1,8,0.5059546451216315,0.5059546451216315,0.5059488754274871,0.5059486533170847,5.9918045466898034e-06,2.2211040265024157e-07
ani_1x_tz,600,C3H8N2O1,14,1.6519375759035766,1.6519375759035715,1.651936173503144,1.6519361558094117,1.4200941646570608e-06,1.7693731704078002e-08
ani_1x_tz,601,C7H6O2,15,1.5721502350346062,1.5721502350345777,1.5721477561946646,1.5721477265262036,2.5085084028525094e-06,2.9668461160171405e-08
ani_1x_tz,602,C3H3N1O1,8,0.51770361312298,0.5177036131229514,0.517699755481297,0.5176994909930825,4.122129897468391e-06,2.644882143685501e-07
ani_1x_tz,603,C6H10O5,21,1.377535927772062,1.3775359277720545,1.3775309173676158,1.3775306074408749,5.320331186835676e-06,3.099267409578665e-07
ani_1x_tz,604,C7H8O1,16,1.0301894856511251,1.0301894856510603,1.0301883006689725,1.0301882203044275,1.265346697636474e-06,8.036454524024545e-08
ani_1x_tz,605,C3H3N5,11,1.3938716056264004,1.3938716056262557,1.3938683179443982,1.3938680613884966,3.544237904024122e-06,2.5655590175289325e-07
ani_1x_tz,606,C4H5N3O1,13,0.6738843511838706,0.6738843511838091,0.673883472045899,0.6738834422859498,9.088979207315188e-07,2.975994894908063e-08
ani_1x_tz,607,C6H10O1,17,0.4807495045184891,0.4807495045184669,0.48074647289363853,0.48074620657034556,3.297948143537379e-06,2.66323293130774e-07
ani_1x_tz,608,C4H9N1O1,15,1.7582687250314026,1.7582687250313227,1.7582669424593358,1.7582669126580723,1.812373330169915e-06,2.9801263554779175e-08
ani_1x_tz,609,C4H6O4,14,2.7730211339291846,2.773021133929176,2.773012072556035,2.7730117071097773,9.42681940772682e-06,3.6544625780938906e-07
ani_1x_tz,610,C9H8O3,20,1.7194578833714342,1.71945788337143,1.7194575875862368,1.7194575636719742,3.196994600515126e-07,2.39142622832472e-08
ani_1x_tz,611,C3H7N3O2,15,1.0690514382866592,1.0690514382866543,1.069050428406495,1.069050384010446,1.0542762132680512e-06,4.439604953255818e-08
ani_1x_tz,612,C5H7N1O2,15,1.4860992836876323,1.4860992836875022,1.4860953119459654,1.4860952358532842,4.04783434813941e-06,7.609268136025326e-08
ani_1x_tz,613,C3H5N1,9,0.7685971257641578,0.7685971257641502,0.7685925019383684,0.7685923969447165,4.728819441422596e-06,1.0499365202850997e-07
ani_1x_tz,614,C6H8N2,16,1.4287538987963289,1.4287538987962876,1.4287530968886675,1.4287530764275793,8.223687494482549e-07,2.0461088560092055e-08
ani_1x_tz,615,C2H7N3O2,14,1.1241156864644026,1.1241156864643123,1.1241121175518058,1.1241119653728557,3.7210915468789753e-06,1.5217894988660008e-07
ani_1x_tz,616,C5H5N3O1,14,1.778549432669381,1.7785494326693592,1.7785479969684457,1.7785478669958796,1.5656735010368212e-06,1.2997256563222315e-07
ani_1x_tz,617,C4H5N3,12,0.584686326553199,0.5846863265531449,0.5846849358692764,0.5846843290209716,1.9975322274195283e-06,6.068483048102824e-07
ani_1x_tz,618,C3H4N4O1,12,1.511005002161622,1.5110050021616113,1.5110046489962392,1.5110045999240567,4.0223756532461287e-07,4.907218243877627e-08
ani_1x_tz,619,C2H2N2O1,7,3.1613526198300352,3.1613526198300126,3.161352572004456,3.1613525216087117,9.822132412374167e-08,5.0395743741262564e-08
ani_1x_tz,620,C5H10N2O1,18,1.0042256400988498,1.0042256400988139,1.0042220726259317,1.0042220187112865,3.6213875632627247e-06,5.3914645106757405e-08
ani_1x_tz,621,C3H10N2O1,16,0.8320379770152131,0.8320379770152043,0.8320350222242269,0.832034992067859,2.9849473541344182e-06,3.015636781657058e-08
ani_1x_tz,622,C15H18N4O4,41,2.081033751479391,2.081033751479383,2.0810318305592856,2.081031787889199,1.963590192244894e-06,4.267008603981727e-08
ani_1x_tz,623,C13H17N1,31,1.0678612450999017,1.0678612450998544,1.0678603177615418,1.0678602904147065,9.546851949147526e-07,2.7346835565004503e-08
ani_1x_tz,624,C2H2,4,1.381780202046372,1.381780202046372,1.3817789388739405,1.3817788665148902,1.3355314814336793e-06,7.235904983368184e-08
ani_1x_tz,625,C4H4N2O2,12,1.1141175509701666,1.1141175509701466,1.114116385354539,1.1141161993657753,1.351604391362199e-06,1.8598876342689542e-07
ani_1x_tz,626,C6H10O4,20,0.9734913207694821,0.9734913207694612,0.9734893364813593,0.9734892492374606,2.0715320213296555e-06,8.724389863227376e-08
ani_1x_tz,627,C10H17N1O1,29,0.7926579407696022,0.7926579407695888,0.7926552151049678,0.7926551912650961,2.749504506005713e-06,2.3839871709024244e-08
ani_1x_tz,628,C5H6O3,14,1.6847806479624654,1.6847806479624388,1.6847755009772387,1.684775450172038,5.197790427225809e-06,5.080520077821455e-08
ani_1x_tz,629,C4H5N1O3,13,1.043721553083164,1.0437215530831454,1.0437157101835746,1.0437156795917477,5.8734914159732295e-06,3.059182688267908e-08
ani_1x_tz,630,C5H9N1,15,1.0662079089731684,1.0662079089731402,1.0661981157182028,1.0661980796588162,9.829314352349578e-06,3.6059386898179804e-08
ani_1x_tz,631,C3H7N1,11,0.5835043385270761,0.5835043385270559,0.583502208048217,0.583502125457562,2.213069513868284e-06,8.259065479946874e-08
ani_1x_tz,632,C3H6N4,13,0.9566013175042303,0.9566013175042188,0.9566010804470189,0.956600805674224,5.118300065552917e-07,2.7477279491430964e-07
ani_1x_tz,633,H5N1O2,8,1.1630296304638055,1.1630296304637593,1.1630292371616433,1.1630290604651663,5.699986393783494e-07,1.7669647748395637e-07
ani_1x_tz,634,C10H16N4O4,34,2.853803284888084,2.8538032848880537,2.853801602782367,2.8538013812532657,1.9036348182681172e-06,2.2152910073926123e-07
ani_1x_tz,635,C5H5N3,13,0.7763495275844012,0.7763495275843947,0.7763490235836372,0.7763489177691079,6.098152932860133e-07,1.0581452916633779e-07
ani_1x_tz,636,C17H23N3O3,46,2.2320278408422185,2.2320278408421834,2.2320278698526135,2.2320277629420042,7.790021446856888e-08,1.0691061027369466e-07
ani_1x_tz,637,C3H7N5,15,1.2794483063922504,1.2794483063922408,1.2794472355748556,1.2794469414205365,1.3649717137288073e-06,2.941543194534565e-07
ani_1x_tz,638,C3H3N1O2,9,0.9198540513050101,0.9198540513049773,0.9198538725661976,0.919853266353061,7.84951949158368e-07,6.062131365945215e-07
ani_1x_tz,639,C4H5N3O1,13,1.2383937581928284,1.2383937581928166,1.23839051825427,1.238390362744272,3.3954485563035475e-06,1.5550999749369555e-07
ani_1x_tz,640,C2H3N3O2,10,0.8699543756076398,0.8699543756076243,0.8699462085559252,0.8699461708119167,8.204795723038675e-06,3.774400850353497e-08
ani_1x_tz,641,C2H3N3O1,9,0.7168162165021613,0.7168162165021612,0.7168163472222592,0.7168161236156197,9.288654145758171e-08,2.236066393376638e-07
ani_1x_tz,642,C6H8O1,15,0.5328203423467287,0.5328203423467,0.5328139460863036,0.5328138922791443,6.450067584334764e-06,5.380715898459268e-08
ani_1x_tz,643,C4H9N1O1,15,0.2827228567783783,0.28272285677837333,0.28272196203739214,0.2827219098104168,9.469679614482973e-07,5.222697527227052e-08
ani_1x_tz,644,C4H7N3O1,15,1.3875071217522639,1.3875071217522374,1.3875011460261406,1.3875011396398749,5.98211238928561e-06,6.386265814313623e-09
ani_1x_tz,645,C2H5N5O1,13,1.0822716296902641,1.082271629690245,1.0822657640918405,1.0822652642331356,6.365457128533899e-06,4.998587052379007e-07
ani_1x_tz,646,C4H4N2O2,12,1.0196342869105184,1.0196342869104533,1.0196300497853832,1.0196300063087025,4.280601815558078e-06,4.347668056762984e-08
ani_1x_tz,647,C6H13N1O4,24,2.2950087521035103,2.2950087521034916,2.295004486643994,2.2950044346943397,4.3174091709556916e-06,5.1949654856661145e-08
ani_1x_tz,648,C4H6O1,11,0.254425024138015,0.25442502413797524,0.2544212206445183,0.254421092172071,3.931965943969889e-06,1.2847244733369026e-07
ani_1x_tz,649,C10H15N5O4,34,2.388754636650715,2.3887546366506958,2.388753563364702,2.388753485487045,1.1511636703859283e-06,7.787765809285914e-08
ani_1x_tz,650,C5H5N3,13,1.7458677513084389,1.745867751308427,1.7458677202847535,1.745867675717505,7.559093406127328e-08,4.456724847148933e-08
ani_1x_tz,651,H6N2O3,11,1.169445063086526,1.169445063086513,1.169444846253752,1.1694448180639772,2.4502254874155197e-07,2.8189774771675977e-08
ani_1x_tz,652,C6H7N1,14,0.48131127694951514,0.48131127694948983,0.48130657880216926,0.4813063887735021,4.888176012968289e-06,1.9002866719233407e-07
ani_1x_tz,653,C4H7N3O1,15,0.5684719305988757,0.5684719305988619,0.5684694770533317,0.5684694688102607,2.4617886147995227e-06,8.243071147512655e-09
ani_1x_tz,654,C3H4O2,9,0.5388274975914379,0.5388274975913855,0.5388262479817296,0.5388259308264435,1.5667649943577874e-06,3.171552861391477e-07
ani_1x_tz,655,C3H2N4O1,10,2.0756788901317447,2.0756788901317305,2.07567505394216,2.0756749751825163,3.914949228709515e-06,7.875964420561629e-08
ani_1x_tz,656,C6H7N1O2,16,3.0401367614812314,3.0401367614812163,3.04013609276151,3.040136024349693,7.371315379705984e-07,6.841181726760313e-08
ani_1x_tz,657,C3H7N5O1,16,0.851140593852709,0.8511405938526821,0.8511405393792933,0.8511404344110214,1.5944168751102856e-07,1.0496827200896178e-07
ani_1x_tz,658,C4H4,8,1.0195685329088708,1.0195685329088624,1.0195676990575882,1.0195676563494067,8.765594642866022e-07,4.2708181538661076e-08
ani_1x_tz,659,C4H9N3O1,17,0.907042770841742,0.9070427708417027,0.9070347733873995,0.9070346431078141,8.127733927750588e-06,1.3027958516487338e-07
ani_1x_tz,660,C2H3N1O3,9,1.3512776827072153,1.3512776827071835,1.3512757055497822,1.3512756769719783,2.005735237148331e-06,2.8577804202981688e-08
ani_1x_tz,661,C7H8N2O3,20,1.379183819137441,1.3791838191374233,1.3791774264309016,1.3791773553537041,6.4637837364312034e-06,7.107719729937605e-08
ani_1x_tz,662,C2H4N4,10,2.213151442412424,2.213151442412393,2.213149601315459,2.2131495767514773,1.8656609461112573e-06,2.4563980741889197e-08
ani_1x_tz,663,C6H13N3,22,0.9938016928485387,0.9938016928485188,0.9938014033050666,0.9938012608766775,4.3197186109533133e-07,1.4242838907175993e-07
ani_1x_tz,664,C2H6N2O1,11,0.7745638357605558,0.774563835760549,0.7745617847667429,0.7745616700195407,2.1657410151228123e-06,1.147472023613617e-07
ani_1x_tz,665,C5H5N3,13,2.0625678726417416,2.062567872641668,2.0625649698023953,2.0625649587057313,2.913936009618509e-06,1.10966621203964e-08
ani_1x_tz,666,C4H4O4,12,1.6709825759665975,1.670982575966591,1.6709755652210667,1.6709754431085315,7.1328580657436515e-06,1.2211253549524117e-07
ani_1x_tz,667,C11H22N4O4,41,3.2850176743865704,3.285017674386552,3.2850170637837373,3.2850170543952957,6.199912748964238e-07,9.388441691678994e-09
ani_1x_tz,668,H4N4,8,7.327034987881397,7.327034987881368,7.327034442013,7.3270344346593514,5.532220470285201e-07,7.3536479353486894e-09
ani_1x_tz,669,C7H6O1,14,0.8871807970618446,0.887180797061834,0.8871755822249824,0.8871754200881623,5.376973682315063e-06,1.6213681992907486e-07
ani_1x_tz,670,C5H10N2,17,1.0520357539084984,1.0520357539084604,1.052033562782496,1.0520334324592864,2.3214492118456546e-06,1.303232097828479e-07
ani_1x_tz,671,C5H8O1,14,0.30658185188649406,0.3065818518864797,0.3065791796266652,0.3065791603480908,2.6915384033429e-06,1.9278574534553735e-08
ani_1x_tz,672,C9H10O4,23,0.8599274133023572,0.8599274133023546,0.8599267107449264,0.859926634068346,7.792340113690147e-07,7.667658055272288e-08
ani_1x_tz,673,C4H7N1O2,14,0.682589217200665,0.6825892172006488,0.6825825101402507,0.6825824972860838,6.719914581148316e-06,1.2854166710787288e-08
ani_1x_tz,674,C4H8N2,14,0.42110072237032203,0.42110072237027973,0.42110029553331835,0.42110024103648463,4.81333837421329e-07,5.4496833521340135e-08
ani_1x_tz,675,C2H4N2O2,10,1.7444435251293404,1.7444435251293262,1.7444405623392383,1.7444403402697872,3.184859553310706e-06,2.220694514721525e-07
ani_1x_tz,676,C5H11N1O4,21,3.4392496490338726,3.4392496490337687,3.439247899175418,3.439247868097997,1.7809358756853083e-06,3.1077421145523827e-08
ani_1x_tz,677,C6H12N4O1,23,4.265321215884878,4.265321215884871,4.26531912798009,4.2653191185575094,2.097327368184102e-06,9.422582615766807e-09
ani_1x_tz,678,C11H20N2O3,36,1.916012935276617,1.9160129352766115,1.9160123664174877,1.9160123133467188,6.219298984394955e-07,5.3070768781765404e-08
ani_1x_tz,679,C5H8O1,14,0.4017964043684598,0.4017964043683902,0.4017962998681909,0.40179625268900426,1.516794555494318e-07,4.717918664989207e-08
ani_1x_tz,680,C1H4N2O2,9,0.5564996374077588,0.556499637407751,0.5564982928096658,0.5564982268671611,1.4105405976967306e-06,6.594250489342966e-08
ani_1x_tz,681,C2H4N4,10,0.6043712492945533,0.6043712492945532,0.6043634582390569,0.6043632686996472,7.980594906030442e-06,1.8953940962751784e-07
ani_1x_tz,682,C6H9N1O1,17,0.6850024925120756,0.6850024925120506,0.6849887129277222,0.6849879913083983,1.4501203677484298e-05,7.216193241357323e-07
ani_1x_tz,683,C4H3N3O1,11,0.7812219375902344,0.7812219375901992,0.7812206373174548,0.7812205799990408,1.3575911936178325e-06,5.7318414115969045e-08
ani_1x_tz,684,C2H1N5,8,2.219821183446655,2.2198211834465598,2.2198191775884375,2.2198187381435557,2.445303099025176e-06,4.394448818871453e-07
ani_1x_tz,685,C3H6N2O2,13,0.838190412056753,0.8381904120567361,0.8381847775288265,0.8381846980812784,5.713975474863826e-06,7.944754813745101e-08
ani_1x_tz,686,C4H8N4,16,0.9981761560976845,0.9981761560976428,0.9981743601419213,0.9981742166062946,1.9394913899950175e-06,1.4353562668391456e-07
ani_1x_tz,687,C4H4O2,10,1.754165935573338,1.7541659355732944,1.7541640232686693,1.7541639670631146,1.9685102237775413e-06,5.6205554622849734e-08
ani_1x_tz,688,C7H9N1,17,0.7299733753986783,0.7299733753986161,0.7299712681196535,0.7299712619649156,2.1134337629229036e-06,6.154738076992599e-09
ani_1x_tz,689,C4H7N3,14,0.7434153362564808,0.7434153362564532,0.7434149659480755,0.7434149424128589,3.938436219636515e-07,2.3535216560370172e-08
ani_1x_tz,690,C4H7N1O1,13,0.5965041668194697,0.5965041668194477,0.5965039662153023,0.5965039192980435,2.475214263426941e-07,4.6917258879202675e-08
ani_1x_tz,691,C5H9N1O1,16,0.7168054169486235,0.7168054169485827,0.7168006303954306,0.7168005662692749,4.850679348736183e-06,6.41261558285269e-08
ani_1x_tz,692,C4H6N2O3,15,1.3935763868007487,1.3935763868007387,1.3935727254906305,1.3935726974227567,3.689377992122825e-06,2.806787326114436e-08
ani_1x_tz,693,C2H4N4O2,12,1.287331808148122,1.2873318081481155,1.2873290863975442,1.2873289250446511,2.8831034714825267e-06,1.6135289311760365e-07
ani_1x_tz,694,C10H8O1,19,1.5599807346705257,1.5599807346705254,1.5599778784409126,1.5599778590985494,2.875571976366789e-06,1.9342363366056662e-08
ani_1x_tz,695,C5H7N3,15,0.5297283365411667,0.5297283365411475,0.5297280513054246,0.5297280033911578,3.331500088192863e-07,4.7914266222645807e-08
ani_1x_tz,696,C4H5N3O1,13,2.789854306815246,2.7898543068152284,2.7898520653639842,2.789851869011837,2.437803409342147e-06,1.9635214621532714e-07
ani_1x_tz,697,C10H20N2,32,1.182548578560824,1.1825485785607919,1.1825471901527664,1.1825471231470708,1.4554137532524576e-06,6.700569531278723e-08
ani_1x_tz,698,C9H15N3O1,28,1.0592973771597876,1.0592973771597205,1.0592943689363439,1.0592943283723049,3.0487874826170534e-06,4.056403930185732e-08
ani_1x_tz,699,C6H11N1O1,19,0.7555718455382114,0.7555718455381921,0.7555711557462056,0.7555711249042896,7.206339217763146e-07,3.084191615437534e-08
ani_1x_tz,700,C6H10N2,18,0.5679866659438203,0.5679866659437841,0.5679762529393783,0.5679755877140302,1.1078229789999313e-05,6.652253478476103e-07
ani_1x_tz,701,C6H12N2O1,21,2.7410522036073974,2.7410522036073517,2.7410467140645585,2.7410464889645643,5.714642833151957e-06,2.250999931932594e-07
ani_1x_tz,702,C8H7N3,18,2.180348111070431,2.180348111070393,2.180344355731109,2.1803443145327033,3.796537728376583e-06,4.1198406370328826e-08
ani_1x_tz,703,C2H3N3O2,10,1.1070237872767983,1.1070237872767983,1.1070134356484618,1.1070130528644213,1.0734412376614362e-05,3.8278403970628225e-07
ani_1x_tz,704,C5H11N1O4,21,1.9215189751833308,1.921518975183309,1.921517488730144,1.921517399950099,1.5752332320262223e-06,8.87800455957386e-08
ani_1x_tz,705,C3H8N2O1,14,0.5856398157517145,0.5856398157516227,0.5856364893439603,0.5856364601724465,3.3555792679273698e-06,2.9171513802478956e-08
ani_1x_tz,706,C6H7N3O1,17,8.065617260463686,8.065617260463679,8.065614591049036,8.065614546560367,2.713903321474896e-06,4.4488669831216565e-08
ani_1x_tz,707,C9H10O3,22,0.7581377005296764,0.7581377005296422,0.7581358712834158,0.7581358437752074,1.856754468983469e-06,2.7508208495884587e-08
ani_1x_tz,708,C5H5N5,15,6.463729883364096,6.463729883364087,6.463726835828019,6.463726822248356,3.0611157410143628e-06,1.3579663678740714e-08
ani_1x_tz,709,C3H4N4,11,2.969069876927407,2.9690698769273944,2.96906917887256,2.9690691609695015,7.159579055344436e-07,1.7903058446222873e-08
ani_1x_tz,710,C4H7N1O1,13,2.9881119359278028,2.9881119359277926,2.988110834542539,2.988110831310322,1.1046174810870072e-06,3.2322171148075807e-09
ani_1x_tz,711,C6H13N3O2,24,1.3777663956805202,1.377766395680492,1.3777662799129204,1.3777660240258678,3.716546522507223e-07,2.5588705262716506e-07
ani_1x_tz,712,C3H7N3O4,17,2.4568586167224957,2.4568586167224833,2.4568563525850275,2.4568561567236986,2.459998797558093e-06,1.9586132923745381e-07
ani_1x_tz,713,C7H14N2O3,26,2.4145659362011838,2.414565936201143,2.4145601383186457,2.414560116148159,5.8200530246644874e-06,2.217048684553825e-08
ani_1x_tz,714,C9H8N2,19,0.7870467187642038,0.7870467187641927,0.7870452564768159,0.7870452334658888,1.485298315101272e-06,2.301092745965432e-08
ani_1x_tz,715,C3H7N5,15,0.9560176995836343,0.9560176995836244,0.9560164146494455,0.956016245864477,1.453719157282334e-06,1.6878496836252145e-07
ani_1x_tz,716,C1H3N5,9,0.8334247123208359,0.8334247123207301,0.8334217623207317,0.8334217352662655,2.977054570401291e-06,2.7054466152432332e-08
ani_1x_tz,717,C6H9N1O1,17,0.8924076437234983,0.8924076437234983,0.8924013555817218,0.8924012724585704,6.3712649279911715e-06,8.312315181578809e-08
ani_1x_tz,718,C4H7N3,14,0.4926378751446238,0.4926378751445963,0.49262823224033797,0.4926280900361495,9.785108474314368e-06,1.4220418860233282e-07
ani_1x_tz,719,C2H7N3O2,14,0.9989067000173769,0.9989067000173444,0.9989068679294414,0.9989065045063789,1.955109979587172e-07,3.634230625560876e-07
ani_1x_tz,720,C4H7N3,14,1.3171746192401077,1.3171746192400535,1.317173636008855,1.3171736340042364,9.852358713244893e-07,2.0046180131484513e-09
ani_1x_tz,721,C5H6N2O2,15,2.9336760668402384,2.9336760668401394,2.9336708120774846,2.9336705891789383,5.4776613000747505e-06,2.2289854641256644e-07
ani_1x_tz,722,C3H8N4O1,16,1.9208210508190127,1.9208210508189836,1.9208204780189442,1.9208204686545556,5.82164456995388e-07,9.364388202973756e-09
ani_1x_tz,723,C3H5N3O2,13,1.698244038478519,1.698244038478513,1.6982378481594023,1.698237835189224,6.203289295267281e-06,1.2970178376126942e-08
ani_1x_tz,724,C5H8N2O1,16,1.546278191706647,1.546278191706633,1.5462748470497243,1.5462747644924961,3.4272141511643407e-06,8.25572275627493e-08
ani_1x_tz,725,C3H8N2O1,14,0.45467900917164994,0.45467900917163945,0.45467740384501554,0.45467700146467177,2.0077069781137218e-06,4.023803436067797e-07
ani_1x_tz,726,C4H8N2O2,16,1.517911175860573,1.5179111758605075,1.5179075908927646,1.5179075599863718,3.61587420073881e-06,3.0906393031260745e-08
ani_1x_tz,727,C4H3N1,8,0.7910056820786123,0.7910056820785938,0.7910047031664715,0.7910045388113387,1.1432672737108983e-06,1.6435513313925415e-07
ani_1x_tz,728,C2N4O1,7,2.8446725983956513,2.8446725983955568,2.8446718474696575,2.8446718205361305,7.77859520265154e-07,2.693352736644193e-08
ani_1x_tz,729,C6H9N1O1,17,0.5008263380355912,0.5008263380355771,0.5008197865670759,0.500819740118809,6.597916782216444e-06,4.644826690007104e-08
ani_1x_tz,730,C4H7N1O2,14,0.6339597928703075,0.6339597928702967,0.6339577580237514,0.6339576157080018,2.1771623056206507e-06,1.4231574934511672e-07
ani_1x_tz,731,C4H9N1,14,0.4284149300239414,0.42841493002393605,0.42841300527641535,0.4284129752784096,1.9547455317263373e-06,2.999800574829687e-08
ani_1x_tz,732,C4H7N3,14,0.5285109590110428,0.5285109590110174,0.5285058917120283,0.5285058254250743,5.133585968551479e-06,6.628695417210865e-08
ani_1x_tz,733,C10H10N2O2,24,3.5158239913509366,3.5158239913509064,3.5158234663876335,3.515823397543054,5.938078822835757e-07,6.884457771376144e-08
ani_1x_tz,734,C6H7N1O1,15,2.71468777655874,2.71468777655873,2.7146865511403666,2.714686528898402,1.2476603385910723e-06,2.224196469016962e-08
ani_1x_tz,735,C4H8N2,14,0.8002414022671119,0.8002414022670644,0.8002391093957959,0.8002389799851423,2.4222819693168198e-06,1.2941065381317932e-07
ani_1x_tz,736,C6H6O2,14,1.2390706148717245,1.2390706148716752,1.2390703463116328,1.2390701232575159,4.916142085081595e-07,2.2305411733209688e-07
ani_1x_tz,737,C5H9N1,15,0.8612500450392274,0.8612500450391991,0.861249571261766,0.8612495091216996,5.359175278401795e-07,6.214006641561392e-08
ani_1x_tz,738,C4H5N3O1,13,0.6457168896248359,0.6457168896248247,0.6457139718587647,0.6457139099118334,2.979713002296604e-06,6.194693115412481e-08
ani_1x_tz,739,C13H10O1,24,0.9392059297419466,0.9392059297419466,0.939203101365365,0.9392030735198079,2.8562221386079256e-06,2.784555706616386e-08
ani_1x_tz,740,C3H7N5,15,1.2208045542416286,1.2208045542416044,1.2208030684285938,1.220802960456682,1.5937849471500667e-06,1.079719121381217e-07
ani_1x_tz,741,C2H6N2O1,11,0.5615347663679331,0.5615347663679007,0.5615335705748615,0.5615334766422276,1.289725705446417e-06,9.393263398815385e-08
ani_1x_tz,742,C5H7N1O2,15,0.8821782621762704,0.8821782621762297,0.8821757161947797,0.8821755897799848,2.6723962855627763e-06,1.2641479471534196e-07
ani_1x_tz,743,C6H12N2,20,0.725387076845991,0.7253870768459871,0.7253810031344485,0.7253809623864015,6.114459589547716e-06,4.0748047005198784e-08
ani_1x_tz,744,C4H6,10,0.11910828947921769,0.11910828947920975,0.11910313299981093,0.11910309354650955,5.195932708151305e-06,3.945330145361466e-08
ani_1x_tz,745,C3H6N2O3,14,0.7051007530406475,0.7051007530405993,0.705097072506612,0.7050970426103415,3.710430306129329e-06,2.989627067501273e-08
ani_1x_tz,746,C4H3N1O4,12,1.207778257265756,1.207778257265738,1.2077755148051217,1.20777545968066,2.7975850957900513e-06,5.512446141103269e-08
ani_1x_tz,747,C4H7N1O1,13,0.6731459104366643,0.6731459104366534,0.6731318021242926,0.673131631361339,1.4279075325287854e-05,1.7076295366433434e-07
ani_1x_tz,748,C5H9N3,17,1.384441547726214,1.3844415477262004,1.3844395736731105,1.3844393089330023,2.238793211884336e-06,2.6474010778420866e-07
ani_1x_tz,749,C2H6N4O2,14,1.6430207104188852,1.6430207104188796,1.6430203298573345,1.6430199331246487,7.772942364836787e-07,3.9673268594322183e-07
ani_1x_tz,750,C6H9N1,16,0.4496717242492162,0.44967172424920715,0.44966689276679195,0.4496663020946773,5.42215453898415e-06,5.90672114689676e-07
ani_1x_tz,751,C5H8N2O1,16,1.2047556389189205,1.2047556389189105,1.204752237224785,1.204752219590827,3.419328093525692e-06,1.76339579629458e-08
ani_1x_tz,752,C6H10N2O1,19,1.4000582615564556,1.4000582615563935,1.4000554662020133,1.40005537771928,2.883837175757219e-06,8.848273379363243e-08
ani_1x_tz,753,C12H25N5O3,45,2.586235993328472,2.5862359933284416,2.5862337167997502,2.586233613443077,2.379885395753296e-06,1.0335667403669934e-07
ani_1x_tz,754,C4H6N2O2,14,1.0387983218548484,1.0387983218548382,1.0387953613837762,1.038795042371871,3.2794829771701106e-06,3.1901190541911336e-07
ani_1x_tz,755,C2H6N2O2,12,1.1829619361450219,1.1829619361449462,1.1829617817241704,1.1829617506156067,1.855294150490891e-07,3.1108563289003744e-08
ani_1x_tz,756,C11H21N3O4,39,2.3630622306929583,2.3630622306929556,2.363058890497033,2.3630588510404102,3.379652548104612e-06,3.945662355813725e-08
ani_1x_tz,757,C8H12N2O2,24,1.3031072806255077,1.3031072806254886,1.3031034041440643,1.3031033221150445,3.958510463081769e-06,8.202901979511972e-08
ani_1x_tz,758,C4H5N1O3,13,0.5330927697082894,0.5330927697082606,0.5330897324507896,0.5330897066165761,3.063091713348388e-06,2.5834213479311877e-08
ani_1x_tz,759,C6H3N1O1,11,3.9026950060058083,3.9026950060057883,3.9026938758197485,3.902693850475101,1.1555307073262118e-06,2.534464670672381e-08
ani_1x_tz,760,C4H5N3,12,2.8586132079728492,2.8586132079728244,2.8586114194259853,2.8586113626508642,1.8453219851056843e-06,5.677512048700908e-08
ani_1x_tz,761,C6H8O2,16,0.7149842202303858,0.7149842202303303,0.7149721323639104,0.714971980825732,1.2239404653809054e-05,1.5153817883866638e-07
ani_1x_tz,762,C9H16N2O1,28,1.2639123575430666,1.263912357543053,1.2639105880383,1.263910561368311,1.7961747556431242e-06,2.6669988911037175e-08
ani_1x_tz,763,C4H9N3O1,17,0.9666446615040942,0.9666446615040847,0.9666444988077734,0.9666444590618967,2.0244219781289798e-07,3.974587683329033e-08
ani_1x_tz,764,C9H13N3O1,26,0.716522198710391,0.7165221987102947,0.7165209909316943,0.716520446000796,1.7527095951480312e-06,5.449308982501023e-07
ani_1x_tz,765,C4H4N2O2,12,2.3169834869092147,2.3169834869091823,2.3169806006654374,2.3169805705424555,2.9163667590260174e-06,3.0122982240889135e-08
ani_1x_tz,766,C4H5N3O2,14,0.8222860312636877,0.8222860312636151,0.8222843832443234,0.8222841229109218,1.908352765922123e-06,2.603334018162911e-07
ani_1x_tz,767,H10O5,15,2.9412927343595423,2.9412927343595423,2.941292708240983,2.9412925157038114,2.1865573129275761e-07,1.9253717220900018e-07
ani_1x_tz,768,C4H8N4O1,17,0.7548891764056513,0.7548891764056465,0.7548871261905755,0.7548871207551829,2.0556504683575876e-06,5.435392326499726e-09
ani_1x_tz,769,C3H4N4O1,12,1.508744723757452,1.5087447237574398,1.5087443947285826,1.5087443137262844,4.1003116768061e-07,8.100229831630108e-08
ani_1x_tz,770,C2H1N5O1,9,1.0768030467650913,1.0768030467650747,1.076793775745124,1.0767934943800272,9.552385064192503e-06,2.8136509718945574e-07
ani_1x_tz,771,C7H8O2,17,0.711871188397432,0.7118711883974232,0.7118708914535298,0.7118708877889081,3.0060852390813375e-07,3.6646217997718626e-09
ani_1x_tz,772,C4H9N1,14,0.5533467988426075,0.5533467988426019,0.5533428574478532,0.5533427355952979,4.063247309622749e-06,1.2185255514638206e-07
ani_1x_tz,773,C5H10,15,0.2729095894585383,0.27290958945853344,0.272908231571384,0.27290819741539574,1.392043142595556e-06,3.4155988304540804e-08
ani_1x_tz,774,C6H11N1O1,19,0.7577280749113864,0.7577280749113634,0.7577273445955005,0.7577271691108198,9.058005666448195e-07,1.754846808321413e-07
ani_1x_tz,775,C6H9N1O1,17,1.38945965733139,1.3894596573313323,1.389456855605471,1.3894566376591544,3.019672235782478e-06,2.1794631724002102e-07
ani_1x_tz,776,C10H11N1O1,23,1.4663775484929507,1.4663775484929351,1.4663749187702415,1.4663748305506863,2.717942264359747e-06,8.8219554673209e-08
ani_1x_tz,777,C4H4N2O2,12,0.7234016169701251,0.7234016169701197,0.7233986603941355,0.7233985817645205,3.0352056047219526e-06,7.862961508246076e-08
ani_1x_tz,778,C3H6N4O1,14,0.4776310573361299,0.47763105733612027,0.47762972498222167,0.47762968556085045,1.3717752795224624e-06,3.942137131427527e-08
ani_1x_tz,779,C2H3N3O3,11,1.2648326300060568,1.2648326300060446,1.2648323035712343,1.2648322801648368,3.498412199463811e-07,2.3406397625518968e-08
ani_1x_tz,780,C3H4N2O2,11,0.966433107870276,0.966433107870276,0.9664331984705302,0.9664330904833943,1.7386881888891162e-08,1.0798713582257732e-07
ani_1x_tz,781,C3H7N3O1,14,1.0166682948111438,1.0166682948111383,1.0166671218840702,1.0166670582107897,1.236600354018296e-06,6.367328056872065e-08
ani_1x_tz,782,C1H3N5O2,11,3.1047004992382266,3.1047004992382137,3.1046967340957226,3.1046965829631126,3.916275113715865e-06,1.511326109227243e-07
ani_1x_tz,783,C4H5N3O1,13,1.360520184409638,1.3605201844096166,1.3605160348044307,1.3605158822325898,4.302177048134229e-06,1.5257184078953055e-07
ani_1x_tz,784,C3H3N3O2,11,1.8278223279770747,1.8278223279770673,1.8278157307882201,1.8278153191529622,7.008824112629658e-06,4.116352576507093e-07
ani_1x_tz,785,C6H13N3O3,25,1.8945549929528946,1.8945549929528858,1.8945522678910567,1.8945522436150477,2.749337846811957e-06,2.4276008842010837e-08
ani_1x_tz,786,C3H4N4,11,0.8717888733134189,0.8717888733134045,0.8717885874777628,0.8717885558400872,3.1747333195682595e-07,3.163767581571416e-08
ani_1x_tz,787,C4H7N1O1,13,3.592729792234622,3.5927297922345955,3.5927238163204067,3.5927237792221107,6.013012511279107e-06,3.7098296398781795e-08
ani_1x_tz,788,C5H6O1,12,1.3791162447162255,1.3791162447162197,1.379115826695621,1.3791158105297192,4.3418650618997136e-07,1.616590168363837e-08
ani_1x_tz,789,C4H8N4,16,0.8806200332627795,0.8806200332627576,0.8806148506659188,0.8806146632675178,5.3699952616766115e-06,1.873984011061449e-07
ani_1x_tz,790,C12H16N2,30,0.9115686247062389,0.9115686247062266,0.9115632588374314,0.911563183888838,5.4408174009047736e-06,7.494859333587711e-08
ani_1x_tz,791,C2H4N2,8,0.8100528478111076,0.8100528478110887,0.810052531543021,0.8100525006582183,3.4715288938803546e-07,3.088480272996727e-08
ani_1x_tz,792,C2H3N5,10,2.704559795680961,2.7045597956809315,2.7045570403510606,2.7045569480085714,2.847672389340534e-06,9.234249041226168e-08
ani_1x_tz,793,C7H7N1O1,16,0.9035670489784327,0.9035670489784244,0.9035585367585198,0.9035579992774193,9.049701013412277e-06,5.374811007400457e-07
ani_1x_tz,794,C7H8N2O1,18,2.9131289458109424,2.9131289458106404,2.913128812490769,2.913128809282463,1.3652847898742575e-07,3.2083050473435654e-09
ani_1x_tz,795,C5H6O1,12,1.4039787383684619,1.4039787383684557,1.40397608738894,1.4039760516975874,2.686670874044625e-06,3.5691352543552396e-08
ani_1x_tz,796,C5H9N1O2,17,0.8002072328056375,0.800207232805616,0.8002038478424327,0.8002037387687966,3.4940368410424474e-06,1.0907363632876814e-07
ani_1x_tz,797,C5H7N1O2,15,1.1647773828632497,1.1647773828632184,1.1647750537607335,1.164774981371142,2.4014921070800836e-06,7.238959174101906e-08
ani_1x_tz,798,C6H13N3,22,0.7269318805746519,0.7269318805746157,0.7269293899924864,0.7269293822680167,2.498306635178217e-06,7.724469173821486e-09
ani_1x_tz,799,C5H10N2O1,18,0.5556453672115975,0.55564536721159,0.555637877967956,0.5556375478473338,7.819364263798188e-06,3.3012062244295035e-07
ani_1x_tz,800,C1H2O2,5,0.4543039034181701,0.4543039034181256,0.45430031742341104,0.45430028173215087,3.6216860191989403e-06,3.569126017327589e-08
ani_1x_tz,801,H4O2,6,1.073663379988819,1.0736633799887945,1.073663875112246,1.0736631431481836,2.3684063569071256e-07,7.319640624564208e-07
ani_1x_tz,802,C3H7N1O1,12,0.5381307082161254,0.5381307082160606,0.5381284106039446,0.5381283888124688,2.3194036565900054e-06,2.1791475779227625e-08
ani_1x_tz,803,C3H8N4O1,16,1.5135807240189816,1.5135807240189818,1.5135802424184255,1.513580227559273,4.964597089580713e-07,1.4859153216541874e-08
ani_1x_tz,804,C4H4N2O2,12,0.9548347056249983,0.954834705624986,0.9548334549157542,0.954833228533654,1.47709134411892e-06,2.2638210023595245e-07
ani_1x_tz,805,C7H13N3O4,27,1.9129918350392263,1.912991835039202,1.9129897759938155,1.9129897402787497,2.0947604768673025e-06,3.571506652478029e-08
ani_1x_tz,806,C4H10N2O1,17,0.7692246343576192,0.769224634357583,0.7692186886588583,0.7692185009043617,6.133453257253865e-06,1.877544968593344e-07
ani_1x_tz,807,C3H5N1O2,11,2.4655883056217465,2.4655883056217385,2.4655873047601164,2.4655872809764126,1.0246453336282478e-06,2.3783703911271116e-08
ani_1x_tz,808,C3H7N1O1,12,2.4675391839190786,2.467539183919027,2.4675374729749477,2.467537453786657,1.730132421316681e-06,1.9188290503249577e-08
ani_1x_tz,809,C2H5N3O1,11,1.2727083437341538,1.2727083437340354,1.2727054396868833,1.2727053783822981,2.9653518554000045e-06,6.130458501617195e-08
ani_1x_tz,810,C7H9N1,17,0.8251614851648746,0.8251614851648563,0.8251597403948916,0.825159356866742,2.1282981324081738e-06,3.8352815033325337e-07
ani_1x_tz,811,C4H8N2O1,15,0.6563624398138204,0.6563624398138057,0.6563624769646523,0.6563622528670332,1.8694678711931405e-07,2.2409761914235375e-07
ani_1x_tz,812,C12H15N1O1,29,0.6097665317954382,0.6097665317953956,0.6097645111995121,0.6097644605728203,2.071222617718584e-06,5.062669172854222e-08
ani_1x_tz,813,C5H5N3,13,5.376970628327026,5.37697062832701,5.376966134179457,5.376965766437459,4.861889566359035e-06,3.6774199766180513e-07
ani_1x_tz,814,C3H3N1O4,11,1.7782787829322926,1.7782787829322786,1.7782743384610988,1.7782741183197164,4.664612575956514e-06,2.2014138239473998e-07
ani_1x_tz,815,C3H5N3O2,13,0.9055028628168615,0.9055028628168447,0.9054994122651263,0.9054992745409023,3.588275959211607e-06,1.3772422391643855e-07
ani_1x_tz,816,C4H7N3,14,0.7344394973574045,0.7344394973573565,0.7344346346571329,0.7344345630158745,4.934341530167877e-06,7.164125834313985e-08
ani_1x_tz,817,H4O2,6,1.021360751547168,1.0213607515471301,1.021360132338796,1.0213600983197502,6.532274179648331e-07,3.401904589970077e-08
ani_1x_tz,818,C2H1N3O3,9,1.5342024697592924,1.5342024697592755,1.534187692653547,1.5341876011130153,1.4868646277545307e-05,9.154053150490171e-08
ani_1x_tz,819,C12H13N1O1,27,0.8581000182448857,0.8581000182448729,0.8580965784384125,0.8580965226119127,3.4956329729419377e-06,5.582650011358691e-08
ani_1x_tz,820,C3H3N3O2,11,1.5997916716798386,1.599791671679817,1.599790033297734,1.599789907739374,1.7639404649186047e-06,1.2555836034043628e-07
ani_1x_tz,821,C6H13N5O1,25,1.5450060441325029,1.5450060441324636,1.5450037958295872,1.5450037009454682,2.343187034795988e-06,9.48841189968441e-08
ani_1x_tz,822,C4H5N3O1,13,1.094154404319454,1.0941544043194205,1.0941474359608747,1.094147117024167,7.287295286899716e-06,3.1893670635133533e-07
ani_1x_tz,823,H14O7,21,3.4959321936655865,3.4959321936655683,3.4959321558480827,3.495932154210186,3.9455399014666934e-08,1.6378962044145262e-09
ani_1x_tz,824,C2H4N4,10,0.7585425015136514,0.7585425015136146,0.7585412776682846,0.7585405667615127,1.9347521387350043e-06,7.109067724327511e-07
ani_1x_tz,825,C4H4O5,13,2.9499674178202824,2.9499674178202473,2.9499659172595503,2.949965009142128,2.4086781542177265e-06,9.081174233940095e-07
ani_1x_tz,826,C2H4N4,10,0.77784120180163,0.7778412018016162,0.7778406581705796,0.7778406308146231,5.709870068122089e-07,2.735595659020251e-08
ani_1x_tz,827,C4H7N3,14,0.9678507329704695,0.9678507329704585,0.9678453627885165,0.9678450585585212,5.67441194843723e-06,3.04229995316663e-07
ani_1x_tz,828,C3H3N3O2,11,1.2301715876101802,1.2301715876101476,1.2301665098870047,1.230166396388556,5.191221624018996e-06,1.134984486163804e-07
ani_1x_tz,829,C4H4N2O3,13,0.4500048118033904,0.45000481180336227,0.45000481358292915,0.45000477058003113,4.1223359293104796e-08,4.300289775958021e-08
ani_1x_tz,830,C6H12,18,0.8113004243721602,0.8113004243721469,0.8112943973264689,0.8112943693561598,6.055016000452537e-06,2.7970308940246495e-08
ani_1x_tz,831,C6H8O2,16,1.4301344746179794,1.4301344746179756,1.4301328068098842,1.43013237599303,2.098624949299562e-06,4.3081685370663703e-07
ani_1x_tz,832,C2H4N2O2,10,1.1088503209104936,1.108850320910478,1.1088464351383827,1.1088463973560667,3.9235544266421624e-06,3.7782316091339614e-08
ani_1x_tz,833,C5H8N2O1,16,0.5312739218527349,0.531273921852689,0.531269571869012,0.5312695315631439,4.390289590962845e-06,4.030586775278764e-08
ani_1x_tz,834,C3H2N4O1,10,0.963188049964073,0.9631880499640658,0.963184950817412,0.9631849468085891,3.1031554840001013e-06,4.008822814532724e-09
ani_1x_tz,835,C4H8N2O2,16,1.1092985546874898,1.1092985546874763,1.1092932342661377,1.1092932284528552,5.326234634704513e-06,5.813282931569043e-09
ani_1x_tz,836,C6H8O2,16,0.7427907865758547,0.7427907865758356,0.742780196092593,0.7427797947647152,1.0991811139375083e-05,4.013278777113602e-07
ani_1x_tz,837,C8H12N4,24,2.2027159265743896,2.202715926574331,2.2027144238657206,2.2027141727382578,1.753836131809948e-06,2.511274628154321e-07
ani_1x_tz,838,C5H11N3,19,0.7937626150808728,0.7937626150808541,0.7937606014039132,0.7937605558596715,2.059221201156085e-06,4.554424193748547e-08
ani_1x_tz,839,C5H7N5O1,18,1.1394663443554571,1.1394663443554127,1.1394605861754121,1.139460489133979,5.8552214781348015e-06,9.704143287692717e-08
ani_1x_tz,840,C2H4N4O1,11,0.9781779703451084,0.978177970345095,0.9781752850185774,0.9781752159611489,2.7543839595229448e-06,6.905742861508754e-08
ani_1x_tz,841,C3H6N2O1,12,0.9507317578824677,0.9507317578824297,0.9507301501753632,0.9507299991493102,1.7587331571994268e-06,1.510260528275533e-07
ani_1x_tz,842,C3H5N3O2,13,1.4475994049429937,1.4475994049429826,1.4475989424566635,1.447598786942552,6.180004418613213e-07,1.5551411142031925e-07
ani_1x_tz,843,C1H4N2O3,10,1.8262177797473504,1.826217779747306,1.8262154290852564,1.8262151900691295,2.589678221150167e-06,2.3901612660241e-07
ani_1x_tz,844,C8H17N3,28,3.4755617576567066,3.475561757656684,3.475561715813438,3.475561693091413,6.456529317604442e-08,2.2722023414975884e-08
ani_1x_tz,845,C9H12N2O1,24,4.63474150934498,4.63474150934498,4.634739028675992,4.63473879657786,2.712767120122665e-06,2.320981313147192e-07
ani_1x_tz,846,C4H6N4,14,3.868845253801166,3.8688452538011493,3.8688413829760977,3.8688413532965473,3.90050461864407e-06,2.9679550504741038e-08
ani_1x_tz,847,C6H4N2,12,1.6122203737452045,1.6122203737451726,1.6122200845444632,1.6122199948514053,3.788937991292033e-07,8.969305771301298e-08
ani_1x_tz,848,C3H4N4O1,12,1.2943305664089968,1.294330566408984,1.294330380255758,1.2943302587301273,3.076788694396233e-07,1.215256310344266e-07
ani_1x_tz,849,C6H13N1O2,22,1.0268764544355649,1.0268764544355304,1.0268741405059825,1.0268740443825597,2.4100530051706675e-06,9.612342265001616e-08
ani_1x_tz,850,C7H7N1O1,16,0.5648275198931156,0.5648275198931059,0.5648268054711838,0.5648266923591161,8.275339996068799e-07,1.1311206762085841e-07
ani_1x_tz,851,C6H10,16,0.3160628031399616,0.31606280313994306,0.31606102802692054,0.31606097258424726,1.830555714313121e-06,5.5442673284164566e-08
ani_1x_tz,852,C4H7N3O1,15,1.4961425925904708,1.4961425925904412,1.49614218592747,1.4961420858057843,5.0678468680834e-07,1.0012168532065069e-07
ani_1x_tz,853,C4H4N4,12,1.6125173762032545,1.6125173762032423,1.6125166532867496,1.6125166510797575,7.251234975470398e-07,2.2069927328847163e-09
ani_1x_tz,854,C8H6N2O1,17,2.036945678114546,2.0369456781144977,2.0369450288563655,2.0369449958896633,6.822248830196354e-07,3.296670310254173e-08
ani_1x_tz,855,C6H8N2,16,1.2282355589458342,1.228235558945807,1.2282341994998038,1.2282341630008675,1.3959449668806836e-06,3.64989360953133e-08
ani_1x_tz,856,C6H7N3O2,18,3.225893324276471,3.2258933242764676,3.2258926444467932,3.225892608116214,7.161602575112478e-07,3.633057913575841e-08
ani_1x_tz,857,C5H5N5O1,16,0.9728361358936959,0.972836135893673,0.9728349871046718,0.9728348730922132,1.2628014825721708e-06,1.1401245859577769e-07
ani_1x_tz,858,C6H10N2,18,0.7892234168878904,0.7892234168878708,0.7892198615169839,0.789218735820066,4.681067824639461e-06,1.12569691802404e-06
ani_1x_tz,859,C4H7N3O1,15,1.2794770796957906,1.2794770796957806,1.2794736483977216,1.2794736147868198,3.4649089706113623e-06,3.3610901818637935e-08
ani_1x_tz,860,C2H4N4O2,12,3.358397751214671,3.35839775121466,3.358396241399694,3.3583960835933193,1.6676213522686747e-06,1.5780637661008992e-07
ani_1x_tz,861,C3H3N3O2,11,1.3856932802920425,1.3856932802920359,1.3856872831656821,1.3856872705414476,6.009750595129058e-06,1.2624234630263529e-08
ani_1x_tz,862,C7H5N1O3,16,2.043861097866639,2.0438610978666114,2.0438594822530427,2.0438593166403667,1.7812262722304177e-06,1.6561267573087723e-07
ani_1x_tz,863,C12H14N2,28,1.314870967610225,1.3148709676102166,1.3148699168384526,1.3148698171934858,1.1504167389212974e-06,9.964496643478524e-08
ani_1x_tz,864,C11H21N5O5,42,2.47159542605976,2.4715954260597455,2.471594660120417,2.471594579715269,8.463444900682797e-07,8.040514714800994e-08
ani_1x_tz,865,C2H3N3,8,0.49782669492643783,0.49782669492642007,0.49782186557018354,0.497821591373122,5.103553315875991e-06,2.741970615141888e-07
ani_1x_tz,866,C3H3N3O2,11,0.9227801598668238,0.9227801598668167,0.922776854539714,0.9227766981876413,3.461679182506512e-06,1.563520729266724e-07
ani_1x_tz,867,C3H7N3O2,15,0.7820707557865733,0.7820707557865586,0.7820690755030915,0.782068651574892,2.104211681298195e-06,4.2392819982830234e-07
ani_1x_tz,868,C4H3N1O3,11,1.827448926674919,1.8274489266748917,1.8274470106242218,1.8274469459254747,1.980749443834014e-06,6.469874696079152e-08
ani_1x_tz,869,C3H4N2O2,11,1.1504322861958525,1.150432286195817,1.1504299864779135,1.1504298979301923,2.3882656600948207e-06,8.854772147292827e-08
ani_1x_tz,870,C4H6N2O1,13,0.31865016762120707,0.3186501676211972,0.31864560435756234,0.31864540658964374,4.761031563401583e-06,1.97767918556154e-07
ani_1x_tz,871,C1H9N3,13,0.8771699935662982,0.8771699935662931,0.8771688459522935,0.8771687742481997,1.2193180982531347e-06,7.170409354141172e-08
ani_1x_tz,872,C5H6N2,13,0.5502135954790222,0.5502135954790162,0.5502130349531186,0.5502129360119229,6.594670992524488e-07,9.894119565744346e-08
ani_1x_tz,873,C4H9N5,18,1.304566468697785,1.304566468697729,1.3045651002180676,1.3045649764734424,1.4922243427552917e-06,1.2374462514038572e-07
ani_1x_tz,874,C6H12N2O1,21,0.680947463967651,0.6809474639676475,0.6809441382893615,0.6809437718070293,3.692160621491818e-06,3.664823319556894e-07
ani_1x_tz,875,C4H4N2O1,11,0.537678552597427,0.5376785525974204,0.5376758373107026,0.5376755129238519,3.039673575146272e-06,3.2438685064666716e-07
ani_1x_tz,876,C3H4N2O2,11,1.7903931378687166,1.7903931378687103,1.7903894593387673,1.7903892662635679,3.871605148656654e-06,1.9307519970975017e-07
ani_1x_tz,877,H4O2,6,0.9146000635932076,0.9146000635931713,0.9146000849860186,0.9145999746379856,8.895522188937215e-08,1.1034803281440454e-07
ani_1x_tz,878,C5H6N2O1,14,0.48885999714615025,0.48885999714613976,0.488857175385075,0.4888570723417605,2.924804389665879e-06,1.0304331428852169e-07
ani_1x_tz,879,C4H6N2O2,14,1.0627389355806347,1.062738935580608,1.0627374477171558,1.0627373667161475,1.5688644872810779e-06,8.100100846700669e-08
ani_1x_tz,880,C3H7N3,13,0.6727150289194898,0.6727150289194532,0.67271354517697,0.6727135034228916,1.5254965981676702e-06,4.175407831918494e-08
ani_1x_tz,881,C3H5N3O1,12,1.315662111537315,1.315662111537315,1.3156593409222732,1.3156592833354268,2.828201887922721e-06,5.758684594018186e-08
ani_1x_tz,882,C8H9N1O1,19,1.2853926116172962,1.2853926116172596,1.285392184702092,1.2853921011936977,5.104235986970586e-07,8.350839407393409e-08
ani_1x_tz,883,C5H6O4,15,1.7197177955309442,1.7197177955309293,1.7197178975145915,1.719717746857314,4.8673630087609714e-08,1.5065727777743227e-07
ani_1x_tz,884,C3H4N4O1,12,0.9706179148132178,0.9706179148131137,0.9706141415090563,0.9706140730187633,3.84179445445321e-06,6.849029269819213e-08
ani_1x_tz,885,C2H6N4O2,14,2.9663679647884473,2.966367964788442,2.966365803602376,2.966365580284979,2.3845034683912145e-06,2.2331739686449805e-07
ani_1x_tz,886,C3H4N2O3,12,0.9247452390969365,0.9247452390969247,0.9247364396838432,0.9247363825536885,8.856543248023973e-06,5.7130154426275073e-08
ani_1x_tz,887,C5H7N1,13,0.24835211774775823,0.2483521177477472,0.2483393907748887,0.24833931423492844,1.2803512829729595e-05,7.653996020595506e-08
ani_1x_tz,888,C4H7N1O3,15,0.8679021810020038,0.8679021810019792,0.8678971599417082,0.8678968050206939,5.375981309887452e-06,3.5492101448955834e-07
ani_1x_tz,889,C4H4N2O2,12,1.2668072870804579,1.266807287080452,1.2668058566138756,1.2668058396494462,1.4474310114273555e-06,1.6964429419508042e-08
ani_1x_tz,890,C4H10O1,15,0.8095879702846599,0.8095879702846502,0.8095862630690679,0.8095862090698356,1.7612148242654738e-06,5.39992322705334e-08
ani_1x_tz,891,C3H6,9,0.6399315951717682,0.6399315951717173,0.6399299891191063,0.6399299803764783,1.6147952899580958e-06,8.742627911322441e-09
ani_1x_tz,892,C6H8O2,16,0.33804320692560436,0.33804320692559936,0.33803596523308843,0.33803586357422877,7.343351375633004e-06,1.016588599282559e-07
ani_1x_tz,893,C6H3N1O1,11,3.4335027081174156,3.4335027081173894,3.4335024071649958,3.43350234626636,3.6185105568838854e-07,6.089863622236609e-08
ani_1x_tz,894,C3H6N2O1,12,0.8375088868249642,0.837508886824958,0.8375045148089224,0.8375044964553531,4.390369611345442e-06,1.8353569246647526e-08
ani_1x_tz,895,C5H5N1O2,13,0.7651497139330921,0.7651497139330692,0.7651478484747183,0.7651477306083353,1.9833247567407495e-06,1.1786638352026137e-07
ani_1x_tz,896,H4O2,6,0.7936927899682471,0.7936927899682471,0.7936929085199605,0.7936925479720153,2.419962318474827e-07,3.605479452042903e-07
ani_1x_tz,897,C3H7N1O1,12,2.3556774404232486,2.3556774404231486,2.3556758370185165,2.3556758246948744,1.6157283736489678e-06,1.2323642802648027e-08
ani_1x_tz,898,C13H30O4,47,1.5897478702859171,1.5897478702858998,1.5897460644930783,1.5897460449010707,1.8253848460728658e-06,1.9592007088992504e-08
ani_1x_tz,899,C8H12,20,0.6445427742430243,0.6445427742429274,0.6445345479934677,0.644534491936826,8.282306198188242e-06,5.6056641614002337e-08
ani_1x_tz,900,C7H13N1O2,23,1.343781192938915,1.3437811929389116,1.3437626489452463,1.3437622478191742,1.894511974070837e-05,4.0112607233509765e-07
ani_1x_tz,901,C10H8O2,20,1.579007408558656,1.5790074085586483,1.5790053714734917,1.579005369694174,2.038864482037048e-06,1.7793179362783994e-09
ani_1x_tz,902,C10H13N3,26,0.8288101075509009,0.8288101075508718,0.828809364972313,0.8288093305399592,7.770109416106196e-07,3.4432353621666395e-08
ani_1x_tz,903,C7H13N3,23,5.2802109513229585,5.280210951322949,5.280208238057201,5.280208210448039,2.7408749192210947e-06,2.76091609203124e-08
ani_1x_tz,904,C3H7N3O2,15,0.8556004503696149,0.8556004503695506,0.8556006540941797,0.8556003021558987,1.482137163908787e-07,3.519382809660303e-07
ani_1x_tz,905,C4H4N2O2,12,1.3826900341731407,1.3826900341730446,1.3826891303498574,1.3826891247538766,9.094192642694933e-07,5.595980557598518e-09
ani_1x_tz,906,C7H10O1,18,0.5260420082909897,0.5260420082909772,0.5260393485867296,0.526039292313539,2.7159774506356843e-06,5.6273190812797164e-08
ani_1x_tz,907,C6H5N1,12,1.6950698765151555,1.6950698765151182,1.695067663519776,1.695067603663498,2.2728516575639344e-06,5.985627746933181e-08
ani_1x_tz,908,C16H21N3O3,43,4.187553749597156,4.187553749597141,4.1875524989924235,4.187552418042625,1.3315545315384893e-06,8.094979836184059e-08
ani_1x_tz,909,C2H5N3O2,12,1.5321878684063999,1.5321878684063939,1.5321876355860453,1.5321874592856433,4.0912075670261207e-07,1.763004021083783e-07
ani_1x_tz,910,C10H9N1,20,0.5290048764698583,0.5290048764698583,0.5290039490111478,0.5290038416858567,1.034784001502534e-06,1.0732529102180205e-07
ani_1x_tz,911,C4H9N1,14,0.43571979031797137,0.4357197903179665,0.435718281510707,0.43571808617827323,1.704139698059293e-06,1.953324338207419e-07
ani_1x_tz,912,C3H8N4,15,0.7606577689744634,0.7606577689744377,0.7606562327375631,0.7606561955692609,1.5734052025889226e-06,3.716830227195937e-08
ani_1x_tz,913,C2H7N3,12,1.1485692512690053,1.1485692512689945,1.148567756802652,1.1485677021639544,1.5491050510943183e-06,5.463869765334357e-08
ani_1x_tz,914,C9H8N2,19,1.01869866915767,1.0186986691575661,1.0186976375004948,1.0186976157287857,1.0534288843196282e-06,2.1771708559038758e-08
ani_1x_tz,915,C3H4N2O1,10,3.860054696091467,3.8600546960914595,3.860051998914981,3.8600519812883074,2.7148031593153804e-06,1.7626674487192465e-08
ani_1x_tz,916,C6H8N2,16,1.845165820914903,1.8451658209148802,1.8451638376305013,1.8451636438850558,2.1770298473701704e-06,1.9374544568177078e-07
ani_1x_tz,917,C4H10N4,18,1.9393803834364296,1.9393803834363947,1.9393793199061637,1.9393793178001741,1.0656362553187024e-06,2.105988210281792e-09
ani_1x_tz,918,C2H8N6,16,1.3003503437532373,1.3003503437532147,1.3003459858031243,1.3003459359489624,4.407804274710071e-06,4.985416139075909e-08
ani_1x_tz,919,H4O2,6,1.10925977591403,1.1092597759140064,1.1092597805329685,1.109259650403629,1.2551040109643636e-07,1.3012933945880773e-07
ani_1x_tz,920,C4H8O2,14,0.335490544260825,0.3354905442608201,0.3354788202507126,0.33547866312463887,1.1881136186126385e-05,1.5712607353431625e-07
ani_1x_tz,921,C2H7N5O1,15,2.174933861071713,2.174933861071703,2.1749277507283673,2.1749276443909396,6.216680773561554e-06,1.0633742859818558e-07
ani_1x_tz,922,C3H4O1,8,0.7681723939519391,0.7681723939519294,0.7681646464904611,0.7681645852142337,7.808737705560891e-06,6.1276227428206e-08
ani_1x_tz,923,C5H6,11,0.919116451540486,0.9191164515404118,0.9191135180305663,0.9191134731183523,2.9784221337933737e-06,4.491221397576688e-08
ani_1x_tz,924,C2H3N1O3,9,2.3539747839220917,2.353974783922059,2.3539726734987916,2.3539726457713206,2.1381507710728075e-06,2.7727470740488718e-08
ani_1x_tz,925,C4H5N1,10,2.161058586628027,2.161058586628006,2.161056887163843,2.161056867028281,1.7195997463495029e-06,2.013556219538716e-08
ani_1x_tz,926,C6H13N3,22,1.0747118193012397,1.074711819301233,1.074709996857715,1.074709964752062,1.8545491777558454e-06,3.210565345573833e-08
ani_1x_tz,927,C11H14O2,27,0.81244551298967,0.8124455129896454,0.8124454945461665,0.8124454457162904,6.727337977354984e-08,4.882987627926116e-08
ani_1x_tz,928,C3H5N3O2,13,1.8401580946288694,1.8401580946288643,1.84015776807231,1.8401575753813908,5.192474783105008e-07,1.9269091851808946e-07
ani_1x_tz,929,C10H9N1O2,22,9.818273638652993,9.81827363865233,9.818271607550898,9.818271600233949,2.0384190440645404e-06,7.316945694600351e-09
ani_1x_tz,930,C3H5N1O3,12,1.2101888032027528,1.2101888032027472,1.2101879269914788,1.2101879020793003,9.011234526067261e-07,2.4912178542844797e-08
ani_1x_tz,931,C8H12N2O7,29,2.936272548280405,2.936272548280397,2.9362698111503187,2.936269771058234,2.7772221711581084e-06,4.009208526218825e-08
ani_1x_tz,932,C3H4N4O1,12,0.9338196904294233,0.9338196904293685,0.9338194865117623,0.933819350895323,3.39534100131471e-07,1.3561643918137688e-07
ani_1x_tz,933,C4H6N2O1,13,0.8755611386232552,0.8755611386232324,0.8755575654408091,0.8755575543957422,3.5842275130975673e-06,1.1045067090640252e-08
ani_1x_tz,934,C3H4N4,11,1.8513194305954357,1.8513194305954217,1.851318786063879,1.8513185467154984,8.838799372223301e-07,2.393483803220411e-07
ani_1x_tz,935,C4H5N3O1,13,3.2283290948178562,3.2283290948177776,3.228327483067706,3.2283274756367812,1.6191810755226091e-06,7.430925262173345e-09
ani_1x_tz,936,C3H4N2O2,11,1.0721720277415352,1.0721720277415283,1.0721709557844716,1.0721707549103967,1.2728311383297849e-06,2.0087407513504546e-07
ani_1x_tz,937,C7H9N1O1,18,2.098844632751036,2.098844632751022,2.0988435011931346,2.098843434106587,1.1986444487702462e-06,6.708654848661692e-08
ani_1x_tz,938,C12H11N1O1,25,1.1201308977985112,1.12013089779845,1.1201300113554626,1.120129955743368,9.420551432453405e-07,5.561209473519299e-08
ani_1x_tz,939,C3H3N1O4,11,1.084409233528771,1.0844092335287645,1.0844023585698699,1.0844022771058766,6.956422894410083e-06,8.146399315970139e-08
ani_1x_tz,940,C3H4N2O2,11,2.917372663056588,2.9173726630565557,2.9173696700736693,2.9173696554125064,3.0076440816215226e-06,1.4661162032244098e-08
ani_1x_tz,941,C8H13N3O6,30,3.0486525071979065,3.0486525071978976,3.04864658368725,3.0486464238591924,6.083338713883711e-06,1.5982805739771338e-07
ani_1x_tz,942,C4H4N2O2,12,0.7622714222939739,0.7622714222939624,0.7622697069682353,0.7622696627705345,1.7595234396084956e-06,4.419770109752624e-08
ani_1x_tz,943,C3H4O5,12,1.2128381035368934,1.2128381035368803,1.2128353263666731,1.212835145876374,2.95766051931446e-06,1.8049029840960766e-07
ani_1x_tz,944,C8H13N1O2,24,2.4787824518564356,2.4787824518564263,2.4787816374456266,2.4787815546845064,8.971719290329061e-07,8.276111993271734e-08
ani_1x_tz,945,C6H8,14,0.26883762105355413,0.2688376210535541,0.26883196396025427,0.2688319160830881,5.704970466031322e-06,4.787716617437117e-08
ani_1x_tz,946,C3H6,9,0.915215842960879,0.9152158429608437,0.9152154839494884,0.915215356374228,4.865866510549859e-07,1.2757526077845173e-07
ani_1x_tz,947,C6H9N1O1,17,0.5170775845720857,0.5170775845720287,0.517072000061649,0.5170719370825556,5.647489530093571e-06,6.297909336811757e-08
ani_1x_tz,948,C5H9N1O2,17,1.1778186749507094,1.1778186749506883,1.1778145032880938,1.177814356331616,4.3186190935430415e-06,1.469564781986098e-07
ani_1x_tz,949,C2H6N2O1,11,0.7503057139758044,0.7503057139757853,0.75030147367793,0.7503011671604236,4.5468153808906515e-06,3.065175063364376e-07
ani_1x_tz,950,C1H5N3O1,10,1.1382225691590206,1.138222569158954,1.1382217037589135,1.138221465089006,1.1040700148452565e-06,2.3866990842855816e-07
ani_1x_tz,951,H14O7,21,3.884401861710082,3.884401861710072,3.884401696592851,3.884401483704074,3.780060079837294e-07,2.1288877676761506e-07
ani_1x_tz,952,C2H4N4O2,12,2.1488089439672216,2.148808943967216,2.148808378720841,2.148807367539462,1.5764277589882113e-06,1.0111813789371053e-06
ani_1x_tz,953,C4H8O2,14,0.5761314863214179,0.5761314863214068,0.5761313238707333,0.5761312296123287,2.567090891154297e-07,9.425840437049943e-08
ani_1x_tz,954,C10H9N1O1,21,0.7505538195920979,0.750553819592061,0.7505537670364422,0.7505537201029765,9.948912110379587e-08,4.693346542877008e-08
ani_1x_tz,955,C3H5N3O2,13,1.3242929402938393,1.324292940293828,1.3242922899531455,1.324292216740713,7.235531259729045e-07,7.32124321974897e-08
ani_1x_tz,956,C3H6O1,10,0.6250902821280895,0.6250902821280895,0.6250899220248719,0.6250898954599322,3.866681571517846e-07,2.65649395006808e-08
ani_1x_tz,957,C4H6,10,0.48040599297004527,0.4804059929700452,0.48040314569515047,0.48040312607217756,2.866897867655091e-06,1.9622973261639452e-08
ani_1x_tz,958,C4H10N2O1,17,1.1465795317314946,1.1465795317314202,1.1465775706752328,1.1465772720737348,2.2596577601480434e-06,2.986014981644173e-07
ani_1x_tz,959,C4H6N4,14,1.0836471545962836,1.0836471545962778,1.0836453887670952,1.0836446892125757,2.4653837075700032e-06,6.995545192896437e-07
ani_1x_tz,960,C5H8,13,0.18287423478055237,0.1828742347805191,0.18287266080378534,0.18287263594878994,1.5988317624206303e-06,2.4854995354773968e-08
ani_1x_tz,961,C3H6N2O2,13,1.6815575473274584,1.6815575473274542,1.6815560470982533,1.6815554914739999,2.0558534583709734e-06,5.556242534497233e-07
ani_1x_tz,962,C3H5N1O1,10,0.8426421477274854,0.8426421477274487,0.842636048067758,0.8426360396209073,6.108106577892972e-06,8.446850388226933e-09
ani_1x_tz,963,C6H7N1O2,16,1.07753320396349,1.0775332039634844,1.0775305872396368,1.0775305200155898,2.6839479002288035e-06,6.722404731583249e-08
ani_1x_tz,964,C3H8N2O3,16,0.966128989589248,0.9661289895892426,0.9661269971096655,0.9661269512432528,2.0383459952265984e-06,4.5866412639125674e-08
ani_1x_tz,965,C5H4N2O1,12,0.5206913161803767,0.5206913161803581,0.5206895337510461,0.5206893717270065,1.9444533703054983e-06,1.6202403953675626e-07
ani_1x_tz,966,C5H8O3,16,1.4285919886574132,1.4285919886573903,1.4285912866362351,1.4285911938326439,7.948247696157492e-07,9.280359151805624e-08
ani_1x_tz,967,C6H11N1,18,0.5486481722346785,0.5486481722346209,0.5486477565528618,0.5486477099313588,4.623033196330579e-07,4.662150330044628e-08
ani_1x_tz,968,C5H6O1,12,0.41214770001902207,0.41214770001899026,0.4121470613367833,0.4121470445007635,6.5551825861813e-07,1.6836019873992324e-08
ani_1x_tz,969,C3H6N4O1,14,1.5514221628252005,1.5514221628251943,1.551417664335578,1.5514175239655292,4.638859671081021e-06,1.4037004874695168e-07
ani_1x_tz,970,C3H4N2O3,12,1.1021260301883382,1.1021260301883078,1.1021255067224727,1.1021252944092508,7.357790875937077e-07,2.123132221824379e-07
ani_1x_tz,971,C5H4O2,11,0.9020312150843794,0.9020312150843467,0.9020258635510007,0.9020256656245632,5.549459816359116e-06,1.9792643734650722e-07
ani_1x_tz,972,C2H6N4,12,1.321677945696177,1.3216779456961185,1.3216765980439158,1.3216764600220312,1.4856741459081126e-06,1.380218841962805e-07
ani_1x_tz,973,C9H10O4,23,1.2886102057943347,1.2886102057942936,1.2886084440988095,1.2886084325048248,1.7732895101819692e-06,1.1593984658968594e-08
ani_1x_tz,974,C3H5N3,11,0.590598231429728,0.5905982314297,0.5905936634182681,0.5905935443401189,4.6870896090920245e-06,1.1907814926421095e-07
ani_1x_tz,975,C3H6O1,10,0.48339097389965485,0.48339097389964797,0.48338887524224045,0.48338885782222835,2.1160774264230434e-06,1.7420011897899787e-08
ani_1x_tz,976,C4H7N3O1,15,1.4134297346345175,1.413429734634464,1.4134286057080039,1.41342860078784,1.133846677310862e-06,4.920164280535623e-09
ani_1x_tz,977,C4H3N3O1,11,1.1848901404416987,1.1848901404416918,1.184882696118221,1.1848826329652584,7.507476439838096e-06,6.315296234586288e-08
ani_1x_tz,978,C4H6N2O2,14,1.505949610343672,1.5059496103436454,1.5059394665776686,1.5059394025789212,1.0207764750835238e-05,6.399874708458436e-08
ani_1x_tz,979,C4H10,14,1.4861334705743652,1.486133470574292,1.4861299661110334,1.4861297610242088,3.709550156305449e-06,2.0508682412188697e-07
ani_1x_tz,980,C5H10,15,0.3511922217164389,0.3511922217164288,0.3511879007568771,0.3511878720669031,4.349649535884877e-06,2.868997381889758e-08
ani_1x_tz,981,C8H8N4,20,2.0623643168296955,2.062364316829685,2.0623641593708473,2.0623641293060038,1.8752369193753023e-07,3.0064843284878843e-08
ani_1x_tz,982,C4H5N3O1,13,1.1223893918978292,1.1223893918977164,1.1223871774616494,1.12238712184157,2.270056259440563e-06,5.562007894741591e-08
ani_1x_tz,983,H3N1,4,0.28418031608286987,0.2841803160828329,0.2841800387403483,0.2841798760112492,4.400716206629864e-07,1.6272909910399367e-07
ani_1x_tz,984,C10H17N3O6,36,4.597515115018397,4.5975151150183775,4.597510441077089,4.597510436453113,4.678565284479118e-06,4.623978034765722e-09
ani_1x_tz,985,C4H10O2,16,0.4681446369189739,0.4681446369189689,0.4681390420021011,0.4681389057769897,5.7311419842077025e-06,1.3622511155455022e-07
ani_1x_tz,986,C4H5N3O1,13,1.0152028091464766,1.0152028091464436,1.0151966923689533,1.0151965766970075,6.232449469215283e-06,1.156719459075513e-07
ani_1x_tz,987,C6H13N1O4,24,1.993150836828276,1.9931508368282693,1.9931471990292637,1.9931471164883507,3.7203399251409557e-06,8.254091280298286e-08
ani_1x_tz,988,C5H10O3,18,0.57418069648299,0.574180696482971,0.5741713137519993,0.5741713061882701,9.39029471996261e-06,7.563729254146944e-09
ani_1x_tz,989,C3H5N3O2,13,1.9232775472381882,1.9232775472381762,1.9232771259092298,1.9232770205314966,5.26706691574523e-07,1.0537773296586872e-07
ani_1x_tz,990,C4H6N4,14,1.7778132426203979,1.7778132426203939,1.777812831317309,1.7778128196231446,4.229972534186401e-07,1.1694164208925292e-08
ani_1x_tz,991,C2H2N2O1,7,0.392591820530682,0.3925918205306601,0.3925902334152059,0.3925902083992021,1.6121314799036647e-06,2.5016003868949797e-08
ani_1x_tz,992,C7H9N1O1,18,0.5554272442635888,0.5554272442635676,0.55542487806383,0.5554248682192928,2.376044296008431e-06,9.844536984259659e-09
ani_1x_tz,993,C6H10O3,19,1.027263979314365,1.0272639793143434,1.027262674179529,1.0272626581069546,1.3212074103798995e-06,1.607257461256254e-08
ani_1x_tz,994,C4H7N3O1,15,0.7985271643059251,0.7985271643058759,0.7985213979367526,0.7985212854007118,5.878905213205405e-06,1.1253604066844282e-07
ani_1x_tz,995,C4H6O3,13,0.23086552747198416,0.2308655274719785,0.2308601367291492,0.2308597972580618,5.730213922368463e-06,3.3947108735238745e-07
ani_1x_tz,996,C2H8N6O1,17,1.268696862419655,1.2686968624196193,1.2686968144293134,1.2686967241675362,1.3825211875775942e-07,9.026177726963989e-08
ani_1x_tz,997,C4H7N1O1,13,1.6685368907571994,1.668536890757188,1.6685366699160669,1.6685365691324479,3.216247514557761e-07,1.0078361919171272e-07
ani_1x_tz,998,C8H10O3,21,1.189086762212576,1.1890867622124675,1.1890859875981445,1.1890858737209846,8.884915916238247e-07,1.1387715941940159e-07
ani_1x_tz,999,H4O2,6,0.9348153655515419,0.9348153655515286,0.9348148595567656,0.9348148137123643,5.518391775629247e-07,4.584440133260567e-08
transition1x,0,C4H7N1O2,14,0.0007900805566869992,0.0007891896560080209,0.0007819457904949239,0.0007814647617711938,8.615794915805304e-06,4.810287237293852e-07
transition1x,1,C5H8O2,15,0.0005137325190149001,0.00050510764913714,0.00048168274718075795,0.0004816565649666533,3.2075954048246715e-05,2.6182214104799457e-08
transition1x,2,C5H6O2,13,0.0004495473557149999,0.00043519725459293816,0.00040900224829644655,0.00040878056195633035,4.076679375866967e-05,2.2168634011593703e-07
transition1x,3,C4H6N2O1,13,0.0004102651776126008,0.0004073802412096331,0.00040362765766826467,0.00040352480924363943,6.7403683689613455e-06,1.0284842462336372e-07
transition1x,4,C5H8O1,14,0.0007421634940986999,0.0007386207654560142,0.0007249041928487983,0.0007248824721131976,1.7281021985502058e-05,2.172073560023686e-08
transition1x,5,C4H6O2,12,0.0005937209521941991,0.0005796221121726498,0.0005664399597875502,0.0005663690278582515,2.7351924335947823e-05,7.093192929967442e-08
transition1x,6,C4H4O2,10,0.0004624356557710999,0.00043251344131872965,0.000426205391442662,0.00042613860924784993,3.629704652324999e-05,6.67821948125214e-08
transition1x,7,C4H6O2,12,0.0006391688290128,0.000628441420188175,0.0006118170215610111,0.0006117221502730797,2.7446678739720608e-05,9.487128793166254e-08
transition1x,8,C4H9N1O2,16,0.0008071811047728,0.0007870358347209813,0.0007734357895820635,0.0007733317200068667,3.384938476593344e-05,1.0406957519675605e-07
transition1x,9,C5H7N1O1,14,0.0006527481558276,0.0006413558126088283,0.0006144519352876865,0.0006142887896155383,3.8459366212061766e-05,1.6314567214855663e-07
transition1x,10,C7H10,17,0.0014917262406941001,0.001482557293796412,0.0014792891598394147,0.001479237570169142,1.2488670524958343e-05,5.158967027272732e-08
transition1x,11,C4H8O3,15,0.0008587160116838002,0.0008477690735547334,0.0007974734717971366,0.0007974629294507624,6.125308223303777e-05,1.0542346374612567e-08
transition1x,12,C5H7N1O1,14,0.0006623628275172002,0.0006445943317698502,0.0006322018544660027,0.0006320053489565721,3.0357478560628043e-05,1.965055094307201e-07
transition1x,13,C4H8O3,15,0.0008021481887903003,0.0007912782602202336,0.0007685712358661737,0.0007685617366864383,3.3586452103861963e-05,9.499179735566626e-09
transition1x,14,C5H8O1,14,0.0010952756844313013,0.001090394328380295,0.001079767091910364,0.0010797295046164838,1.5546179814817475e-05,3.758729387941314e-08
transition1x,15,C3H5N3,11,0.0004613328902148,0.0004481169949553728,0.0004411608685582581,0.0004411480470091454,2.0184843205654556e-05,1.2821549112510916e-08
transition1x,16,C5H7N1O1,14,0.0007498312445448995,0.0007324508379747707,0.0007307225600795082,0.0007306713621538635,1.9159882391035965e-05,5.119792564516845e-08
transition1x,17,C4H7N1O1,13,0.0005159429462620001,0.0005099724449941154,0.0005050090831561729,0.0005049415641760893,1.1001382085910957e-05,6.751898008388038e-08
transition1x,18,C4H6N2O1,13,0.0006554012999871999,0.0006428587064648771,0.0006388237961099776,0.0006388004967934382,1.6600803193761762e-05,2.329931653931495e-08
transition1x,19,C4H6O1,11,0.0005251709637849999,0.0005154372984074272,0.0005145579250954442,0.0005144171081511142,1.0753855633885697e-05,1.40816944329849e-07
transition1x,20,C4H5N1O2,12,0.0007159139693671997,0.0006991356953928998,0.0006550137187666867,0.0006549450384026582,6.096893096454123e-05,6.86803640286422e-08
transition1x,21,C5H9N1O1,16,0.0005045958645028001,0.0004882354172301314,0.0004796779084672081,0.0004796610472415251,2.4934817261275007e-05,1.686122568306493e-08
transition1x,22,C6H6,12,0.0016293954511234013,0.0016290055388814267,0.001625527332960838,0.0016254932718609586,3.90217926244307e-06,3.406109987892739e-08
transition1x,23,C6H8O1,15,0.0008415351675825994,0.0008244108123387265,0.0008169708700642735,0.0008168913757453791,2.464379183722047e-05,7.949431889479418e-08
transition1x,24,C6H9N1,16,0.0008440901704623001,0.0008384138154336562,0.0008254938756169935,0.0008254601091662598,1.863006129604022e-05,3.376645073358532e-08
transition1x,25,C6H8O1,15,0.0005464281373542001,0.0005388871861122402,0.0005043223586990145,0.0005042919239104136,4.213621344378641e-05,3.0434788600668127e-08
transition1x,26,C7H8,15,0.0011594126993595998,0.0011538422700662393,0.001121506359077478,0.0011214655360484319,3.7947163311167555e-05,4.082302904771294e-08
transition1x,27,C5H8N2,15,0.0005270298463542,0.0005183747314172534,0.0004356500565631597,0.00043560105423115584,9.142879212304436e-05,4.900233200388443e-08
transition1x,28,C5H8O2,15,0.0005298609565379003,0.000521915357362907,0.0005177250808666196,0.0005177120131595958,1.2148943378304502e-05,1.3067707024026517e-08
transition1x,29,C4H4N2O1,11,0.0003598362160735995,0.00035712930746821764,0.00035074139822833107,0.00035062770440635,9.208511667249484e-06,1.1369382198138309e-07
transition1x,30,C5H8O1,14,0.0006875943928926997,0.0006848578485836708,0.0006831535822908446,0.0006830935294185317,4.500863474167999e-06,6.005287231409354e-08
transition1x,31,C6H12O1,19,0.0009664151443792005,0.0009509698476721647,0.000947364515047433,0.0009473424186748155,1.9072725704384806e-05,2.2096372617863718e-08
transition1x,32,C4H10O2,16,0.0005639331676980013,0.0005365938262714008,0.0004996321891652199,0.0004995392996935027,6.439386800449856e-05,9.288947171776666e-08
transition1x,33,C5H6O2,13,0.0005724558433214971,0.0005692250092674706,0.0005057634202214113,0.0005057505264553546,6.670531686614261e-05,1.289376605663e-08
transition1x,34,C4H6O3,13,0.0008187507686839993,0.000813287708742499,0.0007826470854159316,0.0007825521613890069,3.619860729499221e-05,9.492402692559644e-08
transition1x,35,C4H8N2O1,15,0.0003841846556683001,0.0003730779336303,0.00034962099466619357,0.00034950854740516937,3.467610826313075e-05,1.1244726102416127e-07
transition1x,36,C6H12O1,19,0.0010656945008715,0.0010388758767223788,0.0010139883111321812,0.001013924088160088,5.177041271141198e-05,6.422297209333957e-08
transition1x,37,C6H10O1,17,0.0007317678307327004,0.0007279444967921886,0.0007062954679491324,0.0007062826281693357,2.548520256336475e-05,1.283977979644345e-08
transition1x,38,C3H8O2,13,0.0006299101567506001,0.0006109778221663232,0.0005803760564181132,0.0005803115915711767,4.959856517942337e-05,6.446484693645402e-08
transition1x,39,C4H10O2,16,0.001123958179000897,0.00110236415036538,0.0010979600624638776,0.0010972667517747535,2.6691427226143418e-05,6.933106891274768e-07
transition1x,40,C4H8O2,14,0.0005215422450046005,0.0005198480678043283,0.000493609191285934,0.0004933803240843233,2.8161920920277215e-05,2.288672016108485e-07
transition1x,41,C4H7N1O2,14,0.0008971194678824998,0.0008953708590625143,0.0008940770822510098,0.000894067897251941,3.0515706305589872e-06,9.184999068870425e-09
transition1x,42,C4H10O1,15,0.000800754213140901,0.0007602055402247469,0.0007452867914834197,0.0007452863591445882,5.546785399631265e-05,4.3233883092142103e-10
transition1x,43,C5H10O1,16,0.000539722222092,0.0005241290286692438,0.0005012858127366009,0.0005012336235556629,3.848859853633714e-05,5.218918093796852e-08
transition1x,44,C5H8O2,15,0.0007647436513719002,0.00074849986861838,0.0006892146698988589,0.0006891381195548734,7.560553181702659e-05,7.655034398547566e-08
transition1x,45,C4H8O2,14,0.0004303373103967,0.00040217360224787145,0.0003953264520751751,0.00039498019312892297,3.535711726777701e-05,3.462589462520859e-07
transition1x,46,C4H7N1O1,13,0.0006993771178995011,0.0006831412361520855,0.0006709046934529358,0.0006707635314357392,2.8613586463761782e-05,1.4116201719591958e-07
transition1x,47,C3H5N1O2,11,0.0008262794822720003,0.0008029382506695275,0.0007718075371960926,0.000771603907667406,5.4675574604594226e-05,2.0362952868669627e-07
transition1x,48,C5H5N1O1,12,0.00033297796847349994,0.00033266753428011665,0.00031596036638795584,0.00031593527038604503,1.704269808745491e-05,2.5096001910792478e-08
transition1x,49,C3H8O1,12,0.0003423439743922993,0.0003324373939979406,0.0003276773174461931,0.0003276117798636979,1.4732194528601434e-05,6.553758249540394e-08
transition1x,50,C3H4N2O1,10,0.0002892121543587,0.00024988272981202997,0.00024357757137876286,0.00024334058023693032,4.587157412176963e-05,2.369911418324867e-07
transition1x,51,C5H6N2,13,0.0003156930226687005,0.00031126459136594667,0.0003017104178352044,0.00030134065415243945,1.4352368516261063e-05,3.697636827631104e-07
transition1x,52,C4H7N1O2,14,0.0005252239296366007,0.000502672858846522,0.0004770038408049849,0.000476983922912621,4.824000672397971e-05,1.9917892363937435e-08
transition1x,53,C6H10,16,0.0005314907360213992,0.0005216374589161809,0.0005163095973269463,0.0005162152138058675,1.5275522215531816e-05,9.438352107957552e-08
transition1x,54,C4H5N1O1,11,0.0003409303014209999,0.0003381746962323726,0.0003302001446846867,0.00033016262492538304,1.0767676495616843e-05,3.751975930360728e-08
transition1x,55,C5H10O1,16,0.000523255668643901,0.000504007893455456,0.00048244893351504463,0.0004824434926836271,4.081217596027391e-05,5.440831416659615e-09
transition1x,56,C3H4O3,10,0.0004214977154658,0.00041626667630136993,0.00039775907309472344,0.0003976165599533257,2.3881155512474318e-05,1.4251314139778947e-07
transition1x,57,C5H7N1,13,0.0004167644519048987,0.0004037482552642603,0.00039545269550081446,0.0003954322537088029,2.133219819609594e-05,2.0441792011688795e-08
transition1x,58,C3H5N1O1,10,0.0010380839165798988,0.001011830346381558,0.0010030890543362035,0.0010030576828847185,3.502623369518004e-05,3.137145148570767e-08
transition1x,59,C5H10O2,17,0.0011929779600947997,0.0011728423792826345,0.0011304700411316274,0.0011302965129889179,6.268144710588169e-05,1.7352814270900962e-07
transition1x,60,C4H8O1,13,0.0006580385996129,0.0006037449292334845,0.0005466257278174146,0.0005465420989567299,0.00011149650065617023,8.362886068475142e-08
transition1x,61,C6H8O1,15,0.0013524226875739,0.0013383362568588665,0.0013194731689003625,0.0013194603474100876,3.2962340163812314e-05,1.282149027490836e-08
transition1x,62,C2H4N4,10,0.00043193224184120006,0.00042140324823487974,0.0004115813038815507,0.00041147760715716546,2.0454634684034665e-05,1.0369672438513589e-07
transition1x,63,C4H8N2O1,15,0.001504429965558,0.0014777558546602264,0.0014624915941833631,0.0014623339718830267,4.209599367497327e-05,1.5762230033641249e-07
transition1x,64,C5H9N1O1,16,0.0004677729092036,0.0004584841793200874,0.00040701211451826314,0.00040675680400295425,6.101610520064566e-05,2.5531051530882116e-07
transition1x,65,C5H5N1O1,12,0.0005131586404514008,0.0004748171504475672,0.00044730924302079886,0.000446723045336862,6.643559511453893e-05,5.861976839359713e-07
transition1x,66,C3H5N3,11,0.00032058880001780007,0.0003172860767236182,0.00030565684199973904,0.00030559810499665056,1.4990695021149537e-05,5.8737003088579565e-08
transition1x,67,C4H7N1O2,14,0.0008104859270802,0.0008058056324420214,0.0007964988171843646,0.0007964429712460806,1.404295583411949e-05,5.584593828417905e-08
transition1x,68,C4H8N2O1,15,0.000709596899019,0.0006985266138382066,0.0006769181092427544,0.0006769056382327472,3.269126078625283e-05,1.2471010007210563e-08
transition1x,69,C6H8O1,15,0.0009247542738300999,0.0009236423532720068,0.0009122275528165134,0.0009121072331114693,1.2647040718630639e-05,1.2031970504403277e-07
transition1x,70,C6H8O1,15,0.0008636646170012,0.0008588058361911133,0.0008563010873787154,0.0008562383538621537,7.426263139046214e-06,6.27335165615848e-08
transition1x,71,C4H9N1O2,16,0.0011030140844673,0.0010914144226097625,0.0010663406157112188,0.001066283548518198,3.673053594910192e-05,5.706719302124704e-08
transition1x,72,C5H8O1,14,0.0006153573265280002,0.0006022952639431214,0.0005794027496055856,0.0005793257810578559,3.603154547014433e-05,7.696854772988389e-08
transition1x,73,C4H6N2,12,0.0002928685090097999,0.0002842774051007999,0.0002770826175164105,0.00027703331804967594,1.583519096012388e-05,4.9299466734284266e-08
transition1x,74,C3H6N2,11,0.0001588320343612,0.00015569254069368186,0.00014276020524748575,0.00014270976918755182,1.6122265173648152e-05,5.0436059933909985e-08
transition1x,75,C2H4N2O1,9,0.0003652079626401011,0.000347644804315412,0.00033982311709775234,0.0003397630522430585,2.544491039704256e-05,6.00648546935179e-08
transition1x,76,C5H7N1O1,14,0.00046323849768080026,0.00044622673967199334,0.0004257402399736307,0.0004255603769658836,3.767812071491667e-05,1.798630077473627e-07
transition1x,77,C6H8O1,15,0.001325519834226304,0.0012757753770535024,0.0012684289468032908,0.001267363692620296,5.815614160600772e-05,1.0652541829946096e-06
transition1x,78,C3H3N3O1,10,0.000567704916590502,0.0005458159197963416,0.0005376953682723612,0.0005375962347348971,3.0108681855604924e-05,9.913353746352611e-08
transition1x,79,C4H8N2O1,15,0.0008245410312309999,0.0007977932969615002,0.0007948383757981507,0.0007948132126738379,2.9727818557162134e-05,2.516312431292853e-08
transition1x,80,C6H12O1,19,0.0005660130194979999,0.0005450635121010053,0.0005340210914232248,0.0005339997880525269,3.2013231445473037e-05,2.1303370697881656e-08
transition1x,81,C5H7N1,13,0.0005759336332595002,0.0005722099844663309,0.0005576001653717491,0.000557539018241526,1.83946150179743e-05,6.114713022200545e-08
transition1x,82,C6H10,16,0.0005377708907612,0.0005352424441786437,0.0005316085959210308,0.0005315816343948935,6.18925636630639e-06,2.6961526137191297e-08
transition1x,83,C4H3N3,10,0.0002232836836509997,0.0002173762367365501,0.00020960857749672957,0.00020953090782050788,1.3752775830491886e-05,7.766967622192805e-08
transition1x,84,C6H10,16,0.0007170077858153,0.0006977948571717685,0.0006757578956397848,0.0006756164924522719,4.1391293363028054e-05,1.4140318751306596e-07
transition1x,85,C3H5N1O2,11,0.0007347059932276003,0.0007265334121014551,0.0007045515791261899,0.0007043773557869304,3.0328637440669956e-05,1.7422333925934404e-07
transition1x,86,C3H7N1O2,13,0.0005896322166937993,0.0005844976487758148,0.0005776146809142668,0.0005775804796330982,1.2051737060701337e-05,3.4201281169084905e-08
transition1x,87,C5H7N1O1,14,0.0007712909387586977,0.0007518199176656119,0.0007279490475475469,0.0007278539337226016,4.3437005036096165e-05,9.511382494946726e-08
transition1x,88,C3H4O3,10,0.0005662234695225001,0.0005596775458302601,0.0004948172415949995,0.0004945961343835794,7.162733513892078e-05,2.2110721142000353e-07
transition1x,89,C5H7N1O1,14,0.0007065121415236991,0.0006996687915180766,0.0006743159229742732,0.0006742788083427508,3.223333318094853e-05,3.711463152314671e-08
transition1x,90,C4H9N1O2,16,0.0006408744941680008,0.0006319404066241945,0.0006200207153556726,0.0006199739364031887,2.0900557764812005e-05,4.6778952484097504e-08
transition1x,91,C4H8O2,14,0.0007059830209084,0.0006917150033509786,0.0006875459893046309,0.0006874905141132753,1.8492506795124697e-05,5.547519135550583e-08
transition1x,92,C4H8O2,14,0.0005658180115988,0.0005500660283634286,0.0005314044019325861,0.0005309073348223288,3.491067677647127e-05,4.970671102572132e-07
transition1x,93,C4H6N2,12,0.0006592404245201001,0.0006312676347109168,0.0006191000285163844,0.0006184459596410726,4.079446487902768e-05,6.540688753122165e-07
transition1x,94,C6H10O1,17,0.0007265319109384999,0.0007176029649255587,0.0007013712115244332,0.0007013630872593835,2.5168823679116473e-05,8.124265049561837e-09
transition1x,95,C7H10,17,0.0009655345472274994,0.0009546710963859937,0.0009385289598002884,0.000938388992783218,2.7145554444281524e-05,1.3996701707011475e-07
transition1x,96,C3H5N3,11,0.0003844663632523002,0.00038365649125799995,0.0003803718424380707,0.0003803413739032383,4.124989349061779e-06,3.0468534832501174e-08
transition1x,97,C6H11N1,18,0.0005722979430588,0.0005657975098243444,0.0005575867169520914,0.0005575653084585299,1.4732634600270017e-05,2.1408493561458867e-08
transition1x,98,C4H7N1O1,13,0.0005216289074259997,0.000518650871620823,0.0005129378777596162,0.0005129128232295407,8.716084196459233e-06,2.5054530075397017e-08
transition1x,99,C5H6O1,12,0.0006571234158973994,0.0006515013297221074,0.000646636448488747,0.0006466305564505003,1.0492859446899159e-05,5.8920382488387556e-09
transition1x,100,C3H4N2O1,10,0.0003218827583524006,0.0003069720341342409,0.0002993257459853787,0.000299158757268361,2.27240010840397e-05,1.6698871701782527e-07
transition1x,101,C5H7N1O1,14,0.0005717284770055998,0.0005685955098873144,0.0005627380170217063,0.0005624760838529183,9.252393152681669e-06,2.6193316878801304e-07
transition1x,102,C5H7N1,13,0.0004890269228110945,0.00047334378110393315,0.00044823704450715554,0.0004482224659959942,4.0804456815100285e-05,1.4578511159836115e-08
transition1x,103,C5H10O2,17,0.0004660327835104,0.00043192232997706466,0.0004179611573662675,0.00041795257737358186,4.8080206136818085e-05,8.579992685555588e-09
transition1x,104,C4H7N1O1,13,0.0003075932311287001,0.00030329373790116215,0.0002949840977885753,0.0002949497830954591,1.2643448033240945e-05,3.431469311688459e-08
transition1x,105,C4H8O1,13,0.0007582128712020005,0.00073568457990474,0.0006863317293032831,0.0006862866773790948,7.192619382290558e-05,4.505192418916923e-08
transition1x,106,C6H8O1,15,0.00034405013720979993,0.00033596256743826655,0.0003265032601780303,0.00032645745673106643,1.7592680478733505e-05,4.58034469639044e-08
transition1x,107,C4H8O3,15,0.0010143185053824997,0.0010017777992604,0.0009892268498335646,0.0009891734292295689,2.514507615293076e-05,5.342060399524192e-08
transition1x,108,C4H5N1O1,11,0.0004936227040671995,0.0004895247188830816,0.0004622011048520917,0.00046205618543507324,3.1566518632126376e-05,1.4491941701860135e-07
transition1x,109,C3H3N1O1,8,0.00025462979539599996,0.0002503013154291875,0.00019375764938578562,0.00019374028787239335,6.088950752360667e-05,1.7361513392270494e-08
transition1x,110,C5H9N1O1,16,0.0004707002300687001,0.0004633995896940313,0.00044625698300152416,0.0004462153934913029,2.4484836577397137e-05,4.158951022117817e-08
transition1x,111,C4H6O2,12,0.0006517734574525999,0.0006474133231986914,0.0006427668410786181,0.0006426117155921058,9.161741860494223e-06,1.5512548651174355e-07
transition1x,112,C5H10O1,16,0.00119206462892,0.0011588048878678435,0.0011410677255492018,0.0011409482439647856,5.111638495521438e-05,1.194815844166664e-07
transition1x,113,C3H4O1,8,0.0008270624891491986,0.0008215987319227365,0.0008075720798986288,0.0008075136189887896,1.954887016040892e-05,5.846090983890538e-08
transition1x,114,C5H10O2,17,0.0006035893748115001,0.0005967312902273885,0.0005774898088221376,0.0005774776779231054,2.611169688839465e-05,1.2130899031869508e-08
transition1x,115,C4H7N1O1,13,0.0003525291421207999,0.0003243266308700303,0.00031439022688498525,0.0003143282846591848,3.820085746161507e-05,6.194222580035568e-08
transition1x,116,C5H8N2,15,0.0008011819546194999,0.00079911247330404,0.000773466575188618,0.0007734144475863346,2.77675070331656e-05,5.2127602283573205e-08
transition1x,117,C6H10O1,17,0.0005501720358148998,0.0005395074780045408,0.000523971720176451,0.0005238810347406983,2.6291001074201603e-05,9.068543575284821e-08
transition1x,118,C4H8O2,14,0.000723596556881002,0.0007152665232535651,0.0006774875511708957,0.0006774531996901631,4.614335719083868e-05,3.435148073301359e-08
transition1x,119,C5H8O1,14,0.0007010483713678007,0.0006603206318815933,0.000631811749152511,0.000631685103102516,6.93632682652846e-05,1.2664604999554993e-07
transition1x,120,C5H10N2,17,0.0009868501490441993,0.0009851930718708353,0.0009404814742990979,0.0009404780127760266,4.637213626817302e-05,3.4615230717510033e-09
transition1x,121,C6H8O1,15,0.0012617450065076,0.0012450484011186068,0.0011906604609987113,0.0011900804423590147,7.166456414858577e-05,5.800186396967551e-07
transition1x,122,C5H12O1,18,0.0008779278269880001,0.0008696725279044779,0.0008327913483969181,0.0008327758819374013,4.515194505059886e-05,1.546645951690652e-08
transition1x,123,C3H3N1O2,9,0.0007707058714292,0.0007691370568223887,0.0007543807289209305,0.0007542570110882886,1.6448860340911322e-05,1.2371783264201532e-07
transition1x,124,C4H8O2,14,0.0008010989321676992,0.0007756865625028778,0.0007537729884371206,0.0007536967025714659,4.740222959623343e-05,7.628586565473369e-08
transition1x,125,C4H4O1,9,0.00034008369304039995,0.0003352274104716444,0.00031628459907840473,0.0003161294830784626,2.3954209961937398e-05,1.5511599994208092e-07
transition1x,126,C5H8O1,14,0.0006853551401966999,0.0006567282853716135,0.0006536802358526316,0.0006536013528366524,3.1753787360047304e-05,7.888301597873494e-08
transition1x,127,C6H6,12,0.0011537594152805995,0.0011508752563792577,0.0011469014209965858,0.0011468907108137683,6.868704466831284e-06,1.0710182817187425e-08
transition1x,128,C4H4N2O1,11,0.000489619234190701,0.00048422530449186376,0.00046421684765006786,0.0004641393140033106,2.5479920187390293e-05,7.753364675691662e-08
transition1x,129,C5H7N1O1,14,0.000489870825615,0.00048415833185864993,0.00047582013035654864,0.0004757087640762677,1.4162061538732256e-05,1.1136628028091549e-07
transition1x,130,C6H12O1,19,0.0007433436237782997,0.0007037338076276414,0.0006961383364360804,0.000696127443819623,4.721617995867668e-05,1.0892616457411745e-08
transition1x,131,C5H8O2,15,0.0008208219260785022,0.0007971818912056108,0.0007905025595665453,0.0007904893474890457,3.0332578589456375e-05,1.3212077498808844e-08
transition1x,132,C7H10,17,0.0005349378563728001,0.0005212644821785007,0.0005167397847832176,0.00051660037844479,1.8337477928010333e-05,1.3940633842770482e-07
transition1x,133,C5H12O1,18,0.0009510965155005003,0.0009368616006029444,0.0009171655532029287,0.0009171321615358136,3.39643539646864e-05,3.339166711499922e-08
transition1x,134,C7H14,21,0.0010009472029419001,0.0009694431110243572,0.0009624200589978228,0.0009624109716712204,3.853623127067954e-05,9.08732660265325e-09
transition1x,135,C6H11N1,18,0.0006440893198678006,0.0006245671523100946,0.0006060938239602458,0.0006060408685243528,3.804845134344791e-05,5.295543589295546e-08
transition1x,136,C5H6O1,12,0.0006263060585360997,0.0006113923075116417,0.000604488618868944,0.0006044732233437109,2.183283519238894e-05,1.5395525232543537e-08
transition1x,137,C6H10O1,17,0.0019241667225618003,0.0019077122226654056,0.001905521658232885,0.0019054225341655156,1.8744188396284757e-05,9.91240673690865e-08
transition1x,138,C5H10O1,16,0.00038406024113159975,0.00036158855386304975,0.0003409425156062872,0.00034077502435469635,4.328521677690345e-05,1.6749125159076208e-07
transition1x,139,C4H7N1O1,13,0.0008850757311020977,0.0008770250996715066,0.0008467860777591783,0.0008467772741215789,3.829845698051887e-05,8.803637598640584e-09
transition1x,140,C4H7N3,14,0.0006196582843071,0.0005975385413888501,0.0005795016886663885,0.0005794681941517161,4.019009015538396e-05,3.3494514672498044e-08
transition1x,141,C4H6O2,12,0.000837888452439,0.0008285598633811752,0.0007403259462358902,0.0007402615941661872,9.762685827281294e-05,6.435206970297693e-08
transition1x,142,C5H8O1,14,0.0005034115605934002,0.0005017933015758291,0.0004585019351381235,0.0004584124425592329,4.499911803416731e-05,8.949257889059145e-08
transition1x,143,C5H4N2,11,0.0006462801576925024,0.0006410902663026112,0.0006289991960632635,0.0006289746610577669,1.7305496634735528e-05,2.453500549699783e-08
transition1x,144,C4H7N1O1,13,0.0006397304589856,0.0006277071951175924,0.0006211063856442324,0.000621023510367822,1.870694861777796e-05,8.28752764105772e-08
transition1x,145,C3H5N3,11,0.00035660180384609983,0.0003337435660727184,0.0003305864215876704,0.0003305163516259392,2.6085452220160592e-05,7.006996173086722e-08
transition1x,146,C4H8O2,14,0.0006874188481239999,0.0006518336751672785,0.0006452262959257734,0.00064518998229916,4.222886582484009e-05,3.631362661360214e-08
transition1x,147,C5H8N2,15,0.0008280482555777001,0.0008180503021374069,0.0008057727960398277,0.0008057254584405172,2.2322797137182824e-05,4.733759931035453e-08
transition1x,148,C6H10O1,17,0.000877602498471,0.0008606139565493293,0.000853598131699284,0.0008518501279419693,2.575237052903066e-05,1.7480037573145156e-06
transition1x,149,C5H6O2,13,0.0009536762133511024,0.0009215957540533327,0.0009161404037584509,0.0009160632328049154,3.761298054618702e-05,7.717095353644425e-08
transition1x,150,C6H10O1,17,0.0010149500624614001,0.0010073871415776708,0.0009861996853576585,0.0009861516951984557,2.879836726294438e-05,4.799015920302267e-08
transition1x,151,C4H6N2O1,13,0.0004381647015226003,0.00043205301900157766,0.00041202463455898607,0.00041200903617878324,2.6155665343817062e-05,1.5598380203169733e-08
transition1x,152,C4H8O1,13,0.0012633742705471002,0.001256870220016523,0.0012482574112577763,0.0012481154787164668,1.5258791830633104e-05,1.4193254130908548e-07
transition1x,153,C5H10O1,16,0.00043162428012490057,0.0004248556085529068,0.0004229398632989398,0.0004228755596157117,8.74872050918879e-06,6.430368322850109e-08
transition1x,154,C3H4N2O2,11,0.0003370787320735004,0.0003305960367204187,0.00032015435804322166,0.0003201422054203582,1.6936526653142105e-05,1.2152622863216362e-08
transition1x,155,C5H7N1O1,14,0.0013346876744309,0.0013339236899263286,0.001325560465133883,0.001325517434555894,9.170239875005952e-06,4.303057798880626e-08
transition1x,156,C4H7N1O1,13,0.00043957316717590004,0.00042108638239622307,0.0003947181876770105,0.0003946754701795505,4.489769699634951e-05,4.2717497459984995e-08
transition1x,157,C6H10O1,17,0.0006756898345680999,0.0006381073289021294,0.0006310803167755667,0.0006310598746970733,4.462995987102658e-05,2.0442078493198285e-08
transition1x,158,C4H5N1O2,12,0.0007719749573826067,0.000764210550140198,0.0007497043524897388,0.0007497011006735398,2.227385670906684e-05,3.251816210078073e-09
transition1x,159,C2H2N2O2,8,0.0006420184005895965,0.0006272639276353367,0.0006236298222241047,0.0006235928118228161,1.8425588766780346e-05,3.70104012866495e-08
transition1x,160,C4H5N1O2,12,0.00019113815987079988,0.00018244048090689156,0.0001783064270103612,0.0001782429321302734,1.2895227740526495e-05,6.34948800878132e-08
transition1x,161,C5H7N1O1,14,0.0005580764501723002,0.0005566453513364146,0.0005528726496644481,0.0005528662595749086,5.210190597391504e-06,6.390089538560971e-09
transition1x,162,C4H7N1O1,13,0.0005320561837294999,0.0005228982551663385,0.00048459378035879236,0.00048456793065470026,4.7488253074799564e-05,2.5849704093032304e-08
transition1x,163,C7H12,19,0.0010743848033323998,0.0010506532420661312,0.0010334816568986016,0.0010334122054491653,4.097259788323435e-05,6.945144943625788e-08
transition1x,164,C5H7N1O1,14,0.0010361287380212002,0.0010258292271952386,0.001012586623490928,0.0010124964783403052,2.363225968089472e-05,9.01451506206472e-08
transition1x,165,C5H4N2,11,0.00034012361151400004,0.00033352201216646325,0.000329240730176605,0.00032919885355815347,1.0924757955846557e-05,4.1876618451776155e-08
transition1x,166,C7H10,17,0.0008930193841723978,0.0008877242515406617,0.0008807522472247777,0.0008805306929053497,1.2488691267048102e-05,2.2155431942778684e-07
transition1x,167,C6H9N1,16,0.0007801813594402999,0.0007639442441537749,0.0007564641821939198,0.0007564097446968501,2.3771614743449762e-05,5.443749706955839e-08
transition1x,168,C6H12O1,19,0.0009745939273589011,0.0009334175921975485,0.000914366789000984,0.0009141791988099994,6.04147285489017e-05,1.8759019098489937e-07
transition1x,169,C5H6O2,13,0.0006382338143358019,0.0006214421123005015,0.000612663483297313,0.0006125668193378251,2.5666994997976794e-05,9.666395948791327e-08
transition1x,170,C4H8O2,14,0.0006779053882231993,0.0006755420491893414,0.0006539355599197052,0.0006538855640533141,2.401982416988515e-05,4.9995866391498334e-08
transition1x,171,C4H6N2O1,13,0.00018370825967849972,0.00017582324529991534,0.00015825022884423281,0.0001581960441512791,2.5512215527220585e-05,5.418469295363994e-08
transition1x,172,C4H7N1O1,13,0.0005139114569716999,0.0005007897549281999,0.0004997822230139255,0.0004992944378731772,1.4617019098522652e-05,4.877851407482161e-07
transition1x,173,C5H8O2,15,0.0007555587197500998,0.0007297070071989933,0.0006898345666655343,0.0006898091706773973,6.574954907270258e-05,2.5395988136756848e-08
transition1x,174,C6H8O1,15,0.00047417368538479996,0.0004718076794881067,0.000465209999585017,0.0004651281150586787,9.045570326121268e-06,8.188452633817814e-08
transition1x,175,C6H8O1,15,0.0007875019217448999,0.0007855280348919868,0.0007635474721872548,0.0007632491704322692,2.425275131263061e-05,2.9830175498523715e-07
transition1x,176,C4H6O3,13,0.0007245091060924995,0.0007172840514796966,0.0006051615322231315,0.0006050609694446499,0.0001194481366478495,1.005627784814619e-07
transition1x,177,C4H7N1O1,13,0.0005692715380009007,0.0005604210630015161,0.000507017509101706,0.0005070073572170831,6.226418078381752e-05,1.0151884622358171e-08
transition1x,178,C5H11N1,17,0.0005616657675558001,0.0005572892834049411,0.0005444688891276294,0.0005444254848752167,1.7240282680583223e-05,4.340425241268359e-08
transition1x,179,C5H8O1,14,0.0011794346042395998,0.001175196653161394,0.0011525894182470495,0.0011524635079091059,2.6971096330493668e-05,1.2591033794458004e-07
transition1x,180,C5H8O1,14,0.0009205494504768,0.0009030151621470785,0.0008870434904543696,0.0008864795401172711,3.4069910359528804e-05,5.639503370986977e-07
transition1x,181,C6H9N1,16,0.0008989238940477002,0.0008913015069517884,0.0008745003315937212,0.0008738201081008071,2.5103785946893027e-05,6.802234929138079e-07
transition1x,182,C2H4O2,8,0.0002333833913164986,0.0002256462661667996,0.00021553685855642252,0.0002154531703192856,1.7930220997212988e-05,8.368823713792153e-08
transition1x,183,C4H6N2O1,13,0.0008263854406552998,0.0008063831187916154,0.0007981350293473193,0.0007980120445137123,2.8373396141587145e-05,1.2298483360460358e-07
transition1x,184,C4H5N1O1,11,0.0003216868278425002,0.00031186429305310925,0.00029818988381836433,0.0002981425085243021,2.3544319318198107e-05,4.737529406219217e-08
transition1x,185,C5H7N1O1,14,0.0004149555660591965,0.000389744113632976,0.00038089528627689864,0.0003808729412033567,3.408262485583973e-05,2.2345073540575278e-08
transition1x,186,C6H8O1,15,0.0003469170418101,0.00032473552649952663,0.0002977704794481671,0.0002976254641699464,4.9291577640153584e-05,1.450152782207035e-07
transition1x,187,C5H7N1O1,14,0.0009897690286522999,0.0009190083744232713,0.0008685173177995256,0.0008685088812629247,0.00012126014738937528,8.436536600882412e-09
transition1x,188,C4H6O3,13,0.0005572829513292014,0.0005430742288232536,0.0005287268753997139,0.0005284896599976244,2.8793291331576847e-05,2.3721540208999778e-07
transition1x,189,C6H9N1,16,0.0004623171089348027,0.0004485225730928165,0.00044357755966090807,0.0004435254754241257,1.8791633510677033e-05,5.208423677832273e-08
transition1x,190,C5H5N1O1,12,0.00044223190475239997,0.00042568246712789993,0.00040189223415321027,0.00040185717139968566,4.037473335271435e-05,3.506275352468182e-08
transition1x,191,C5H4N2,11,0.0011699006139127958,0.001163657423034763,0.0011633153503526996,0.0011632053922785864,6.695221634209319e-06,1.0995807411109717e-07
transition1x,192,C5H4O2,11,0.0003630280358582996,0.0003536096983531451,0.0003432555430560213,0.0003429721860322941,2.0055849826005442e-05,2.8335702372741227e-07
transition1x,193,C4H8O2,14,0.0013547824422674988,0.001266341037198013,0.001228033808383786,0.0012280198401854164,0.0001267626020820822,1.3968198370258865e-08
transition1x,194,C5H8O2,15,0.0006831178437740001,0.0006711007903806733,0.0006408262370252871,0.0006406494445872747,4.246839918672534e-05,1.7679243801243507e-07
transition1x,195,C3H5N1O2,11,0.0004576941940433998,0.0004375356198370997,0.0004255414420260564,0.0004253420071188908,3.235218692450895e-05,1.9943490716543458e-07
transition1x,196,C5H11N1O1,18,0.0005364424713706003,0.0005246628946243345,0.0005142579352433483,0.0005141942282321168,2.2248243138483513e-05,6.370701123214235e-08
transition1x,197,C6H12O1,19,0.001005729660372698,0.000985975991025789,0.0009392996641739628,0.0009392458484072634,6.648381196543436e-05,5.381576669928524e-08
transition1x,198,C4H8O2,14,0.0008438453469639992,0.0008254123145277558,0.0007780130713960894,0.0007779051784578599,6.594016850613925e-05,1.0789293822966008e-07
transition1x,199,C5H8O2,15,0.0011206884396699971,0.0011185752615441166,0.0010979706356652036,0.001097743262704958,2.2945176965039192e-05,2.2737296024630378e-07
transition1x,200,C5H6O1,12,0.0005565227981578,0.0005447494920335164,0.0005403652563852279,0.0005401756466407386,1.63471515170614e-05,1.896097444894625e-07
transition1x,201,C5H10O2,17,0.0010936290412369971,0.0010418843315974458,0.0010334251333184764,0.0010334218679010129,6.020717333598466e-05,3.265417461470347e-09
transition1x,202,C2H3N1O2,8,0.0002909463841596993,0.0002704700821943996,0.0002455831858737009,0.00024556725441649756,4.5379129743201765e-05,1.5931457203241624e-08
transition1x,203,C3H5N3,11,0.00038836344866039976,0.00038177901317802665,0.00037871570281513086,0.00037841149225090865,9.951956409491104e-06,3.042105642224126e-07
transition1x,204,C4H4N2O1,11,0.0004557068592299,0.0004516306887815182,0.0004424079022121099,0.00044229174319000903,1.341511603989094e-05,1.1615902210094599e-07
transition1x,205,C3H4N2O1,10,0.0002961971975882001,0.00028308870234685865,0.000258400358134331,0.0002583717652728261,3.7825432315374e-05,2.8592861508020076e-08
transition1x,206,C4H8O2,14,0.0007066380616851007,0.0006505377180516087,0.0006490854470622631,0.0006490213918568797,5.761666982822108e-05,6.40552053836935e-08
transition1x,207,C5H8O1,14,0.00047348421671820006,0.00046632297178430724,0.00043372365947822426,0.0004335232118900879,3.996100482811218e-05,2.0044758813641268e-07
transition1x,208,C5H9N1O1,16,0.0005989229396722967,0.0005778632392121904,0.0005549881126926467,0.0005549698491069243,4.395309056537241e-05,1.8263585719785537e-08
transition1x,209,C6H10O1,17,0.00036802391266779993,0.00035248541398254126,0.0003387681512898592,0.00033872960650746867,2.929430616033133e-05,3.854478239057374e-08
transition1x,210,C5H5N1O1,12,0.0012327799419825983,0.001227168097583123,0.001212980918665821,0.0012129632382416589,1.981670374093931e-05,1.7680424161383473e-08
transition1x,211,C3H7N3,13,0.0003765205426074999,0.00036580319358889225,0.00035856715677224114,0.00035850680156176333,1.8013741045736583e-05,6.035521047759967e-08
transition1x,212,C4H6O3,13,0.0010465771110320995,0.0009848270967281914,0.0009200899872859031,0.0009199079157265163,0.00012666919530558322,1.8207155938731853e-07
transition1x,213,C4H6O3,13,0.0004250247640394003,0.00042135464972209967,0.00039564380080114387,0.00039532978809122773,2.9694975948172572e-05,3.1401270991567615e-07
transition1x,214,C5H8N2,15,0.0008782271800446001,0.0008759114982988529,0.0008701169810844072,0.000870095617177693,8.13156286690715e-06,2.1363906713966564e-08
transition1x,215,C3H5N3,11,0.00020676344757439985,0.00019641792976247215,0.0001897945211494119,0.00018964763985693944,1.7115807717460436e-05,1.4688129247242877e-07
transition1x,216,C3H8N2O1,14,0.0006050114556025002,0.0005959741846944716,0.0005792200359009743,0.0005791013304006923,2.591012520180792e-05,1.1870550028201895e-07
transition1x,217,C7H10,17,0.0012695184163989998,0.001257588550946306,0.0012561156954800019,0.0012560970236662001,1.3421392732799736e-05,1.867181380195118e-08
transition1x,218,C3H5N1O1,10,0.0003648406887783001,0.00035848403014803013,0.00034193825450616415,0.00034185810521950965,2.2982583558790504e-05,8.0149286654548e-08
transition1x,219,C5H4N2,11,0.0004171074541430999,0.00039687698649080907,0.00035873516017554606,0.00035871529589088754,5.8392158252212474e-05,1.9864284658621032e-08
transition1x,220,C6H8O1,15,0.00041849776907360004,0.0004125889680395267,0.00039958527998089675,0.0003995358027144882,1.8961966359111876e-05,4.9477266408564316e-08
transition1x,221,C6H9N1,16,0.0009258784003789999,0.0009000999787746125,0.0008788864284080079,0.0008788457388404782,4.703266153852168e-05,4.06895675295566e-08
transition1x,222,C3H6O1,10,0.0003632122749281012,0.00030671596539478033,0.0002832455768667743,0.0002832112023111341,8.000107261696707e-05,3.4374555640048756e-08
transition1x,223,C5H10O2,17,0.0005640887138808997,0.0005602238909635763,0.0004889285986132963,0.0004888605200035674,7.522819387733231e-05,6.807860972948788e-08
transition1x,224,C5H12O1,18,0.0009251351685531997,0.0009030206012410109,0.0008079863414260581,0.000807933881813686,0.00011720128673951345,5.245961237207695e-08
transition1x,225,C5H6,11,0.00038583183434489927,0.00036229856922519047,0.00035479326822967204,0.00035469951174828355,3.113232259661563e-05,9.375648138655932e-08
transition1x,226,C4H8O2,14,0.0013422967269293002,0.0013285489757321569,0.0013117473338310004,0.0013116763480168516,3.062037891244853e-05,7.098581414885271e-08
transition1x,227,C5H6O1,12,0.0004402528047801032,0.0004231661283400106,0.00041487797528387744,0.00041422876616553503,2.602403861456817e-05,6.492091183426841e-07
transition1x,228,C4H5N1O2,12,0.0017508634273995,0.0017452618382421171,0.0017298158879704812,0.0017298039805681178,2.105944683138209e-05,1.1907402362995102e-08
transition1x,229,C4H4O2,10,0.0013573433304044002,0.0013459271208263912,0.001337224169919111,0.0013371832370559348,2.016009334846519e-05,4.0932863174287696e-08
transition1x,230,C4H7N1O1,13,0.0008343049937509999,0.0008121709386532691,0.0007807804304226112,0.0007807480584333617,5.355693531763801e-05,3.23719892493918e-08
transition1x,231,C4H7N1O1,13,0.000654388772434,0.0006425537830333155,0.0006268632020973296,0.0006264936611030983,2.789511133090176e-05,3.6954099423143896e-07
transition1x,232,C7H10,17,0.0009575369952792999,0.0009556414755901237,0.0009201866365359116,0.0009201705458860851,3.73664493932148e-05,1.609064982673085e-08
transition1x,233,C4H7N1O1,13,0.0008115345475955,0.000761008316398823,0.0007288994822137007,0.0007286057834299461,8.292876416555397e-05,2.936987837547724e-07
transition1x,234,C4H9N1O1,15,0.0007811334300714007,0.0007700524544037741,0.0007114821485344411,0.0007114330427367161,6.970038733468478e-05,4.910579772534773e-08
transition1x,235,C6H10,16,0.0005156728371114002,0.0004886412572365376,0.0004807960413274285,0.00048034523490519596,3.532760220620418e-05,4.508064222322953e-07
transition1x,236,C4H6O3,13,0.0007122913561127,0.0007045133467474617,0.0006627443706374518,0.0006626586865084963,4.963266960420371e-05,8.568412895576595e-08
transition1x,237,C7H14,21,0.0006802797559417001,0.0006737082906273905,0.0006675906817638276,0.0006675268301295692,1.2752925812130885e-05,6.385163425842817e-08
transition1x,238,C4H5N3,12,0.00040286028717209996,0.00040142067147956665,0.00039809724829224867,0.00039808096446847154,4.7793227036284764e-06,1.628382377699683e-08
transition1x,239,C2H4N4,10,0.00021500742931289843,0.00021124511970046817,0.00020424135757511622,0.00020398635646443037,1.1021072848468016e-05,2.55001110685144e-07
transition1x,240,C3H3N3O1,10,0.0006534726982531,0.0006500258473993502,0.0006307259728256491,0.0006306969344099642,2.2775763843135917e-05,2.903841568496083e-08
transition1x,241,C4H7N1O1,13,0.0005680767930923995,0.00053912591317957,0.0005293292489188751,0.0005292026725124113,3.8874120579988425e-05,1.2657640646410356e-07
transition1x,242,C5H6O2,13,0.0006371849426333,0.0006366033690243535,0.0006339485516381583,0.0006338759961107606,3.3089465225391888e-06,7.255552739740767e-08
transition1x,243,C4H9N1O1,15,0.0006070211065040999,0.0005598380567029533,0.0005550983340714661,0.0005550696943267137,5.195141217738636e-05,2.8639744752273338e-08
transition1x,244,C5H11N1O1,18,0.0004740649206679991,0.00047125409947959454,0.00046563985960446156,0.00046553273324681586,8.53218742118328e-06,1.0712635764535904e-07
transition1x,245,C4H7N3,14,0.0002379676728928118,0.00023138343525976314,0.00022316078727877665,0.00022312080606837214,1.484686682443959e-05,3.9981210407197835e-08
transition1x,246,C4H6N2O1,13,0.0004998228866584999,0.0004967230265739844,0.000494215212685995,0.0004941769421795489,5.645944478950889e-06,3.827050644619851e-08
transition1x,247,C5H6O2,13,0.0011516674766321,0.0011461102987093915,0.0011418183062793647,0.0011418007185498324,9.866758082267823e-06,1.7587729533096615e-08
transition1x,248,C4H8O3,15,0.0009056560939641006,0.0009015967740614874,0.0008618397891244638,0.0008617516552312564,4.390443873284432e-05,8.813389320732661e-08
transition1x,249,C5H5N1O1,12,0.00043159326210870033,0.00042379819903430913,0.0004165746272728822,0.00041624807079935984,1.5345191309340375e-05,3.2655647352248057e-07
transition1x,250,C3H4O3,10,0.0006689635168388999,0.00066179061562521,0.0005900431649412545,0.0005896141442467984,7.934937259210135e-05,4.29020694455893e-07
transition1x,251,C3H3N1O2,9,0.00036809952748319985,0.0003547061346171556,0.0003517574220332783,0.0003517327324950955,1.6366794988104314e-05,2.468953818308167e-08
transition1x,252,C4H5N1O1,11,0.00044987543208649877,0.000401964161652218,0.0003971639163455125,0.0003969315046373142,5.2943927449184466e-05,2.3241170819824285e-07
transition1x,253,C6H12O1,19,0.0007606146810822,0.0007444265248641526,0.0007297233210210133,0.0007296495003427219,3.096518073947808e-05,7.382067829146141e-08
transition1x,254,C5H6O1,12,0.00043559262007129964,0.0003970681911060171,0.0003811832732509193,0.00038114942554033654,5.444319453096312e-05,3.3847710583929545e-08
transition1x,255,C6H6O1,13,29.280413501956023,29.280411659562933,29.280396415707965,29.280396402803323,1.709915270523617e-05,1.2904654357485078e-08
transition1x,256,C4H7N1O1,13,0.0004485159391090949,0.0004344584570479208,0.0004072100460634874,0.00040718143398378115,4.1334505125313804e-05,2.8612079708197514e-08
transition1x,257,C5H9N1O1,16,0.0006780174993385,0.0006738815961997313,0.000668193634229993,0.0006681777580278612,9.839741310638677e-06,1.5876202131741517e-08
transition1x,258,C4H5N1O1,11,0.0005344816140730999,0.0005245758068097637,0.0004774420131569792,0.000477359486171719,5.7122127901380926e-05,8.252698526025924e-08
transition1x,259,C4H6N2,12,0.0006021785223914999,0.0005975310077778917,0.0005865156352957916,0.0005864856186329593,1.5692903758540517e-05,3.001666283221962e-08
transition1x,260,C6H10O1,17,0.0006220526671578017,0.0006111189559570724,0.0006027978048842475,0.0006027232053027842,1.9329461855017458e-05,7.459958146372518e-08
transition1x,261,C4H6,10,0.0006065591460753007,0.0006035982703115108,0.0005913362975155374,0.0005913126997411059,1.5246446334194977e-05,2.359777443221327e-08
transition1x,262,C4H9N1O2,16,0.0011134481014658,0.0010860594915014187,0.0010586622284979234,0.0010586438667816677,5.480423468413229e-05,1.8361716255406346e-08
transition1x,263,C4H9N1O2,16,0.0013730433577087999,0.0013440421757220686,0.0013014120954223146,0.001301149120200003,7.18942375087965e-05,2.629752223115503e-07
transition1x,264,C5H8N2,15,0.0006202397686971989,0.0006109234715433914,0.000584286308423004,0.0005842381785849124,3.60015901122863e-05,4.8129838092703656e-08
transition1x,265,C3H6N2O2,13,0.0004679438353665,0.00046240523816686886,0.00044108565736582326,0.00044091408578850855,2.7029749577991407e-05,1.7157157731514551e-07
transition1x,266,C5H8,13,0.0007733488009238001,0.0007608536289886922,0.0007187506734024788,0.0007187322822488908,5.461651867490928e-05,1.8391153587981888e-08
transition1x,267,C5H12O1,18,0.0008279995846747,0.0008240430348270387,0.0007998626543590446,0.000799842713390654,2.815687128404606e-05,1.9940968390758202e-08
transition1x,268,C6H9N1,16,0.0006052782652285996,0.0006020751109865939,0.0005931515926755166,0.0005931275388158146,1.2150726412784957e-05,2.4053859702463967e-08
transition1x,269,C5H9N1O1,16,0.0006303636907930999,0.0006226199294212939,0.0005945969691938584,0.0005945822134490797,3.578147734402034e-05,1.4755744778899512e-08
transition1x,270,C5H11N1,17,0.000916170378389101,0.0008868533810488937,0.0008534985966539558,0.0008534785871564362,6.269179123266485e-05,2.0009497519369604e-08
transition1x,271,C4H5N1O1,11,0.0004248947036625998,0.00042286523312475455,0.0004171510481143273,0.0004171164327371755,7.778270925424304e-06,3.461537715191683e-08
transition1x,272,C5H10O1,16,0.0006022289453953987,0.000593977510663999,0.0005716661820784863,0.0005716140138090121,3.061493158638654e-05,5.216826947437027e-08
transition1x,273,C5H6O1,12,0.0004268686173703001,0.00042246950079090074,0.00041986632124397193,0.00041977042644443974,7.0981909258604195e-06,9.58947995313184e-08
transition1x,274,C5H8O1,14,0.0004283843583743015,0.000410120804877278,0.0004060349709527342,0.0004059738882816651,2.241047009263642e-05,6.108267107050122e-08
transition1x,275,C5H12O2,19,0.0009087251798701996,0.0009006783408850147,0.0008834287439213439,0.0008833922877177297,2.533289215246979e-05,3.6456203614863884e-08
transition1x,276,C4H8O2,14,0.0006315539339327998,0.0006207457631139994,0.0005957442011103596,0.0005956945886321889,3.585934530061094e-05,4.961247817070943e-08
transition1x,277,C5H10O1,16,0.000605305792747,0.0006027553962238124,0.0005970225935824956,0.000596951973525996,8.353819221003964e-06,7.062005649957851e-08
transition1x,278,C4H4O3,11,0.00044717354627519954,0.00041296532956449023,0.0003945913826483554,0.0003944829514682975,5.269059480690194e-05,1.0843118005760714e-07
transition1x,279,C4H9N1O1,15,0.0005728373767960999,0.0005672349454217334,0.0005644768954908544,0.000564409742784231,8.427634011869076e-06,6.715270662325237e-08
transition1x,280,C4H6N2O1,13,0.00040744500042099997,0.0003854753029703153,0.00037042003183682305,0.00037040823007798674,3.703677034301323e-05,1.1801758836339111e-08
transition1x,281,C7H12,19,0.0005969667469001996,0.0005882428049548948,0.0005782350738646085,0.0005780877879213979,1.887895897880171e-05,1.4728594321077226e-07
transition1x,282,C5H6O1,12,0.0007424836808523003,0.0007385758804965586,0.0007193149475157019,0.0007192620883362241,2.322159251607598e-05,5.285917947797093e-08
transition1x,283,C3H6N2,11,0.00023446761269289994,0.00022669329134345447,0.00019752870263352386,0.00019752334984755168,3.6944262845348274e-05,5.352785972184779e-09
transition1x,284,C4H5N1O1,11,0.0003304015791347963,0.0003263079056276617,0.00032514057095682107,0.0003249987979934755,5.402781141320823e-06,1.4177296335122362e-07
transition1x,285,C5H10O1,16,0.0009448963274199999,0.00089166497327085,0.0008732043846349876,0.0008730948086081561,7.18015188118441e-05,1.095760268315754e-07
transition1x,286,C5H6O1,12,0.0011476786307082999,0.0011415679213966333,0.0011191714586591469,0.0011190606369904732,2.861799371782638e-05,1.108216686731131e-07
transition1x,287,C3H1N1O2,7,0.00041450962386970007,0.00039219509752162854,0.0003768602862107443,0.0003767578343581139,3.775178951158611e-05,1.0245185263063816e-07
transition1x,288,C4H5N1O1,11,0.00039193256689890006,0.00036998685076187267,0.00034819268418390456,0.0003478680792846205,4.4064487614279436e-05,3.246048992840773e-07
transition1x,289,C4H6N2O1,13,0.0004443225362655004,0.0004267655404697463,0.00040711578023619927,0.0004070364363526919,3.728609991280853e-05,7.934388350745548e-08
transition1x,290,C6H8O1,15,0.0006664007555753999,0.00063429096996144,0.0005618968731470614,0.0005618336699381057,0.0001045670856372943,6.32032089555646e-08
transition1x,291,C3H5N3,11,0.0004620503085705001,0.00045463463617722726,0.0004422982575822399,0.00044221987411325307,1.9830434457246927e-05,7.838346898689083e-08
transition1x,292,C5H7N1O1,14,0.0004295693977326,0.00042476034299747856,0.0004202874675513989,0.0004202363430357237,9.333054696876301e-06,5.1124515675218737e-08
transition1x,293,C5H7N1,13,0.00031171869930479983,0.00030211365045019974,0.00029492787967271624,0.00029491330804236804,1.68053912624318e-05,1.4571630348145757e-08
transition1x,294,C4H8O2,14,0.0006237433984968005,0.0006192402909470867,0.0005708094212329959,0.0005706138331810668,5.312956531573387e-05,1.9558805193059107e-07
transition1x,295,C4H9N1O2,16,0.000800113123083,0.0007739852193421621,0.0007658121552954536,0.0007657958911067605,3.431723197623941e-05,1.626418869297445e-08
transition1x,296,C3H5N1O2,11,0.0005257359363333,0.000504773833009809,0.0004796896885650179,0.0004795384675959343,4.619746873736561e-05,1.5122096908357565e-07
transition1x,297,C3H6O3,12,0.0005657337671684,0.0005596483456420332,0.0005365782715557807,0.0005361595499131919,2.9574217255208017e-05,4.187216425886618e-07
transition1x,298,C5H8O1,14,0.0005784975105282011,0.0005765575335716783,0.0005728201786806382,0.0005728035307398241,5.693979788376784e-06,1.6647940812875456e-08
transition1x,299,C4H5N1O1,11,0.0006100127794662996,0.0005773927251372903,0.0005553560943065841,0.000555268360274622,5.4744419191677494e-05,8.773403195972509e-08
transition1x,300,C3H7N1O2,13,0.0013102334844491993,0.0012599850279613762,0.0012534857217923038,0.0012533284720978057,5.690501235139379e-05,1.5724969449746505e-07
transition1x,301,C4H5N1O1,11,0.0005592657634386,0.0005528141528786085,0.0005474126634337446,0.000547304898627256,1.1960864811343876e-05,1.0776480648842242e-07
transition1x,302,C6H12O1,19,0.0006419321029443002,0.0006408043819799633,0.0006176562385077831,0.0006174525961517697,2.4479506792530654e-05,2.0364235601320804e-07
transition1x,303,C6H12,18,0.0007418383251110997,0.0007364591628021167,0.0006976261980294211,0.000697610259180292,4.422806593080774e-05,1.5938849129090147e-08
transition1x,304,C4H7N1O2,14,0.0006941810329172013,0.0006856256173812294,0.0006703910906012348,0.0006703422721762858,2.383876074091534e-05,4.881842494884436e-08
transition1x,305,C5H10O2,17,0.0007981055775568018,0.0007883126200418845,0.0007394906523008643,0.000739433796839596,5.8671780717205654e-05,5.685546126624166e-08
transition1x,306,C6H8O1,15,0.0016217652895387,0.0016116688538063133,0.0015574481529825256,0.0015572712069601435,6.449408257855606e-05,1.76946022382824e-07
transition1x,307,C3H7N1O2,13,0.0005010791129521,0.0004770183433191461,0.0004718918284000141,0.0004718697664873112,2.9209346464788646e-05,2.206191270279162e-08
transition1x,308,C3H5N1O2,11,0.00046501215834190003,0.0004400303371894719,0.00043050799133378286,0.0004304661224184295,3.4546035923470556e-05,4.1868915353475265e-08
transition1x,309,C4H8N2O1,15,0.0004634098799991002,0.00045755232593227337,0.00043666587572821144,0.000436563349285001,2.6846530714099305e-05,1.0252644321037994e-07
transition1x,310,C5H5N1O1,12,0.0006114900391264999,0.0005899702707634312,0.0005886811122466345,0.000588675092522301,2.281494660419874e-05,6.019724330387873e-09
transition1x,311,C4H6O3,13,0.0003303670185828001,0.00032197724910820773,0.00029587673712101146,0.0002957525275267586,3.4614491056041435e-05,1.242095942528828e-07
transition1x,312,C4H7N1O2,14,0.0003858373153915,0.0003749532465245072,0.00035965892753738653,0.00035960544251603915,2.6231872875460927e-05,5.3485021347444956e-08
transition1x,313,C5H7N1O1,14,0.00047145892663459996,0.00047110275709292144,0.00043746718454145187,0.0004374381215682296,3.4020805066370356e-05,2.9062973222463775e-08
transition1x,314,C5H8N2,15,0.0005546635969858,0.0005488058743924732,0.0005414673717055719,0.0005414285098353901,1.3235087150409913e-05,3.8861870181764826e-08
transition1x,315,C4H5N1O2,12,0.00040198254354100203,0.0003841617566311434,0.0003790512763867588,0.00037892068098290015,2.306186255810189e-05,1.3059540385907775e-07
transition1x,316,C6H10O1,17,0.0007719824549877001,0.0007355323740002117,0.0006403308609520389,0.0006402861891474877,0.00013169626584021217,4.4671804551021126e-08
transition1x,317,C3H6N2O1,12,0.0008572493405837001,0.0008394653106986081,0.0007619507891056616,0.0007615428389243879,9.570650165931235e-05,4.0795018127418887e-07
transition1x,318,C5H9N1O1,16,0.0010326804823668997,0.0009912494144896941,0.0009801892403285743,0.0009800299952852293,5.2650487081670556e-05,1.5924504334487544e-07
transition1x,319,C5H6O1,12,0.0007033366825801026,0.0006976599645858459,0.0006799683398628884,0.0006797598116287296,2.357687095137303e-05,2.0852823416035668e-07
transition1x,320,C4H6O2,12,0.0012093899506001999,0.0012021366468639746,0.0011904547315407007,0.0011903858435487248,1.9004107051474655e-05,6.888799197552051e-08
transition1x,321,C5H10O2,17,0.0008441496478038001,0.0008353270982327765,0.0008303041546732073,0.0008302906505251474,1.3858997278652532e-05,1.3504148059879043e-08
transition1x,322,C6H10O1,17,0.0012670978391221,0.0012340237146989295,0.0012079777783670152,0.00120791762887608,5.918021024601987e-05,6.01494909353263e-08
transition1x,323,C4H5N1O1,11,0.0005988106741876004,0.0005946533113795823,0.0005215471058882781,0.0005214329508679491,7.737772331965129e-05,1.1415502032904199e-07
transition1x,324,C6H12O1,19,0.0007381460253354997,0.0007346615565621315,0.0006955606464273463,0.0006954328429843594,4.271318235114046e-05,1.278034429867936e-07
transition1x,325,C4H9N1O1,15,0.0009328908320719999,0.0009226453622112202,0.0008823802358035866,0.0008822445535776863,5.064627849431382e-05,1.356822259003177e-07
transition1x,326,C3H7N3O1,14,0.00038504237817030013,0.0003810131257436786,0.00034536204203043273,0.00034535548586201717,3.9686892308282906e-05,6.5561684156170194e-09
transition1x,327,C5H10O2,17,0.0005061954484474998,0.00047135035685277085,0.0004630106392453335,0.00046286540434484024,4.333004410265969e-05,1.4523490049399618e-07
transition1x,328,C6H10O1,17,0.0007008976964071999,0.0006611553134299,0.0006472371706833389,0.0006471731800751418,5.372451633205822e-05,6.399060819710184e-08
transition1x,329,C4H6N2,12,0.00041087918230749994,0.0004094212879438584,0.0004047041727503545,0.000404643345804792,6.235836502707995e-06,6.082694556244199e-08
transition1x,330,C4H6N2,12,0.00044570224270979966,0.00043263544851281614,0.00043110244459137353,0.000431043263155112,1.4658979554687648e-05,5.918143626143602e-08
transition1x,331,C4H8O2,14,0.0004924226102916988,0.00047947363589451387,0.00047071789512363694,0.00047041229278082033,2.2010317510878498e-05,3.0560234281614013e-07
transition1x,332,C6H10,16,0.0005428104184834005,0.0005070775960822025,0.00046519687198147224,0.0004651499165507369,7.766050193266363e-05,4.695543073655624e-08
transition1x,333,C4H8O3,15,0.0009807165160678998,0.0009762767167505729,0.0009144297691444771,0.0009144078610940748,6.630865497382488e-05,2.1908050402330538e-08
transition1x,334,C3H5N1O1,10,0.00034423113673450004,0.0003216171573413901,0.00032026984464046703,0.0003201837153066941,2.4047421427805903e-05,8.612933377292166e-08
transition1x,335,C5H7N1O1,14,0.0008460981448961002,0.0008347130563316574,0.000806929013392519,0.0008067177903288426,3.9380354567257715e-05,2.112230636768069e-07
transition1x,336,C5H7N1,13,0.0005159788419326,0.0005134981919609921,0.000497636263640668,0.0004975535387421867,1.8425303190413304e-05,8.272489848156384e-08
transition1x,337,C5H7N1O1,14,0.00042805352223749946,0.00042440814127259923,0.0004091994673754529,0.0004091850574774394,1.8868464760060094e-05,1.4409898013841592e-08
transition1x,338,C5H11N1O1,18,0.00046627060974200024,0.00046299211022717235,0.0004313539445725706,0.000431313437693074,3.495717204892633e-05,4.05068794963379e-08
transition1x,339,C4H7N1O2,14,0.0007307582039334001,0.0007145736738610929,0.0006999452705863856,0.0006999398178134982,3.08183861199016e-05,5.452772887094027e-09
transition1x,340,C6H9N1,16,0.0006816093832709993,0.0006801016492107866,0.0006708702573842578,0.0006708620431444179,1.074734012658139e-05,8.214239839128128e-09
transition1x,341,C3H5N1O2,11,0.0005081550282847018,0.0005038700371658652,0.0004856164349089707,0.00048560082777747345,2.2554200507228393e-05,1.5607131496402968e-08
transition1x,342,C5H8,13,0.0003067335419890009,0.0002821260601070095,0.0002465051214491269,0.00024628828980313597,6.044525218586487e-05,2.168316459909056e-07
transition1x,343,C3H2N2O2,9,0.00029282155620539996,0.0002391598295577557,0.00021549050200827865,0.00021532568594859923,7.749587025680071e-05,1.6481605967930654e-07
transition1x,344,C6H10O1,17,0.0007448305088759,0.0007393597771786118,0.0007261923532795806,0.0007261810250350307,1.8649483840869277e-05,1.1328244549642552e-08
transition1x,345,C4H6N2,12,0.00030291414043069967,0.00029808505796347475,0.00028916243326689104,0.0002891291513507102,1.3784989079989491e-05,3.328191618066516e-08
transition1x,346,C3H3N1O1,8,0.000550551155701901,0.0005426937201729749,0.0005420747053014301,0.000541735824653401,8.815331048499961e-06,3.388806480235688e-07
transition1x,347,C5H8N2,15,0.00024380868287489994,0.00024086136740132663,0.00023381096405612528,0.00023369456764509703,1.0114115229802944e-05,1.1639641102831557e-07
transition1x,348,C6H8O1,15,0.00041841409103370074,0.0004064238197459204,0.000364652690011194,0.0003646504153630822,5.3763675670618475e-05,2.2746481138336648e-09
transition1x,349,C4H4O2,10,0.0004043515654488002,0.00039767616544477997,0.0003835235502908527,0.00038343716607778557,2.0914399371014585e-05,8.638421306735273e-08
transition1x,350,C4H5N1O1,11,0.0005098852602645003,0.00048795979641334586,0.0004818882569674481,0.0004818154316571023,2.806982860739795e-05,7.282531034590028e-08
transition1x,351,C4H9N1O2,16,0.0004951255026912995,0.000492049339862593,0.000453802515130768,0.00045378379731400944,4.134170537729011e-05,1.8717816757957504e-08
transition1x,352,C4H7N3,14,0.0005006357771958,0.00048817549151806435,0.00047424670793957263,0.00047385139183838033,2.678438535741975e-05,3.9531610119223366e-07
transition1x,353,C3H6O2,11,0.00039609468931710003,0.0003941707811556001,0.0003883709168482891,0.00038832933064278846,7.765358674311603e-06,4.158620550066889e-08
transition1x,354,C4H7N1O2,14,0.0011549430100532992,0.0011303034554556348,0.0011046474848837448,0.0011043743007518154,5.056870930148374e-05,2.731841319293174e-07
transition1x,355,C6H9N1,16,0.0006459726825431999,0.0006373453341227248,0.0006232442604675793,0.0006232241407568442,2.2748541786355654e-05,2.0119710734943156e-08
transition1x,356,C5H12O2,19,0.0014343935972529003,0.001422182727814137,0.0014031163814293836,0.0014030262085874762,3.1367388665424e-05,9.017284190752015e-08
transition1x,357,C3H5N1O2,11,0.0009107623860243,0.0008974502882939089,0.0008713209617383155,0.0008712753287220536,3.9487057302246325e-05,4.5633016262186477e-08
transition1x,358,C5H8O1,14,0.0005109341926459,0.000495402533279952,0.0004892402799744236,0.0004891637692225125,2.177042342338759e-05,7.651075191280692e-08
transition1x,359,C2H3N3,8,0.00018732800379740242,0.00018259184018805228,0.0001753634803681398,0.00017515310721854518,1.2174896578857244e-05,2.1037314959305283e-07
transition1x,360,C4H7N1O2,14,0.0008518945453220982,0.0008365065859717614,0.0007873993039663673,0.0007872759858564313,6.461855946566693e-05,1.2331810993520883e-07
transition1x,361,C3H7N1O2,13,0.0007096887202445998,0.0006746133289004309,0.0006004878418333383,0.000600127313724105,0.00010956140652049515,3.605281092335732e-07
transition1x,362,C4H5N1O1,11,0.00048714370930909995,0.00046615147643169075,0.00041732202997512934,0.0004172689377941537,6.987477151494616e-05,5.3092180975662525e-08
transition1x,363,C4H4N2O1,11,0.00031602564512340034,0.0003106136330675731,0.00030770972349820626,0.0003070324059415345,8.993239181865823e-06,6.773175566716105e-07
transition1x,364,C6H12O1,19,0.0006453958226949002,0.0006186290228308161,0.000565431164320187,0.0005653911448162349,8.000467787866546e-05,4.001950395208661e-08
transition1x,365,C6H4O1,11,0.0010408074972460002,0.001030388548018127,0.001022810973451844,0.0010227794113531622,1.8028085892838165e-05,3.1562098682345344e-08
transition1x,366,C4H8O3,15,0.0007277880447828002,0.0007176047706024601,0.0006612701576070888,0.0006612154527292881,6.65725920535121e-05,5.470487780071338e-08
transition1x,367,C4H8O2,14,0.0007960694669007002,0.0007834009813396501,0.0007467393332779804,0.0007466761125752449,4.939335432545512e-05,6.322070273548405e-08
transition1x,368,C4H6O2,12,0.0007287244590978999,0.0007069067837489502,0.0006892965337000715,0.0006892530079869527,3.947145111094726e-05,4.352571311877237e-08
transition1x,369,C5H10O2,17,0.0006639024784345,0.0006610000717750644,0.0006089573443828283,0.0006089423455633088,5.496013287119131e-05,1.4998819519448572e-08
transition1x,370,C6H9N1,16,0.0006857484640848,0.0006741077702943874,0.0006511400145872265,0.0006511233982106825,3.462506587411759e-05,1.6616376544317793e-08
transition1x,371,C4H7N1O1,13,0.0010445286337853997,0.0009884293125301377,0.0009724379241069849,0.0009723510922271712,7.217754155822846e-05,8.683187981372988e-08
transition1x,372,C2H4N2O1,9,0.0006729101580579001,0.0006514234346077779,0.0006210744899429585,0.0006209029395370435,5.200721852085657e-05,1.715504059148769e-07
transition1x,373,C6H10O1,17,0.0005883646233020005,0.0005869033646249296,0.0005835938311007547,0.0005834684193735592,4.896203928441208e-06,1.2541172719583037e-07
transition1x,374,C4H7N1O1,13,0.00034854189716000103,0.00033135648120160156,0.0003296301573156295,0.00032961339856136217,1.8928498598638738e-05,1.6758754269427326e-08
transition1x,375,C2H4N2O2,10,0.0005832895558229985,0.0005805691209367185,0.0005468073342887174,0.000546644706122957,3.66448497000415e-05,1.6262816576036243e-07
transition1x,376,C5H8O1,14,0.0006372288320000996,0.0006331752186173569,0.0006277196664012722,0.0006277074125736431,9.521419426456474e-06,1.2253827628863129e-08
transition1x,377,C6H8O1,15,0.0004223204510856,0.00040045354023279345,0.00038226257431954707,0.00038224794311636306,4.0072507969237046e-05,1.4631203183927125e-08
transition1x,378,C5H12O2,19,0.0009612753097091,0.0009405753648463999,0.0009130812829439207,0.0009130221836415386,4.825312606756133e-05,5.909930238221997e-08
transition1x,379,C6H4O1,11,0.0005205497645852996,0.0005143177968929994,0.0005141262586245976,0.0005140542064872971,6.49555809800256e-06,7.205213730044835e-08
transition1x,380,C4H8O2,14,0.000999209701619,0.0009840267407665423,0.0009609097019392608,0.0009608793686755962,3.833033294340356e-05,3.033326366393309e-08
transition1x,381,C4H8N2,14,0.0008639281257351001,0.0008566613410627157,0.0008360285180504461,0.0008359421949823997,2.7985930752700265e-05,8.632306804616199e-08
transition1x,382,C4H5N1O1,11,0.0007320514326564992,0.0007116075988792261,0.0007070568611037777,0.0007069887723197242,2.506266033677521e-05,6.808878405342452e-08
transition1x,383,C5H8O1,14,0.0004458019447758,0.0004366915769555786,0.00039938245280969587,0.0003993721761530254,4.6429768622774645e-05,1.027665667050535e-08
transition1x,384,C4H10O2,16,0.00040554795372530004,0.0004011223473071313,0.00039244507996647306,0.00039236886467054657,1.3179089054753447e-05,7.621529592649579e-08
transition1x,385,C4H5N1O1,11,0.001075044225665,0.0010618459609029454,0.0010531769786823178,0.001052971876058672,2.207234960632778e-05,2.051026236458228e-07
transition1x,386,C4H5N1O1,11,0.0002763973210680999,0.0002746011066645088,0.00023407719100399042,0.00023394170559582508,4.24556154722748e-05,1.3548540816540218e-07
transition1x,387,C5H9N1O1,16,0.0008129784444652999,0.0008106574172615747,0.0007995778030429747,0.000799463077786626,1.3515366678673873e-05,1.1472525634905372e-07
transition1x,388,C6H9N1,16,0.0006039467387175004,0.0006015902020152066,0.0005805522042114522,0.0005805017542598526,2.344498445764793e-05,5.044995159939935e-08
transition1x,389,C6H11N1,18,0.0005536538521047995,0.0005478229477422,0.0005377711796492254,0.0005377514956056737,1.5902356499125736e-05,1.9684043552029844e-08
transition1x,390,C5H10O1,16,0.0007941250181337001,0.00076934174106335,0.0007576313465264854,0.0007576250682130357,3.649994992066423e-05,6.278313449611923e-09
transition1x,391,C3H5N1O2,11,0.0006479447511128007,0.000639857212339573,0.0006360795550275784,0.0006360408718812357,1.190387923156501e-05,3.8683146342746565e-08
transition1x,392,C4H5N1O1,11,0.000663187962387501,0.0006227286402740001,0.0006023929577241156,0.0006023140130284713,6.0873949359029796e-05,7.894469564478336e-08
transition1x,393,C2H2N4,8,0.0005187107141145998,0.000515076749874725,0.0005122798595097501,0.0005122241552827675,6.4865588318324734e-06,5.5704226982713695e-08
transition1x,394,C5H5N1O1,12,0.00039256104813229994,0.00037001434450780835,0.0003576990240167278,0.00035768069127439914,3.488035685790087e-05,1.833274232875512e-08
transition1x,395,C4H7N3,14,0.00043000118873660003,0.00042338471664290004,0.0004182612990874847,0.00041798737813516655,1.2013810601433461e-05,2.7392095231822426e-07
transition1x,396,C4H7N1O1,13,0.0005595332304128,0.0005459030740706999,0.000493410393137954,0.0004933870229182748,6.614620749452544e-05,2.337021967934411e-08
transition1x,397,C4H6N2O1,13,0.0004064943744118,0.0003860320057795769,0.0003709654331602594,0.0003709544888552216,3.553988555657846e-05,1.0944305037918125e-08
transition1x,398,C4H8O1,13,0.00075351794334,0.0007492877809450077,0.0007492604483989074,0.0007490967624965984,4.421180843401734e-06,1.6368590230892034e-07
transition1x,399,C5H11N1,17,0.0008786132624679008,0.0007980750345935725,0.0007632947707943328,0.0007632914326274116,0.00011532182984048923,3.3381669209915755e-09
transition1x,400,C5H10O2,17,0.0006302407626897007,0.0006161317392092236,0.0006085568242580712,0.0006085422684177403,2.169849427196036e-05,1.4555840331098299e-08
transition1x,401,C1H1N3O1,6,0.00018283074130550096,0.00017881376131216812,0.0001721455533335084,0.0001706544368637932,1.2176304441707763e-05,1.4911164697154463e-06
transition1x,402,C4H7N1O2,14,0.0007093641572394989,0.0006801549593786152,0.0006644706472765354,0.0006643966879370084,4.496746930249031e-05,7.395933952480927e-08
transition1x,403,C7H10,17,0.0005796885702149041,0.0005788093168733569,0.0005608653392932099,0.0005608037602654089,1.888480994949531e-05,6.157902779995106e-08
transition1x,404,C3H5N1O2,11,0.00040966842022640003,0.00040503750575690914,0.0003536171799207755,0.0003534535792655645,5.6214840960835475e-05,1.6360065521096407e-07
transition1x,405,C2H4N2O2,10,0.00043140804868960003,0.00041965587860799984,0.0004007889390380058,0.0004007197224693604,3.068832622023979e-05,6.921656864567917e-08
transition1x,406,C4H5N1O1,11,0.0003709486167851,0.00036730512588813635,0.00034786341491658846,0.0003478344001742834,2.311421661081666e-05,2.901474230478211e-08
transition1x,407,C3H6O3,12,0.0007335372545469,0.000721904643760841,0.0007165032779590626,0.0007164541513930605,1.70831031538395e-05,4.912656600166195e-08
transition1x,408,C4H6N2O1,13,0.00038754411138820045,0.00037599493101428253,0.00036235907542917867,0.00036223899113079855,2.5305120257401838e-05,1.2008429837838074e-07
transition1x,409,C4H6N2O1,13,0.0002412893481405002,0.0002336381936209617,0.00022587854681367715,0.0002258651527418589,1.5424195398641285e-05,1.3394071818151366e-08
transition1x,410,C3H5N3,11,0.0003679199411021998,0.00036428194798357244,0.0003606134738087143,0.0003605459410325047,7.3740000696950805e-06,6.75327762097121e-08
transition1x,411,C6H5N1,12,0.0009073047796635985,0.0008967254080486532,0.0008849503567303463,0.0008849168908084805,2.2387888855117934e-05,3.346592186380085e-08
transition1x,412,C5H2O1,8,0.0014882386834250993,0.0014831423497295262,0.0014747664444666833,0.0014747473297717266,1.349135365337262e-05,1.9114694956532858e-08
transition1x,413,C4H4N2O1,11,0.00013383961617559995,0.00012435465416745452,0.00012191461443905634,0.00012184410987741547,1.1995506298184471e-05,7.050456164087421e-08
transition1x,414,C4H8O1,13,0.0007106587341376017,0.0006942469255037195,0.0006880466557313672,0.0006880389623025746,2.2619771835026852e-05,7.693428791235531e-09
transition1x,415,C3H5N3O1,12,0.0007064789471492014,0.0006937450823886535,0.000670645095899556,0.0006703324570266631,3.6146490122538376e-05,3.1263887289257517e-07
transition1x,416,C6H10O1,17,0.0007420021829553003,0.0007396497217795886,0.0007176247180678506,0.0007173701545608197,2.4632028394480754e-05,2.5456350703072997e-07
transition1x,417,C5H6O1,12,0.0012376320328491002,0.0012267438628781168,0.0011909317386743076,0.0011908864342098412,4.674559863925917e-05,4.5304464466619336e-08
transition1x,418,C2H4N2O1,9,0.0004004318877028001,0.00036889771207413455,0.00031171279072159444,0.00031163016704898583,8.880172065381422e-05,8.262367260955493e-08
transition1x,419,C4H4O1,9,0.0007852417286226997,0.0007814843179776885,0.0007693098753746191,0.0007692869995489608,1.5954729073738895e-05,2.287582565888629e-08
transition1x,420,C6H10,16,0.000565527500349399,0.0005581545306893624,0.0005194041409202984,0.0005193407082386915,4.6186792110707506e-05,6.343268160662664e-08
transition1x,421,C5H7N1O1,14,0.0005851855447574954,0.0005774622474737025,0.000574503980729186,0.0005744956319844247,1.0689912773070813e-05,8.348744760138685e-09
transition1x,422,C4H4O2,10,0.0008604901389775,0.0008571021191385101,0.0008436200913985886,0.0008434916834029162,1.6998455574583817e-05,1.284079956721293e-07
transition1x,423,C6H8O1,15,0.0015797082147321999,0.0015779824203957934,0.0015690415860768424,0.0015687134542586923,1.0994760473507968e-05,3.281318181502378e-07
transition1x,424,C5H7N1O1,14,0.0009438357271231028,0.0009360737052591843,0.0009010005051932795,0.000900869549605943,4.2966177517160004e-05,1.3095558733847236e-07
transition1x,425,C5H7N1O1,14,0.0005956165899430986,0.0005578276470296422,0.0005222579487608437,0.000522183216559689,7.34333733834096e-05,7.473220115493565e-08
transition1x,426,C5H9N1O1,16,0.00036658155395270114,0.00036560721304410135,0.00034316817818821606,0.0003429553848306146,2.3626169122086568e-05,2.1279335760157475e-07
transition1x,427,C6H12O1,19,0.0007596512533498001,0.000745505630687716,0.0007216574382046227,0.0007215672186590518,3.8084034690748256e-05,9.021954557080849e-08
transition1x,428,C6H12O1,19,0.0012447424253141997,0.0012133272374047052,0.0012055266334792078,0.0012053452593770231,3.9397165937176654e-05,1.81374102184982e-07
transition1x,429,C5H10O2,17,0.0009162576868688007,0.0008960247052756661,0.0008325989268052684,0.0008325940925693579,8.366359429944292e-05,4.83423591089695e-09
transition1x,430,C6H9N1,16,0.0007374165042852,0.0007234068230205876,0.0007085203142902822,0.0007084176056038017,2.899889868139829e-05,1.0270868648038318e-07
transition1x,431,C5H8O1,14,0.0005879116161570983,0.0005835816842591476,0.0005795650802139689,0.0005795462615370707,8.365354620027738e-06,1.881867689851849e-08
transition1x,432,C4H5N1O1,11,0.0006103358278039999,0.0005995059405558089,0.0005951329806833207,0.000595037101339634,1.529872646436579e-05,9.587934368680888e-08
transition1x,433,C4H5N1O1,11,0.0006153129997932004,0.0005891622435614922,0.0005144186765647615,0.0005141469443927542,0.00010116605540044613,2.7173217200750916e-07
transition1x,434,C6H7N1,14,0.000336129837896,0.00032442825538340006,0.0003073266519520858,0.0003072794100163818,2.8850427879618218e-05,4.724193570404244e-08
transition1x,435,C4H6O3,13,0.0015646944415985,0.0015577478271699844,0.0015542328401861316,0.001554182389528787,1.0512052069713191e-05,5.045065734493382e-08
transition1x,436,C4H9N1O1,15,0.0011309689443897981,0.001111984758570436,0.0011022664817297383,0.0011020991776348739,2.8869766754923985e-05,1.6730409486296765e-07
transition1x,437,C5H7N1O1,14,0.0009504994558346004,0.0009342739628976301,0.0009180013864393657,0.0009166145918819415,3.3884863952658786e-05,1.3867945574241541e-06
transition1x,438,C4H8O2,14,0.0008210585715996001,0.0007786985435691144,0.0007386478074514265,0.0007386289437825715,8.242962781702855e-05,1.886366885505403e-08
transition1x,439,C4H6N2,12,0.0005100974280142007,0.0005021842223915077,0.0004922180340347514,0.0004921943017382709,1.7903126275929896e-05,2.3732296480999255e-08
transition1x,440,C5H7N1O1,14,0.0007920354781558,0.0007566361750422215,0.0007261039226871835,0.0007260329730093872,6.600250514641281e-05,7.094967779621497e-08
transition1x,441,C4H8N2O1,15,0.0007353024906911961,0.0007127584438423351,0.0006985380874508759,0.0006985250524243226,3.6777438266873446e-05,1.3035026553291757e-08
transition1x,442,C4H6N2,12,0.00035792517691450256,0.00035060327607186974,0.00034607806970453613,0.00034585292691001094,1.2072250004491642e-05,2.2514279452418834e-07
transition1x,443,C4H8O2,14,0.0006284742388142001,0.0006247703095883572,0.0006005197467929805,0.0006004256471938338,2.804859162036637e-05,9.409959914674468e-08
transition1x,444,C5H7N1,13,0.0003775216293465,0.000363184198391723,0.0003146529296212963,0.00031456547513762797,6.295615420887199e-05,8.7454483668343e-08
transition1x,445,C4H8O2,14,0.0012369177714186,0.0012256334397157636,0.0012158564799476645,0.0012157013269613226,2.1216444457277065e-05,1.5515298634190404e-07
transition1x,446,C4H8N2O1,15,0.0007574186344823999,0.0007191355483868933,0.0007151447446889038,0.0007150405079083182,4.2378126574081755e-05,1.0423678058541829e-07
transition1x,447,C5H6O2,13,0.0006619922941280005,0.0006426256772600156,0.0006285684921607784,0.0006283403135186478,3.365198060935259e-05,2.2817864213061245e-07
transition1x,448,C5H6N2,13,0.0005626213302621992,0.0005558368823363683,0.0005420440991511029,0.0005419933250059663,2.062800525623293e-05,5.0774145136895386e-08
transition1x,449,C3H5N1O2,11,0.0005093187146364,0.0005030483874218912,0.0004989428133938559,0.0004989012919712573,1.0417422665142672e-05,4.152142259880473e-08
transition1x,450,C4H6O3,13,0.0007220385088496999,0.0007102578123574461,0.0006608649575816924,0.0006608639644356558,6.117454441404421e-05,9.931460364686133e-10
transition1x,451,C5H4O2,11,0.0009357438821761003,0.0009274129072013547,0.0008625495690022867,0.0008624806415364185,7.326324063968173e-05,6.89274658683968e-08
transition1x,452,C6H12O1,19,0.0008301339748519004,0.000821654411731969,0.00081184838479131,0.0008116985516118947,1.8435423240005616e-05,1.4983317941523546e-07
transition1x,453,C4H5N1O1,11,0.0002459759509610002,0.0002405511460447005,0.0002356392673638331,0.00023563227785135919,1.0343673109640998e-05,6.989512473691857e-09
transition1x,454,C3H5N3O1,12,0.0005799843775171004,0.0005776229260349664,0.0005623943850950091,0.0005622588022975689,1.7725575219531502e-05,1.3558279744011547e-07
transition1x,455,C5H7N1O1,14,0.0004019671357587003,0.0003905709619274081,0.00037295269082816525,0.00037289447475021865,2.907266100848169e-05,5.8216077946497245e-08
transition1x,456,C4H7N1O2,14,0.001490929899732302,0.0014867106096763095,0.0014827943635230502,0.0014823751890713388,8.554710660962935e-06,4.191744517110041e-07
transition1x,457,C6H10,16,0.0005827868678328007,0.000574197465163243,0.0005555768550369763,0.0005553860544599814,2.740081337281924e-05,1.9080057699418053e-07
transition1x,458,C3H5N1O2,11,0.0005417129621093997,0.0005182091763490543,0.0005072337908112765,0.0005070679421982065,3.46450199111932e-05,1.6584861306994125e-07
transition1x,459,C5H10O1,16,0.0009015448890953,0.0008952777553630999,0.0008857030571971336,0.0008856736906231047,1.5871198472195104e-05,2.936657402903235e-08
transition1x,460,C5H8N2,15,0.0005947280428743,0.0005916346394069399,0.00058953171505459,0.0005894733665379729,5.254676336326898e-06,5.834851661702736e-08
transition1x,461,C3H6N2O1,12,0.0009696914380753001,0.0009470019796753666,0.000874315982768879,0.0008742639370065971,9.542750106870322e-05,5.2045762282155064e-08
transition1x,462,C5H6O2,13,0.0006378609370555,0.0006320594238447075,0.0006272812568141783,0.000627159591873036,1.0701345182464017e-05,1.216649411425326e-07
transition1x,463,C4H8O2,14,0.0004558546376713,0.00045545292045239997,0.0004113357008461978,0.000411257944701766,4.459669296953404e-05,7.775614443189406e-08
transition1x,464,C4H8O1,13,0.00032038816365490366,0.00030378523245802765,0.00026819474920248784,0.000268108574021435,5.227958963346864e-05,8.617518105322064e-08
transition1x,465,C5H8O1,14,0.0005031738493559995,0.0004943983359943788,0.0004787067070686298,0.0004786790161520989,2.4494833203900717e-05,2.7690916528069158e-08
transition1x,466,C4H10O2,16,0.0008643750116527,0.0008477954150293563,0.000821934341950939,0.000821806062414704,4.256894923799603e-05,1.2827953623489356e-07
transition1x,467,C4H8O2,14,0.0004202626753540997,0.00040600647099067706,0.00039601757477695403,0.0003959400769041347,2.432259844996509e-05,7.749787282023596e-08
transition1x,468,C3H4N2O1,10,0.0004469975730129989,0.0004305546300971184,0.00041074242496366356,0.00041052522637979015,3.647234663320882e-05,2.1719858387271192e-07
transition1x,469,C5H8N2,15,0.0006834432812669999,0.0006565450866303665,0.0006507346480312358,0.000650640148212861,3.2803133054138966e-05,9.449981837480326e-08
transition1x,470,C4H4O2,10,0.0009899691217589,0.0009875505193084502,0.000984527072777818,0.0009844852087091327,5.483913049767675e-06,4.186406868532649e-08
transition1x,471,C4H6O2,12,0.0010018613613077003,0.0009990192607842111,0.0009740220827185655,0.0009738945684013238,2.7966792906376587e-05,1.2751431724050174e-07
transition1x,472,C6H12O1,19,0.0010539630744281,0.0010082048270727369,0.0010030252043211458,0.001002973787245876,5.098928718222412e-05,5.141707526962404e-08
transition1x,473,C4H5N1O1,11,0.0002624717111824999,0.00026165375332239083,0.00025502034915279897,0.00025500654565373997,7.465165528759951e-06,1.3803499058919977e-08
transition1x,474,C5H8O1,14,0.0006367340436845996,0.0006275631039757923,0.0006141966657683568,0.0006141061556159942,2.262788806860529e-05,9.051015236268372e-08
transition1x,475,C2H4N4,10,0.00037089981424119996,0.00035335493988574,0.00034875423867016653,0.0003486072180443224,2.2292596196877453e-05,1.4702062584410964e-07
transition1x,476,C4H7N1O1,13,0.0005268059245909001,0.000521515169401223,0.0005057983337266556,0.0005057707716090133,2.103515298188686e-05,2.7562117642285658e-08
transition1x,477,C4H5N1O2,12,0.0007404367626915,0.0007373310414775999,0.000730009669426427,0.000729873662270822,1.0563100420678035e-05,1.3600715560510982e-07
transition1x,478,C6H6O1,13,0.0005288366110432008,0.0005210833534101472,0.0005013992928829795,0.0005013757217027838,2.7460889340417225e-05,2.3571180196196393e-08
transition1x,479,C6H10,16,0.0008395726960238001,0.0008199685990057688,0.000795298239634824,0.0007952363858024858,4.4336310221314244e-05,6.185383233830127e-08
transition1x,480,C6H12O1,19,0.0007621495536228,0.000738943356590505,0.000730647860631152,0.0007303529459099545,3.1796607712845526e-05,2.949147211969078e-07
transition1x,481,C4H6O2,12,0.00030374010244,0.0002996023370080833,0.0002666870786107878,0.0002664375805434192,3.730252189658084e-05,2.4949806736859055e-07
transition1x,482,C3H5N3,11,0.00039311344064179985,0.00038950749295089086,0.0003801264940184262,0.0003800568396848083,1.3056600956991493e-05,6.965433361793706e-08
transition1x,483,C4H5N1O1,11,0.0001777856703821,0.00017708962170857276,0.00017645526184386045,0.00017643587090155943,1.349799480540571e-06,1.939094230101405e-08
transition1x,484,C5H6O1,12,0.0011097918942596001,0.0010678970889173,0.0010547893089015445,0.0010547205708157012,5.507132344389893e-05,6.873808584489073e-08
transition1x,485,C4H8N2O1,15,0.0005514091759326007,0.000551355631332701,0.0005458755077059129,0.000545702363278016,5.7068126545846066e-06,1.7314442789675494e-07
transition1x,486,C4H7N1O1,13,0.0010536427794751006,0.0010184133207550479,0.0010023921354250784,0.0010023807039972695,5.126207547783122e-05,1.143142780912737e-08
transition1x,487,C5H9N1O1,16,0.0006156430744974001,0.0005994032378824502,0.0005830724749957657,0.0005829914043456555,3.265167015174465e-05,8.107065011032578e-08
transition1x,488,C4H7N1O1,13,0.00045347160632829996,0.00043643603356708456,0.0004257933013516878,0.0004256117446544285,2.7859861673871505e-05,1.8155669725935606e-07
transition1x,489,C4H7N1O1,13,0.0007495186112928991,0.0007350602540680377,0.0006453139679811942,0.0006452167161198233,0.0001043018951730759,9.725186137086548e-08
transition1x,490,C5H12O2,19,0.00048078279807790006,0.0004766115503360369,0.00045115549039020643,0.0004510320135117965,2.975078456610347e-05,1.2347687840982977e-07
transition1x,491,C4H7N1O2,14,0.0007655538818889017,0.0007370637359768158,0.0007200587651485953,0.0007199202757444342,4.563360614446754e-05,1.3848940416215186e-07
transition1x,492,C4H5N1O1,11,0.0005528490246513996,0.0005505444494383085,0.0005412752123987009,0.0005411672519287825,1.1681772722617203e-05,1.0796046991733682e-07
transition1x,493,C5H6O2,13,0.0007333924740376012,0.000693485530159993,0.0006911289779631402,0.0006911091744548478,4.2283299582753626e-05,1.9803508290607576e-08
transition1x,494,C5H7N1O1,14,0.0006844251527950001,0.0006740925500160641,0.0006641052967713251,0.0006640711619085684,2.035399088643157e-05,3.413486275660313e-08
transition1x,495,C4H5N1O1,11,0.0013489274151627971,0.0013410359265508072,0.001326327530883522,0.0013262783948475474,2.2649020315249696e-05,4.9136035974358416e-08
transition1x,496,C6H12O1,19,0.000900788436825,0.0008983546494691156,0.0008960438501062877,0.0008960273472481185,4.761089576881461e-06,1.6502858169121665e-08
transition1x,497,C5H10O1,16,0.0007445097821478998,0.0007420197482372686,0.0007410069801375481,0.0007409581174834917,3.5516646644081944e-06,4.886265405635242e-08
transition1x,498,C3H7N1O2,13,0.0006505787364086,0.0006445348054382073,0.0006251803499263134,0.000625008345772045,2.5570390636554914e-05,1.720041542683419e-07
transition1x,499,C5H7N1O1,14,0.0010499226393613002,0.0010420216487172214,0.0010370257315254557,0.0010370041908884266,1.2918448472873462e-05,2.154063702887512e-08
transition1x,500,C4H6O3,13,0.0008222454105863001,0.0007872618338522386,0.0007531415842725787,0.0007529542115887412,6.92911989975588e-05,1.8737268383754317e-07
transition1x,501,C5H9N1O1,16,0.000620094106709295,0.0006011043274829556,0.0005773891189564324,0.000577263145876485,4.283096083281012e-05,1.2597307994799137e-07
transition1x,502,C5H10O2,17,0.0008206417735253,0.0008162541200383296,0.0007893757266591589,0.0007892373579306256,3.140441559467464e-05,1.383687285334431e-07
transition1x,503,C7H8,15,0.001390137455485802,0.0013889329216921007,0.0013612752456813625,0.0013612726316455735,2.886482384022856e-05,2.6140357842926687e-09
transition1x,504,C5H6O1,12,0.000876813713209292,0.0008481472036450507,0.0008425353650442416,0.0008425247250951909,3.428898811410109e-05,1.0639949053607539e-08
transition1x,505,C5H8O1,14,0.0007292252578246965,0.0007231749950156541,0.0006388413082037134,0.0006386765092410583,9.054874858363829e-05,1.647989626554643e-07
transition1x,506,C5H5N1O1,12,0.0010178640551682019,0.001016466911446153,0.0010027408934410794,0.0010027176993992206,1.5146355768981195e-05,2.31940418607337e-08
transition1x,507,C4H6O1,11,0.0002987550185238994,0.00027452282494245395,0.00026458740137761327,0.00026457833096016613,3.417668756373324e-05,9.070417447292578e-09
transition1x,508,C4H7N1O1,13,0.0007416733114507992,0.0007351794979888834,0.0007290142899809836,0.0007289917851807395,1.2681526270059674e-05,2.2504800243498945e-08
transition1x,509,C4H6O2,12,0.0003230986535877001,0.0003207275980422335,0.00031886250586983007,0.00031879754435173725,4.301109235962826e-06,6.496151809282513e-08
transition1x,510,C4H9N1O2,16,0.0006532231223738002,0.0006445769471142189,0.0005897238327830464,0.0005896996061733545,6.352351620044549e-05,2.4226609691941066e-08
transition1x,511,C3H3N3O1,10,0.000444642851394999,0.0004361132111571585,0.00042815778149869787,0.00042795823546779065,1.668461592720848e-05,1.9954603090749136e-07
transition1x,512,C5H8O1,14,0.001464207033625499,0.0014482365269772204,0.0014305476573802922,0.0014304097746295113,3.3797258995987676e-05,1.3788275078066144e-07
transition1x,513,C5H8O2,15,0.0012709781308620999,0.0012674052791156064,0.001265332928513465,0.0012653058317147125,5.672299147387389e-06,2.7096798752755778e-08
transition1x,514,C5H10O2,17,0.0005887255122903999,0.0005860738677152116,0.0005852465820222898,0.0005851123659220077,3.6131463683922756e-06,1.342161002823256e-07
transition1x,515,C7H8,15,0.0007536893659539983,0.0007438806367331592,0.000741352401031226,0.0007413064496724893,1.238291628150901e-05,4.595135873581867e-08
transition1x,516,C4H7N1O2,14,0.0009343221052906001,0.000928036640186143,0.0008832290136094961,0.0008832032583793723,5.111884691122788e-05,2.5755230123920274e-08
transition1x,517,C3H4N2O1,10,0.0005274407991787001,0.0005095679152702405,0.0004981582392499326,0.0004980491203810309,2.9391678797669238e-05,1.0911886890178752e-07
transition1x,518,C6H14O1,21,0.0008799028386017001,0.0008697168824213949,0.000864914703217421,0.0008648824650988634,1.5020373502836576e-05,3.2238118557776085e-08
transition1x,519,C4H8O2,14,0.0008680502563072002,0.0008289979144124214,0.0008206231173064933,0.0008204941157895689,4.7556140517631165e-05,1.2900151692454006e-07
transition1x,520,C6H14O1,21,0.0015724877023225996,0.0015475270446517358,0.001515096387003273,0.0015150623999576234,5.7425302364976406e-05,3.398704565063514e-08
transition1x,521,C4H4O3,11,0.0002531930077501,0.0002453771023613908,0.0002283699804422162,0.00022836953033983443,2.4823477410265535e-05,4.501023817280582e-10
transition1x,522,C3H5N1O2,11,0.0007377717019464029,0.000698938080177929,0.0006843439047459279,0.0006842395386724612,5.3532163273941535e-05,1.043660734668871e-07
transition1x,523,C3H8O3,14,0.0007323941421088998,0.0007184459528580425,0.0007088548357387855,0.000708824419434524,2.3569722674375573e-05,3.041630426174794e-08
transition1x,524,C4H7N1O1,13,0.00034952228449529994,0.00034819070969929224,0.0003342873251930453,0.0003341973153871064,1.5324969108193675e-05,9.000980593897475e-08
transition1x,525,C7H10,17,0.0006890252200074,0.0006786677012399588,0.0006731987971968748,0.0006731292187762503,1.5896001231149658e-05,6.95784206244051e-08
transition1x,526,C3H5N1O2,11,0.0002774387055490994,0.000273098034473046,0.00022777166425541964,0.00022761224739924215,4.982645814985722e-05,1.5941685617706928e-07
transition1x,527,C5H9N1O1,16,0.0006142709579757999,0.0006034590670047498,0.0006025156147333796,0.0006024759093626379,1.1795048613161898e-05,3.970537074163847e-08
transition1x,528,C5H8O1,14,0.0009198107059113004,0.0009142986321154574,0.0009085648802800375,0.0009084141760063396,1.1396529904960932e-05,1.5070427369758217e-07
transition1x,529,C4H10O1,15,0.0005752688075886999,0.0005657903277955066,0.0004979255355174071,0.0004978862785776453,7.738252901105455e-05,3.9256939761544416e-08
transition1x,530,C5H6O1,12,0.0011314385746552993,0.0011261436393131413,0.0011243189856432459,0.0011243015815810982,7.136993074201305e-06,1.7404062147953893e-08
transition1x,531,C5H8O2,15,0.0007681487022001,0.0007636966775710599,0.0007463494220951858,0.0007461872951629594,2.196140703714061e-05,1.621269322265454e-07
transition1x,532,C4H7N3,14,0.0004977145245972997,0.0004867710166456213,0.0004857609854559682,0.00048561129378299364,1.210323081430611e-05,1.496916729746364e-07
transition1x,533,C3H5N3,11,0.00034274147038370007,0.0003313898925862909,0.0003263299940271829,0.0003260678938752235,1.6673576508476616e-05,2.6210015195953996e-07
transition1x,534,C5H6O2,13,0.000409272775705,0.0004034788587721384,0.00039342003217403753,0.000393406264427549,1.5866511277451047e-05,1.3767746488632077e-08
transition1x,535,C4H7N1O1,13,0.00047584190150950026,0.00047258142175772317,0.000471707098398677,0.00047156453893245904,4.277362577041126e-06,1.4255946621825736e-07
transition1x,536,C4H8O2,14,0.0006722667197614999,0.0006394351154592142,0.0006313219204853405,0.0006311437363875509,4.1122983373949155e-05,1.7818409778961294e-07
transition1x,537,C4H6N2,12,0.00030855021184619986,0.0003034153822387166,0.00029064097120993625,0.0002906393074183509,1.7910904427849067e-05,1.6637915854614725e-09
transition1x,538,C5H8N2,15,0.00048826731004590016,0.0004880012440461668,0.000474026844768187,0.0004738435969682741,1.4423713077626044e-05,1.8324779991302117e-07
transition1x,539,C4H6O2,12,0.0005057684267184026,0.0004920597308130041,0.0004638569692764763,0.0004638341148747879,4.1934311843614735e-05,2.285440168737684e-08
transition1x,540,C5H8O1,14,0.0007518490159021002,0.0007499819274940287,0.0007206551574047026,0.0007206023559881984,3.124665991390181e-05,5.280141650427806e-08
transition1x,541,C4H7N1O1,13,0.0009157191495967999,0.000904581069542023,0.0008583186808314609,0.0008582661259833551,5.7453023613444716e-05,5.2554848105482476e-08
transition1x,542,C4H6O2,12,0.0002840630852674017,0.0002813011232147264,0.00026504274566753206,0.00026501538095447327,1.904770431292832e-05,2.736471305878195e-08
transition1x,543,C5H8O1,14,0.0006284633619516002,0.0006120568859064498,0.0005945021251089472,0.000594283444201797,3.417991774980319e-05,2.1868090714949221e-07
transition1x,544,C4H4O3,11,0.0007901857887174,0.0007735471969461455,0.0007084154533897863,0.0007077420861093293,8.244370260807069e-05,6.733672804571086e-07
transition1x,545,C4H7N1O1,13,0.00047532537755010096,0.00045954292820750203,0.0004557662052247306,0.00045573547870888674,1.9589898841214283e-05,3.0726515843743636e-08
transition1x,546,C5H8O2,15,0.0010752254671713023,0.0010522485521201799,0.000979900728269629,0.0009798792742667056,9.534619290459677e-05,2.1454002922304387e-08
transition1x,547,C3H8N2O1,14,0.000730978552154,0.0007281233579543714,0.0007049684384350668,0.0007049055188429212,2.6073033311078816e-05,6.291959214540199e-08
transition1x,548,C5H11N1O1,18,0.0007827964242002021,0.0007642027286957461,0.000724010261215025,0.0007239994773714036,5.879694682879833e-05,1.0783843621981963e-08
transition1x,549,C4H8O2,14,0.0006111805474511999,0.0005785153989622285,0.0005574903878011556,0.0005574397857533483,5.374076169785167e-05,5.0602047807379044e-08
transition1x,550,C4H6O2,12,0.0006788487640786995,0.0006753887907599085,0.0006663839511052796,0.0006663154968739114,1.2533267204788315e-05,6.845423136866143e-08
transition1x,551,C4H6O2,12,0.0006825125559994001,0.000667332511459625,0.0006432328014618926,0.0006429252164172499,3.958733958215015e-05,3.075850446427639e-07
transition1x,552,C6H10O1,17,0.0007164789926132,0.0006752935392839883,0.0006276666477046149,0.0006275712656525244,8.890772696067554e-05,9.538205209039866e-08
transition1x,553,C6H8,14,0.0007378903468713999,0.0007264282132876082,0.0007121674814443465,0.0007121448389290049,2.574550794239481e-05,2.264251534124494e-08
transition1x,554,C4H5N1O1,11,0.0004981641823982997,0.0004874082905245177,0.0004740015770142755,0.0004739248850709403,2.423929732735936e-05,7.669194333509658e-08
transition1x,555,C6H6O1,13,0.0012309999015452996,0.0012285805018291153,0.0012276961682472535,0.0012276688164042102,3.3310851410894704e-06,2.7351843043164966e-08
transition1x,556,C5H7N1O1,14,0.0006795178885225004,0.0006789118984531361,0.0006596572319737752,0.0006593272000712097,2.0190688451290596e-05,3.300319025654901e-07
transition1x,557,C5H8O2,15,0.0011125607518952,0.0011029782970151526,0.0010950648756140812,0.0010947288244030347,1.7831927492165318e-05,3.3605121104584973e-07
transition1x,558,C4H10O2,16,0.0006764029781339,0.0006575935551118501,0.0006430423391691872,0.0006429870124973615,3.341596563653871e-05,5.532667182580552e-08
transition1x,559,C4H7N1,12,0.00048601235197499935,0.00047689399618559955,0.0004389645151050311,0.0004389601886472462,4.705216332775318e-05,4.326457785067555e-09
transition1x,560,C4H9N1O1,15,0.0007647332096390999,0.00075080566668252,0.0007158969003422552,0.0007158902059082997,4.884300373080032e-05,6.6944339555449494e-09
transition1x,561,C6H6O1,13,0.0014269303073888005,0.001421208836352807,0.0013907524594677443,0.0013907239738684648,3.6206333520336076e-05,2.8485599280090948e-08
transition1x,562,C6H8O1,15,0.0005498800594924001,0.0005421287862975468,0.000529261209399784,0.0005292315802968244,2.0648479195575625e-05,2.9629102959724285e-08
transition1x,563,C6H10,16,0.0009757583857192001,0.0009625993827447187,0.0009248686477786765,0.0009248503637926001,5.0908021926600144e-05,1.8283986076540444e-08
transition1x,564,C5H7N1O1,14,0.0005526846097165,0.0005258529326182641,0.00046756507942191195,0.0004674862882202509,8.519832149624905e-05,7.879120166103128e-08
transition1x,565,C4H8O1,13,0.0006215201588216997,0.0005998920782054456,0.0005843812339422033,0.0005842726740144479,3.724748480725171e-05,1.085599277555087e-07
transition1x,566,C3H4O3,10,0.0003054815005323001,0.00029302400622293007,0.00024266859169741364,0.00024255749451356618,6.292400601873398e-05,1.1109718384760225e-07
transition1x,567,C4H5N1O1,11,0.0003244393050737999,0.0003161380460842089,0.00030272495645438047,0.0003026690632156764,2.177024185812353e-05,5.589323870409489e-08
transition1x,568,C5H8O2,15,0.0008233377321409997,0.0008003711156645536,0.0007881128485835686,0.0007880759756733127,3.5261756467687075e-05,3.687291025565146e-08
transition1x,569,C4H6O2,12,0.0010936115108065997,0.0010704478951826246,0.0010037699404178422,0.0010037195642137913,8.989194659280864e-05,5.0376204051715014e-08
transition1x,570,C5H8O1,14,0.00039811902378859994,0.00038182995341597137,0.0003725209657336846,0.0003724640773452841,2.5654946443315757e-05,5.6888388400505855e-08
transition1x,571,C4H10O2,16,0.0009087541863072009,0.0009025896103678155,0.000896862650205728,0.0008967988940433997,1.1955292263801376e-05,6.375616233182743e-08
transition1x,572,C3H7N1O1,12,0.0008991263620347995,0.0008493471789906658,0.0008353229982578512,0.0008347853841742176,6.434097786058196e-05,5.376140836336719e-07
transition1x,573,C4H8O3,15,0.0010004311090198999,0.0009851363259152394,0.0009796511662117588,0.000979192158185883,2.1238950834016803e-05,4.5900802587581673e-07
transition1x,574,C3H5N3,11,0.00031475853807150017,0.0003124715183720546,0.0003015901349216658,0.0003014748551171538,1.3283682954346328e-05,1.152798045121228e-07
transition1x,575,C5H10O2,17,0.0008223467258786003,0.0007720634479275598,0.0007437466656044469,0.000743682667677601,7.866405820099939e-05,6.399792684506995e-08
transition1x,576,C3H7N1O1,12,0.00040754309968689997,0.0003968427624092417,0.00038699643110518537,0.0003869079124902559,2.0635187196644065e-05,8.851861492935464e-08
transition1x,577,C3H3N3,9,0.00020752571386919972,0.00020464323758253298,0.00019284707246706095,0.0001928272497303319,1.4698464138867836e-05,1.982273672841516e-08
transition1x,578,C4H6O2,12,0.0005759854817393999,0.0005609975727508998,0.0005448511244248698,0.000544829692778018,3.115578896138164e-05,2.143164685185385e-08
transition1x,579,C5H10O1,16,0.0008304461183070969,0.0008212785616040233,0.0007826318774866693,0.0007825055692451102,4.7940549061986664e-05,1.263082415593186e-07
transition1x,580,C4H5N1O1,11,0.0006124314314863008,0.000596601696080401,0.0005928861585819317,0.000592804776896694,1.962665458960695e-05,8.138168523746241e-08
transition1x,581,C4H5N3,12,0.0008874819953152003,0.0008843860307193173,0.0008824761257399712,0.0008824743647844258,5.0076305307744724e-06,1.7609555458882493e-09
transition1x,582,C4H7N1O2,14,0.0009304328267702,0.0009283840550225571,0.0009218589179074325,0.000921847309095821,8.58551767437891e-06,1.1608811611493666e-08
transition1x,583,C5H6O1,12,0.0004847939433536,0.0004690226371055584,0.00043372337884595304,0.0004337097103834878,5.108423297011219e-05,1.3668462465158488e-08
transition1x,584,C4H8O2,14,0.00047971932280929967,0.00047422617112435097,0.00047041938444559664,0.00047037470499185555,9.34461781744409e-06,4.467945373851814e-08
transition1x,585,C5H7N1O1,14,0.0007562471199083001,0.0007503343254830286,0.0007322821308650796,0.0007322386440223688,2.4008475885931262e-05,4.3486842710805e-08
transition1x,586,C4H8N2O1,15,0.0007198996254910003,0.0006817627521240612,0.0006708603871153642,0.0006707355403961821,4.916408509481821e-05,1.248467191827908e-07
transition1x,587,C4H6O3,13,0.0006859868901649002,0.0006742990303288389,0.0006649836477351822,0.000664730597302537,2.125629286236329e-05,2.530504326447952e-07
transition1x,588,C4H7N1O1,13,0.0004385757486429,0.0004320124849411615,0.0004236327250153564,0.0004236118000651925,1.4963948577707545e-05,2.0924950164045808e-08
transition1x,589,C5H7N1O1,14,0.0021940184716023,0.0021682718454686853,0.002157776237018651,0.002157617954724901,3.640051687739908e-05,1.5828229374940567e-07
transition1x,590,C3H7N1O2,13,0.0005084132345954995,0.0005056716499944998,0.0004962003367550577,0.0004961795480676196,1.223368652788001e-05,2.0788687438860103e-08
transition1x,591,C5H9N1O1,16,0.0007317231219240998,0.0006963816723971751,0.0006918419790208035,0.000691680919476261,4.004220244783884e-05,1.6105954454237637e-07
transition1x,592,C5H10O1,16,0.000541121099438501,0.0005353783555646578,0.0005262148357786797,0.0005261557154368232,1.4965384001677857e-05,5.912034185557285e-08
transition1x,593,C4H9N1O1,15,0.0006289134320901003,0.0006189929035453401,0.0005941678531033376,0.0005941406142982119,3.4772817791888304e-05,2.723880512571269e-08
transition1x,594,C5H6N2,13,0.0005711111992590999,0.0005663351121363307,0.0005454044508751322,0.0005453595935116413,2.575160574745858e-05,4.485736349076176e-08
transition1x,595,C5H9N1O1,16,0.0007056305443119001,0.0006857809170656001,0.0006617003802925048,0.0006615466877439987,4.408385656790151e-05,1.536925485063064e-07
transition1x,596,C4H9N1O1,15,0.0005567000741006,0.0005525249468726936,0.0005494623842582325,0.0005494333575376661,7.266716562933869e-06,2.9026720566410256e-08
transition1x,597,C4H6N2,12,0.0006553843230968999,0.0005814699530159,0.0005447966663694918,0.0005447098618159975,0.00011067446128090241,8.680455349443197e-08
transition1x,598,C5H8N2,15,0.00047999652509359984,0.00045170978012417333,0.00043545576148751845,0.0004351999230968004,4.479660199679943e-05,2.5583839071806093e-07
transition1x,599,C4H6O2,12,0.0005756733700056001,0.0005558817681617248,0.000484809217126796,0.0004847110351994388,9.096233480616133e-05,9.818192735703262e-08
transition1x,600,C5H9N1O1,16,0.0008036478740069017,0.0007819179275037967,0.0007512842551864052,0.0007512625295712136,5.238534443568807e-05,2.1725615192886216e-08
transition1x,601,C4H6O2,12,0.00046227339985530064,0.00046161098111948453,0.00043652002715846664,0.00043616579693954595,2.6107602915754542e-05,3.54230218922086e-07
transition1x,602,C1N2O3,6,0.0011650704463067006,0.0011572567884441675,0.000926562093405714,0.000925935823948344,0.0002391346223583563,6.262694573700802e-07
transition1x,603,C5H7N1O1,14,0.0004212144660519,0.0004169324958986499,0.00040436427771833183,0.0004040663053731976,1.714816067870239e-05,2.9797234513422465e-07
transition1x,604,C4H6N2,12,0.0004323980617871915,0.0004269994390985854,0.00041206485492200685,0.00041200176039819184,2.039630138899976e-05,6.309452381448867e-08
transition1x,605,C5H8O1,14,0.0005051665331438974,0.00048483457127889063,0.000465593246865513,0.00046550100446545866,3.9665528678438755e-05,9.22424000545388e-08
transition1x,606,C5H8O1,14,0.0010514385384285002,0.0010157536501939144,0.001010900141307284,0.0010104864613662446,4.09520770622556e-05,4.136799410397117e-07
transition1x,607,C5H6N2,13,0.0006769430569337068,0.000647379238964862,0.0005970081533526631,0.0005962408193359596,8.070223759774721e-05,7.6733401670221e-07
transition1x,608,C4H7N3,14,0.0008525582779979964,0.0008509203996480166,0.0008093847339167938,0.0008093672666722511,4.319101132574515e-05,1.746724454409813e-08
transition1x,609,C5H11N1O1,18,0.0012916023268580996,0.0012507260183441833,0.0012293669034026782,0.0012292880201689438,6.231430668915613e-05,7.888323373521732e-08
transition1x,610,C6H9N1,16,0.0005758453680240001,0.0005683101595042433,0.0005610067640461349,0.0005609547164275368,1.4890651596463287e-05,5.204761859847973e-08
transition1x,611,C4H6N2,12,0.00053682438716,0.0005301897830365919,0.0005253525340040409,0.0005251829029402969,1.1641484219703221e-05,1.696310637441939e-07
transition1x,612,C6H12,18,0.0011248264821131979,0.001116379770066857,0.001115167011570819,0.0011151057221166628,9.720759996534985e-06,6.128945415874258e-08
transition1x,613,C5H7N1O1,14,0.0007774279481255989,0.0007761562906941351,0.0007407479915323974,0.0007405023655120402,3.692558261355876e-05,2.4562602035372554e-07
transition1x,614,C4H7N1O2,14,0.0006336930231495006,0.0006249044696191361,0.0006197027682170485,0.0006195242257472339,1.4168797402266473e-05,1.785424698143211e-07
transition1x,615,C4H8O1,13,0.0007118828393766,0.0007073235600160309,0.0006840026904044898,0.000683919062897564,2.7963776479036013e-05,8.362750692590551e-08
transition1x,616,C5H9N1O1,16,0.0003981842640004,0.0003924271716159438,0.00038427185028911364,0.0003839892278371421,1.4195036163257883e-05,2.826224519714393e-07
transition1x,617,C4H6O2,12,0.0005002077049570002,0.00046376378322140143,0.0004484507527679079,0.000448358419032429,5.1849285924571255e-05,9.233373547896599e-08
transition1x,618,C5H10O1,16,0.0003831518398227,0.00038050416091604377,0.00037569778397519046,0.00037565317200131975,7.49866782138027e-06,4.46119738707516e-08
transition1x,619,C4H5N1O2,12,0.0008442544974618002,0.0008258414123315668,0.0008238059870961413,0.0008238001251233638,2.045437233843639e-05,5.8619727773913e-09
transition1x,620,C6H12,18,0.0004282903450407,0.0004238466059664722,0.00038440314945188637,0.0003843829082842508,4.390743675644919e-05,2.024116763557095e-08
transition1x,621,C6H7N1,14,0.0006733402613229998,0.0006553759330596424,0.0006507188847039058,0.0006506801171409384,2.266014418206146e-05,3.8767562967765344e-08
transition1x,622,C3H8N2O2,15,0.00042897630386879993,0.0003856297855833467,0.0003754067205018691,0.00037501906782055883,5.395723604824124e-05,3.8765268131032533e-07
transition1x,623,C5H10O1,16,0.0004563492324393,0.00044935102754545004,0.00042907934714953223,0.0004290504244469929,2.729880799230709e-05,2.892270253925091e-08
transition1x,624,C4H7N3,14,0.0008982946997753003,0.0008702233591713074,0.00085396603575105,0.0008532925967072593,4.500210306804105e-05,6.734390437916773e-07
transition1x,625,C4H6O1,11,0.000483354495040901,0.00046385080437229314,0.00045072320003562585,0.00045069124770921943,3.266324733168152e-05,3.1952326405895275e-08
transition1x,626,C3H5N1O2,11,0.0007440887794665985,0.0007390183087454366,0.0007069941479620863,0.000706945293181016,3.71434862855825e-05,4.8854781070676994e-08
transition1x,627,C3H5N1O2,11,0.0006460675039466,0.000635076286705718,0.0005816529399199575,0.0005816289354821339,6.443856846446624e-05,2.400443782387981e-08
transition1x,628,C6H10O1,17,0.00048414187731490106,0.0004755438015506302,0.00047474004522893374,0.000474667795649318,9.474081665583072e-06,7.224957961551275e-08
transition1x,629,C4H4N2,10,0.0003866117239185,0.00038092214453298016,0.0003647286293553123,0.0003646576692989585,2.1954054619541468e-05,7.096005635378206e-08
transition1x,630,C3H5N3,11,0.0003019538488331992,0.00029311998187326276,0.0002914721692980882,0.00029142901160795185,1.0524837225247354e-05,4.3157690136443676e-08
transition1x,631,C6H13N1,20,0.0008960114062229004,0.0008808626335654281,0.0008624116034425432,0.0008623849717269454,3.362643449595486e-05,2.6631715596755578e-08
transition1x,632,C5H4N2,11,0.00044245038171449963,0.0004379473103019455,0.00042918150286245924,0.0004291311118601595,1.3319269854340107e-05,5.0391002297886934e-08
transition1x,633,C5H11N1O1,18,0.0007537030376295,0.0007447842792845889,0.0007225184456120343,0.0007224957270450909,3.12073105844092e-05,2.271856694361127e-08
transition1x,634,C4H6O2,12,0.0006487831092544002,0.0006288845804146,0.0005874716750069463,0.0005874022694697897,6.138083978461031e-05,6.940553715663939e-08
transition1x,635,C4H7N1O1,13,0.0004786583580649012,0.000475124784946678,0.00043004424555175783,0.0004298413363982729,4.881702166662849e-05,2.0290915348439957e-07
transition1x,636,C5H8O1,14,0.00048486159127870043,0.00048456448464720756,0.0004471300199155068,0.00044694905661611716,3.791253466258322e-05,1.809632993893114e-07
transition1x,637,C6H10O1,17,0.0005430888473369992,0.0005224234482958241,0.0005017818088137641,0.0005017345137893315,4.135433354766781e-05,4.729502443298955e-08
transition1x,638,C4H8O2,14,0.0004289085654221001,0.0004201992144545001,0.00037619397719314333,0.00037617695141122426,5.2731614010875876e-05,1.7025781919071008e-08
transition1x,639,C6H10,16,0.0005099366072183001,0.0004928967726612187,0.00044642179255159603,0.0004463305363056697,6.36060709126303e-05,9.125624592632698e-08
transition1x,640,C7H14,21,0.0007940702281896989,0.0007556210620929039,0.0007384979855066059,0.0007384402482904974,5.562997989920178e-05,5.773721610803165e-08
transition1x,641,C6H14O1,21,0.0009229584974520008,0.0009195197378981091,0.000913076506276792,0.0009130680451002185,9.890452351781975e-06,8.461176573425212e-09
transition1x,642,C2H3N3,8,0.0003300415601552002,0.0003271923479413124,0.0003157559302434551,0.00031563123653314363,1.4410323622056591e-05,1.2469371031157657e-07
transition1x,643,C3H4N2O1,10,0.0008242071439098002,0.0008088635439118,0.0007912856253950998,0.0007909494159577709,3.325772795202903e-05,3.3620943732890786e-07
transition1x,644,C4H6N2,12,0.0005064930183588009,0.0004900373485802012,0.00047025927809113757,0.0004702385767368184,3.6254441621982475e-05,2.0701354318227206e-08
transition1x,645,C3H5N1O2,11,0.0004118356993777989,0.0004098588962484082,0.00036579731553923293,0.00036544674412490217,4.638895525289671e-05,3.505714143296231e-07
transition1x,646,C6H11N1,18,0.0007507840003896,0.000718822591948939,0.0006925190517277118,0.0006923958096033089,5.83881907862913e-05,1.232421244031168e-07
transition1x,647,C5H4O2,11,0.0005135475111861,0.0004967766870511,0.0004505287189405353,0.00045052532185846876,6.302218932763119e-05,3.3970820666777725e-09
transition1x,648,C5H9N1,15,0.0006406776741203,0.0006312395463703065,0.0006155612024796633,0.0006155503894919347,2.5127284628365295e-05,1.0812987728700823e-08
transition1x,649,C6H6O1,13,0.0010618127519289994,0.001057206778817276,0.0010560126267752199,0.001055861984044472,5.950767884527815e-06,1.5064273074829798e-07
transition1x,650,C4H8O2,14,0.00038912669683349797,0.0003688440389576982,0.0003319442639598537,0.0003318296470795932,5.7297049753904776e-05,1.1461688025986774e-07
transition1x,651,C5H6O2,13,0.0007416794092071997,0.0007310239427537847,0.0006982904110423329,0.0006982543125650495,4.3425096642150376e-05,3.609847728341675e-08
transition1x,652,C4H6O2,12,0.0005834583512689998,0.0005547881285349748,0.0005401131591113094,0.000540109323270938,4.3349027998061776e-05,3.8358403713329135e-09
transition1x,653,C3H4N2O1,10,0.0018288530113514992,0.0018221274538361698,0.0018096748982055382,0.0018096625235206217,1.9190487830877708e-05,1.237468491589257e-08
transition1x,654,C4H7N1O1,13,0.0008719878857470995,0.000864248758513876,0.0008469563732083598,0.0008469227533759805,2.506513237111907e-05,3.361983237930955e-08
transition1x,655,C6H4O1,11,0.0009156493679392001,0.0009066988622711549,0.0008888004446328012,0.0008887625956306919,2.6886772308508232e-05,3.7849002109381855e-08
transition1x,656,C5H7N1O1,14,0.0007360458134054999,0.0007276318315068718,0.0006895467139685279,0.0006894673204361786,4.657849296932137e-05,7.939353235027688e-08
transition1x,657,C3H3N3O1,10,0.00035238518104840113,0.0003359596219929633,0.00032536808287859996,0.0003252640125619075,2.712116848649372e-05,1.0407031669236162e-07
transition1x,658,C5H9N1O1,16,0.0006556856128147979,0.0006479446500616521,0.0006345053848420253,0.000634471965987435,2.1213646827362845e-05,3.3418854592675944e-08
transition1x,659,C4H9N1O2,16,0.0012344670467225,0.0012187044070339063,0.001204026395916968,0.0012037223634602104,3.07446832622896e-05,3.0403245675850124e-07
transition1x,660,C5H7N1,13,0.0009547993309119999,0.0009514845323122845,0.0009486829095838627,0.0009486679322730443,6.1313986389556046e-06,1.497731081813565e-08
transition1x,661,C2H4N2,8,0.0003683671569305,0.0003650451421909625,0.0003377413078770446,0.0003377341645630061,3.0632992367493885e-05,7.143314038464772e-09
transition1x,662,C6H10,16,0.0007212073047267,0.0007177683798415002,0.0007018201777038899,0.000701793445268996,1.9413859457703925e-05,2.673243489409553e-08
transition1x,663,C3H6O3,12,0.0005227139058518012,0.000505746715907508,0.0004919628523639963,0.0004918530825722479,3.086082327955327e-05,1.0976979174602033e-07
transition1x,664,C4H9N1O1,15,0.0004863007668538,0.0004744377680617801,0.00046024862850240335,0.000460210846692066,2.6089920161734165e-05,3.7781810337340876e-08
transition1x,665,C5H4O2,11,0.0006068573948045001,0.000601049212271773,0.0005729778396627039,0.0005727953324505552,3.406206235394491e-05,1.8250721214875424e-07
transition1x,666,C7H10,17,0.0009755184824987002,0.0009698538639248711,0.0009515246688851172,0.0009515093802218651,2.4009102276835127e-05,1.528866325480762e-08
transition1x,667,C4H6O2,12,0.00047774649477709996,0.00046489353327760835,0.00044946167663736995,0.000449416182129326,2.833031264777406e-05,4.549450804399594e-08
transition1x,668,C4H8O2,14,0.0004597795174376991,0.00042473831763902676,0.000404767529193458,0.00040468460600057735,5.5094911437121696e-05,8.292319288019049e-08
transition1x,669,C3H5N3,11,0.00044301455088330017,0.0004194505532268726,0.00041250563630362494,0.00041242545653166264,3.058909435163753e-05,8.01797719622976e-08
transition1x,670,C5H10O1,16,0.0005225738307090006,0.0005090486872590444,0.0005002843348130379,0.0004999533525984961,2.2620478110504556e-05,3.309822145414946e-07
transition1x,671,C4H8O2,14,0.00046336363246670016,0.0004418424145541929,0.00043551285217027183,0.0004354839915898223,2.7879640876877858e-05,2.8860580449487094e-08
transition1x,672,C5H6O2,13,0.0013763957713440991,0.0013486885437737682,0.001313680230128052,0.0013136614890345655,6.273428230953381e-05,1.8741093487407268e-08
transition1x,673,C4H5N1O1,11,0.0005048631336101997,0.0004937678998501541,0.0004421743872876321,0.0004420885241670422,6.277460944315731e-05,8.586312059011813e-08
transition1x,674,C4H7N1O1,13,0.0007072645334595998,0.0006718665634807304,0.0006415263065248877,0.0006415109173889809,6.575361607061888e-05,1.5389135906368922e-08
transition1x,675,C5H10O1,16,0.0007514151963864999,0.0007463216722719495,0.0007159705609009677,0.000715801702825254,3.561349356124578e-05,1.688580757132967e-07
transition1x,676,C5H9N1O1,16,0.0008904063997732996,0.0008777832801810498,0.0008494637441846561,0.000849320705094849,4.1085694678450754e-05,1.4303908980718226e-07
transition1x,677,C5H7N1O1,14,0.0007705675633754,0.000762126608988707,0.0007550235301379862,0.000753654797372475,1.691276600292505e-05,1.3687327655112344e-06
transition1x,678,C5H7N1,13,0.000633250394220497,0.0006041482355300887,0.0005897846078967984,0.0005897479277403917,4.3502466480105e-05,3.6680156404023365e-08
transition1x,679,C6H12O1,19,0.0010072461797569,0.0010028452318767735,0.000993274713609619,0.0009932591041836364,1.3987075573263796e-05,1.5609425982738376e-08
transition1x,680,C5H10O2,17,0.0008825856586377002,0.0008693574244150118,0.0008519752876421704,0.000851877298248678,3.0708360389021914e-05,9.798939349240175e-08
transition1x,681,C4H9N1O1,15,0.0005938286513258999,0.0005802164842637201,0.0005789403489001169,0.0005789375904318651,1.4891060894034847e-05,2.7584682519445872e-09
transition1x,682,C6H8O1,15,0.0007788253207142001,0.0007411660669845935,0.0006891790511137917,0.0006887224477073508,9.010287300684954e-05,4.5660340644111667e-07
transition1x,683,C3H3N1O1,8,0.00048023704298170067,0.00047121375356503747,0.0004415506795735558,0.0004414842483306573,3.87527946510434e-05,6.643124289826057e-08
transition1x,684,C1H4N2O1,8,0.0002795886226481995,0.00026278988867297324,0.0002448586715241635,0.0002446652575447451,3.492336510345434e-05,1.9341397941570936e-07
transition1x,685,C3H4N2O1,10,0.00024593388616130047,0.0002379366216948908,0.00023637086501004616,0.00023593816727500585,9.995718886294607e-06,4.3269773504083143e-07
transition1x,686,C3H4N2O1,10,0.00029056404028280004,0.0002879909698762801,0.00027213595243984656,0.00027210389575377654,1.8460144529023616e-05,3.2056686070212414e-08
transition1x,687,C5H8O2,15,0.0009031941638895,0.0008640708294392539,0.0008282344259290494,0.0008281706317930497,7.502353209645051e-05,6.379413599979077e-08
transition1x,688,C5H9N1O1,16,0.0004583192204546001,0.0004558084503195626,0.00043689678172190974,0.00043688440553487333,2.143481491972675e-05,1.2376187036324503e-08
transition1x,689,C5H9N1O1,16,0.00041698903957590363,0.00041103166031338965,0.000380366194046122,0.0003803532251363472,3.663581443955638e-05,1.2968909773788901e-08
transition1x,690,C4H7N1O2,14,0.0004923329954144995,0.0004438269884977646,0.0004405679379094456,0.00043990715167292543,5.242584374157406e-05,6.607862365211462e-07
transition1x,691,C5H6O2,13,0.0009176858646273006,0.0008914724852420009,0.0008644960996747634,0.0008643325824797996,5.3353282147501e-05,1.6351719496416337e-07
transition1x,692,C5H6O1,12,0.0004132975969440006,0.00037190628808950063,0.00034832234198661587,0.0003481303314968055,6.516726544719518e-05,1.9201048981100865e-07
transition1x,693,C5H6O1,12,0.00026346490141330005,0.0002608746192848417,0.00025147197793679976,0.0002514543406490981,1.2010560764201953e-05,1.763728770168254e-08
transition1x,694,C5H7N1,13,0.00035698620731629976,0.00034630079364017703,0.0003352202836329533,0.0003351635265168551,2.1822680799444612e-05,5.675711609825035e-08
transition1x,695,C3H5N1O2,11,0.0008486345449155,0.0008472720970311092,0.0008448825848642733,0.0008448405799012327,3.7939650142673015e-06,4.200496304041198e-08
transition1x,696,C3H5N1O2,11,0.0007257139142805002,0.0007247603644564543,0.0007047197005491591,0.000704615691347985,2.1098222932515195e-05,1.0400920117423633e-07
transition1x,697,C6H12O1,19,0.0010354178645174,0.0010006076587231686,0.0009360172045040684,0.0009358661007961644,9.955176372123543e-05,1.511037079038999e-07
transition1x,698,C5H9N1O1,16,0.0008905360573175,0.0008441935289477561,0.0008237557291276036,0.0008236820280557561,6.68540292617438e-05,7.370107184706299e-08
transition1x,699,C3H4N2O1,10,0.00027533568030130046,0.0002576117140082499,0.0002482596676040413,0.00024811298654437656,2.7222693756923875e-05,1.4668105966386532e-07
transition1x,700,C3H7N1O1,12,0.0004029607312183997,0.0003897169493639414,0.0003657162404398363,0.0003657022948714469,3.7258436346952834e-05,1.3945568389227434e-08
transition1x,701,C3H5N1O2,11,0.00047056668506800006,0.0004445234028209909,0.00043218802956602656,0.00043217527517119234,3.8391409896807704e-05,1.2754394834083524e-08
transition1x,702,C6H9N1,16,0.0009554314120547003,0.0009382837112726003,0.0009319465622424286,0.0009314235741137369,2.4007837940963526e-05,5.229881286916911e-07
transition1x,703,C4H8,12,0.0004587649920077001,0.0004552910487142418,0.00044006330455924006,0.0004400450908436015,1.871990116409857e-05,1.821371563848073e-08
transition1x,704,C4H5N1O2,12,0.0009813533425661995,0.0009648951362887499,0.0008809228570150778,0.0008808998279566892,0.00010045351460951071,2.3029058388823247e-08
transition1x,705,C4H6O3,13,0.0005215265767433008,0.0005179530534763397,0.0004446004871207596,0.00044433991622655716,7.718666051674357e-05,2.6057089420253524e-07
transition1x,706,C4H5N1O1,11,0.00025831310983529963,0.00024737970033057244,0.0002395937173741537,0.00023957914616374595,1.873396367155366e-05,1.4571210407644465e-08
transition1x,707,C3H3N1O2,9,0.0002754762598077995,0.0002562861926606662,0.00024269793883671277,0.00024262633943424863,3.284992037355085e-05,7.15994024662176e-08
transition1x,708,C4H7N1O1,13,0.00046802711034700024,0.00043605088484825353,0.00039290482185759236,0.00039285495788780807,7.517215245919217e-05,4.986396978457053e-08
transition1x,709,C5H3N1O1,10,0.0005911160943400002,0.0005799291864341602,0.000565282626501114,0.0005652095070668699,2.590658727313053e-05,7.311943424420736e-08
transition1x,710,C6H12O1,19,0.0006156607506052,0.0005740523373855737,0.0005701380400261825,0.0005701292524886845,4.553149811651544e-05,8.78753749789425e-09
transition1x,711,C3H4N2O1,10,0.0005040079931823002,0.0005015769753034096,0.0004998749292341891,0.0004998455964943493,4.162396687950768e-06,2.9332739839289407e-08
transition1x,712,C5H8O1,14,0.0010913705590431004,0.0010854070188881363,0.0010780100226352742,0.0010779966554167906,1.3373903626309721e-05,1.3367218483745396e-08
transition1x,713,C5H8O1,14,0.0005195907568315993,0.000516489049459394,0.0005021340908674966,0.00050187016491763,1.7720591913969522e-05,2.639259498664139e-07
transition1x,714,C4H5N1O1,11,0.0003616187887333018,0.0003601200903692918,0.00034299366138675183,0.000342848810286382,1.876997844691982e-05,1.4485110036865102e-07
transition1x,715,C5H5N1,11,0.00045805459095900043,0.0004513734326434734,0.0004509148261512877,0.0004508842064162986,7.1703845427018685e-06,3.06197349897462e-08
transition1x,716,C4H8O3,15,0.0007009464315608998,0.0006810330631479528,0.0006745372381080579,0.0006744787890872124,2.6467642473687308e-05,5.8449020845462094e-08
transition1x,717,C6H4O1,11,0.0007507662904050003,0.0007354190974775456,0.0007326116776932206,0.0007325910756297685,1.8175214775231848e-05,2.0602063452078532e-08
transition1x,718,C4H6N2,12,0.0003893599002535004,0.0003799112643625006,0.000370482212842825,0.00037047247098164566,1.8887429271854764e-05,9.741861179405917e-09
transition1x,719,C6H10O1,17,0.0006397438011493987,0.0006355276834672927,0.000629825561291078,0.0006297317736042516,1.001202754514715e-05,9.378768682648371e-08
transition1x,720,C4H8O2,14,0.00038414513014549975,0.000366330297184057,0.00034999749340119924,0.0003499086146027587,3.42365155427411e-05,8.887879844056659e-08
transition1x,721,C5H10O1,16,0.0005679235333207982,0.0005578637397871391,0.0005331579003581328,0.0005331552433757007,3.476828994509755e-05,2.6569824323017863e-09
transition1x,722,C5H10O1,16,0.0003855034532838997,0.00037692728666983093,0.00033336130161158717,0.00033333570904147563,5.2167744242424135e-05,2.5592570111370425e-08
transition1x,723,C3H5N3,11,0.0004128373905257,0.00038656885806992734,0.0003590334011716324,0.00035895159667432956,5.3885793851370446e-05,8.180449730275672e-08
transition1x,724,C5H12O1,18,0.0007864457859583999,0.0007858917088805439,0.0007500130711055016,0.0007499533464765702,3.649243948182973e-05,5.972462893146824e-08
transition1x,725,C5H8N2,15,0.0005123944293282,0.0004658526647902468,0.0004201012179862471,0.0004200806370205508,9.231379230764928e-05,2.0580965696292558e-08
transition1x,726,C7H10,17,0.0010512720354376999,0.0010333065283290705,0.001029293315679497,0.0010286391810979112,2.2632854339788784e-05,6.541345815859817e-07
transition1x,727,C4H6N2O1,13,0.0005465090909238004,0.0005440593420141698,0.0005364362664140627,0.0005362578352805256,1.025125564327485e-05,1.784311335371266e-07
transition1x,728,C6H8,14,0.0007159289911924,0.0007025377055687068,0.0006750050824379069,0.0006749988006490812,4.093019054331873e-05,6.2817888254779786e-09
transition1x,729,C4H6O3,13,0.0005105763834068998,0.0005078225318122771,0.0005028916255467354,0.0005028902811003093,7.686102306590526e-06,1.3444464265599497e-09
transition1x,730,C5H9N1O1,16,0.0009176311304924007,0.0009011159778304,0.0008844701057475815,0.0008844175166665484,3.321361382585223e-05,5.258908103453618e-08
transition1x,731,C3H7N1O2,13,0.0008276016876265,0.0008126743072108154,0.0006894985800924684,0.0006893692880141728,0.0001382323996123271,1.2929207829561604e-07
transition1x,732,C6H12O1,19,0.0009945389788332,0.0009881467794338895,0.000941335537863393,0.0009413027808939077,5.323619793929224e-05,3.275696948523272e-08
transition1x,733,C6H10O1,17,0.0007330217907077031,0.0006940577844813615,0.0006832442140719253,0.00068316953693402,4.985225377368321e-05,7.46771379056196e-08
transition1x,734,C5H10O2,17,0.0011128537135839972,0.0011054396311706745,0.001099234178379459,0.0010991784208535457,1.3675292730451556e-05,5.575752591394149e-08
transition1x,735,C4H6O2,12,0.0006899213237676001,0.0006657521586589084,0.000658941217417517,0.0006588593819947264,3.106194177287364e-05,8.183542279060768e-08
transition1x,736,C5H10O2,17,0.0006267253634163006,0.000621270092576652,0.0006092578703464337,0.0006092298348014734,1.7495528614827046e-05,2.803554496085774e-08
transition1x,737,C5H6O2,13,0.0004922198692765988,0.0004654189404122835,0.00040878872657964166,0.0004086880696994277,8.353179957717106e-05,1.0065688021407978e-07
transition1x,738,C4H7N1O2,14,0.00044259109283239974,0.00042909502920797837,0.00042083836215311976,0.00042061217494378375,2.1978917888615913e-05,2.2618720933626247e-07
transition1x,739,C5H6O1,12,0.0007857141618455001,0.0007770553270867746,0.0007540325060207491,0.0007540034547762461,3.1710707069253936e-05,2.9051244503067934e-08
transition1x,740,C2H6O1,9,0.000707625631286401,0.0007037805491955226,0.0006956172613086899,0.0006953884301393522,1.223720114704861e-05,2.288311693373785e-07
transition1x,741,C5H10O2,17,0.0009954249666180995,0.000979047228036282,0.0009717191208738625,0.0009716604226259158,2.376454399218377e-05,5.869824794686432e-08
transition1x,742,C3H4N2O1,10,0.0002206139587041001,0.00021823823377297027,0.00021728906689329514,0.00021708715596266046,3.5268027414397053e-06,2.0191093063518357e-07
transition1x,743,C4H7N3,14,0.0010742935789801982,0.001071622494839599,0.0010382120464246737,0.0010377210381509903,3.657254082920827e-05,4.910082736819372e-07
transition1x,744,C4H8O2,14,0.0005608452103625986,0.0005526099923577836,0.00047887519426564266,0.00047880023315190684,8.20449772106918e-05,7.496111373471806e-08
transition1x,745,C4H8O2,14,0.000633209011865,0.0006113033555283645,0.0005896950829217914,0.0005896930787804147,4.35159330845854e-05,2.004141376685971e-09
transition1x,746,C4H5N1O2,12,0.0004836723581740004,0.00048137577334408346,0.0004729922589334821,0.0004729455622555729,1.0726795918427355e-05,4.669667790923563e-08
transition1x,747,C6H9N1,16,0.0005981746945030008,0.0005686359465334205,0.0004953390260123429,0.0004950138765810376,0.00010316081792196327,3.2514943130643034e-07
transition1x,748,C3H8O1,12,0.00037448714616019946,0.00035372754111213277,0.0003455990064743085,0.0003455357035530647,2.8951442607134704e-05,6.330292124387271e-08
transition1x,749,C7H10,17,0.0007676055392531999,0.0007508821215871351,0.0007492721207104487,0.0007491540053126417,1.8451533940558075e-05,1.1811539780713903e-07
transition1x,750,C4H7N1O2,14,0.0007168704340013005,0.000713786361180329,0.0006940047144862322,0.00069398248684446,2.2887947156840588e-05,2.222764177256771e-08
transition1x,751,C3H6N2O1,12,0.0004953837881182997,0.0004929149465612998,0.000489633623814568,0.0004896295012959556,5.754286822344134e-06,4.122518612547274e-09
transition1x,752,C4H7N1O1,13,0.0005936044606214993,0.0005759939182783373,0.0005593635032022137,0.0005593064459049473,3.429801471655213e-05,5.7057297268207263e-08
transition1x,753,C4H5N1O2,12,0.0010040618857978993,0.0009932067759239075,0.0009902132830035078,0.0009901234516087652,1.3938434189134005e-05,8.983139474254706e-08
transition1x,754,C5H10O1,16,0.0006608801709509999,0.000656361946300681,0.0006376673481522467,0.0006376596614016879,2.3220509549311834e-05,7.686750558700221e-09
transition1x,755,C6H12O1,19,0.0012039796885995016,0.0011979759215215214,0.0011324814456577363,0.0011324015475932879,7.157814100621373e-05,7.989806444957543e-08
transition1x,756,C4H6O2,12,0.0008766042272959999,0.0008713103592533167,0.0008669691303139292,0.0008669183477388707,9.685879557129096e-06,5.078257505814986e-08
transition1x,757,C3H4N2O1,10,0.0005193743216710003,0.0005142891861432605,0.0005018241327251433,0.0005017285169455236,1.7645804725476784e-05,9.561577961998764e-08
transition1x,758,C6H10,16,0.0005051915117960001,0.0005009746020685501,0.0004903136078678707,0.0004901258289110765,1.5065682884923553e-05,1.8777895679415223e-07
transition1x,759,C6H10O1,17,0.0005207043113876977,0.0005135377859557507,0.0004949607685853033,0.0004948570534583381,2.5847257929359655e-05,1.0371512696532412e-07
transition1x,760,C4H9N1O1,15,0.0006425688452362,0.0006301584439577401,0.0006061411372855423,0.0006060638502186841,3.650499501751594e-05,7.728706685856748e-08
transition1x,761,C7H8,15,0.00046563721033810005,0.00046286019979311987,0.00046060081111739794,0.0004605988445176988,5.038365820401206e-06,1.966599699136874e-09
transition1x,762,C4H5N1O2,12,0.0008851012349510996,0.0008805870097420411,0.0008635180930246837,0.0008634907688454272,2.1610466105672367e-05,2.732417925661966e-08
transition1x,763,C5H5N1,11,0.0009009627106195996,0.0008976673513616362,0.0008884838751124914,0.0008883852361189099,1.2577474500689662e-05,9.863899358146436e-08
transition1x,764,C4H9N1O1,15,0.0008443984234652,0.0008369143361997862,0.0007990808344126189,0.0007990512570017986,4.5347166463401336e-05,2.9577410820421292e-08
transition1x,765,C5H4N2,11,0.0008461527454046001,0.0008412426024686999,0.0008372733279620691,0.0008372699874652102,8.882757939389896e-06,3.3404968591011325e-09
transition1x,766,C4H7N1O2,14,0.0003549579744786985,0.00034658881270848297,0.0003359147838604765,0.0003357898294358039,1.916814504289457e-05,1.2495442467331858e-07
transition1x,767,C4H8O2,14,0.0007640998561737002,0.0007485192571331358,0.0007240093042312783,0.0007239251747159653,4.017468145773475e-05,8.412951531299693e-08
transition1x,768,C6H14O1,21,0.0009698045912509,0.0009679600887491763,0.0009562860328697525,0.0009562451762773087,1.3559414973591243e-05,4.08565924436834e-08
transition1x,769,C4H5N1O1,11,0.00031844722063640186,0.0003141240343823203,0.0003131231199513741,0.0003128976281871551,5.5495924492467985e-06,2.2549176421961776e-07
transition1x,770,C3H5N3,11,0.0009878329317804025,0.000971633543451458,0.000962908469734144,0.0009628210936249875,2.5011838155414863e-05,8.737610915583508e-08
transition1x,771,C5H7N1O1,14,0.00032507641982750104,0.00031748359274115176,0.0003155244583673663,0.0003154764074111782,9.600012416322835e-06,4.8050956187453596e-08
transition1x,772,C5H10O2,17,0.0009708637099642999,0.0009646670633646941,0.0009395762610006069,0.0009393486156152918,3.151509434900812e-05,2.2764538531494751e-07
transition1x,773,C7H10,17,0.0002985250148689998,0.00028701391146195823,0.0002621802271515263,0.000262163969764417,3.636104510458288e-05,1.625738710877012e-08
transition1x,774,C5H8O1,14,0.0007757903700521998,0.0007587357419958284,0.000710428604010158,0.0007103965808962893,6.539378915591042e-05,3.202311386874854e-08
transition1x,775,C5H7N1O1,14,0.0007360650706658,0.0007211642422635713,0.0006890063159438868,0.0006889888872648802,4.707618340091962e-05,1.7428679006431872e-08
transition1x,776,C4H8O2,14,0.0005122422324023016,0.0005007693128759014,0.00047226360848391907,0.0004717153126172528,4.052691978504863e-05,5.482958666673798e-07
transition1x,777,C6H8O1,15,0.0010877640713228992,0.0010858713506147932,0.001079347853446931,0.0010789305483561778,8.833522966721514e-06,4.1730509075348335e-07
transition1x,778,C4H6O1,11,0.0007685500967227996,0.0007324318711435266,0.0007321003099729879,0.0007319865666677763,3.65635300550234e-05,1.137433052114288e-07
transition1x,779,C4H8O2,14,0.001019902033701501,0.0009869185150798694,0.0009474351742093438,0.0009468979025260539,7.300413117544706e-05,5.372716832918488e-07
transition1x,780,C4H7N1O2,14,0.0007023677744835999,0.0006998885483894365,0.000698455062876027,0.0006983687725436646,3.999001939935384e-06,8.629033236278592e-08
transition1x,781,C6H9N1,16,0.000741445485740497,0.0006925636142517744,0.0006775964491792392,0.0006773777390333888,6.406774670710814e-05,2.1871014585039003e-07
transition1x,782,C7H8,15,0.0010297076183214998,0.0010180339274533004,0.0009907035867201173,0.0009906950564373645,3.901256188413549e-05,8.530282752935585e-09
transition1x,783,C6H10,16,0.0007722283039751998,0.0006998831712870248,0.0006809320924873758,0.0006808512501997289,9.13770537754712e-05,8.084228764701981e-08
transition1x,784,C4H6O2,12,0.0006717994817498992,0.0006589269663491153,0.0006545688042861708,0.0006543382238050726,1.7461257944826368e-05,2.305804810975507e-07
transition1x,785,C4H9N1O1,15,0.0008704261773142001,0.0008666523362804333,0.0008497991762765047,0.0008497273135923479,2.0698863721852247e-05,7.186268415685095e-08
transition1x,786,C5H12O1,18,0.0005568013442634001,0.0005226685014706391,0.0005152433700916749,0.000515222534420363,4.1578809843037215e-05,2.083567131199736e-08
transition1x,787,C5H3N1O1,10,0.0005405116424179002,0.00053694066629023,0.0005135802888300401,0.0005133987646549541,2.711287776294585e-05,1.8152417508586058e-07
transition1x,788,C5H10,15,0.0004272028284733999,0.00042268472901322516,0.00038101194562383775,0.00038096606656621386,4.623676190718607e-05,4.587905762301967e-08
transition1x,789,C5H8O1,14,0.0011132920210126997,0.0011063083268825927,0.0011050383249267706,0.0011050088199400445,8.28320107265494e-06,2.950498672658268e-08
transition1x,790,C5H7N1O1,14,0.0011695856179342967,0.0011442749618479288,0.0011280665345334018,0.0011279260186708683,4.165959926342854e-05,1.4051586253411935e-07
transition1x,791,C3H4N2O1,10,0.00035495395028450004,0.0003288134576522201,0.0003271830204514256,0.00032715569068461706,2.7798259599883084e-05,2.732976680849688e-08
transition1x,792,C5H8N2,15,0.0003489171799738,0.0003386053854955066,0.00033653915899362747,0.0003364236179553058,1.2493562018494163e-05,1.1554103832170123e-07
transition1x,793,C3H7N1O1,12,0.00045296187888010003,0.0004214609619005666,0.0003989403971709449,0.00039890195270264064,5.405992617745941e-05,3.844446830429753e-08
transition1x,794,C3H4N2O1,10,0.0010065883585341998,0.00098037126646606,0.0009705380247910115,0.0009704447077856615,3.614365074853855e-05,9.331700535008406e-08
transition1x,795,C5H7N1,13,0.0005186304980986999,0.0005146718275718773,0.0005059709933417579,0.0005059124338178581,1.271806428084179e-05,5.855952389976902e-08
transition1x,796,C5H12O1,18,0.0010473672662588002,0.0010229801939236444,0.001020722501067679,0.0010205823112867708,2.67849549720291e-05,1.4018978090829326e-07
transition1x,797,C4H6O2,12,0.00041141717400040157,0.00040263171970194325,0.0004021448301167246,0.00040212502432647316,9.292149673928335e-06,1.9805790251116686e-08
transition1x,798,C6H12O1,19,0.0007475301811235,0.0007360707141232315,0.0007323785883294672,0.0007323280068879452,1.5202174235554825e-05,5.058144152208912e-08
transition1x,799,C6H8O1,15,0.001262308259492902,0.001244405510513322,0.0012115856968650028,0.0012114046844623211,5.0903575030580644e-05,1.8101240268218804e-07
transition1x,800,C4H10O2,16,0.00032947509724359927,0.0003226644401582184,0.00032038684939175634,0.0003203330558939314,9.14204134966789e-06,5.3793497824524715e-08
transition1x,801,C6H10O1,17,0.0009385700857232949,0.0009356306305285197,0.0009096408383857809,0.0009095989082801237,2.8971177443171123e-05,4.1930105658289644e-08
transition1x,802,C6H8O1,15,0.0005269452182384,0.0005217498563888534,0.000518343450815817,0.0005182824930285023,8.66272520989777e-06,6.095778731483445e-08
transition1x,803,C5H8N2,15,0.0007141792261698998,0.0006747388048229467,0.0006734355215238481,0.0006732724123525138,4.090681381738599e-05,1.631091713342773e-07
transition1x,804,C4H9N1O2,16,0.0005826843914359001,0.0005685944760354375,0.0005384456851001099,0.0005383514977583656,4.433289367753434e-05,9.418734174423759e-08
transition1x,805,C7H14,21,0.0012643876061542,0.0012497067967683286,0.001239316377057187,0.0012392792890999176,2.5108317054282372e-05,3.7087957269301186e-08
transition1x,806,C3H6N2O2,13,0.0006874283203642005,0.0006760139473139005,0.0006339599139931673,0.0006339287730915592,5.3499547272640865e-05,3.114090160806811e-08
transition1x,807,C7H14,21,0.0006996215039276997,0.0006988603139815667,0.0006905246595559505,0.0006904771684187113,9.14433550898853e-06,4.7491137239172384e-08
transition1x,808,C5H7N1O1,14,0.0006149986982019001,0.0006079046104869358,0.0006020685229035841,0.0006020475743520489,1.2951123849851144e-05,2.0948551535206407e-08
transition1x,809,C4H7N1O1,13,0.0006876381618915003,0.0006828625254423926,0.0006682509459318636,0.0006680721257962396,1.956603609526063e-05,1.7882013562411915e-07
transition1x,810,C5H5N1O1,12,0.00047054738628559827,0.00045335711848710006,0.00044460598637434753,0.00044450706984158853,2.6040316444009744e-05,9.89165327587583e-08
transition1x,811,C4H8N2,14,0.0002502303283847,0.00023193454337719284,0.00023037594832934767,0.0002303438912335376,1.9886437151162385e-05,3.2057095810026906e-08
transition1x,812,C6H10O1,17,0.0015084946061485996,0.001479853431309094,0.0014463565096258576,0.0014463099111581505,6.218469499044926e-05,4.659846770727815e-08
transition1x,813,C2H5N1O1,9,0.0003933310167660999,0.0003747411995628,0.0003711022289539455,0.000371031665841241,2.2299350924858994e-05,7.05631127046054e-08
transition1x,814,C5H4N2,11,0.0005941764111374997,0.0005889961919930087,0.0005796168099892831,0.0005794650896754355,1.4711321462064055e-05,1.5172031384736367e-07
transition1x,815,C5H4,9,0.00021255275861059987,0.00020489761259920002,0.00019954605388233424,0.0001994543651046577,1.3098393505942206e-05,9.168877767679622e-08
transition1x,816,C4H10O2,16,0.0010626156190304001,0.0010406656181507128,0.0009781504256052935,0.000978123826552581,8.449179247781895e-05,2.6599052712333323e-08
transition1x,817,C4H7N1O2,14,0.0005653826884335,0.0005596980284742214,0.000539916246336957,0.0005398894264932805,2.5493261940219692e-05,2.6819843676755642e-08
transition1x,818,C5H7N1O1,14,0.0015172968853041993,0.0014978784245630785,0.0014431139539856285,0.001443012767818856,7.428411748534346e-05,1.0118616677228308e-07
transition1x,819,C5H10O2,17,0.0005985606614665,0.0005979843403093883,0.0005915458111368508,0.0005915201501942945,7.040511272205639e-06,2.5660942556311664e-08
transition1x,820,C5H11N1O1,18,0.0013254753541494999,0.0012842267632782998,0.0012451665307374492,0.0012451236663799676,8.035168776953185e-05,4.2864357481536514e-08
transition1x,821,C4H8O2,14,0.0011893011603160988,0.0011745666487635465,0.0011619755468164517,0.00116175360887961,2.7547551436488607e-05,2.2193793684421666e-07
transition1x,822,C5H8,13,0.0004813896760335003,0.00047355542436459247,0.00044892103361511,0.0004489181534502451,3.247152258325514e-05,2.8801648644535266e-09
transition1x,823,C7H10,17,0.0007004775689729999,0.0006897624124564057,0.0006592801408676032,0.0006583180973118149,4.2159471661184936e-05,9.620435557881953e-07
transition1x,824,C4H5N1O1,11,0.0005338285811624002,0.0005097379342984456,0.0005046415034914449,0.0005046275571319603,2.9201024030439802e-05,1.3946359484515373e-08
transition1x,825,C5H5N1O1,12,0.0008364191607885998,0.000824413145974358,0.0007975336898396603,0.0007974541123713892,3.896504841721067e-05,7.957746827065159e-08
transition1x,826,C6H10O1,17,0.0011456038211988997,0.0011094986624930587,0.0011008343819967628,0.0011008014196619697,4.480240153693004e-05,3.296233479329405e-08
transition1x,827,C3H5N1O2,11,0.0005538256192990999,0.0005266036889364,0.0005071862449603484,0.0005071599154590202,4.666570384007981e-05,2.632950132829107e-08
transition1x,828,C5H7N1,13,0.0007317187902450997,0.0007284396229121922,0.0007199366902802533,0.0007199059053032512,1.1812884941848804e-05,3.07849770023144e-08
transition1x,829,C3H5N1O2,11,0.0005472570902728,0.000543452183036473,0.0005335533107191619,0.0005330862455839395,1.4170844688860536e-05,4.670651352222759e-07
transition1x,830,C3H4N2O1,10,0.0002824061888557999,0.00026208077596498995,0.00024552080555881084,0.0002454405373660428,3.6965651489757144e-05,8.02681927680996e-08
transition1x,831,C4H6O1,11,0.0008862351021080015,0.0008786163058614548,0.0008387256915927673,0.000838131268891397,4.8103833216604656e-05,5.944227013722806e-07
transition1x,832,C4H7N1O1,13,0.0003338074273342001,0.0003311844719248772,0.0003155084533937354,0.00031549829948150594,1.8309127852694076e-05,1.0153912229526827e-08
transition1x,833,C4H9N1O1,15,0.0005602907970417004,0.0005581122697157807,0.0005544804359773678,0.0005544773430566478,5.813453985052623e-06,3.0929207200061993e-09
transition1x,834,C3H5N3,11,0.0002264094634750001,0.00022431076011038165,0.0002194034109071531,0.00021932793257291007,7.08153090209e-06,7.547833424298345e-08
transition1x,835,C3H4N2O1,10,0.0003495587051042999,0.00033575865311532996,0.00033295536037899716,0.0003329125227172389,1.664618238706119e-05,4.2837661758400846e-08
transition1x,836,C6H9N1,16,0.0005495430109448999,0.0005460303347672878,0.0005370632682294474,0.0005370503775544977,1.249263339040234e-05,1.2890674949840822e-08
transition1x,837,C4H7N1O1,13,0.00045141136022079794,0.0004350750197414223,0.0004149934624903454,0.00041495345901164946,3.645790120914843e-05,4.0003478693949395e-08
transition1x,838,C4H4O2,10,0.00040665867727310013,0.00039700214113790017,0.0003710064697368845,0.00037091638777992357,3.574228949317653e-05,9.008195696079607e-08
transition1x,839,C5H9N1O1,16,0.0008320122143842001,0.000806666757799875,0.0008027029204738371,0.0008026821347029026,2.9330079681297647e-05,2.078577093449525e-08
transition1x,840,C5H10O1,16,0.0010822481994066002,0.0010498758276217689,0.0010388426981026264,0.0010384606099814037,4.378758942519639e-05,3.82088121222689e-07
transition1x,841,C4H7N1O1,13,0.00043046319125320003,0.00041724313652833066,0.00041378613511812846,0.00041374293055366265,1.6720260699537423e-05,4.3204564465535914e-08
transition1x,842,C4H7N1O1,13,0.0006517200177374004,0.0006272556965744308,0.0006214490240554176,0.0006212217294765675,3.0498288260832716e-05,2.272945788497211e-07
transition1x,843,C5H8O2,15,0.0004025801873648,0.00039997639724209926,0.0003939199323875217,0.0003938018875879834,8.778299776816605e-06,1.180447995383487e-07
transition1x,844,C4H7N1O1,13,0.00046972856430139986,0.00046296831136089997,0.00043579630008456626,0.0004357474795885326,3.398108471286734e-05,4.8820496033653243e-08
transition1x,845,C3H2O3,8,0.0005316587703037988,0.0005116384303336867,0.0004701020252566994,0.00046909792966388095,6.256084063991785e-05,1.0040955928191882e-06
transition1x,846,C4H10O1,15,0.000510214416522405,0.00048460059825375715,0.00046165373221397616,0.0004616194535935684,4.85949629288367e-05,3.427862040683079e-08
transition1x,847,C3H6N2O1,12,0.0004711331932298997,0.000466905499169075,0.00045012349688135667,0.00045007624881485765,2.105694441504203e-05,4.7248066499206526e-08
transition1x,848,C5H8N2,15,0.00044744098115970005,0.00043153342356356666,0.0004241330623813356,0.000424132456745793,2.3308524413907164e-05,6.056355426566583e-10
transition1x,849,C5H8O2,15,0.0004505113351549007,0.0004433250430263285,0.00043002012025670366,0.00042958719386186525,2.0924141293035443e-05,4.329263948375138e-07
transition1x,850,C4H4O2,10,0.0008068906996987,0.0008001095138648703,0.0007715064718911823,0.0007714246864272347,3.546601327146544e-05,8.17854639479611e-08
transition1x,851,C5H7N1O1,14,0.00048692714115320003,0.00048286966256273723,0.0004810362778341641,0.00048100599656948054,5.9211445837195574e-06,3.028126468211922e-08
transition1x,852,C3H3N3O1,10,0.0007262928430085998,0.0007239750815401085,0.0007016878058134123,0.0007015724544423239,2.4720388566275862e-05,1.1535137108884916e-07
transition1x,853,C5H10N2,17,0.0007017528363142,0.0006932160082091119,0.000692611868793624,0.0006925967438876306,9.156092426569572e-06,1.5124905993662597e-08
transition1x,854,C3H4N2O1,10,0.0010356951417945,0.0010298028670160397,0.00102501473047231,0.001024967858364265,1.0727283430234961e-05,4.6872108045295695e-08
transition1x,855,C6H12O1,19,0.0010067866842777002,0.0009908953565528683,0.0009363788744660072,0.0009363237782837182,7.046290599398181e-05,5.5096182288874615e-08
transition1x,856,C5H12O2,19,0.0005411804178926018,0.0005252832508475512,0.0005183925390997121,0.0005183637323678298,2.2816685524772066e-05,2.8806731883469163e-08
transition1x,857,C7H10,17,0.0007519440824535,0.0007311878784505117,0.0007129040772161355,0.00071281356839549,3.913051405800993e-05,9.050882064562735e-08
transition1x,858,C5H10O1,16,0.0005377438650348999,0.0005197011458128749,0.0005123553678048922,0.0005121048119199646,2.5639053114935203e-05,2.5055588492752187e-07
transition1x,859,C3H5N1O2,11,0.0006343983794285999,0.0006289221611831635,0.000618025432952595,0.0006179712478439384,1.642713158466149e-05,5.4185108656620404e-08
transition1x,860,C6H10O1,17,0.0008958900044826004,0.0008886651275965652,0.0008815454317580246,0.000881512936339721,1.4377068142879278e-05,3.249541830331172e-08
transition1x,861,C5H9N1O1,16,0.0005897332187955002,0.0005762409593165002,0.0005619807737784804,0.0005619607788569737,2.7772439938526345e-05,1.9994921506640647e-08
transition1x,862,C3H5N1O1,10,0.0004082429300101003,0.00040772150812873,0.0003779564470181075,0.0003778925540778766,3.0350375932223653e-05,6.389294023085294e-08
transition1x,863,C6H8O1,15,0.0015833214086142,0.0015704072227244602,0.0015589454849295563,0.0015589428175470544,2.437859106714563e-05,2.667382502089376e-09
transition1x,864,C6H12,18,0.0004088762942748001,0.00036286735811881667,0.00035556605163007535,0.0003553144153324565,5.356187894234355e-05,2.5163629761879665e-07
transition1x,865,C4H7N1O1,13,0.00043804046089080057,0.00041048182868777766,0.00037333404895413335,0.0003733006157464013,6.473984514439933e-05,3.3433207732113634e-08
transition1x,866,C5H11N1,17,0.0005384495166349998,0.0005330799120155351,0.0005325334141132761,0.0005324071991011626,6.042317533837227e-06,1.2621501211352067e-07
transition1x,867,C4H9N1O1,15,0.0013195308514585983,0.0012734638276198113,0.001225835733826749,0.00122571236355854,9.381848790005803e-05,1.233702682095199e-07
transition1x,868,C5H9N1O1,16,0.0005845397090007002,0.0005794402117500128,0.0005698984168842503,0.0005696828146418888,1.4856894358811447e-05,2.1560224236137253e-07
transition1x,869,C4H6,10,0.0006049044675581042,0.0005965416587475229,0.0005690689496777541,0.0005690558703778207,3.584859718028369e-05,1.307929993412029e-08
transition1x,870,C4H6O2,12,0.0007513890887383994,0.0007355721144519572,0.0006930801456989063,0.0006930117860844919,5.837730265390772e-05,6.835961441302291e-08
transition1x,871,C4H8O2,14,0.0004900933935170998,0.00048117669327998565,0.00047485779140049177,0.0004748409061857952,1.525248733130471e-05,1.6885214696687746e-08
transition1x,872,C5H8N2,15,0.0004472393195416001,0.0004437507455233801,0.00043412892919845466,0.00043385824282757046,1.3381076714029548e-05,2.7068637088406053e-07
transition1x,873,C3H3N1O1,8,0.00034121347771409884,0.0003293397794120611,0.00031755819714015523,0.000317541209127979,2.3672268586119843e-05,1.6988012177530248e-08
transition1x,874,C3H7N3O1,14,0.0005242381984467012,0.0005094797834914013,0.00048518192933248315,0.0004850504140941479,3.9187784352553247e-05,1.3151523833500226e-07
transition1x,875,C3H5N3,11,0.0003826625828355995,0.00037241022630603635,0.00036510209678182216,0.00036503165920794895,1.7630923627650523e-05,7.043757387276848e-08
transition1x,876,C4H6N2,12,0.0004685494800578985,0.0004386030542134048,0.00042310000666003937,0.0004230169909627851,4.553248909511341e-05,8.301569725561214e-08
transition1x,877,C5H10O1,16,0.0008536707559889,0.0007735228231200438,0.0007637142341623771,0.0007636700200916879,9.000073589721214e-05,4.421407068916525e-08
transition1x,878,C4H4O1,9,0.0006804900820935008,0.0006728013306165459,0.0006687877026954951,0.0006686718680254111,1.1818214068089724e-05,1.158346700838735e-07
transition1x,879,C6H8O1,15,0.0017620339885013017,0.0016999628677963866,0.0016801215194716535,0.0016800795860751575,8.195440242614405e-05,4.193339649679602e-08
transition1x,880,C4H8O2,14,0.00044161998470950147,0.00041616673898407926,0.0003612130669322252,0.00036118388031045203,8.043610439904942e-05,2.918662177249326e-08
transition1x,881,C4H8N2,14,0.0007144235923357961,0.0006851998446627357,0.0006789545025160184,0.0006789497422541361,3.547385008166011e-05,4.760261881168748e-09
transition1x,882,C4H10O1,15,0.00040963193603219905,0.00039706469670380064,0.00037899462494630197,0.000378988654294194,3.064328173800499e-05,5.970652106548548e-09
transition1x,883,C4H8O2,14,0.0005016083643603978,0.000494485065073234,0.0004898802509641962,0.0004895091038506772,1.2099260509720555e-05,3.7114711351850094e-07
transition1x,884,C5H8O2,15,0.000849285302236,0.0008267974128641467,0.0008043967491466551,0.0008043621050654067,4.4923197170593366e-05,3.464408124833604e-08
transition1x,885,C6H10O1,17,0.0006671556448119993,0.0006634854391728457,0.0006506673035725692,0.000650557463697999,1.6598181114000346e-05,1.098398745709637e-07
transition1x,886,C4H6O2,12,0.0006125487757894991,0.0005920798654984742,0.000566678588640585,0.0005662723516446443,4.627642414485482e-05,4.062369959400816e-07
transition1x,887,C4H8O2,14,0.0006776117407279003,0.0006719733353307073,0.00064594436875407,0.0006459163266063698,3.169541412153045e-05,2.8042147700174674e-08
transition1x,888,C3H5N3O1,12,0.0003860170556473001,0.0003772088689486168,0.00037448256485587863,0.00037439197858526074,1.1625077062039367e-05,9.058627061782276e-08
transition1x,889,C4H8O2,14,0.0005512126284152996,0.0005442153630702135,0.000512289348826942,0.0005122421037847631,3.897052463053655e-05,4.7245042178946745e-08
transition1x,890,C5H7N1O1,14,0.0004237236231456997,0.00041735924652918505,0.0004098129189443345,0.000409698199179994,1.4025423965705796e-05,1.1471976433988924e-07
transition1x,891,C4H6O3,13,0.0004588745110575998,0.000448719577141569,0.00043758652533537807,0.00043747654470030554,2.1397966357294246e-05,1.0998063507252154e-07
transition1x,892,C5H7N1O1,14,0.0006478678005625002,0.0006378634809629071,0.0006074261143448783,0.0006072730567088442,4.05947438536559e-05,1.5305763603419035e-07
transition1x,893,C4H8N2O1,15,0.0005037106085513015,0.0004543903726082352,0.00039908335950271866,0.00039898523485684906,0.00010472537369445247,9.812464586849571e-08
transition1x,894,C5H6O1,12,0.0016677121911883,0.0016590348655417416,0.0016267893648303892,0.0016266152874628676,4.109690372543228e-05,1.7407736752143077e-07
transition1x,895,C5H11N1O1,18,0.0010875892171189972,0.0010578878469750647,0.0010532463823782045,0.001053096679362564,3.4492537756432816e-05,1.4970301564030103e-07
transition1x,896,C6H6,12,0.0011142654441481002,0.0011132152819055415,0.0010942909273517314,0.0010942600055383505,2.000543860974999e-05,3.092181338267519e-08
transition1x,897,C5H10O1,16,0.0007059096392819002,0.0007035721558706433,0.0006867592845506275,0.0006866847381907847,1.9224901091115465e-05,7.454635984312894e-08
transition1x,898,C3H7N1O1,12,0.0004186847274633,0.0003882676461178584,0.000319335795512276,0.0003193105794542528,9.937414800904731e-05,2.5216058023179855e-08
transition1x,899,C4H5N1O1,11,0.0005558257345693983,0.0005324868281529356,0.0005310904503067835,0.0005310577362496719,2.4767998319726455e-05,3.2714057110322586e-08
transition1x,900,C6H10,16,0.0006511960665542,0.0006392249001739251,0.0006232924947491211,0.0006231937444895674,2.8002322064632708e-05,9.875025955371126e-08
transition1x,901,C6H14O1,21,0.0015011933972109996,0.0014604009469095858,0.0014137942337423667,0.0014137640816246648,8.742931558633555e-05,3.015211770209426e-08
transition1x,902,C6H12O1,19,0.0007729450443964002,0.0007724111655869896,0.0007539569370101746,0.0007538428099489203,1.9102234447479735e-05,1.1412706125433249e-07
transition1x,903,C5H11N1O1,18,0.0010500484472506,0.0009626268890564556,0.0009540481104506493,0.0009540293220279311,9.601912522266873e-05,1.878842271804822e-08
transition1x,904,C4H7N1O1,13,0.0007730018494367003,0.0007682382426364232,0.0007662033528578441,0.0007661369860415952,6.86486339510524e-06,6.636681624876829e-08
transition1x,905,C4H9N1O2,16,0.0007456521365315999,0.0007421621515731752,0.0007295376239794825,0.0007295331637951605,1.6118972736439483e-05,4.460184322024623e-09
transition1x,906,C5H10O1,16,0.0009921968756932999,0.0009884863024929062,0.0009866833021150516,0.0009866114768248757,5.585398868424385e-06,7.182529017603975e-08
transition1x,907,C3H4N2O2,11,0.00036247476899160005,0.00035709810684320917,0.00035674723111774227,0.00035668307394690036,5.791695044699648e-06,6.415717084188507e-08
transition1x,908,C4H5N1O1,11,0.0004780815772728015,0.000466100622536021,0.00045833876016544364,0.00045824392822849867,1.9837649044302874e-05,9.483193694565301e-08
transition1x,909,C6H10O1,17,0.0005399347505495001,0.0005341308306598824,0.000528717482940941,0.0005286690468535873,1.1265703695912838e-05,4.843608735376429e-08
transition1x,910,C6H7N1,14,0.0005649229729317979,0.0005286869705027484,0.0005236575332404885,0.0005234653758994168,4.145759703238098e-05,1.9215734107091136e-07
transition1x,911,C5H8O1,14,0.0006776205530027006,0.0006708391144684009,0.0006537470245056344,0.0006537225588500921,2.3897994152608497e-05,2.4465655542165396e-08
transition1x,912,C6H6,12,0.001622056273863603,0.0016180086717849684,0.0016058794119669369,0.001605830077959595,1.6226195904007687e-05,4.933400734253999e-08
transition1x,913,C4H9N1O1,15,0.0007452713838176,0.0007158318944608135,0.0006968049414732518,0.0006967602179556587,4.851116586194131e-05,4.472351759273701e-08
transition1x,914,C4H9N1O2,16,0.0009667615236289002,0.0009580516572829755,0.0009392284691571881,0.0009391810367199283,2.7580486908971906e-05,4.7432437259605276e-08
transition1x,915,C6H10O1,17,0.0007336016935161002,0.000726849664875924,0.0007238869171118137,0.0007238767469233576,9.724946592742582e-06,1.0170188455987243e-08
transition1x,916,C4H5N1O1,11,0.00042393151966299997,0.0004176907282141634,0.0003906632189387633,0.00039063005963137643,3.3301460031623565e-05,3.3159307387240575e-08
transition1x,917,C5H8N2,15,0.0008153159966076993,0.0007894503450641064,0.0007819309640524515,0.0007818806218135623,3.343537479413678e-05,5.034223888979253e-08
transition1x,918,C5H8N2,15,0.0006617089535883985,0.0005985789526308069,0.0005665267103688637,0.0005664282348029841,9.528071878541446e-05,9.84755658813966e-08
transition1x,919,C4H8O2,14,0.0008841970771656957,0.0008723204510744827,0.0008419479367702393,0.0008419326580828398,4.226441908285588e-05,1.5278687398371182e-08
transition1x,920,C5H9N1O1,16,0.0006114919450508998,0.0005996328427391744,0.0005729565499920915,0.0005729297293567207,3.8562215694179024e-05,2.682063537102083e-08
transition1x,921,C4H7N3,14,0.00028915637492420013,0.0002824863675334783,0.0002798117307572644,0.00027977225733542463,9.384117588775431e-06,3.947342183989016e-08
transition1x,922,C5H10O2,17,0.0009903525612425003,0.000986793766050853,0.0009722189295368703,0.0009714984190210328,1.885414222146699e-05,7.205105158373951e-07
transition1x,923,C6H8O1,15,0.0004860915912356999,0.00047928635367766657,0.0004418690145196941,0.0004414794903143914,4.461210092130846e-05,3.8952420530259767e-07
transition1x,924,C5H9N1O1,16,0.0007182437880225005,0.0006911804833045763,0.0006081610804025963,0.0006081182147073948,0.00011012557331510567,4.2865695201212214e-08
transition1x,925,C5H11N1,17,0.0008519891720836018,0.0008471125023765644,0.0008393867782265639,0.0008392787256342368,1.2710446449365151e-05,1.0805259232510412e-07
transition1x,926,C6H8,14,0.0006090347010054999,0.0006044683737222857,0.000571100198956176,0.000571074163836817,3.796053716868292e-05,2.6035119358933566e-08
transition1x,927,C5H7N1O1,14,0.0007227836642093999,0.0007009721138300499,0.0006868935869878338,0.0006863569429540277,3.642672125537222e-05,5.36644033805941e-07
transition1x,928,C4H5N1O1,11,0.0008762302323969018,0.0008715603461168482,0.0008577436193034578,0.0008577086250497013,1.8521607347200413e-05,3.499425375534638e-08
transition1x,929,C3H2O1,6,0.0005492444701299997,0.0005431771851645995,0.0005417663325602032,0.0005416949068201787,7.549563309821035e-06,7.142574002461555e-08
transition1x,930,C5H8O2,15,0.0004192836443819003,0.00040125308131713403,0.00040050334956737393,0.000400493842913695,1.87898014682053e-05,9.506653679124469e-09
transition1x,931,C4H7N1O2,14,0.0005221842405876999,0.0005176710188965573,0.0004997639455870362,0.0004996030319123658,2.2581208675334133e-05,1.6091367467022222e-07
transition1x,932,C6H8O1,15,0.0005973281300330008,0.0005681294650616329,0.0005534650324151325,0.0005533725218264986,4.3955608206502016e-05,9.251058863151434e-08
transition1x,933,C6H8,14,0.0009399336191648068,0.0009343153948706953,0.000870595256404654,0.0008705144831747057,6.941913599010112e-05,8.077322995241068e-08
transition1x,934,C6H8,14,0.0005595004880120998,0.000553953581896057,0.00054729886350226,0.0005472942911618553,1.220619685024472e-05,4.572340404636327e-09
transition1x,935,C2H3N3,8,0.00020789000536869997,0.0001940417188868875,0.00017257981615237527,0.00017212000064264934,3.577000472605067e-05,4.598155097259411e-07
transition1x,936,C5H12O1,18,0.0016771269690613996,0.0016546964208610333,0.0015749110230596417,0.0015748833571484588,0.00010224361191294098,2.7665911182650548e-08
transition1x,937,C6H10O1,17,0.0011599765005364004,0.0011561664364646124,0.0011318722309336057,0.0011318562238268385,2.812027670956226e-05,1.6007106767559776e-08
transition1x,938,C5H8O1,14,0.0006608308322878,0.0006586399350103002,0.0006548330797634759,0.0006548216149618621,6.009217325937963e-06,1.1464801613882159e-08
transition1x,939,C3H5N1O2,11,0.0006713220152429013,0.0006670354241504547,0.0005877782331425585,0.0005876838406820621,8.363817456083924e-05,9.439246049665023e-08
transition1x,940,C3H5N1O1,10,0.00033075407385119827,0.00032663306769655745,0.0002920223275418182,0.00029188454501500704,3.886952883619123e-05,1.3778252681132996e-07
transition1x,941,C5H8O1,14,0.000638064390381101,0.0006377743634572574,0.0006313103305592398,0.000631149271403648,6.915118977452889e-06,1.6105915559158382e-07
transition1x,942,C3H2O3,8,0.0003130859707726999,0.0002844738185005624,0.00027117101481696575,0.0002710657702971323,4.202020047556764e-05,1.0524451983344723e-07
transition1x,943,C7H14,21,0.0009943719742441003,0.0009685327015393242,0.000937589708224006,0.0009375537113573715,5.681826288672875e-05,3.599686663434048e-08
transition1x,944,C6H12,18,0.0009565842951214014,0.0009320131469124455,0.0009014900550110877,0.0009013451099985231,5.523918512287825e-05,1.4494501256488847e-07
transition1x,945,C5H9N1O1,16,0.0004737446695247,0.00044293774130245623,0.0004054733670718754,0.0004054005613688658,6.834410815583415e-05,7.280570300951401e-08
transition1x,946,C5H6O2,13,0.0005584584810848998,0.0005473686071579682,0.0005407330024589912,0.0005407313117589703,1.7727169325929598e-05,1.6907000211335671e-09
transition1x,947,C5H10O2,17,0.0011717807090730007,0.0011289909930057946,0.0011115140093808417,0.0011109696735339674,6.0811035539033235e-05,5.443358468733581e-07
transition1x,948,C5H7N1O1,14,0.0005030313811622026,0.0005004348502246082,0.0004220650335031791,0.00042201836158412356,8.101301957807907e-05,4.667191905796079e-08
transition1x,949,C3H4N2O1,10,0.0003104847839141,0.00030821377686217,0.0003066350970474291,0.0003065779566495661,3.9068272645338995e-06,5.714039786295974e-08
transition1x,950,C6H11N1,18,0.0006557051857707001,0.0006311290128600555,0.0006069484402517801,0.0006069000170246661,4.880516874603398e-05,4.842322711420797e-08
transition1x,951,C3H5N3O1,12,0.00025113449665079983,0.00024996124444454126,0.00024092856222245304,0.00024089251332263314,1.0241983328166613e-05,3.6048899819745064e-08
transition1x,952,C4H9N1O1,15,0.0006849319514325,0.0006667360182570264,0.0006549039124511172,0.0006548402133497396,3.0091738082760505e-05,6.36991013778345e-08
transition1x,953,C2H5N1O2,10,0.0002573589321271998,0.0002468431826636693,0.00023815244339267874,0.00023814743765077686,1.9211494476422945e-05,5.005741901731129e-09
transition1x,954,C3H4N2O2,11,0.00031804232488099997,0.0003074873184521635,0.0002842495761292501,0.00028410199246677953,3.394033241422043e-05,1.4758366247056058e-07
transition1x,955,C4H8N2,14,0.00038405281332479967,0.00037432291038557835,0.00036274817272287385,0.00036264043580485885,2.1412377519940924e-05,1.0773691801578703e-07
transition1x,956,C3H5N1O2,11,0.000669475644120797,0.0006610530519617956,0.0006287136752155829,0.0006282745615227751,4.120108259802185e-05,4.391136928036257e-07
transition1x,957,C4H7N1O1,13,0.0006016564517656,0.0005913970469542077,0.000528786949383079,0.0005287380958282473,7.291835593735248e-05,4.885355483176526e-08
transition1x,958,C5H10O1,16,0.0005939144707799001,0.0005936262865867438,0.0005673126948230034,0.0005673065501785476,2.6607920601352387e-05,6.144644455750696e-09
transition1x,959,C4H5N1O1,11,0.0009328166429194987,0.0009291917439344443,0.0009234694343803125,0.0009233995178405556,9.417125078943127e-06,6.991653975721496e-08
transition1x,960,C5H6O2,13,0.00037694951025459987,0.0003703588721008307,0.0003682084984484864,0.00036812663110994976,8.82287914465025e-06,8.186733853667471e-08
transition1x,961,C4H8N2O1,15,0.0007093948974423998,0.00069708300828128,0.0006964080547423144,0.0006963336172403055,1.3061280202094424e-05,7.443750200892057e-08
transition1x,962,C5H11N1O1,18,0.00044073560937390007,0.0004213430915769945,0.00040199767721493666,0.0004019809764988253,3.875463287507473e-05,1.6700716111373276e-08
transition1x,963,C7H10,17,0.0003418735258201002,0.0003410633161328177,0.0003219378984021207,0.00032129226620817593,2.058125961192423e-05,6.456321939444777e-07
transition1x,964,C3H5N3O1,12,0.0004377546451863998,0.00040552210840999974,0.00039780662817993283,0.0003977658037838323,3.9988841402567524e-05,4.0824396100534006e-08
transition1x,965,C5H6O2,13,0.0007735203188225016,0.0007513934174645533,0.0006867983199956828,0.0006867062764108582,8.68140424116433e-05,9.204358482614338e-08
transition1x,966,C5H8O1,14,0.0009220274107458,0.0009211865493843572,0.0009026689184297509,0.0009026503076509174,1.93771030948826e-05,1.861077883349154e-08
transition1x,967,C4H7N1O2,14,0.0005128739903237,0.00048217221588374995,0.00047085214032745767,0.0004708055069054165,4.206848341828353e-05,4.6633422041243676e-08
transition1x,968,C4H6N2O1,13,0.0003681413608627998,0.00036429606684746936,0.0003641313548736257,0.0003640471386082951,4.094222254504733e-06,8.4216265330111e-08
transition1x,969,C5H8O2,15,0.0008324650823265987,0.0008256888171362768,0.0007776102578536321,0.0007774822032526343,5.498287907396457e-05,1.2805460099593837e-07
transition1x,970,C6H12O1,19,0.0006433377395587,0.0006323475171796369,0.0006266633046495539,0.0006266135238343992,1.672421572430068e-05,4.9780815154725693e-08
transition1x,971,C5H8N2,15,0.0007902386672157941,0.0007730405668758172,0.0007396165454961431,0.000739301705975647,5.093696124014707e-05,3.1483952049687486e-07
transition1x,972,C5H8O2,15,0.0013497267856367996,0.0013282392465311908,0.0012985258519721623,0.0012984329028566347,5.129388278016552e-05,9.294911552709283e-08
transition1x,973,C4H8O2,14,0.0010125003927038002,0.0009980553592348574,0.0009324288733238489,0.0009324189730253084,8.008141967849184e-05,9.900298540686687e-09
transition1x,974,C4H8O2,14,0.00046647943751320004,0.00046110889847471434,0.0004415359169181261,0.0004414553132246575,2.502412428854248e-05,8.060369346854592e-08
transition1x,975,C6H14,20,0.0008423333975981014,0.0008122148708602754,0.000799130855910419,0.00079910602729913,4.322737029897134e-05,2.4828611289447154e-08
transition1x,976,C3H5N3O1,12,0.0002897241727919996,0.0002810301084294328,0.0002752361445432059,0.0002751391400984326,1.4585032693567017e-05,9.700444477339788e-08
transition1x,977,C4H9N1O2,16,0.0011368056840488998,0.0011367015378314495,0.0011084921344332375,0.0011084649224391103,2.8340761609789574e-05,2.7211994127262826e-08
transition1x,978,C5H5N1O1,12,0.0004704825225196998,0.0004637082857619744,0.0004178492670345549,0.00041749415423663575,5.298836828306402e-05,3.5511279791924276e-07
transition1x,979,C7H10,17,0.0007093850647049,0.0006904156453269941,0.0006850207558253961,0.0006850053371626252,2.4379727542274965e-05,1.5418662770858118e-08
transition1x,980,C6H12O1,19,0.0010115402199371998,0.0009523675814136787,0.0008864243089264924,0.0008863033330917675,0.0001252368868454323,1.2097583472503293e-07
transition1x,981,C3H6N2O1,12,0.00032162980666529964,0.00032117281915542464,0.00031481765708408105,0.00031473059873462854,6.899207930671104e-06,8.705834945260403e-08
transition1x,982,C7H10,17,0.0010253415982516996,0.0010068305077208764,0.000998611402598247,0.0009985619174376675,2.677968081403234e-05,4.948516057949244e-08
transition1x,983,C4H4O1,9,0.00034611266155569974,0.00033858505959711096,0.0003365701943430715,0.0003365679179978305,9.54474355786931e-06,2.2763452409305147e-09
transition1x,984,C4H9N1O2,16,0.0007865084957957003,0.0007767249550275252,0.0007630672625695417,0.000763021471260602,2.3487024535098197e-05,4.579130893949296e-08
transition1x,985,C5H9N1O1,16,0.0007580588300025011,0.000745590204195557,0.0007225384011349536,0.0007218947813434568,3.616404865904427e-05,6.436197914974376e-07
transition1x,986,C6H12O1,19,0.0007933150814095999,0.0007896631658069528,0.000749859602271268,0.0007498575955458786,4.3457485863721435e-05,2.0067253895200935e-09
transition1x,987,C4H6N2,12,0.0006073514369238001,0.0005853571364984,0.0005583803690161586,0.000558338646437636,4.901279048616407e-05,4.17225785226128e-08
transition1x,988,C4H5N3,12,0.00034773216156570007,0.0003468363859472416,0.0003328691121946447,0.0003328489852132645,1.4883176352435477e-05,2.012698138018206e-08
transition1x,989,C5H9N1O1,16,0.000488558677241,0.00047376282745744373,0.00047080763992442856,0.0004708054820047461,1.7753195236254014e-05,2.157919682577912e-09
transition1x,990,C5H7N1O1,14,0.0007007163955022036,0.0006967314837216372,0.0006641836907820151,0.0006641379046614711,3.657849084073247e-05,4.578612054390036e-08
transition1x,991,C5H3N1O1,10,0.0002658160104920998,0.0002524478278574296,0.0002511006787201733,0.00025081822247158156,1.4997788020518209e-05,2.8245624859187925e-07
transition1x,992,C3H7N3O1,14,0.000778561364886,0.0006686441407878071,0.000664640320606376,0.0006646264802045703,0.00011393488468142971,1.3840401805462033e-08
transition1x,993,C4H6N2O1,13,0.0005043129946338998,0.0005005772954248923,0.0004918775292541283,0.000491839033759814,1.2473960874085918e-05,3.849549431426739e-08
transition1x,994,C5H7N1O1,14,0.001575464424852982,0.0015414332879086707,0.0015202449675337782,0.001520213191821241,5.5251233031741185e-05,3.177571254254181e-08
transition1x,995,C4H10O1,15,0.0004642044042608999,0.0004640838432354533,0.00041897682320112613,0.00041893880469942574,4.526559956147427e-05,3.801850170037453e-08
transition1x,996,C6H12O1,19,0.0007999398194439998,0.0007829634347502735,0.0007669972461970215,0.0007669701671027186,3.29696523412812e-05,2.7079094303065875e-08
transition1x,997,C5H10O1,16,0.0010378558566619999,0.0009932811001785561,0.0009331126677741045,0.0009330825219180628,0.00010477333474393698,3.014585604188377e-08
transition1x,998,C4H5N1O1,11,0.0002530867918387009,0.00023142214730058276,0.0002302422832578875,0.00023021522805045388,2.2871563788246992e-05,2.7055207433393195e-08
transition1x,999,C5H6O2,13,0.00042295589325300046,0.00040930914006219275,0.0003983294265014973,0.000398176825344092,2.4779067908908515e-05,1.526011574047408e-07
aimnet2,0,C12H15N4O2,33,0.0021327807909224945,0.0021158742028264334,0.0020820602634412095,0.002082021951428363,5.0758839494130865e-05,3.8312012848546783e-08
aimnet2,1,C9H10N2O3S2,26,0.0025034850430876,0.0024216206834226724,0.0024007459089736205,0.002400729859787617,0.00010275518329998274,1.6049185999398895e-08
aimnet2,2,C2H5N1O3S1,12,0.001130445843178597,0.0010777220166316632,0.0009026153413140475,0.0009026032100049409,0.000227842633173656,1.2131309108702941e-08
aimnet2,3,C10H12N2O5,29,0.0023019639737985017,0.002252156042590442,0.002179455821775726,0.002179428729099214,0.00012253524469928745,2.7092676511742597e-08
aimnet2,4,C5H10N2O3S1,21,0.0032200128011541066,0.0031829694836118393,0.003027031898396028,0.003026976473340624,0.00019303632781348198,5.542505539512141e-08
aimnet2,5,C6H9N2O5,22,0.001952976369843603,0.0019375374199774131,0.0018061801178760142,0.0018061280418925302,0.00014684832795107316,5.207598348380482e-08
aimnet2,6,C4F1H11N1O1,18,0.0010197203655192984,0.0010007528960089905,0.0009959911081244247,0.0009959772416727431,2.3743123846555383e-05,1.3866451682870284e-08
aimnet2,7,C3H7N4S1,15,0.0006342317573563996,0.0006291923579381925,0.0006211359606310309,0.0006211162267546221,1.311553060177735e-05,1.9733876410041407e-08
aimnet2,8,C9H12N3O4,28,0.0020411743842934007,0.0020312122649949263,0.0020050721187905443,0.002005065467106384,3.6108917187016874e-05,6.651684159353499e-09
aimnet2,9,C6Cl1H6N1O1,15,0.0006800717550847001,0.000632400824751985,0.0005712892034277902,0.0005712878651597506,0.00010878388992494967,1.3382680400050616e-09
aimnet2,10,C6Cl2H5O2P1,16,0.0019651858807291024,0.0016367346812785916,0.001269258899530106,0.0012692479326418817,0.0006959379480872203,1.096688822882139e-08
aimnet2,11,C1H6O5P1,13,0.001727965951889503,0.0016259070330287846,0.00146548325212184,0.001465190844473696,0.0002627751074158073,2.92407648138673e-07
aimnet2,12,C8H11N1,20,0.0012182609631232006,0.0011697428811996847,0.0011514586527113524,0.0011514505399317857,6.68104231914152e-05,8.112779562722732e-09
aimnet2,13,C2Cl2S1,5,0.0006120622728802947,0.0005810378352234163,0.00035009006264752866,0.00035000911480651063,0.0002620531580737838,8.094784101715719e-08
aimnet2,14,C11H17N1O3S1,33,0.0017742084892512938,0.0017520606711567046,0.0017223466452043327,0.0017223364060692714,5.1872083182022536e-05,1.0239135066576235e-08
aimnet2,15,C3Cl1H4N1O1,10,0.00036838949176919963,0.00036265144745067175,0.000344702498115766,0.00034468313285115253,2.3706358918047087e-05,1.9365264613199844e-08
aimnet2,16,C8H9N3O1,21,0.0014633480169731097,0.0014160913182410776,0.0013803282513889994,0.0013803253472440228,8.302266972908735e-05,2.9041449799398277e-09
aimnet2,17,C2H10P4,16,0.0016221883856340977,0.0016043328743747037,0.0015628812491815603,0.0015628805876369528,5.930779799714503e-05,6.615446058532924e-10
aimnet2,18,C5H11N2O2S1,21,0.0011984132648535013,0.001180443647556075,0.0011348779324002534,0.0011348581976345575,6.355506721894361e-05,1.973476569290812e-08
aimnet2,19,C6H11N1O1S1,20,0.002540211482333593,0.0024227594800061317,0.002320701968544943,0.0023206971915720772,0.0002195142907615152,4.776972863921777e-09
aimnet2,20,C5H8N2O1,16,0.000502348698896987,0.0004958715581815396,0.0004731616420869403,0.00047315768849516,2.9191010401826887e-05,3.953591783769871e-09
aimnet2,21,C6H13N2O1,22,0.0018120475590128972,0.0018118161277298058,0.0017859758502250472,0.0017859719047409555,2.6075654271941428e-05,3.945484088332263e-09
aimnet2,22,C7H5I1N2O1,16,0.0006155144037861028,0.000614243549455908,0.000609958368883387,0.0006099548110154657,5.5595927706371855e-06,3.5578679202041325e-09
aimnet2,23,C11Cl2H8N2O2S1,26,0.0012143605175938983,0.0012133679316195128,0.001129241927115121,0.0011292407190603103,8.51197985335882e-05,1.2080548090820364e-09
aimnet2,24,C9F1H9N2O3S1,25,0.0015490055416902048,0.0015115389884278604,0.0015024542994162354,0.0015024508586253145,4.655468306489016e-05,3.440790920457819e-09
aimnet2,25,C8F1H17N5O4,35,0.0025244849817879014,0.002488665047869684,0.0024746160353323133,0.002474614101232809,4.987088055509213e-05,1.934099504194263e-09
aimnet2,26,C3H5N7,15,0.0008868915448762986,0.0008459811555192853,0.0008399101885442374,0.0008399014957504023,4.6990049125896394e-05,8.69279383483627e-09
aimnet2,27,C4F3H1N3O1,12,0.0019124774372182036,0.001873808933439725,0.0017859069285947088,0.0017859002283999196,0.00012657720881828399,6.700194797936609e-09
aimnet2,28,C4H2O6,12,0.0005087578803758972,0.00045145285752553693,0.0004421253319730752,0.0004421154436270433,6.664243674885384e-05,9.888346026914353e-09
aimnet2,29,C7H13S2,22,0.000774787149472798,0.0007331481749518446,0.000700419614027217,0.0007003628495863562,7.442429988644191e-05,5.6764440864419396e-08
aimnet2,30,Br1C10H16O3P1,31,0.003109272806510478,0.003034405839167156,0.0029991446902113876,0.0029990772711462436,0.00011019553536423379,6.741906515640576e-08
aimnet2,31,B1C2H7N3,13,0.0008737141635960483,0.0008325739899178446,0.0008282500280256055,0.0008282450258857914,4.5469137710257e-05,5.00213980303586e-09
aimnet2,32,C10H16N6,32,0.0014619683899788987,0.0014609856610719129,0.0014554809019594094,0.0014554650845574613,6.503305421437314e-06,1.5817401958411484e-08
aimnet2,33,C6H11N3O3,23,0.0011000833284839902,0.0010849020087724387,0.0010305396218403067,0.0010305219775961745,6.956135088781593e-05,1.7644244128210776e-08
aimnet2,34,B1H5N1O2P1,10,0.0014407965440908022,0.0013869350655365917,0.0012615897373735147,0.001261520297791949,0.00017927624629885335,6.943958156471961e-08
aimnet2,35,C13H17N3O1S1,35,0.0017142102183151954,0.0016679127487757095,0.0016387242694725537,0.001638711850747297,7.549836756789824e-05,1.241872526611635e-08
aimnet2,36,C9F5H3N1S5,23,0.005706616571444591,0.005465734112304926,0.005345227065262978,0.005345188066421852,0.00036142850502273794,3.899884112467048e-08
aimnet2,37,C8H15N1O4P1S2,31,0.0023128252073761025,0.0022964651415779453,0.0022291635465822852,0.0022291529923392007,8.367221503690245e-05,1.055424308618904e-08
aimnet2,38,C3F1H6N1S1,12,0.0011101849039084895,0.001008455624726331,0.0007571433662269391,0.0007571413892193822,0.0003530435146891078,1.977007550344397e-09
aimnet2,39,C8H12N4O1,25,0.0015916067808129013,0.001545773912069961,0.0015268837441186178,0.0015268813842867334,6.472539652616785e-05,2.359831885020261e-09
aimnet2,40,C10H9N4O4,27,0.0019690559313540936,0.0019478269793722707,0.0018716135087911204,0.0018715002066678583,9.755572468623521e-05,1.1330212326693333e-07
aimnet2,41,C5H10N1O1,17,0.0007640492037649002,0.0007226103030146761,0.0007180386206994856,0.0007180310506629655,4.601815310193452e-05,7.57003651946891e-09
aimnet2,42,C8H4N8O2S4,26,0.0016482245590845005,0.0016174370062470116,0.0015846371919338938,0.0015846292598389118,6.359529924558899e-05,7.932094982728659e-09
aimnet2,43,C3H5O2S1,11,0.00033830791990169956,0.00031379413372799986,0.0002663036938263643,0.0002662935255470019,7.201439435469764e-05,1.0168279362139733e-08
aimnet2,44,C6H5N3,14,0.0005867799118405996,0.0005834856332305572,0.0005713871479078083,0.0005713856980100974,1.5394213830502528e-05,1.4498977093710423e-09
aimnet2,45,C8H11N2S1,22,0.0013207891847966996,0.0012913629559693546,0.0012885856423406415,0.0012885829175016401,3.220626729505924e-05,2.7248390033997867e-09
aimnet2,46,C12H10N2O4,28,0.0010393199124043985,0.0009893340095175522,0.000984200756803298,0.0009841982724072783,5.512163999711983e-05,2.4843960199655552e-09
aimnet2,47,H1N2O3P1,7,0.0005742288801765012,0.0005653825215932588,0.0004679146988147889,0.000467889246822481,0.00010633963335401999,2.545199230758404e-08
aimnet2,48,C1Cl1H9Si3,14,0.0010391029593006,0.00103235742804245,0.0009880823662943372,0.000988077449072723,5.102551022787713e-05,4.917221615642884e-09
aimnet2,49,C6H10O1S1,18,0.0007919451190747006,0.0007194333588239286,0.0007010295851806084,0.0007010012329601001,9.094388611460057e-05,2.8352220507366405e-08
aimnet2,50,C8H7N1O3,19,0.0009046642885835009,0.0008659714769074856,0.0008346591156251998,0.0008346509752680465,7.00133133154543e-05,8.140357156708232e-09
aimnet2,51,C15H24,39,0.001625502329213898,0.0015696069805239967,0.0015463855306958637,0.001546340180384686,7.916214882921188e-05,4.5350311178589924e-08
aimnet2,52,C11H19I1N5O2,38,0.0021266766995499974,0.0021241729616160695,0.0020773150931334876,0.002077310862048898,4.936583750109954e-05,4.231084589369467e-09
aimnet2,53,C1H8N2P2,13,0.0008498190281173008,0.0008180177890885398,0.0008001343793618809,0.0008001331648838115,4.9685863233489616e-05,1.2144780693028636e-09
aimnet2,54,C9H10N3,22,0.000896363082384708,0.0008945969255956522,0.0008443751595514108,0.0008443739220572747,5.198916032743334e-05,1.2374941319362098e-09
aimnet2,55,C1H2N3O1S1,8,0.0006516259685188997,0.000589896959634059,0.00031774441382155137,0.0003177386697439105,0.00033388729877498907,5.744077639039462e-09
aimnet2,56,C4Cl1H6N2,13,0.0005208484482497972,0.0004843606443201379,0.00045081678336455485,0.0004507307464112116,7.011770183858572e-05,8.60369533464318e-08
aimnet2,57,C4H2I2S1,9,0.0007260866170704003,0.0006529235065280973,0.0006330125214302399,0.0006329810727141295,9.310554435627089e-05,3.144871611451303e-08
aimnet2,58,C4F2H1N3O2S1,13,0.0016005853362081018,0.0015479574972048788,0.0013560825476764268,0.0013560661932785724,0.00024451914292952955,1.635439785271908e-08
aimnet2,59,C3Cl1H6N2,12,0.0010402634180896146,0.001031931142572336,0.0010123593568096042,0.0010123584538679281,2.790496422168629e-05,9.02941712956338e-10
aimnet2,60,C3H6N2S1,12,0.0009775813770063076,0.0009692995218309819,0.00092683661144358,0.0009268277744257957,5.07536025805119e-05,8.837017784357493e-09
aimnet2,61,Br1C3F3H2O3S1,13,0.0022826895037707136,0.0022753726374218825,0.0019651437773445003,0.0019651287166760492,0.0003175607870946646,1.506066845315533e-08
aimnet2,62,C10H13N6O2S1,32,0.0016906679356761024,0.001677242996185341,0.0016377382114289582,0.0016377240013287532,5.2943934347349177e-05,1.4210100214106032e-08
aimnet2,63,C7H13N2,22,0.0012894718102082,0.0012761874505751866,0.001256280565643403,0.001256261763250793,3.321004695740669e-05,1.8802392610055808e-08
aimnet2,64,C3H4I1P1S1,10,0.001265296804597699,0.0012610975463030983,0.001157733454206392,0.001157706889856577,0.0001075899147411217,2.656434981506018e-08
aimnet2,65,C5H7N1O2,15,0.0006982348486947993,0.0006427574161110873,0.0006292195835537182,0.0006292083227471742,6.902652594762521e-05,1.1260806544497544e-08
aimnet2,66,C15H23N2,40,0.0024096524639996043,0.002391729110068119,0.0023857127604190805,0.0023857087331012913,2.3943730898313285e-05,4.027317788204248e-09
aimnet2,67,C2F1H1O1,5,0.0006882505546919945,0.0006532858071509333,0.00036458343897350054,0.0003645811737281682,0.0003236693809638265,2.2652453286703633e-09
aimnet2,68,C4H11N5O2,22,0.001882799941440592,0.0018811342449018302,0.0018343764455068577,0.001834367166724076,4.8432774716516185e-05,9.278782790658464e-09
aimnet2,69,C6H9N1O1,17,0.0006999268907462062,0.0006797405253363312,0.0006590605354381372,0.0006590512420370556,4.087564870915057e-05,9.293401079407239e-09
aimnet2,70,C11Cl1H21N7,40,0.002596994546482303,0.002549820410346031,0.002477712029886373,0.0024777018716886983,0.00011929267479360428,1.0158197670180507e-08
aimnet2,71,C11H16O2,29,0.0024477562337790024,0.0024409385377357237,0.002391358579648668,0.002391308261144886,5.6447972634115857e-05,5.0318503780983197e-08
aimnet2,72,C1H11N3O8P1Si1,25,0.004989455400343607,0.004980992764867471,0.004936966301927663,0.0049360922203142265,5.336318002937963e-05,8.740816134411082e-07
aimnet2,73,Br1C9F2H12N2O3S2,31,0.0020914655154626017,0.002059316881146277,0.002046671970370318,0.0020466629568653316,4.480255859726949e-05,9.013504985258144e-09
aimnet2,74,C11H18N2O2,33,0.0024216518071982,0.002363331084193033,0.002287673085642108,0.0022876275985479803,0.0001340242086502203,4.5487094128923496e-08
aimnet2,75,C2Cl1H5O1P1S1,11,0.0008095192012735003,0.000772540262394846,0.0006740496613506147,0.0006740251950330125,0.00013549400624048773,2.446631760308194e-08
aimnet2,76,C8H11N1O2,22,0.0007396087136937996,0.0006997592905215776,0.0006600375780150474,0.0006599713842882577,7.963732940554185e-05,6.619372678900688e-08
aimnet2,77,Br1C7Cl2H4N1,15,0.0004599915353429996,0.0004373311439112464,0.0003966489535779348,0.00039664172151174134,6.334981383125832e-05,7.232066193776097e-09
aimnet2,78,C9H20N4,33,0.001241997821898206,0.0012335991535795995,0.001232440907393427,0.0012324354012007116,9.562420697494303e-06,5.506192720696504e-09
aimnet2,79,Br1C5F3H9N1O3S1,23,0.0023395400289635024,0.0022944291996757427,0.0022748324382789913,0.0022747823343829895,6.475769458051244e-05,5.010389600573448e-08
aimnet2,80,H8N4O1P1,14,0.0016120507262401937,0.0015560385698699692,0.0015427749080257124,0.0015427337683058468,6.931695793434712e-05,4.1139719867882666e-08
aimnet2,81,C11F1H14N4O3,33,0.0022946984659803008,0.0022373275178492876,0.002161406975937405,0.002161370820205431,0.00013332764577486965,3.615573197632065e-08
aimnet2,82,C15H22S1,38,0.002045220726230913,0.001992894084122189,0.0019016691375348936,0.0019016508513477225,0.0001435698748831903,1.8286187166324256e-08
aimnet2,83,C8H12N1O1S2,24,0.0011523207323163014,0.0011111869270012576,0.0011007552088143765,0.0011007370369885755,5.158369532772614e-05,1.8171825800024812e-08
aimnet2,84,C5H7N6,18,0.0007043338463718048,0.0006816548813667499,0.0006604173258640104,0.0006603556389834405,4.3978207388364414e-05,6.168688056602125e-08
aimnet2,85,Br6C3N6,15,0.0009945765192817004,0.00097862338206986,0.0009558580076052084,0.0009558501879396511,3.872633134204935e-05,7.819665557609448e-09
aimnet2,86,C10F2H13O7,32,0.002898275404282803,0.0027374466417106995,0.0024029147909447944,0.002402872740421711,0.0004954026638610935,4.20505230879398e-08
aimnet2,87,C7H10N1O1,19,0.0009321061868752004,0.0009038630977768315,0.0008739490401399252,0.0008739374523683554,5.8168734506844814e-05,1.158777156897373e-08
aimnet2,88,C8H13N4O1,26,0.0014910645060359005,0.0014753824530749965,0.0014577098225427708,0.0014577073299624885,3.335717607341196e-05,2.492580281849101e-09
aimnet2,89,C5H8N2O1,16,0.0004029944842723988,0.00040127918264510763,0.0003863865464959761,0.0003863094529775997,1.668503129479906e-05,7.709351837386627e-08
aimnet2,90,Br2C12H10N4O2,30,0.001635383533381799,0.001597946707875349,0.0015942376498212286,0.0015942330122614072,4.115052112039216e-05,4.637559822632152e-09
aimnet2,91,C3Cl1H4,8,0.0001549594741763987,0.00014870862185110067,0.0001397281734015998,0.00013972076694364084,1.523870723275786e-05,7.406457958406429e-09
aimnet2,92,C6H12N2O1S1,22,0.0013825143394381966,0.001365200915679978,0.0013417954447802049,0.0013417896762612249,4.0724663176971575e-05,5.768518983561589e-09
aimnet2,93,C11H12N2,25,0.0019529124222874951,0.0019355041642952413,0.0019233809055245912,0.0019233703410935713,2.954208119392352e-05,1.0564431020738106e-08
aimnet2,94,C6F1H11N1O2,21,0.0010933451431953975,0.0010550426083600643,0.0010289859071431714,0.0010289339184465015,6.441122474889634e-05,5.1988696670335064e-08
aimnet2,95,C8H16N1,25,0.0007376110741461989,0.0007234378295686948,0.0007064551105833496,0.0007064229748517927,3.118809929440613e-05,3.2135731557093094e-08
aimnet2,96,C12H8N2O3,25,0.0011401951368339026,0.0010777081754857422,0.0010267474906687395,0.0010267472947697858,0.0001134478420641164,1.9589895310566082e-10
aimnet2,97,C9Cl1H6P1,17,0.0011549914551135965,0.0011015676952133532,0.0010277208213466788,0.0010277093738354304,0.000127282081278166,1.1447511250406425e-08
aimnet2,98,C5H7N2O2S1,17,0.00041561860749849886,0.00041035875773936316,0.0004101117907211604,0.00041010910203838975,5.509505460109159e-06,2.6886827693801795e-09
aimnet2,99,C6H6N1O3,16,0.0008841849572530042,0.0008397303736563499,0.0008294030511517545,0.0008293330344420844,5.4851922810919944e-05,7.001670967092109e-08
aimnet2,100,C6H7N2O2,17,0.0009194923619630041,0.0009058195164174474,0.000845141881279654,0.0008451262857324187,7.436607623058532e-05,1.5595547231861367e-08
aimnet2,101,C6H11N1O1,19,0.0007707412300591123,0.0007269455985980183,0.0007032561908319506,0.0007032396229184483,6.750160714066412e-05,1.6567913507116966e-08
aimnet2,102,C5H6N2O4S1,18,0.0009954763837252982,0.000966923736042258,0.0008777119155148069,0.0008776918873083686,0.00011778449641692979,2.0028206441717787e-08
aimnet2,103,C3H4P2,9,0.0004240172063070025,0.0003134892814720799,0.00029854606399515137,0.000298538615825095,0.00012547859048190753,7.448170054069353e-09
aimnet2,104,C6H17N7S1,31,0.002212190608368497,0.002188027788216413,0.002168548806971242,0.002168484517058805,4.3706091309691604e-05,6.42899124393393e-08
aimnet2,105,C8H8N1O1P1,19,0.0009495415523982048,0.0009456930420091672,0.0008929985587812526,0.0008929862488317071,5.655530356649793e-05,1.23099495406291e-08
aimnet2,106,C3Cl2H4N1O2S1,13,0.0008082086153697995,0.0007971647794493768,0.0007567936479701547,0.0007566799456527017,5.152866971709786e-05,1.1370231745344853e-07
aimnet2,107,B1C2H6N1O3,13,0.0004037296434327977,0.00036517221666591273,0.00035078577564235373,0.00035076724416206067,5.296239927073703e-05,1.853148029767836e-08
aimnet2,108,C1H3N3O1P1,9,0.0005728524796708001,0.0005120978666914456,0.0004941769707246939,0.0004941431736904328,7.87093059803676e-05,3.379703425970102e-08
aimnet2,109,C3H6O3P1S3,16,0.0016850204435531946,0.0013984083440159267,0.0013077941623967422,0.0013077862805930545,0.00037723416296014077,7.881803684824271e-09
aimnet2,110,C8H12N3S1,24,0.000988849246865293,0.0009745103898634252,0.0009271285834120836,0.0009271181586905093,6.173108817478374e-05,1.0424721575267906e-08
aimnet2,111,B2C14Cl2H16O4,38,0.0029513605336551996,0.002934681719283499,0.0027148991199412486,0.0027148923767550937,0.00023646815690010666,6.743186150928543e-09
aimnet2,112,C3H6N1O1S2,13,0.0008065952356045021,0.000790395422525468,0.0007594439071062853,0.0007594406553590494,4.715458024545277e-05,3.2517472400444553e-09
aimnet2,113,C9H11S1,21,0.001075332077163099,0.0010100757776991289,0.0009844162786506558,0.0009843493302534707,9.098274690962877e-05,6.694839718352549e-08
aimnet2,114,C5F7H1,13,0.002313217641903805,0.0020877632950480774,0.002003058316177572,0.0020030255149487905,0.00031019212695501447,3.280122878254932e-08
aimnet2,115,Br1H1N1S1,4,0.0014478871057431288,0.0010844719122020256,0.000770556222361269,0.0007700985497435821,0.0006777885559995464,4.576726176903095e-07
aimnet2,116,C12H13N2O3,30,0.0013071339470594923,0.0013050937483872374,0.0012834871651873872,0.0012834560681216458,2.3677878937846537e-05,3.109706573722105e-08
aimnet2,117,C3H4N3O2,12,0.0008944256111817011,0.0008762610652953763,0.0008394647060173762,0.0008394159327747412,5.500967840696006e-05,4.8773242635889544e-08
aimnet2,118,C9H17N5O4,35,0.001979314022018989,0.001972036819091853,0.0019165245359617333,0.0019165070394865052,6.280698253248371e-05,1.7496475225502054e-08
aimnet2,119,C13H23N2O2,40,0.002262992831901903,0.0022617962652077975,0.0022584676975389018,0.002258436560186125,4.556271715778574e-06,3.1137352776811496e-08
aimnet2,120,C12Cl1H11N3O2,29,0.0012354724333726015,0.0012235576616794392,0.001210739955438157,0.0012107346863694946,2.4737747003107138e-05,5.269068660271656e-09
aimnet2,121,C6Cl1H11N1O2S1,22,0.002054530411917505,0.001890953953741449,0.0017964401511064386,0.0017964304694888602,0.00025809994242864464,9.681617579011173e-09
aimnet2,122,C5Cl1H7N1O2P3,19,0.001558808308608202,0.0014470664049050558,0.0013013163043355898,0.0013012386262370873,0.0002575696823711145,7.767809850339559e-08
aimnet2,123,C3Cl2F4H1O1,11,0.002356220998871112,0.0017600099396694092,0.0015633450578075249,0.0015633398895038412,0.0007928811093672704,5.168303682717744e-09
aimnet2,124,C2H5N3,10,0.00047489197969879834,0.0004470842570692683,0.00043329823162514873,0.00043327462282695216,4.161735687184611e-05,2.3608798195076947e-08
aimnet2,125,B1C10H22I1N1O1,36,0.0020475469949960984,0.0020174548523329765,0.002012284070266334,0.00201228095248939,3.526604250670933e-05,3.117776947584546e-09
aimnet2,126,C9Cl1H12O2,24,0.0014686297671407987,0.001425070247230782,0.001359950726599351,0.0013599113444559567,0.00010871842268484192,3.938214339599063e-08
aimnet2,127,C1Cl3H5N2P1,12,0.0014220492185017118,0.001338453383419033,0.001253589023758233,0.0012535693082744543,0.00016847991022725823,1.9715483778803454e-08
aimnet2,128,C1H6O5Si1,13,0.0017444972227292992,0.0015492523953130155,0.001123352533148057,0.0011233493374542816,0.0006211478852750183,3.195693774988426e-09
aimnet2,129,C5Cl2H6N2O1,16,0.0006533486015465022,0.0006394805461539994,0.0006028300470348772,0.000602827252669591,5.0521348876911375e-05,2.7943652862002516e-09
aimnet2,130,C4H2N1O4S1,12,0.0010210829079383922,0.0009881938999646428,0.0009580130900825487,0.0009580073227817709,6.307558515662101e-05,5.767300768307256e-09
aimnet2,131,C5H7N1O1,14,0.0004832452790149018,0.00044327817387177355,0.0004331689977661273,0.0004331577097140511,5.008756930085079e-05,1.1288052077308482e-08
aimnet2,132,C4H8N1O1S2,16,0.0007929694186746049,0.0007736499040780757,0.0007169322472982749,0.0007169219570958354,7.604746157876926e-05,1.0290202444987293e-08
aimnet2,133,Cl2H2N2P1,7,0.001081025193533296,0.0010462236572797677,0.0009404712230953326,0.0009403977802761503,0.0001406274132571452,7.344281918581241e-08
aimnet2,134,C4F2H2N2O2,12,0.0008199840407820977,0.0007979349976420966,0.0006964085107927449,0.0006963974083320851,0.00012358663245001257,1.1102460662543457e-08
aimnet2,135,C12F4H8O1,25,0.001507017620928602,0.0014980033294795506,0.0014461845721850137,0.0014461720692828355,6.084555164576659e-05,1.2502902176711108e-08
aimnet2,136,C7H12N5,24,0.0012626792739881022,0.0012565093540817317,0.00125117425572041,0.00125115970055162,1.1519573436482278e-05,1.4555168788263681e-08
aimnet2,137,C9H16N4,29,0.0021128456348217034,0.002080173549426185,0.0020723176116869886,0.0020722905384259376,4.0555096395766675e-05,2.707326106338614e-08
aimnet2,138,C3Cl6H1O1,11,0.0007399439895173024,0.0006996620717529461,0.0006422990906179713,0.0006422132182208012,9.773077129650105e-05,8.58723971677211e-08
aimnet2,139,C5F6H10O6S2,29,0.007356504759107271,0.007213864880112165,0.007073644684855896,0.0070736149226580175,0.0002828898364492543,2.9762197900103974e-08
aimnet2,140,C7H14N1O1,23,0.001047621036795804,0.0010293005205415798,0.0009764006218511547,0.0009763902266694024,7.123081012640161e-05,1.0395181749856925e-08
aimnet2,141,C12F2H13O5S1,33,0.004096528697798799,0.004008844520316502,0.003911578785719133,0.003911555312837843,0.0001849733849609552,2.3472881289615123e-08
aimnet2,142,C6H8O2S2,18,0.002474709051433905,0.0024011182168733494,0.0023283991196804106,0.0023283652227654096,0.00014634382866849627,3.3896914995930786e-08
aimnet2,143,C5H10N2O1S1,19,0.0007746581436428953,0.0007461117195349222,0.0007354520251218656,0.0007354251757332743,3.923296790962075e-05,2.6849388597433536e-08
aimnet2,144,C13H20N5O1S1,40,0.002202723655733896,0.002161055810586097,0.002156318875046321,0.0021563145422991313,4.6409113434765056e-05,4.332747186794684e-09
aimnet2,145,C8F3H7N4O2S1,25,0.001992119618987209,0.001955263123180529,0.001941181519627678,0.0019411713701374123,5.094824884979606e-05,1.0149490270694438e-08
aimnet2,146,Br2O1S2,5,0.001683211663598699,0.0012086261800680752,0.000503244774927885,0.0005029519934261425,0.0011802596701725567,2.9278150174224184e-07
aimnet2,147,C14H9N3S1,27,0.0015768331086200196,0.001563977239564143,0.0015613068279968908,0.0015613034741141158,1.5529634505903985e-05,3.3538827747075057e-09
aimnet2,148,Br1C9H11N5O3,29,0.0018667110785102017,0.001795459916169323,0.001714291074848532,0.0017142741938479765,0.000152436884662225,1.6881000562942988e-08
aimnet2,149,C14H19N2O1S4,40,0.0018925007571498,0.0018458141713052745,0.001820734451921019,0.0018207059219163468,7.179483523345298e-05,2.8530004672396243e-08
aimnet2,150,C6H12N2S2,22,0.0017921120930235014,0.0017880692286089332,0.001770652506876775,0.0017706417200880206,2.1470372935481158e-05,1.0786788744327295e-08
aimnet2,151,C5H13N1O3S1Si3,26,0.002175774279979202,0.0021617492325647935,0.0021088638623212026,0.00210886381377802,6.691046620118076e-05,4.854318310331096e-11
aimnet2,152,C10H20N2O3,35,0.0018266735343529996,0.0018093334500148184,0.0018015000036167453,0.0018014587062938352,2.521482805916452e-05,4.129732291064337e-08
aimnet2,153,C4Cl3H5O4P1,17,0.0017487219660931015,0.0017229413997253197,0.0016728076208463866,0.0016727402653392907,7.598170075381045e-05,6.735550709189962e-08
aimnet2,154,C5H10N3,18,0.0007217781232665986,0.0007107925628250714,0.0006994913921051329,0.000699489791020853,2.2288332245745633e-05,1.6010842787447016e-09
aimnet2,155,C5H8S1,14,0.0005107424369497998,0.0004691545073056141,0.0004516280549210205,0.0004516279024633056,5.9114534486494137e-05,1.524577130323747e-10
aimnet2,156,C8Cl1H3N2O1S1,16,0.0005462229921376012,0.0005101959557261447,0.0004937714268803194,0.000493769884376143,5.2453107761458266e-05,1.5425041739542908e-09
aimnet2,157,C15H16N4S1,36,0.0017258018675339974,0.001723727612454511,0.00171899843999254,0.001718988941744602,6.812925789395058e-06,9.498247939499312e-09
aimnet2,158,C13H11N4O3,31,0.002162609545271806,0.0021343459627175205,0.002097188721641343,0.0020971430753289728,6.546646994283268e-05,4.564631236084925e-08
aimnet2,159,C3H6N4O1S1,15,0.0009732387581483004,0.0009047656003535323,0.0008624428835170904,0.0008624411393026848,0.00011079761884561591,1.7442144053593297e-09
aimnet2,160,C1H2N4S2,9,0.000209075054530202,0.00020072556151614788,0.0001912790927636451,0.00019127742314585587,1.7797631384346118e-05,1.6696177897531616e-09
aimnet2,161,As1Br2C1O2,6,0.0019004379659884976,0.0018466314054128487,0.0013458735238242785,0.0013443126309973955,0.0005561253349911023,1.5608928268829507e-06
aimnet2,162,C6H13O2Si2,23,0.004511712575211316,0.0041836089963234215,0.003569428147071109,0.0035692949674128384,0.0009424176077984797,1.3317965826634587e-07
aimnet2,163,Br2C5H9N2,18,0.0006884526152356008,0.0006548918351449533,0.0006319583397224917,0.0006318362660994646,5.661634913613623e-05,1.2207362302714772e-07
aimnet2,164,C5H8O2S1,16,0.0008832638610579008,0.0008689404725475925,0.0008073223480435992,0.0008073126640068637,7.595119705103694e-05,9.684036734131748e-09
aimnet2,165,Br4C6H2N2O4S1,19,0.003971222829034017,0.00365623769800475,0.0030230408271122197,0.00302300910593037,0.000948213723103645,3.1721181855284006e-08
aimnet2,166,C5H8N2S2,17,0.0007152985286549993,0.0006811112733407349,0.0006607344563600809,0.0006607119054687887,5.4586623186210645e-05,2.255089129265546e-08
aimnet2,167,C5H5N4S1,15,0.0006083249451688004,0.0006048719359735672,0.0005951905620111797,0.0005951884833429223,1.313646182587794e-05,2.0786682569549008e-09
aimnet2,168,C12H26N2,40,0.0011475929453458968,0.0011475929413381019,0.001055686970067496,0.00105565310843272,9.193983691317705e-05,3.386163477861689e-08
aimnet2,169,C4H11N5O2,22,0.0018210347318233003,0.001752542279576281,0.0017472293169189823,0.0017471888926828636,7.384583914043697e-05,4.0424236122327824e-08
aimnet2,170,C4H9N2S1,16,0.0008400581445815007,0.0007895851390380142,0.000764819881489212,0.0007648124847100981,7.524565987140272e-05,7.396779116742188e-09
aimnet2,171,C2H3O4S1,10,0.0009144450030519966,0.0007861800702974856,0.0006774492867157966,0.0006774195038457808,0.00023702549920621605,2.9782870013786154e-08
aimnet2,172,C9H14N1,24,0.0007206298336614996,0.0007092524183107392,0.0006860435744885634,0.0006860432063792575,3.4586627282242056e-05,3.6810930333648255e-10
aimnet2,173,C8H19N6S1,34,0.0016255135113795957,0.001544783044443703,0.0015213378407217075,0.0015213171975306174,0.00010419631384897833,2.0643191090075985e-08
aimnet2,174,C10Cl1H9O1S1,22,0.000714089013893102,0.0007079123647529295,0.000674964298397829,0.0006749498821802239,3.913913171287803e-05,1.4416217605207174e-08
aimnet2,175,C13H8N5O1S1,28,0.0014594818985577999,0.0014535900725846517,0.001401308773946802,0.0014012371963636442,5.82447021941554e-05,7.15775831568138e-08
aimnet2,176,C6H10N1O1,18,0.000510324459602899,0.00046994920577123647,0.00046728472252813085,0.00046727686301390316,4.3047596588995744e-05,7.859514227556739e-09
aimnet2,177,C1H5N6,12,0.0013385662339577,0.001312715329790374,0.0013066353773305147,0.001306634894331392,3.1931339626307996e-05,4.829991214754827e-10
aimnet2,178,C6Cl1H5O2P1S2,17,0.001483931981523797,0.0014465700146921345,0.0013077259048371388,0.0013077172198965505,0.00017621476162724692,8.684940591799522e-09
aimnet2,179,C3H3N2O4S1,13,0.0016738144170837929,0.0015693394119159687,0.0015319718827219164,0.0015319529224483886,0.0001418614946354044,1.8960273530498548e-08
aimnet2,180,C1H3N5O2,11,0.00031495459675909596,0.00028124260333637475,0.00025736564317564427,0.00025736011496604037,5.759448179305561e-05,5.528209611373969e-09
aimnet2,181,C11H20N2O1S1,35,0.0019168412871914033,0.0018979207525457854,0.0017512630442799689,0.001751260730388824,0.00016558055680257965,2.3138911442985763e-09
aimnet2,182,C7Cl1H7N1O1,17,0.0005987954206846913,0.0005937732461484219,0.0005787710587682934,0.0005787654658626313,2.002995482206003e-05,5.5929056597390026e-09
aimnet2,183,C7H11N1O2,21,0.0006496677911823999,0.0006129205946365644,0.000584016331320156,0.0005839975090465138,6.5670282135886e-05,1.8822273645800877e-08
aimnet2,184,C4H5I1O1,11,0.0004905801082496009,0.0004708346579588559,0.00045275737993073973,0.0004527437621296743,3.7836346119926626e-05,1.3617801066260116e-08
aimnet2,185,C2H2O6S1,11,0.0013011801733799015,0.0011670681891303763,0.0011218573746116514,0.0011218106958009687,0.00017936947757893232,4.667881068440753e-08
aimnet2,186,C1H6N1O3Si1,12,0.0017633494941722005,0.0014731010968454285,0.0013769674421857012,0.0013769528481754993,0.00038639664599670145,1.4594010202760942e-08
aimnet2,187,C8H6I1N1O2,18,0.0007920740338999989,0.0007623202605504513,0.000756311187827112,0.0007563096750387036,3.576435886129529e-05,1.512788411953778e-09
aimnet2,188,C7F2H5N1O2,17,0.0009618868633346994,0.0009522973147982047,0.0009375775121417636,0.0009375631239478902,2.432373938680908e-05,1.4388193871935813e-08
aimnet2,189,C2H3N2O6P1,14,0.001979835308216593,0.0018414380090668303,0.0015835524264870046,0.0015835473978570416,0.000396287910359552,5.028629962653671e-09
aimnet2,190,F1H5N3,9,0.0011372713004693964,0.0011013647694152774,0.0010220650877122515,0.0010220648271657658,0.00011520647330363106,2.605464892070165e-10
aimnet2,191,C5H12N5,22,0.0018688936804944895,0.0018493267484581087,0.0018318890481004596,0.0018318530014018704,3.704067909261872e-05,3.6046698595790456e-08
aimnet2,192,C7Cl1H7N4O3,22,0.0011059600822418054,0.0010737455747823886,0.0010653721740472072,0.0010653503265685667,4.060975567323867e-05,2.184747864158416e-08
aimnet2,193,C7H12N5S2,26,0.0018750927457456968,0.0018691444057497082,0.0018050353555578284,0.0018050235592978537,7.006918644784353e-05,1.1796259986584259e-08
aimnet2,194,C9F3H12N4O1S1,30,0.003078132922422503,0.0030507350639896714,0.002948157545328073,0.002948146974389836,0.00012998594803266585,1.0570938236212134e-08
aimnet2,195,C10Cl1F2H16O5P1,35,0.002975772716048098,0.0029525998235180985,0.002914017434804657,0.0029139365313742022,6.183618467389583e-05,8.090343045590265e-08
aimnet2,196,C6H11N1O2,20,0.0011151383617533036,0.0010992020249248685,0.0010756796306952067,0.0010756488308511754,3.948953090212811e-05,3.079984402878718e-08
aimnet2,197,Br2C7Cl1H4N3O1,18,0.0010441175971327024,0.0009267713969049054,0.0008959932375991176,0.0008959618801697095,0.0001481557169629928,3.135742940940764e-08
aimnet2,198,C10F3H15N1O4S1,34,0.0031245543342457954,0.003085428788902479,0.0029457868874988996,0.0029457684804075324,0.0001787858538382624,1.840709136870802e-08
aimnet2,199,C4Cl1H7N2,14,0.0009440996838003985,0.0009257417326056026,0.0009133639056928408,0.0009133343656470826,3.0765318153315854e-05,2.9540045767923507e-08
aimnet2,200,C14H19S4,37,0.0014364043471162033,0.00140952424279702,0.001366428197783149,0.0013664158684705704,6.998847864563309e-05,1.2329312579016614e-08
aimnet2,201,C7F6H6N4O1,24,0.0036333916394582022,0.0035462706672756625,0.003527761343437052,0.0035277228051810543,0.00010566883427714813,3.8538256001503695e-08
aimnet2,202,C8H9N2S2,21,0.0008814937685063002,0.0008672149177654137,0.0008489180187606235,0.0008489110767355702,3.2582691770730143e-05,6.942025053756434e-09
aimnet2,203,C9H9O3,21,0.001421355292097203,0.0014119407138420078,0.0013313481431554675,0.001331323183199081,9.003210889812233e-05,2.495995638581332e-08
aimnet2,204,C2H6N2S1,11,0.0005655613657899949,0.0005355958655501912,0.0005002484641471924,0.0005002436252628796,6.531774052711527e-05,4.838884314507676e-09
aimnet2,205,C2Cl1F2H2N1,8,0.000807078721708704,0.0008001790225317185,0.0006353245107420441,0.000635320790581212,0.00017175793112749203,3.7201608347770635e-09
aimnet2,206,C4H12N2O1,19,0.0009004403412757036,0.0008848508853983398,0.000880403519736663,0.0008803718517232025,2.006848955250101e-05,3.16680134609009e-08
aimnet2,207,C14H15I1N1O2,33,0.0016521717074527923,0.001623872867479806,0.00160968620296987,0.0016096542711784541,4.251743627433842e-05,3.1931791414953216e-08
aimnet2,208,C10H14N1O1,26,0.0008073635940839996,0.000796965557525077,0.000758451806485905,0.0007584413666223332,4.8922227461666334e-05,1.043986357621907e-08
aimnet2,209,C3H5N4,12,0.0003223734037470015,0.0003083646078942446,0.0002950838995838013,0.00029508213257113246,2.729127117586905e-05,1.7670126704164858e-09
aimnet2,210,C4F6H3O1,14,0.0026864252084158827,0.0025345150374161125,0.0024598372366315007,0.0024598319973926828,0.00022659321102320033,5.2392388145804e-09
aimnet2,211,B1C7H11O6,25,0.0016951283274467867,0.0016846635297378108,0.0016124809056487209,0.001612466901527317,8.266142591946972e-05,1.4004121412574204e-08
aimnet2,212,C14H20O3,37,0.0017882624156418993,0.001734574459329768,0.0017311677434705163,0.001731110213610718,5.715220203118125e-05,5.7529859798681465e-08
aimnet2,213,C10F4H12N4O1,31,0.001884830455713401,0.0018048548137146554,0.0017571128682813402,0.0017570819954354304,0.0001277484602779706,3.087284591286443e-08
aimnet2,214,C7H10N2,19,0.0009453998824701009,0.0009382266552265436,0.0009354111918794373,0.0009353742267043589,1.0025655765741772e-05,3.696517507792588e-08
aimnet2,215,C3H5N1S1,10,0.0002686778189995016,0.0002573475111585014,0.00020970826917072674,0.00020970271804164023,5.897510095786139e-05,5.551129086296653e-09
aimnet2,216,C5Cl1F2H4N2O1,15,0.001054140073366501,0.001033241167775894,0.0010036993663608358,0.0010036818031526281,5.045827021387284e-05,1.7563208206285296e-08
aimnet2,217,C6Cl1H13N2O3S1,26,0.0014861213670370019,0.0014519290928827952,0.001389931161993408,0.001389924326377957,9.619704065904497e-05,6.835615450609246e-09
aimnet2,218,C11F4H8N1O1,25,0.0014199778918306117,0.0014100082024058572,0.0013331040224395564,0.0013331004926247102,8.687739920590197e-05,3.5298148511084648e-09
aimnet2,219,C16H20N2O1S1,40,0.0012651951024068991,0.0012045070455454707,0.001168660639669037,0.0011686469559915383,9.654814641536094e-05,1.3683677500247893e-08
aimnet2,220,C5F1H8N1O1,16,0.000868852562549405,0.0008245953399491998,0.000811635741457143,0.0008116246896929828,5.722787285642226e-05,1.105176416321688e-08
aimnet2,221,B2C11Cl1H19I2P2,37,0.004023210822128387,0.003888542418635803,0.003825448668518907,0.0038254324795913668,0.0001977783425370217,1.618892752108065e-08
aimnet2,222,C1H2N4O1,8,0.0006278771742065942,0.0006169175366138935,0.0005954424157818213,0.0005954363361245862,3.244083808200799e-05,6.079657233835119e-09
aimnet2,223,C7Cl1H10O4,22,0.0015433260251385065,0.0014764842332956622,0.001450749944098203,0.001450734169435473,9.259185570303375e-05,1.5774662727780954e-08
aimnet2,224,C6H5N1O4,16,0.0012014197540803975,0.0010665100528529474,0.000997008425003139,0.0009969521756683787,0.00020446757841201894,5.624933476076569e-08
aimnet2,225,C8H10O1S4,23,0.0010859309455456007,0.0010559888260434694,0.0010323406383440498,0.0010323370186801173,5.359392686548366e-05,3.619663933705026e-09
aimnet2,226,Br1C9H11S1Se1,23,0.0017811962259083002,0.001748881979178318,0.0017104537109053465,0.0017104375989958095,7.075862691249067e-05,1.611190953513354e-08
aimnet2,227,C4H6N2O1,13,0.00040318502291760127,0.00039550097961067135,0.0003818205529377005,0.0003818156556092944,2.1369367308306825e-05,4.897328405736949e-09
aimnet2,228,C8H5O6,19,0.0013073455213688952,0.0013038252324800242,0.001236408378180918,0.0012363960312270785,7.094949014181678e-05,1.2346953847991376e-08
aimnet2,229,C5Cl1H7N1O1S1,16,0.0008997335944063014,0.0008423797104034897,0.0008129309767149976,0.000812882409140745,8.685118526555673e-05,4.856757425051201e-08
aimnet2,230,C8H13O5,26,0.001769008887423399,0.0017152902498347093,0.0016974975215619374,0.0016974650814067362,7.154380601666281e-05,3.2440155202963736e-08
aimnet2,231,C6H15N7O2,30,0.002414837347046593,0.0024058540101722877,0.002378064373263314,0.00237806382791891,3.677351912768295e-05,5.453443867011673e-10
aimnet2,232,C5H12N3O1,21,0.0008080765606760013,0.0008010927721912152,0.00078009432914606,0.000780079724005928,2.79968366700733e-05,1.460514012965742e-08
aimnet2,233,C15H18N4,37,0.0017490490897414065,0.0017227334624635216,0.0017159164446515507,0.0017158775217829875,3.3171567958418534e-05,3.892286856446869e-08
aimnet2,234,C5H9O1Si1,16,0.000806210351340997,0.0007433509018535511,0.0007249004045484489,0.0007248992705289959,8.131108081200122e-05,1.1340194480762674e-09
aimnet2,235,C8F6H2S6,22,0.0036592655352469957,0.00353956653950763,0.0034569337646969543,0.003456926545427405,0.00020233898981958997,7.219269548234743e-09
aimnet2,236,C9H11N1O3,24,0.0018146547827055696,0.0018081504875537852,0.0017730179903287895,0.001772998134270115,4.1656648435454456e-05,1.9856058659982282e-08
aimnet2,237,C3H10N3O1S1,18,0.0012119543168511017,0.001177457759618796,0.0011540264442659234,0.0011539383747509408,5.801594210016125e-05,8.80695149835286e-08
aimnet2,238,C6Cl1H4N3O1,15,0.0004195410277171989,0.00040497364853613293,0.00037891959790957143,0.0003789120903121047,4.062893740509417e-05,7.507597466277255e-09
aimnet2,239,C7H6N6,19,0.0005976020332823061,0.0005814599418051615,0.0005738018857671355,0.0005737979572256285,2.380407605667744e-05,3.928541506303653e-09
aimnet2,240,Br1C9H6N3O1,20,0.0007698056593112988,0.0007435203447966855,0.0007215563303429022,0.0007215346469885204,4.827101232277855e-05,2.168335438245703e-08
aimnet2,241,C6H9N1,16,0.0005965362040158034,0.0005896772608621741,0.0005617232738302586,0.0005617069190609568,3.4829284954846586e-05,1.6354769303103923e-08
aimnet2,242,C12H11N5O1,29,0.0012197640428595956,0.001214716149318578,0.001198189653902013,0.0011981829370282361,2.1581105831359053e-05,6.716873776814207e-09
aimnet2,243,C8H11N2O7P1S1,30,0.0033150272997672986,0.003254264695874468,0.0031266699003405286,0.0031266510602247716,0.00018837623954252695,1.884011575752716e-08
aimnet2,244,C5Cl3H4N1O1,14,0.0007119302854014995,0.0007094601431686508,0.0006872873836826396,0.0006872745556521444,2.4655729749354844e-05,1.2828030497105654e-08
aimnet2,245,C2H6N2S2,12,0.0006214414600693981,0.0005615234404127963,0.000548938201469356,0.000548936574296145,7.250488577325322e-05,1.6271732109373099e-09
aimnet2,246,C12H15N1O2,30,0.001247662239279488,0.001222576725636567,0.001199562336068931,0.0011995430057457524,4.811923353373585e-05,1.9330323181962892e-08
aimnet2,247,C2H5N2S1Si1,11,0.0006432022674980003,0.0006180002170228726,0.0006057535579317682,0.0006054175740501885,3.778469344781185e-05,3.359838815814281e-07
aimnet2,248,C3H9N5O1,18,0.001063659124108401,0.0010346241102362507,0.0010312835475149303,0.001031257413071681,3.240171103671984e-05,2.613444324998433e-08
aimnet2,249,C10H16N3O5S1,35,0.0021308815546836023,0.0021187747682700595,0.0021050126670769938,0.0021049984302138323,2.5883124469770177e-05,1.4236863161824336e-08
aimnet2,250,C10H25N4O1,40,0.0020948802281050205,0.0020803429611811783,0.0020771765845286104,0.0020770966479947083,1.7783580110312322e-05,7.993653389949447e-08
aimnet2,251,C6H12N3,21,0.001181106102076096,0.0011359201468346992,0.001120980503295079,0.001120928715185459,6.017738689063692e-05,5.178810961705665e-08
aimnet2,252,C10H9N1O1Se1,22,0.001521854658281799,0.0014431912175351346,0.001312219837003004,0.0013122090765190731,0.00020964558176272597,1.0760483926958827e-08
aimnet2,253,C6H10N1O2S2,21,0.0014935033049325,0.0014406393588572881,0.001423913099647626,0.0014238548318769716,6.964847305552865e-05,5.82677706494483e-08
aimnet2,254,C4H7N1O4,16,0.0007799914369675995,0.0006920333894182052,0.0006507933598370591,0.0006507917344010618,0.00012919970256653783,1.6254359996397054e-09
aimnet2,255,C9H12N2,23,0.0009690277478176994,0.0009477074470729763,0.000939758762546548,0.0009397508540577204,2.9276893759978985e-05,7.90848882710652e-09
aimnet2,256,C3N2O5,10,0.0007137795882179974,0.0006654284900778991,0.0005078901106231772,0.000507887162223,0.00020589242599499744,2.9484001744813788e-09
aimnet2,257,B2C7H20N3,32,0.0015419939413988,0.0015175919015843818,0.0014753745715116629,0.0014753344389443878,6.665950245441239e-05,4.013256727028186e-08
aimnet2,258,C12H18N2,32,0.001574222385307399,0.00151699824336176,0.0015000906888510402,0.0015000570923591231,7.416529294827574e-05,3.359649191674447e-08
aimnet2,259,C8H8P2,18,0.000952375457842097,0.0009296604531339645,0.0008523562137784028,0.0008523208209316389,0.00010005463691045813,3.5392846764360336e-08
aimnet2,260,C3H8N2O1,14,0.0006598202684282004,0.0006380223117177093,0.00063478024899747,0.0006347740265567531,2.504624187144734e-05,6.222440718892686e-09
aimnet2,261,C10H10N4O1,25,0.0009805204005411785,0.0009730161996944465,0.0009499885641308069,0.0009499848904472727,3.053551009390545e-05,3.6736835317573654e-09
aimnet2,262,C8H9N2O2,21,0.0013582048317101216,0.0013349656693960054,0.0013195954154069426,0.0013195844445721798,3.8620387137941536e-05,1.0970834765960212e-08
aimnet2,263,C6Cl1F2H14N2,25,0.001496935332167302,0.0014016671818122017,0.0013816067517192362,0.0013815165384203215,0.00011541879374698033,9.021329890911343e-08
aimnet2,264,C4H7N3O1,15,0.0007189130980740879,0.0006881888451613526,0.0006670151584121287,0.0006670109848692867,5.190211320480121e-05,4.173542833362975e-09
aimnet2,265,C3H6N2O2,13,0.0011345677996061005,0.0010569872043469165,0.0010246906095746388,0.001024687457597488,0.00010988034200861233,3.1519771519140736e-09
aimnet2,266,C4H4N2O2S1,13,0.000634089362380694,0.0005649784261594158,0.0005347774136506862,0.0005347706466765267,9.931871570416735e-05,6.766974163046209e-09
aimnet2,267,C4H5N3O1,13,0.0006479984927941016,0.0006409536886971767,0.0006307313794629272,0.0006307298110432332,1.726868175086845e-05,1.5684196957688392e-09
aimnet2,268,C8H14N3,25,0.0010372619345032008,0.0010151832949257245,0.0009843431016913207,0.0009843369939057669,5.292494059743409e-05,6.107785552789189e-09
aimnet2,269,C10H5N1O5S2,23,0.0018864127802449115,0.0018644889287476043,0.0018131001376444948,0.00181308852897559,7.332425126932149e-05,1.1608668903293337e-08
aimnet2,270,C6H10N2O1,19,0.0015440129044755353,0.0015076274535821756,0.001387967571794428,0.0013879598169803144,0.00015605308749522083,7.754814132145244e-09
aimnet2,271,C6Cl1H11N1O3S1,23,0.0008066898231451009,0.0007744672910640933,0.0007546588928775453,0.0007546313548846876,5.205846826041343e-05,2.7537992859491752e-08
aimnet2,272,C8Cl2F2H15N3O3,33,0.0019341079754084999,0.001931633027655314,0.0018379486502363472,0.0018379001219035217,9.620785350497807e-05,4.852833282355364e-08
aimnet2,273,C5H9N2O1,17,0.0011401184627767092,0.001135032097258978,0.0011112713680299037,0.001111235024228252,2.888343854845696e-05,3.6343801649159636e-08
aimnet2,274,C5H4N5,14,0.0007123848325042002,0.0007070138363293362,0.0006486531351650408,0.0006486370114335819,6.374782107061829e-05,1.6123731458522545e-08
aimnet2,275,C10H8N2Se1,21,0.0008074734986653978,0.0008015379813059638,0.0007965568791448768,0.0007965450342869818,1.092846437841586e-05,1.1844857890387326e-08
aimnet2,276,C11Cl2H12O3S1,29,0.0013022991935278973,0.0012821611195075612,0.001259822617581733,0.0012598091172315398,4.249007629635755e-05,1.350035019108446e-08
aimnet2,277,C8H14N2,24,0.0010738285478931989,0.0010601223844381163,0.0010071798746328936,0.0010071734378425193,6.665511005067978e-05,6.4367903739594e-09
aimnet2,278,C4F6H3O1,14,0.0016268488225377005,0.0016153767089170865,0.0015384791742470841,0.0015384756047228587,8.837321781484171e-05,3.5695242265303673e-09
aimnet2,279,C5H12N3,20,0.001023811966941503,0.001019126526852977,0.0009810157140862144,0.000980997240090965,4.281472685053784e-05,1.8473995248254662e-08
aimnet2,280,C10F2H13N3O7S2,37,0.003999040253484597,0.003883037704630443,0.0038671175735034645,0.003867110283450654,0.0001319299700339429,7.290052811029056e-09
aimnet2,281,C3N3O4P1,11,0.0027212458667535016,0.002508402688743384,0.00183391383657739,0.0018338598307887088,0.0008873860359647928,5.4005788678705503e-08
aimnet2,282,C4H6O1S2,13,0.00048556504303810295,0.00047530367038288484,0.0004678150313407647,0.00046780571986971116,1.775932316839177e-05,9.311471055313491e-09
aimnet2,283,C4H1N3S2,10,0.0008745030747439941,0.0008569858846199743,0.0008528934767096662,0.000852891142851442,2.1611931892552264e-05,2.3338582252785004e-09
aimnet2,284,C3Cl1H1N2O1,8,0.00037481053633109607,0.0003353912978471598,0.00033390521722063217,0.00033388519771652297,4.092533861457311e-05,2.001950411113064e-08
aimnet2,285,C9H13N6O2,30,0.0019674859572073053,0.0019380425062729785,0.0017972166509864838,0.0017972044006032539,0.00017028155660405152,1.2250383232571999e-08
aimnet2,286,C16Cl1H19N1O1,38,0.002539296588928996,0.002489116073147086,0.0024572451726049787,0.002457206081141479,8.20905077875179e-05,3.9091463499763026e-08
aimnet2,287,C9H14,23,0.001190433981421298,0.0011561958292410867,0.0011310835802304743,0.0011310600063218483,5.937397509944955e-05,2.3573908630562607e-08
aimnet2,288,C5H11N2O2S1,21,0.0014905539031369005,0.0014657943997857927,0.0013522717641990078,0.00135223508090843,0.0001383188222284701,3.668329057914552e-08
aimnet2,289,C9H7N5,21,0.0009517785277095885,0.0009456204269095391,0.0009326437746530437,0.000932633889075476,1.91446386341124e-05,9.885577570440523e-09
aimnet2,290,C6H7O4P1,18,0.0016580536881950025,0.0015787618769014476,0.0013642407736784298,0.001364178044455066,0.0002938756437399365,6.272922336319936e-08
aimnet2,291,C8H17N4O5,34,0.0017138992712811025,0.0017092324992104258,0.001672869668549903,0.0016728661059869422,4.103316529416076e-05,3.5625629647842647e-09
aimnet2,292,C2F3N1O2,8,0.00044578367888640786,0.00039039031595320263,0.00036253464585600547,0.00036250192864108383,8.328175024532418e-05,3.271721491753618e-08
aimnet2,293,C7H12S1,20,0.000743822486820798,0.0007257245005817424,0.0006862094898751978,0.0006861560718961162,5.766641492468166e-05,5.34179790820378e-08
aimnet2,294,C11H12I1N5S1,30,0.0019991948394028013,0.0019239815197015587,0.0017280286899272156,0.0017280199183584226,0.00027117492104437846,8.771568793105177e-09
aimnet2,295,C9H18N4,31,0.001502972084437398,0.0014859742055408857,0.001457106562863058,0.0014570890165885512,4.5883067848846734e-05,1.7546274509780448e-08
aimnet2,296,C5F4H5O3,17,0.0020333453220516997,0.0018987428836178377,0.0018803277526751288,0.0018803014787605135,0.00015304384329118645,2.6273914614807453e-08
aimnet2,297,C8H15N2,25,0.0009617166701511979,0.0009099814368949664,0.0008921518933945737,0.0008920767989543267,6.96398711968711e-05,7.509444024666778e-08
aimnet2,298,Br1C4F1H5O3P2,16,0.002656827548747208,0.002455588489742648,0.0022768676923743464,0.002276845839475036,0.00037998170927217197,2.185289931471219e-08
aimnet2,299,C6H9N2,17,0.0007362965620501923,0.0007272810883102143,0.0006862550018937956,0.0006862540887913367,5.004247325885558e-05,9.131024582151688e-10
aimnet2,300,C3H6N1O1P1,12,0.0009564177125142972,0.0008924016074003516,0.0007164583990389258,0.0007164528201774957,0.0002399648923368016,5.578861426758111e-09
aimnet2,301,C13H16O5S1,35,0.0016528505007672018,0.001572014263321288,0.0015147204862458812,0.0015147033760653952,0.00013814712470180642,1.7110180486577756e-08
aimnet2,302,C11H14N6O3,34,0.002630178704938002,0.002603234753393002,0.0025575272383444553,0.002557484268353801,7.269443658420205e-05,4.29699906539425e-08
aimnet2,303,C6H10N3O1,20,0.0008767074443043968,0.0008473413965102708,0.0008402851132026935,0.0008402809588642794,3.642648544011724e-05,4.154338420189655e-09
aimnet2,304,C15F3H20N1,39,0.0034348816533223987,0.0034024878166126864,0.003262612138759277,0.003262520073875553,0.00017236157944684505,9.206488372128354e-08
aimnet2,305,C6Cl1H2N3,12,0.0005135592966755999,0.0005069810198247364,0.00047445349083981655,0.0004744375506924283,3.91217459831717e-05,1.594014738870698e-08
aimnet2,306,C2H4N3O4,13,0.0004544559801015998,0.0004508667992520423,0.00043047531471649775,0.0004304721880452386,2.3983792056361247e-05,3.126671252542218e-09
aimnet2,307,H5N3O1,9,0.0005332253329609997,0.000517501360631222,0.0005114967898806607,0.0005114945633900849,2.1730769570914688e-05,2.22649057530818e-09
aimnet2,308,C3H7N3O1,14,0.0005312111410513056,0.0005261292790420798,0.0004981909521125682,0.0004981878936717412,3.302324737956431e-05,3.0584408230637314e-09
aimnet2,309,B1C1H3O1S2,8,0.0005126539453984005,0.00040368869993356263,0.0003289374533893914,0.00032862189799471236,0.00018403204740368839,3.155553946801451e-07
aimnet2,310,B1C2F1O4,8,0.0032285020980572137,0.003138351946371486,0.003093147947907324,0.0030931127051273166,0.000135389392929897,3.5242780011350396e-08
aimnet2,311,C2H1N3,6,0.0004349831974035031,0.0004342764033236494,0.00042916033872030413,0.0004291472506297026,5.8359467738005195e-06,1.3088090600755302e-08
aimnet2,312,C9H17N4O1,31,0.001572758574551001,0.0015376157723617056,0.0015076176585511229,0.001507605180798858,6.515339375214336e-05,1.2477752272446291e-08
aimnet2,313,C12Cl6H5O2,25,0.00160888606756889,0.00152230610853314,0.0014361922536100472,0.0014361863770196782,0.00017269969054921181,5.87659036838258e-09
aimnet2,314,C2H7N4O2,15,0.0012597509775734079,0.001242079125382852,0.0012053548803088072,0.0012053429075794626,5.440806999394511e-05,1.1972729343814717e-08
aimnet2,315,C3H4O2S1,10,0.0004675089370228984,0.0004140548538137941,0.0003060769865043145,0.00030607296854535205,0.0001614359684775464,4.017958959601485e-09
aimnet2,316,C10F6H1N2O2,21,0.003922265538042003,0.003568178348118481,0.003473780755309567,0.0034737772741921134,0.0004484882638498904,3.481117454949435e-09
aimnet2,317,C3F1H5N1O3,13,0.0005888393691883017,0.0005101653931583342,0.00046811085507858166,0.0004681023493172743,0.00012073701987102742,8.505761301251443e-09
aimnet2,318,C4H11N5,20,0.0012752885657645176,0.001265836468355131,0.00121408077009804,0.0012140696366164496,6.121892914806783e-05,1.113348158840054e-08
aimnet2,319,C12Cl1H19N2O3Si1,38,0.002181280188096999,0.0021201234977568898,0.002029976126697769,0.002029975718669048,0.00015130446942795153,4.08028719824108e-10
aimnet2,320,C1Cl1H2N1O2S1,8,0.0013343593456328906,0.0012998804370607366,0.0011036977172447652,0.0011036728172668776,0.00023068652836601288,2.489997788837697e-08
aimnet2,321,C6H8N2O1,17,0.0006517966334259001,0.0006512128237389646,0.0006250515312546622,0.0006250340624775872,2.676257094831277e-05,1.7468777074571627e-08
aimnet2,322,C15H19N4O1,39,0.0019805931934006,0.001979057947404622,0.0019695773224371873,0.0019695657193015675,1.1027474099031802e-05,1.160313562202362e-08
aimnet2,323,C4H5N3O1,13,0.00037235868261830725,0.00035524928908974387,0.0003350301443612527,0.00033502434147898643,3.7334341139320736e-05,5.8028822619533046e-09
aimnet2,324,C3H5N3O2,13,0.00035630597721030173,0.0003361635439358843,0.00032280507524840853,0.0003227985151108444,3.350746209945733e-05,6.5601375701237795e-09
aimnet2,325,C16H13N1O1S1,32,0.0015437267542212003,0.0015193358675014473,0.0014864068757970603,0.0014863869245102415,5.7339829710958685e-05,1.995128681870145e-08
aimnet2,326,C7H12N3S1,23,0.0011649527163457008,0.0011496028212380652,0.0011273949151742678,0.0011273866880691036,3.756602827659697e-05,8.227105163463039e-09
aimnet2,327,C6H9N4,19,0.001211697392641996,0.00120496025380254,0.0011643919216898426,0.001164374869800035,4.7322522841960805e-05,1.7051889807973618e-08
aimnet2,328,C5F3H3,11,0.0017476561948563988,0.0016707785036689873,0.0012020147654005838,0.0012020124554202377,0.0005456437394361613,2.3099803480005974e-09
aimnet2,329,C13H17N4,34,0.0014367887130056955,0.0014184956165398217,0.0014012292385976945,0.0014012179809240817,3.55707320816138e-05,1.1257673614320334e-08
aimnet2,330,C4H4N5O3S1,17,0.0016108454019389015,0.0014977503071835932,0.001488126351029844,0.0014881189646456221,0.00012272643729327923,7.3863842237225415e-09
aimnet2,331,C6Cl1F3H7N2,19,0.0016345287381115986,0.0015778144032053325,0.0015225022512036248,0.0015224683479876497,0.00011206039012394862,3.390321597407872e-08
aimnet2,332,C6H2O2,10,0.00028494348383960067,0.0002784743509998729,0.0002608046866689521,0.0002608023911057013,2.4141092733899293e-05,2.295563252583885e-09
aimnet2,333,C4H4N5S1,14,0.0007704493223600011,0.0007644918213377019,0.0007535268864908343,0.0007535247128029805,1.692460955702075e-05,2.173687853553446e-09
aimnet2,334,C6H10O3,19,0.001072854085503805,0.0010428305748088956,0.0010321040720951693,0.0010320827282800514,4.077135722375366e-05,2.1343815111490923e-08
aimnet2,335,C4H6N7S1,18,0.0008979122313242034,0.0008602023999083637,0.0008169391468764905,0.000816823038448129,8.108919287607444e-05,1.1610842836299037e-07
aimnet2,336,C5H13N1O2P2S1,24,0.0018464852212990968,0.001841166623812355,0.0018019682941315107,0.00180193459738369,4.455062391540701e-05,3.3696747822238793e-08
aimnet2,337,As2S4,6,0.0026758369626537037,0.0016325301796807517,0.0014227461821385574,0.0014218491122070511,0.0012539878504466537,8.970699315076998e-07
aimnet2,338,C4Cl5H2N1O1,13,0.0007358430579487003,0.000704147789644184,0.000677507667975876,0.0006775041411034629,5.833891684523735e-05,3.526872414060024e-09
aimnet2,339,C3H5N5O1,14,0.0009909054053419005,0.0009474584476176232,0.0009281078853526986,0.0009281021704068368,6.280323493506378e-05,5.714945860143442e-09
aimnet2,340,C6H13N2O2,23,0.0011270015271169988,0.0010957823115078863,0.0010825322223905831,0.0010825113661454297,4.449016097156892e-05,2.085624515324553e-08
aimnet2,341,C15H11N1O2S1,30,0.0017742255510342008,0.0017142576205845235,0.0016896691285396717,0.0016896684923977208,8.455705863647984e-05,6.361419519732307e-10
aimnet2,342,C3H6N5S2,16,0.0010409524575956998,0.0010283148177554677,0.001020626255778015,0.0010206034010481493,2.0349056547550304e-05,2.2854729861005574e-08
aimnet2,343,C2F1H8O2Si2,15,0.0018648157065747051,0.001797397439174142,0.0017606200073683079,0.0017605929057400661,0.00010422280083463926,2.7101628238592076e-08
aimnet2,344,H3N5P1,9,0.0007826393850738981,0.0007756486088674116,0.0007558660152300994,0.0007558643317629356,2.677505331096247e-05,1.6834671660445844e-09
aimnet2,345,C4Cl3H1O1,9,0.0003068471839764955,0.00028919638088659725,0.0002546642225133849,0.0002546531467963094,5.2194037180186076e-05,1.107571707647915e-08
aimnet2,346,C8H11N1O1,21,0.0009123637609761986,0.0008569068228629569,0.000826548505560701,0.0008265084651686974,8.58552958075015e-05,4.004039200120523e-08
aimnet2,347,C1H1I1N2O2S1,8,0.0006850207295305989,0.0006348997504754503,0.00047386318358584644,0.00047384959029743006,0.00021117113923316874,1.3593288415972216e-08
aimnet2,348,C15F2H13N1O1,32,0.002171334581445708,0.0020810478216102173,0.00207414352435763,0.0020741388989972114,9.719568244849677e-05,4.625360416390399e-09
aimnet2,349,C6H17N2O1S1,27,0.002076346275864102,0.002015650392232562,0.00201034987347072,0.00201019835817311,6.614791769099226e-05,1.5151529761226568e-07
aimnet2,350,C12H18N4S1,35,0.0010176189965703003,0.0010068910598269368,0.0009739216761255479,0.000973918978645732,4.370001792456819e-05,2.6974798171488963e-09
aimnet2,351,C6F2H7I1N1O1,18,0.0012755722841157925,0.0011956886015611827,0.001123956076952076,0.00112394537890229,0.00015162690521350263,1.0698049791540939e-08
aimnet2,352,C6H7N1O1,15,0.0007351105252429993,0.0007194120894828065,0.0007081983562737682,0.0007081849731002488,2.6925552142750524e-05,1.3383173518543757e-08
aimnet2,353,Br1C10F1H13N3O1S1,30,0.0022328414976545,0.002106783015029864,0.0020603355700821004,0.002060333374249694,0.000172508123404806,2.195832407321656e-09
aimnet2,354,C4H5N1O3S1,14,0.001011878695046699,0.000964759794937621,0.0009144293697190371,0.0009144209015678124,9.745779347888652e-05,8.468151231381856e-09
aimnet2,355,C5H9N4O2S1,21,0.0020069588822855945,0.001993865554968222,0.0019710781276729094,0.001971069767481704,3.588911480389018e-05,8.360191206517617e-09
aimnet2,356,C11H15N2S2,30,0.0010510406094411974,0.0010183979724907885,0.0010033935140016954,0.001003378463385564,4.7662146055633224e-05,1.5050616130623502e-08
aimnet2,357,C4H6N2O2,14,0.0007720467647226066,0.0007656979466511862,0.0007409286921702846,0.000740887381256438,3.115938346616878e-05,4.131091384286123e-08
aimnet2,358,C9H18N2S2,31,0.002213192529464404,0.002200266271983224,0.002157250868577735,0.0021572455294281124,5.5947000036291226e-05,5.339149619536018e-09
aimnet2,359,C3H2N9O8,22,0.0015467660480047959,0.0015077556802426196,0.0014916144041898938,0.0014916112259470327,5.515482205776319e-05,3.1782428637236233e-09
aimnet2,360,Cl2H1N1P1S1,6,0.000961330583656699,0.0009425981227463793,0.0009165868170595469,0.0009163069024643287,4.502368119237029e-05,2.799145952150542e-07
aimnet2,361,C5H17N1Si2,25,0.0012071516380530007,0.001152710529675032,0.0011189293241553188,0.0011188870860321825,8.826455202081814e-05,4.2238123135756757e-08
aimnet2,362,C1H5N1O3Si1,11,0.0005582507611093,0.00046722228111378204,0.0004547132463606101,0.0004547130324767625,0.00010353772863253737,2.1388384741222095e-10
aimnet2,363,C7Cl2H6N3,18,0.0009045974945393,0.0008501699368818337,0.0008261103354423409,0.0008260942309761799,7.850326356312036e-05,1.610446616280425e-08
aimnet2,364,C9H19N3O3S1,35,0.0017792795085917069,0.001680209269763965,0.0016625088613420834,0.0016624602615101349,0.00011681924708157194,4.85998319410142e-08
aimnet2,365,C9H13N1O2,25,0.0017058451588165978,0.0016881171836693042,0.001640665593374618,0.0016406329150486323,6.521224376796546e-05,3.2678325984142975e-08
aimnet2,366,C3H6I1N2,12,0.000998053609593403,0.0009588049895663945,0.0009327846179368779,0.0009327820313128833,6.527157828051942e-05,2.5866239940241535e-09
aimnet2,367,C6F1H16N1O5P1,30,0.0018442020478670914,0.0017727450031371497,0.0017393761892414796,0.0017393536152928418,0.00010484843257424985,2.2573948642398758e-08
aimnet2,368,C6H6N4S1,17,0.0008050769078607978,0.000792374983168019,0.0007853802409699282,0.0007853687611405812,1.9708146720216538e-05,1.1479829341093616e-08
aimnet2,369,B1C10F3H20N1O1P1,37,0.0037812768297367,0.003690257643432348,0.003635625397897297,0.0036356188106878157,0.000145658019048885,6.587209478273076e-09
aimnet2,370,C6H12N3,21,0.0009554152423994076,0.0009170863494434775,0.0008653729184797078,0.0008653485445893035,9.006669781010401e-05,2.437389040430986e-08
aimnet2,371,C7Cl1H7N2O4S1,22,0.0044802952402581905,0.0043091972832743864,0.003745697460661042,0.0037456653019287463,0.0007346299383294445,3.2158732279455463e-08
aimnet2,372,C8H4N1O1S2,16,0.0007140246344473013,0.0006605647940662805,0.0006245139077863058,0.000624501040119329,8.952359432797238e-05,1.2867666975333017e-08
aimnet2,373,C10H15N5O3,33,0.0021227871582187034,0.0021126224821388026,0.0020891872819739053,0.0020891698529239148,3.361730529478961e-05,1.74290499910521e-08
aimnet2,374,C16H20O2,38,0.0020719371276537134,0.002048260213859103,0.0020225052227154866,0.0020224516127549117,4.9485514898802094e-05,5.3609960567106434e-08
aimnet2,375,C5H7N3O1,16,0.0008221535138318996,0.000796720393299537,0.0007878387161757776,0.0007878383121279518,3.431520170394802e-05,4.0404782583021264e-10
aimnet2,376,C1F1H2N1O2,7,0.0004587892732061922,0.00044342900292616025,0.0003746384491931753,0.000374610430134972,8.41788430712201e-05,2.8019058199479822e-08
aimnet2,377,Br1C4H7N1O1S1,15,0.0007091688743695984,0.0006831402522506104,0.0006739189880572152,0.0006738952140625883,3.527366030701024e-05,2.3773994626738464e-08
aimnet2,378,C8H17S9,34,0.001428444432931796,0.0013715791827270665,0.0012893110797214688,0.001289247247223598,0.00013919718570819841,6.383249787199726e-08
aimnet2,379,C9H6N4O1S1,21,0.0017916519557665928,0.0016395590598748998,0.0016314970646882207,0.001631494034008179,0.0001601579217584144,3.030680036679814e-09
aimnet2,380,C19H14S1,34,0.001479430968763101,0.0014275756411146299,0.0014228254618914647,0.00142282273655478,5.6608232208320806e-05,2.7253366850899857e-09
aimnet2,381,C8H12O6,26,0.0021042805646657985,0.0020389746344474306,0.0020064007303776175,0.0020063354877165704,9.79450769492284e-05,6.524266104622812e-08
aimnet2,382,C5H6N2O1,14,0.0005606994160716009,0.0005573267485279923,0.0005551660956674817,0.0005551625917457831,5.536824325817788e-06,3.5039216989979027e-09
aimnet2,383,C13H16N2O2,33,0.0016141199772498082,0.0016001191668577794,0.0014571220497933135,0.0014570954079815449,0.00015702456926826316,2.6641811765836492e-08
aimnet2,384,C8H15N4,27,0.002212363636204299,0.002111302842122214,0.0020362331952709224,0.0020362049188064543,0.0001761587173978445,2.827646446881582e-08
aimnet2,385,C3H6N6,15,0.0009951923902617955,0.0009902817704241812,0.0009740678436741346,0.0009740280930593128,2.1164297202482533e-05,3.975061482180736e-08
aimnet2,386,C3H3I1N1O1S1,10,0.0010509305869527946,0.0009552815761700883,0.0008613096113758731,0.0008612850461987292,0.00018964554075406558,2.4565177137537887e-08
aimnet2,387,C5H13N1O2S1,22,0.0015671176945929032,0.0014865277580659434,0.00124807897524571,0.0012480656682847732,0.00031905202630812984,1.3306960929421445e-08
aimnet2,388,C4H4N2,10,0.0006085305325779977,0.0006042503878080518,0.0005956063368146966,0.0005955608747540506,1.296965782394701e-05,4.546206064420391e-08
aimnet2,389,C7H8N2O1,18,0.0007390457898946007,0.0006945339121255273,0.0006403728206222485,0.0006403071101552527,9.873867973934825e-05,6.571046699233771e-08
aimnet2,390,C9H12N3O2,26,0.0015458085409350022,0.0015366448681002147,0.0014395293810336596,0.0014395204217085274,0.00010628811922647476,8.959325130942188e-09
aimnet2,391,H2N1P1S1,5,0.0008635081212744123,0.0007807336324331145,0.0007492049784327249,0.00074914216179521,0.00011436595947920211,6.281663751251759e-08
aimnet2,392,C11H11N3O3S3,31,0.002177284666154314,0.0020701359032774327,0.002061602027875736,0.002061570648006021,0.00011571401814829303,3.1379869709589346e-08
aimnet2,393,C7H13N1O2P1,24,0.003405499575704703,0.0032844945261857133,0.003245650215095486,0.0032456149840598917,0.00015988459164481173,3.523103559131488e-08
aimnet2,394,C11H19N4O3,37,0.002545350883623103,0.0025068826415425402,0.002488670557964128,0.002488651872583737,5.6699011039366504e-05,1.8685380391800133e-08
aimnet2,395,C8H14N2S2,26,0.0013869495525767037,0.0013655651924923697,0.001296687675439351,0.0012966848628136172,9.026468976308657e-05,2.8126257343489404e-09
aimnet2,396,C8H12N2S1,23,0.0008810245414704993,0.0008591520999555492,0.0008420514091865446,0.0008419610668425167,3.906347462798252e-05,9.034234402990333e-08
aimnet2,397,C12H12N4O1S1,30,0.0013995913411384963,0.0013781362761284563,0.001369892443651315,0.00136988629896846,2.9705042170036405e-05,6.144682852554569e-09
aimnet2,398,C2H4N1O1P1S1,10,0.0008862951633042007,0.0008176916004606706,0.0007822298194963577,0.0007822194456111286,0.00010407571769307205,1.0373885229107636e-08
aimnet2,399,C15Cl1H18O2,36,0.0019873993633059027,0.0018614898851579231,0.0018415955928681375,0.001841581520876659,0.00014581784242924387,1.4071991480726702e-08
aimnet2,400,C4H7N1O1S1,14,0.0005777140098882992,0.000530445305055764,0.00051971806619207,0.0005197166153506793,5.7997394537619704e-05,1.4508413910266297e-09
aimnet2,401,C11Cl1H9N6S1,28,0.002664024234264102,0.0025838499749970215,0.0025573400967183837,0.002557322548558509,0.00010670168570559412,1.7548159871197418e-08
aimnet2,402,C1H2N2O1S2,8,0.000711026816735603,0.0006986275782153803,0.0006434484151957935,0.0006434406307234203,6.758618601218271e-05,7.784472372636057e-09
aimnet2,403,C4Cl1H5,10,0.00024454884996390013,0.00022940995258765792,0.00022573919667802416,0.0002257375832707064,1.8811266693193672e-05,1.6134073159910575e-09
aimnet2,404,C10H12O4,26,0.001355923737383907,0.0013142111911367297,0.0013053825437593205,0.001305359938156498,5.056379922740884e-05,2.2605602818296014e-08
aimnet2,405,C13H15O2Si1,31,0.0023705876080990927,0.0022525161278275033,0.0022399791041530013,0.002239975910709878,0.00013061169738921518,3.193443119765526e-09
aimnet2,406,C3H4N2O2,11,0.00030328512197649914,0.00029061460129128073,0.00026555632232690157,0.00026555125451820387,3.773386745829528e-05,5.067808696604032e-09
aimnet2,407,C3H6P3,12,0.0005101939300216998,0.0004336753692730654,0.0004058057715072315,0.0004057626501232552,0.00010443127989844464,4.312138397701745e-08
aimnet2,408,C11H17N3O1,32,0.0014992875981823923,0.00148464012396121,0.0014538086104159851,0.0014538070973874142,4.548050079497795e-05,1.5130285670083323e-09
aimnet2,409,C6H12N3,21,0.0007559580320774016,0.0007360789066787149,0.0007243267995492872,0.0007243123400822546,3.164569199514693e-05,1.4459467038483235e-08
aimnet2,410,C6H14N1S2,23,0.0011265451743482013,0.001083685406002376,0.0010723652511743017,0.0010723529182933647,5.419225605483609e-05,1.2332880931619084e-08
aimnet2,411,C4Cl1F6H1O1,13,0.002918002667924798,0.0025109249960111467,0.002403328567690343,0.002403293300832228,0.0005147093670925701,3.5266858114237926e-08
aimnet2,412,C7H4N4,15,0.0006626860228008166,0.0006597739595039299,0.0006466952238658818,0.0006466921791280285,1.5993843672788207e-05,3.044737844903555e-09
aimnet2,413,C12Cl1H10N3O2,28,0.0014612936805153034,0.0014397328390209636,0.0014336900996647628,0.001433687221340268,2.7606459175035437e-05,2.8783244899276382e-09
aimnet2,414,C4H5N1S2,12,0.0007900061400341988,0.0007108174950141408,0.0006845756340203075,0.0006845747918511728,0.00010543134818302572,8.42169139391138e-10
aimnet2,415,C5H4N5,14,0.0004624276755438987,0.0004495297344829632,0.0004185494817767255,0.00041853987068147267,4.388780486242608e-05,9.611095252264606e-09
aimnet2,416,C9H9N1O3S1,23,0.0013618106898941017,0.0013449147562137004,0.0013262903882283973,0.0013262827010110006,3.5527988883101064e-05,7.687217400514804e-09
aimnet2,417,C4H9N1O1,15,0.0007598963968855987,0.0007347090309100804,0.0007116986654961958,0.0007116635284000745,4.823286848552438e-05,3.5137096121882565e-08
aimnet2,418,C6H9N1O3,19,0.0009850565014117004,0.0009694489345707795,0.0009619598193099242,0.0009619553047734798,2.3101196638220438e-05,4.514536443371263e-09
aimnet2,419,C5Cl1H10N2S1,19,0.0009544549025370989,0.0009264512433257392,0.0008972720857135859,0.0008972641561961911,5.719074634090756e-05,7.929517391368834e-09
aimnet2,420,C9H10N6,25,0.0014160338385666006,0.0013951007350248472,0.0012794010673293965,0.0012793932741412427,0.00013664056442535822,7.793188152229965e-09
aimnet2,421,C3H4N3O2,12,0.000568357585885299,0.0005252027113814302,0.00043785715408967867,0.00043784992489686366,0.00013050766098843532,7.229192814290098e-09
aimnet2,422,C9H20O5,34,0.0017608785936426973,0.0017043868473763358,0.0016931540389515548,0.0016931513876980969,6.772720594460041e-05,2.65125345773299e-09
aimnet2,423,C4H7N3,14,0.0005531052339015893,0.0005380117908090008,0.00050336387062506,0.0005033459311535583,4.9759302748031074e-05,1.7939471506318488e-08
aimnet2,424,C5H10O1,16,0.0006618905058618003,0.0006217639415922442,0.00061730799878855,0.0006172536069464459,4.463689891535445e-05,5.439184210452476e-08
aimnet2,425,C12H20I2Si1,35,0.0019593158906078953,0.001859665315160961,0.0018186633982492687,0.0018185562114371781,0.00014075967917071705,1.0718681208656691e-07
aimnet2,426,C6H11N2O2S1,22,0.001288123583080107,0.0012722885702722614,0.0012457760807944957,0.0012457678752478632,4.235570783224393e-05,8.20554663238066e-09
aimnet2,427,C1H3O2P2,8,0.0023866557186147195,0.002085813704952137,0.0016895523648680086,0.0016894954910259333,0.000697160227588786,5.6873842065630435e-08
aimnet2,428,C2H8N1P2,13,0.0006789247346691067,0.0006543603753936036,0.0006107856762755303,0.000610782609222895,6.814212544621167e-05,3.0670526361878515e-09
aimnet2,429,C8H17N4O5,34,0.001463932143360201,0.001456676620269397,0.0014413541608492605,0.001441343305546389,2.2588837813812262e-05,1.0855302872484051e-08
aimnet2,430,C3H6N2O1S1,13,0.0008388982780946999,0.000772355635873177,0.0007456576184864032,0.0007456483090599909,9.324996903470899e-05,9.309426413609071e-09
aimnet2,431,C2H6N7,15,0.0009805196301530977,0.0009677038341057179,0.0009609321202159274,0.0009609146772860382,1.960495286705952e-05,1.744292989067826e-08
aimnet2,432,C5F3H7N2,17,0.0028184301138810025,0.002733687508646814,0.0025517807236365266,0.002551776828687465,0.00026665328519353773,3.894949061822952e-09
aimnet2,433,C3H1N3O3S2,12,0.0008482957596790982,0.0008431766803342037,0.0008406341778978326,0.0008406241332568168,7.671626422281373e-06,1.0044641015733501e-08
aimnet2,434,C7H9N2O2,20,0.0007617362674865005,0.0007458802081609594,0.0007356907785726423,0.0007356897902640724,2.604647722242808e-05,9.883085725195114e-10
aimnet2,435,C6H13N3O1,23,0.0016643009097366008,0.0016138081483986421,0.0015943709269572624,0.0015943138053319515,6.99871044046489e-05,5.71216253103839e-08
aimnet2,436,H1N1O1P2,5,0.0014349628100497986,0.0013925256265362913,0.00128855870465458,0.0012885483262313052,0.00014641448381849347,1.0378423222493249e-08
aimnet2,437,C10H10I2O3,25,0.0015405307218971098,0.001508649031196769,0.0014625635487905894,0.0014625587212786623,7.797200061844761e-05,4.827511928503435e-09
aimnet2,438,C8F3H8N1O1S1,22,0.002115627764950001,0.002065152907447396,0.002032139334918159,0.0020321278738514733,8.349989109852735e-05,1.1461066683081695e-08
aimnet2,439,C4H7N2O1S1,15,0.0006350576013823016,0.0006164326810426039,0.0005835109969884205,0.0005834983346556474,5.155926672665415e-05,1.2662332771144165e-08
aimnet2,440,C11Cl1H20N4O2S1,39,0.002615135816026201,0.002579479322963101,0.002570634812264617,0.002570526979750186,4.460883627601532e-05,1.0783251443078479e-07
aimnet2,441,C2F3H2O1,8,0.0010875331563826997,0.001043281408465611,0.0007849251260311236,0.0007849223457630112,0.0003026108106196887,2.78026811331127e-09
aimnet2,442,C4Cl2H5N2O1,14,0.0005241637313864997,0.0005102339158831864,0.0004928743961617127,0.0004928659874742962,3.129774391220339e-05,8.408687416860997e-09
aimnet2,443,C9H21N4,34,0.0010098269069531984,0.0010000823809042452,0.0009957992645915252,0.0009957827358924583,1.4044171060740447e-05,1.652869908120085e-08
aimnet2,444,C6F4H4N2O1,17,0.0028588172289666994,0.002698659178355736,0.0021693295221254802,0.0021692955312103647,0.0006895216977563341,3.399091511682746e-08
aimnet2,445,C8H9N3O2S2,24,0.0020138352370766004,0.001966555799063377,0.0019018513761281848,0.0019018455345970722,0.00011198970247952849,5.8415311094337076e-09
aimnet2,446,C13H22N2Si1,38,0.0017278819501985161,0.001672626027813137,0.0016577980973077515,0.0016577833378808565,7.009861231765965e-05,1.4759426889874059e-08
aimnet2,447,C6H8N8O4,26,0.0018137820344363098,0.001781648553349776,0.0017390613890840686,0.0017390350489331207,7.474698550318892e-05,2.6340150949624312e-08
aimnet2,448,C4H5N3O1,13,0.0003647986421014004,0.00034403861621878223,0.00030719852541156095,0.00030719233336200025,5.7606308739400125e-05,6.192049563303219e-09
aimnet2,449,C10H11N1O3S1,26,0.0011525711195708983,0.0011482068819899942,0.0011222144394989833,0.0011221947048778217,3.037641469307689e-05,1.9734621163106335e-08
aimnet2,450,C10H15N1O3,29,0.0018239233320231961,0.001748112163514954,0.0017362691362011278,0.001736245491134901,8.767784088829498e-05,2.364506623263949e-08
aimnet2,451,C8H17N1O3,29,0.0016867976285709833,0.0016802621672741586,0.0016188255469473172,0.0016188165191982214,6.798110937276175e-05,9.027749093054738e-09
aimnet2,452,C6H17I1N2P6,32,0.0017963327664473,0.0017825178551789424,0.0017695633499604485,0.0017694826117779427,2.6850154669357615e-05,8.073818251003532e-08
aimnet2,453,C8H16N3,27,0.0014836698734404011,0.0014622931762319489,0.0014526449290678497,0.0014526229364960484,3.104693694435239e-05,2.1992571801679414e-08
aimnet2,454,C1F2H6N3P2,14,0.00406753991128739,0.003950157112408079,0.003845356835564216,0.0038452118097986898,0.00022232810148870092,1.4502576552988567e-07
aimnet2,455,Br1C11H10N5,27,0.0010284447130857973,0.001018347189115837,0.000985259483741723,0.0009852406730027075,4.320404008308988e-05,1.8810739018537043e-08
aimnet2,456,C14Cl1H18N3O2,38,0.002697759878619899,0.0026927552169867543,0.002651624096444477,0.0026515753154627204,4.6184563157178575e-05,4.8780981754275947e-08
aimnet2,457,C4Cl1H4N1O4,14,0.0009075823296542025,0.0008754200448766872,0.0008126320082739878,0.0008126194064341566,9.496292322004568e-05,1.2601839831556042e-08
aimnet2,458,C2H3N2O4S1,12,0.0009418159082988064,0.0009192395632366048,0.0008799219010382145,0.0008799139138626065,6.190199443619984e-05,7.98717560760572e-09
aimnet2,459,C6H4O2,12,0.00046889792290090036,0.0004594440709751781,0.00045428677026990004,0.00045428664805617365,1.4611274844726779e-05,1.2221372140901068e-10
aimnet2,460,C6H6N3O3,18,0.0007138464435993987,0.0007101100346351995,0.0006829843649166309,0.0006829504264356239,3.0896017163774895e-05,3.39384810082755e-08
aimnet2,461,Br1C8H9O3,21,0.001050079319522606,0.000967276890734846,0.0009305309207521921,0.0009303922340047517,0.00011968708551785439,1.386867474379183e-07
aimnet2,462,B1C5H6O2,14,0.000585148554415297,0.0005042785107888795,0.00044640188559556576,0.00044639837942959736,0.00013875017498569955,3.5061659722580527e-09
aimnet2,463,C11H7I1N1S2,22,0.001223348273954301,0.0011612866695322728,0.0011410110875223773,0.0011409867602266755,8.236151372762544e-05,2.4327295696016788e-08
aimnet2,464,C1H2I2P1,6,0.001570040681837389,0.0014388777884385131,0.00112969282176336,0.0011295583577760557,0.0004404823240613339,1.3446398729694602e-07
aimnet2,465,C3F2H2N4O1,12,0.0005434466793112016,0.0005172678713627868,0.0005127490728955707,0.0005127440934015,3.070258590970174e-05,4.979494071479294e-09
aimnet2,466,Br1C15Cl4H13N1O2P1,37,0.001689439564273409,0.001676161947373943,0.0016659194504482287,0.0016657917590301272,2.364780524328207e-05,1.2769141811103192e-07
aimnet2,467,C9H7,16,0.00037275466166619735,0.00036567199334614593,0.00035707631349373673,0.0003570747622276753,1.567989943852208e-05,1.5512660638564752e-09
aimnet2,468,C6H10N4O1,21,0.0013819422747429007,0.0013697101998529913,0.0013577265573201363,0.0013577036239542622,2.4238650788638234e-05,2.2933365872530268e-08
aimnet2,469,Br2C9H12O1,24,0.0015481248885464063,0.0014959825501637395,0.0014495196709521263,0.0014494692879491447,9.865560059726166e-05,5.0383002980230654e-08
aimnet2,470,C9H16I1N3O3S1,33,0.0024740923416603023,0.002459399346573362,0.0024513822047258047,0.002451335482191544,2.2756859468759397e-05,4.6722534256583734e-08
aimnet2,471,C9H12N1S1,23,0.0006966836369824016,0.0006831158478882503,0.0006548697389562507,0.000654854950407684,4.182868657471777e-05,1.4788548567231024e-08
aimnet2,472,C5H8N2,15,0.0004364331875123001,0.0004289803787945432,0.00040347009643234975,0.0004034681058926611,3.2965081619638945e-05,1.990539705180829e-09
aimnet2,473,C14H16N2O2S2,36,0.001669437534564901,0.0016166491512037756,0.0015738548704221265,0.0015738504740335784,9.558706053132253e-05,4.396388547444064e-09
aimnet2,474,Br1C7F3H10N1O1,23,0.0017407477355157023,0.0015361836757234444,0.001532261020995877,0.0015321456662900194,0.00020860206922568294,1.1535470585676432e-07
aimnet2,475,C6H11N4O2,23,0.0015480636488450004,0.0015093445255236673,0.0014561312965134252,0.0014561146349716177,9.194901387338247e-05,1.6661541805108707e-08
aimnet2,476,C5H12O2S1Si1,21,0.0020471069875181054,0.0019507239169602984,0.0016642426173554528,0.0016641134750132204,0.0003829935125048838,1.29142342228815e-07
aimnet2,477,Br2C4I6,12,0.0015079701887836983,0.0014632288436293914,0.0012611837925950889,0.0012611428452896773,0.0002468273434940208,4.09473054115139e-08
aimnet2,478,C11H14N5O2,32,0.002060267866717994,0.002053700611386132,0.0020290777215917024,0.002029063430300071,3.1204436417922764e-05,1.4291291632964195e-08
aimnet2,479,C5H8O1S1,15,0.0007417601698230935,0.0006913564294146965,0.0006549462659025643,0.0006549249232498948,8.683524657319874e-05,2.1342652669210026e-08
aimnet2,480,C5H7N1O2,15,0.0008491327134728043,0.0008174680739649116,0.000773351960281377,0.0007733450926213211,7.578762085148329e-05,6.867660056101566e-09
aimnet2,481,C8H6N4S4,22,0.0012110806403061883,0.0011050743762234833,0.001077929312498766,0.001077924974010865,0.00013315566629532323,4.338487911492174e-09
aimnet2,482,C14H20N4O1,39,0.0030241874311931955,0.0029631336266402446,0.002940634072959227,0.0029406282716824485,8.355915951074609e-05,5.801276775728238e-09
aimnet2,483,C12H17N4O1,34,0.001968351791821098,0.001941403252469475,0.0019277345504196265,0.0019277325932983216,4.061919852277608e-05,1.9571213104869035e-09
aimnet2,484,C4Cl2H10O2P2S2,22,0.001337373522340601,0.0013102002099588932,0.0013038772946968808,0.001303867108307591,3.350641403301028e-05,1.0186389291567237e-08
aimnet2,485,C7H4N2O2S2,17,0.0006552555652577,0.0005345054990156081,0.0005103755305227627,0.0005103692068164653,0.0001448863584412345,6.323706297717932e-09
aimnet2,486,C2F6H1O4P1S2,16,0.005060360939274983,0.004972008408730705,0.004347304881471452,0.004347144211120102,0.0007132167281548819,1.6067035135839428e-07
aimnet2,487,C8H14N3O1,26,0.0012052248721336914,0.0010907507435390547,0.001066456393761483,0.0010664511184966736,0.000138773753637018,5.275264806448261e-09
aimnet2,488,C7H18P2,27,0.0013092609697282081,0.0012949787615473092,0.0012085653268359504,0.0012085341662679454,0.00010072680346026286,3.116056800304999e-08
aimnet2,489,C8H9N2O1S1,21,0.0010214608817983013,0.0009641934488486502,0.0009243153841840511,0.0009242995831291934,9.716129866910827e-05,1.5801054859116512e-08
aimnet2,490,C6H17N4,27,0.0011011268838175946,0.001100806633143177,0.001084799859009766,0.0010847982692969993,1.6328614520595397e-05,1.5897127645055874e-09
aimnet2,491,C14H14N5,33,0.0017569443509524846,0.0017318391634783144,0.001711723236544502,0.0017117210390878615,4.5223311864623356e-05,2.1974566456570716e-09
aimnet2,492,C10H16N2O1Si1,30,0.0015000932323698986,0.0013997555950164893,0.0013984100262823867,0.001398355446827633,0.0001017377855422656,5.457945475423713e-08
aimnet2,493,C3Cl6F1,10,0.0006625208956012022,0.0005522797009937721,0.0005013161937285598,0.0005013052430729336,0.00016121565252826884,1.0950655627234881e-08
aimnet2,494,C6H8N5O2,21,0.0008527266139707986,0.0008505907732368537,0.0008470125518810792,0.0008470006986568319,5.725915313966631e-06,1.1853224250002887e-08
aimnet2,495,C6H10N3,19,0.0007716190652634022,0.0007525385639270831,0.0007304633948465607,0.0007304609167317541,4.1158148531648015e-05,2.4781148067278976e-09
aimnet2,496,H10N5Si2,17,0.002578611826690802,0.00246743416002195,0.002466161907156193,0.0024661093613473134,0.00011250246534348818,5.254580888002347e-08
aimnet2,497,C4H8I1N4,17,0.0009135270718042947,0.0009101276708219728,0.0008695129173869508,0.0008694923536979991,4.403471810629545e-05,2.0563688952843596e-08
aimnet2,498,C10F3H10O5S1,29,0.0022041476451780027,0.002174626236521143,0.0021461120263821455,0.0021461075383482674,5.804010682973484e-05,4.488033877494773e-09
aimnet2,499,C5Cl2H8S1,16,0.00042309641584690116,0.00040344413623362603,0.0003908342329484487,0.000390831998081355,3.226441776554611e-05,2.234867094342277e-09
aimnet2,500,C10F1H12I1N4O4,32,0.0022321996723852,0.0022152581879260956,0.0021866311926913677,0.0021865979673560817,4.5601705029117836e-05,3.322533528756411e-08
aimnet2,501,C9H8N5O2S1,25,0.0019029102423137162,0.001897919190790818,0.0018703635282015386,0.0018703435800772306,3.256666223648595e-05,1.9948124296583505e-08
aimnet2,502,Br1C12F2H13N3O1S1,33,0.002214470871090499,0.002153993177758089,0.0021505781997482997,0.00215057543126873,6.389543982176802e-05,2.76847956864024e-09
aimnet2,503,C7H2N5O3S2,19,0.0014917571724730933,0.0014155172283031735,0.0013926452026301278,0.0013926207014286027,9.913647104449052e-05,2.4501201530711395e-08
aimnet2,504,C6F3H9N3,21,0.0019908134044355082,0.0018959198292866262,0.0018814828413464147,0.001881461491366331,0.00010935191306917755,2.1349980088645257e-08
aimnet2,505,C1H1N4S2,8,0.0005105817518206982,0.00038229537391694943,0.0003339125484232077,0.00033390856172303284,0.00017667319009766555,3.986700178292075e-09
aimnet2,506,C8H8N2O2,20,0.0009073379570377992,0.0008984464573172928,0.0008666718000542432,0.0008666646449670136,4.0673312070785766e-05,7.155087230517614e-09
aimnet2,507,C6H7N4O1,18,0.0013056882712508004,0.0012947890561750717,0.0012502482597600056,0.001250245606904338,5.5442664346462244e-05,2.652855666199477e-09
aimnet2,508,C1H5N5,11,0.0005119709729017992,0.000508031977781181,0.00047961915674583623,0.00047961834154286426,3.235263135893492e-05,8.152029716115734e-10
aimnet2,509,C14H13N4O1,32,0.0014940944371770008,0.0014857314233538566,0.0014559896240384095,0.0014559887157532152,3.810572142378575e-05,9.082851924554917e-10
aimnet2,510,C13F1H12N5,31,0.002416014827500796,0.002368462636022045,0.00226625575843971,0.00226625264650353,0.00014976218099726688,3.1119361788575774e-09
aimnet2,511,C4H7N1O1S2,15,0.0005353810310508191,0.0005034065822121483,0.00048206865031674793,0.000482046997694559,5.3334033356260145e-05,2.1652622176332117e-08
aimnet2,512,C4H10N2O1,17,0.0010557937637189,0.0010406384181621353,0.0009864185853919552,0.0009864173196720857,6.937644404681444e-05,1.2657198699150278e-09
aimnet2,513,C7H5O5,17,0.0014827303730853042,0.0012900400655139067,0.0012483086229109748,0.0012482946706918912,0.0002344357023934131,1.3952219078297587e-08
aimnet2,514,C5H9O3,17,0.0006912265836274,0.0006852426913912692,0.0006622953280709405,0.0006622908462621563,2.8935737365243422e-05,4.481808782276834e-09
aimnet2,515,C2H4N2O2,10,0.0010461572804282956,0.0010240754715012536,0.0010013099085223669,0.0010012713781545593,4.488590227373607e-05,3.853036781338775e-08
aimnet2,516,Br1C6Cl1H11N2O1,22,0.0011198604985573068,0.0010960206625229446,0.0010920141722037364,0.0010919313290366996,2.7929169520607394e-05,8.28431670332908e-08
aimnet2,517,C5H5N1O2,13,0.0003373443244957968,0.0003105850184103779,0.0003081107233532779,0.0003080965555053795,2.924776899041741e-05,1.4167847895859575e-08
aimnet2,518,C9H9N1,19,0.00047145784240099764,0.000456450023811271,0.00044412274947789167,0.0004441222080761354,2.733563432486217e-05,5.414017569130369e-10
aimnet2,519,C13Cl2H11N4O3P1,34,0.0019285141939248906,0.001816531040744678,0.0017668181036567944,0.0017668019169920716,0.00016171227693281855,1.61866647227922e-08
aimnet2,520,C7H7N1S1,16,0.0005663740996486003,0.0005549762730147176,0.0005283244928697391,0.0005282927124596031,3.808138718899722e-05,3.178041013546869e-08
aimnet2,521,C11Cl1F1H9N4O1,27,0.0012287984679040028,0.0011385356691626831,0.0011231512089670934,0.0011231432166427394,0.00010565525126126367,7.992324354229813e-09
aimnet2,522,C3H9N1O2P1,16,0.0010593597232566988,0.0009801493133518183,0.0009665160029705062,0.0009663868427573278,9.297288049937128e-05,1.291602131735916e-07
aimnet2,523,C5H9N3O1,18,0.0007811796966312081,0.0007407909502290274,0.0007144102463905538,0.0007143905146586801,6.678918197252804e-05,1.97317318710071e-08
aimnet2,524,C4H6N3O1P1,15,0.0007141085359391003,0.000701643100605047,0.0006526592368341006,0.0006526528032337502,6.145573270534999e-05,6.433600350841194e-09
aimnet2,525,Br3C4H6O2Si1,16,0.002885431699951201,0.0027110843089894338,0.0022461613668724213,0.0022460019840870957,0.0006394297158641054,1.5938278532622048e-07
aimnet2,526,C5H12O3S1,21,0.0017557210291074075,0.0016369432252916546,0.0015937650771443576,0.0015937588805134111,0.0001619621485939968,6.19663094476077e-09
aimnet2,527,C4H8N2O1S1,16,0.0010781665368905036,0.0010710340004798338,0.001054078680691871,0.0010540765529975643,2.408998389293932e-05,2.127694307104376e-09
aimnet2,528,C2H6N6S1,15,0.0006623239885754004,0.0006546071286482473,0.0006465408742285053,0.0006465356430064746,1.5788345568925775e-05,5.2312220289496856e-09
aimnet2,529,C2F1H9N3P1,16,0.002345721703831889,0.0022219805106451647,0.0021083902428551756,0.0021083823318958973,0.0002373393719359924,7.910959261933213e-09
aimnet2,530,C15H18N2O2,37,0.0019039362073189027,0.0018948331096909556,0.001885853731482711,0.0018858355397934012,1.8100667525502094e-05,1.8191689307264645e-08
aimnet2,531,C5H11I1N1O3,21,0.0009081473146016983,0.0008952580402512962,0.0008828958483612467,0.000882810678300409,2.5336636301289202e-05,8.517006083620278e-08
aimnet2,532,C2H4N2S4,12,0.000356547840796206,0.0003527790597161987,0.0003074717470351935,0.00030746213828799097,4.9085702508214986e-05,9.608747201740356e-09
aimnet2,533,C14H18N6O2,40,0.001925061952732102,0.0018720165920952541,0.0018531074854372278,0.0018531055716666054,7.195638106549642e-05,1.913770622382819e-09
aimnet2,534,C6H13N2O3,24,0.0011130386966125968,0.0011082855123761151,0.0010639627726711995,0.0010639533230746268,4.908537353797003e-05,9.449596571796856e-09
aimnet2,535,C3H7N1O1S1,13,0.0008323579365185122,0.0007956043418812267,0.0007745066739735418,0.0007745026815000231,5.785525501848892e-05,3.9924735188588964e-09
aimnet2,536,C9H16N4O1,30,0.0014513661070442128,0.0014151631750976927,0.0014037801846740288,0.0014037277367783055,4.76383702659076e-05,5.244789572377716e-08
aimnet2,537,C13H7N3S2,25,0.0011727201330505993,0.0011625178637736141,0.0011404469568025433,0.001140446445125411,3.2273687925188305e-05,5.116771315141914e-10
aimnet2,538,C2N2Se3,7,0.0020222086060590954,0.0019281488956103016,0.0016720371588469789,0.0016719747103206468,0.00035023389573844813,6.244852633701973e-08
aimnet2,539,C1H4N4O2S1,12,0.0020037976805941994,0.0019219064699715115,0.0016723967872133017,0.0016723894422522368,0.0003314082383419627,7.344961065139264e-09
aimnet2,540,C7Cl1H4N2O4S2,20,0.005427626908095384,0.0052645467583931965,0.004743044024941458,0.004743041042459892,0.0006845858656354931,2.9824815566301143e-09
aimnet2,541,C2H3N5O1,11,0.00038330031661009696,0.00037834821803031876,0.0003748539734043055,0.00037482919360966435,8.47112300043257e-06,2.477979464661223e-08
aimnet2,542,C4H6I2N1O3,16,0.0006975269437488027,0.0006844203877654716,0.0006713059951033128,0.0006712989073640442,2.6228036384758637e-05,7.087739266896295e-09
aimnet2,543,C12H15N1O3S1,32,0.002068756643051501,0.002058719413463167,0.002029979351020087,0.0020299555685208536,3.880107453064772e-05,2.3782499233474856e-08
aimnet2,544,C9H10N1O1S1,22,0.0018276828548686168,0.0017666747014392968,0.0017475484899096044,0.0017475270893211926,8.015576554742433e-05,2.1400588415597624e-08
aimnet2,545,C5H9N2S1,17,0.001067900564312301,0.0010370837834470085,0.0009809671023939944,0.0009809056206837904,8.699494362851041e-05,6.148171020419819e-08
aimnet2,546,C7H8O1,16,0.0005940109845560972,0.0005900252456191731,0.000573460116677864,0.0005734492653557148,2.0561719200382346e-05,1.0851322149201984e-08
aimnet2,547,C6H13N2O2,23,0.001150182658994801,0.0010930114909020003,0.0010776417727657711,0.0010776210116942206,7.25616473005806e-05,2.0761071550890217e-08
aimnet2,548,C11H9N2O1,23,0.0013519409882402108,0.0013228141249156755,0.0012693656926379502,0.0012693522311268501,8.258875711336034e-05,1.3461511102469086e-08
aimnet2,549,C2H9N4,15,0.001528058746375412,0.0015135628403951024,0.0014939018723317346,0.0014938794227472854,3.41793236281269e-05,2.244958444957545e-08
aimnet2,550,B1C12H12N1O1,27,0.0022941861516544825,0.002283386764509822,0.0022573280307014516,0.002257318756589773,3.686739506470889e-05,9.27411167713523e-09
aimnet2,551,C11Cl1H19N3O1,35,0.0023555225980599046,0.002267022360290934,0.0022605313076751853,0.00226052648584166,9.499611221824489e-05,4.821833525084948e-09
aimnet2,552,C5H11N6,22,0.001267008894275893,0.001265987149223785,0.0012393182186978457,0.0012393105692148545,2.7698325061038475e-05,7.649482987789323e-09
aimnet2,553,C10H13N2,25,0.0012521815513269,0.0012451289637435555,0.0012226810451937005,0.001222663851082962,2.951770024393762e-05,1.7194110737223328e-08
aimnet2,554,C13H15N2O3S2,35,0.0023499800465446004,0.002341929907641141,0.0023252761551863675,0.002325234446009826,2.474560053477407e-05,4.170917654422478e-08
aimnet2,555,C4H4O3P1,12,0.0005261509820149973,0.0005094113431343992,0.0004869074598898384,0.00048690553135648555,3.924545065851182e-05,1.928533355191911e-09
aimnet2,556,C9Cl1H7N5O2,24,0.0012868144186457984,0.001268364295725345,0.0012589275268654328,0.0012589178157029182,2.7896602942880026e-05,9.711162509496517e-09
aimnet2,557,C3H11N4,18,0.0010795439671795997,0.0010715779707568445,0.0010674837800886531,0.0010674773152619813,1.2066651917618182e-05,6.464826672085595e-09
aimnet2,558,B1C10H12N1,24,0.0008959552745728913,0.0008483846588996521,0.0008244006133190719,0.0008243927565792985,7.156251799359279e-05,7.856739770866496e-09
aimnet2,559,C3Cl5N1S1,10,0.0009250960266416996,0.0008865243889425795,0.0007963091886791479,0.0007962811992279165,0.00012881482741378318,2.798945123308821e-08
aimnet2,560,C5H7N2,14,0.0002381419053649009,0.0002010661618591076,0.00019793466059647675,0.00019792687192637386,4.021503343852708e-05,7.78867010312567e-09
aimnet2,561,C9F1H7N1O1S1,20,0.0015958995320194938,0.0015808153246423583,0.0015236477796045538,0.0015236452428056277,7.225428921386632e-05,2.536798929149038e-09
aimnet2,562,C8H7N2P1,18,0.0005515027424553998,0.0005166623968705717,0.0005147307878458937,0.0005147255965406858,3.6777145914713896e-05,5.191305206081833e-09
aimnet2,563,C1H3N2O2,8,0.00019951559490919874,0.00019701195437864868,0.0001922116702578602,0.0001922111651697428,7.304429739455949e-06,5.050881182012321e-10
aimnet2,564,Br1C9H8N4O2,24,0.0014000368128141995,0.0013807293559221076,0.0013268925246652209,0.00132687639741595,7.316041539824953e-05,1.6127249269577542e-08
aimnet2,565,C5F3H5N1S1,15,0.0007654253519897,0.0007314823014089477,0.0006922243158127312,0.0006922102896220127,7.321506236768752e-05,1.4026190721666557e-08
aimnet2,566,C4H8N2O2,16,0.0009055213371410115,0.0008925201168531449,0.0008747690831708538,0.000874768562641171,3.075277449984035e-05,5.20529682252896e-10
aimnet2,567,C7Cl1F2H4O1S1,16,0.0015213470577269943,0.0014738841467265415,0.0013327628056367452,0.0013327313894910037,0.00018861566823599092,3.1416145740168536e-08
aimnet2,568,C1H5N4Si1,11,0.0006755056335539995,0.0006101741822677537,0.0006046152931090468,0.0006045984279221502,7.09072056318492e-05,1.6865186895157087e-08
aimnet2,569,C6H10N1O3P1,21,0.0009381830156038006,0.000904332755772751,0.0008654570695465121,0.0008654474496354357,7.273556596836484e-05,9.619911075345997e-09
aimnet2,570,C9Cl1H11N3O2,26,0.0015649311630950955,0.001525157556203058,0.0015233877467433258,0.00152338434822926,4.1546814865835566e-05,3.398514063231022e-09
aimnet2,571,C9Cl1H10N1S2,23,0.0015756442696016036,0.001559274751170694,0.0014749246855473965,0.0014749069688796868,0.00010073730072191644,1.7716667708232046e-08
aimnet2,572,C12H14,26,0.000809460832581703,0.0008035638964251542,0.0007912585168668539,0.0007912287667807044,1.823206580099864e-05,2.9750086150172433e-08
aimnet2,573,C13H19N1O3P1,37,0.0020429723290975033,0.0019678105040318284,0.0019477573024505636,0.0019477423316435543,9.522999745394814e-05,1.4970807009168215e-08
aimnet2,574,C10H25N3S1,39,0.0025546860507666947,0.002549547863815449,0.0025438191296164535,0.002543709091509803,1.0976959256891528e-05,1.1003810663782359e-07
aimnet2,575,C11H14O1,26,0.0013068206265468999,0.0012900651382170435,0.00123195439637771,0.0012319482071344976,7.487241941240216e-05,6.189243209252289e-09
aimnet2,576,C7H10O1,18,0.0008067907524023104,0.0007940422719320435,0.0007380761858695431,0.0007380220132739706,6.876873912833959e-05,5.417259557379708e-08
aimnet2,577,C5H3N4S1,13,0.0006292760839020008,0.0006087311739829781,0.0005578415888279788,0.0005578363646413964,7.143971926060419e-05,5.224186583154112e-09
aimnet2,578,C7H14N1O1P1S1,25,0.0021314172211157976,0.0021243879267874776,0.0020585918231272446,0.0020585708704169733,7.284635069882453e-05,2.0952710272578676e-08
aimnet2,579,C3H7I1N6,17,0.0007951964503686942,0.0007925358480555631,0.0007803190717269969,0.0007802578336169179,1.4938616751776237e-05,6.123811008119855e-08
aimnet2,580,C14H18N4O2,38,0.0014979173756956951,0.0014548236272489713,0.0014399448763136083,0.0014399444706890635,5.797290500663176e-05,4.0562454500295337e-10
aimnet2,581,Br1C13F3H15N1P1,34,0.0020096207917893955,0.0019738433121343213,0.0019043578868171943,0.0019041964084426741,0.00010542438334672176,1.6147837451743344e-07
aimnet2,582,C10H12O3,25,0.0010054910595700044,0.000963925678312766,0.0008777270876414969,0.0008777191940636517,0.00012777186550635278,7.89357784471585e-09
aimnet2,583,C5H7O2,14,0.0005850981420504005,0.0005524430707101419,0.000487463159183896,0.0004874460508250541,9.765209122534628e-05,1.7108358843000013e-08
aimnet2,584,C7H8N3O1,19,0.0008235627377315063,0.0007656285138640403,0.0007503526745474032,0.0007503393145475042,7.322342318400203e-05,1.3359999903321959e-08
aimnet2,585,C7H8I1O2,18,0.0004827123042955049,0.0004758963893795596,0.0004579272426731137,0.0004579218966106743,2.4790407684830696e-05,5.346062438456073e-09
aimnet2,586,C3H5N2S1,11,0.00023616035946879998,0.0002016580785304363,0.00019216878264380615,0.00019215024817279577,4.401011129600416e-05,1.8534471010520206e-08
aimnet2,587,C8H7N1O5,21,0.0014079405415338031,0.0013879931907997516,0.0013311013914672092,0.0013310910011455105,7.684954038829212e-05,1.0390321698508387e-08
aimnet2,588,C5H1N4O5,15,0.000679101001343292,0.0006126800054557812,0.0006028691011770285,0.0006028473134927644,7.625368785052758e-05,2.1787684265316327e-08
aimnet2,589,B1C5H4O5,15,0.0010550972568017071,0.0009623741053080958,0.000811703279186515,0.0008117011240639888,0.00024339613273771855,2.155122523440835e-09
aimnet2,590,C7F1H9N2O2,21,0.0015670718021782968,0.0015120533212448467,0.0014875394708063205,0.0014875310323965202,7.954076978177688e-05,8.43840979915224e-09
aimnet2,591,C6H2N4O2,14,0.0003956681345026923,0.0003742924955523216,0.00035642001822102173,0.0003564120607144112,3.9256073788281114e-05,7.957506614162287e-09
aimnet2,592,C3F1H4N3O2,13,0.0008366999218209015,0.0007628775852643815,0.0007548850605375489,0.0007548796575360369,8.182026428486464e-05,5.4030015117850996e-09
aimnet2,593,C5H7N1O2,15,0.0006699080726012998,0.0006463220132451747,0.000630471374062709,0.0006304622286726463,3.9445843928653623e-05,9.145390045218762e-09
aimnet2,594,C8H7N1O1S1,18,0.0006927994645155031,0.0006798971173579496,0.0006478004512688883,0.0006477970983486686,4.500236616683454e-05,3.3529202169290347e-09
aimnet2,595,C15H20N2O2,39,0.0013584406696160992,0.0013418427331305031,0.0013368057011683718,0.0013368045967599828,2.1636072856116313e-05,1.104408389361931e-09
aimnet2,596,C4H4N2S1,11,0.00032668782717349375,0.00031653951582502534,0.0002980845014828382,0.000298016345239574,2.8671481933919804e-05,6.815624327064726e-08
aimnet2,597,C8H14N2O2,26,0.0010317618970235995,0.0010010450608391802,0.0009753597780911801,0.0009753587725930105,5.6403124430588786e-05,1.0054981697168797e-09
aimnet2,598,C4H6N2S1,13,0.0005053303428397007,0.0005028993844193163,0.00044580945222397,0.00044580782228879353,5.952252055090726e-05,1.6299351756756845e-09
aimnet2,599,C7H18N4,29,0.0013740598180489998,0.0013595792980729542,0.0013517509629894032,0.001351750533532342,2.2309284516657568e-05,4.2945706280125864e-10
aimnet2,600,C9H12N1O1S1,24,0.0010665839050499992,0.0010334369739973476,0.0010175833534381107,0.00101754525514236,4.9038649907638916e-05,3.809829574884485e-08
aimnet2,601,C9H7N3,19,0.0008044654630800953,0.0008032982487100669,0.0007864836808994855,0.000786469241319165,1.799622176093038e-05,1.4439580318179629e-08
aimnet2,602,C12H16N2O8,38,0.0021140897284457993,0.0021051487328744086,0.0020784927466160163,0.0020784864554227018,3.560327302309792e-05,6.291193313928425e-09
aimnet2,603,C5H10N1O1,17,0.0005798580055071011,0.000550615394546649,0.0005450540024097818,0.000545052286481201,3.4805719025900136e-05,1.7159285816942702e-09
aimnet2,604,C3H7N3S1,14,0.0005954160516804976,0.0005531336189497679,0.0005353948018187168,0.0005353858417504736,6.003020993002408e-05,8.960068240910155e-09
aimnet2,605,C7H8O1,16,0.0006213163990082013,0.0005759587694824778,0.0005337772638242913,0.0005337705626411327,8.754583636706854e-05,6.701183158807505e-09
aimnet2,606,C12F1H21N3O1,38,0.0016465656748651,0.0016174700276678918,0.0016161805615146246,0.001616173648602052,3.039202626304813e-05,6.912912571297118e-09
aimnet2,607,Br1C6H7N6,20,0.0007611786547935065,0.0007501222401270697,0.0007244542118318273,0.0007244367642277956,3.674189056571105e-05,1.7447604028676275e-08
aimnet2,608,C9H14N2S2,27,0.0013849324190994016,0.0013492694042838579,0.001283306356567223,0.0012832841905349494,0.00010164822856445239,2.2166032272001028e-08
aimnet2,609,C4H6N1O1S2,14,0.001331580762435805,0.001330826544095062,0.001180593845367148,0.0011805770707889033,0.0001510036916469015,1.677457824493503e-08
aimnet2,610,C4O1,5,0.0001752672597066999,0.00014935630452501505,0.00014708317863344655,0.00014707367840031903,2.8193581306380916e-05,9.500233119074324e-09
aimnet2,611,C10F3H8N3P2,26,0.002835701495557608,0.002739160930336549,0.0026959954244014936,0.0026959467425332374,0.00013975475302436947,4.868186825288134e-08
aimnet2,612,C16H20N2S1,39,0.002152563991637301,0.002134491853686245,0.0021303333779071703,0.0021303274008369023,2.2236590800398667e-05,5.977070271554742e-09
aimnet2,613,C9Cl3H15Si1,28,0.001223448882184301,0.001191844462696122,0.0011841946155384255,0.0011841885099532494,3.926037223105151e-05,6.105585176027514e-09
aimnet2,614,C7H15N1Si3,26,0.0013991916035131064,0.001344156351519987,0.0012729812071351715,0.001272977256517757,0.00012621434699534964,3.950617415574795e-09
aimnet2,615,C2F4H2O4,12,0.0010326973935495005,0.0010073138301862777,0.0008512700003198946,0.000851258758534868,0.0001814386350146324,1.1241785027333358e-08
aimnet2,616,C14H15N4O1,34,0.001818609508338401,0.0018133954094277063,0.0018062292606823751,0.0018062215914827202,1.2387916855680853e-05,7.669199654379417e-09
aimnet2,617,C5H12N2S3,22,0.0022795605559713093,0.002263972589699442,0.002261067709187703,0.002261027850596111,1.8532705375198892e-05,3.9858591600369884e-08
aimnet2,618,C5H10N2O1,18,0.0008163952905046915,0.0008044140114960597,0.0007847772123841,0.0007847749336999074,3.1620356804784285e-05,2.2786841860319667e-09
aimnet2,619,C7H12N4O1,24,0.0012079964586621957,0.0011927818195943823,0.001187727476773261,0.0011877217946252901,2.0274664036905875e-05,5.682147971714589e-09
aimnet2,620,C11H20N2O3,36,0.0023701152981173016,0.0023299647451234667,0.002321134789875888,0.0023210806492648442,4.9034648852457466e-05,5.414061104506225e-08
aimnet2,621,C4Cl2F2H6O1,15,0.0020097745870567003,0.0018871771635497608,0.0015795647635288438,0.0015795453708371818,0.0004302292162195192,1.9392691663797494e-08
aimnet2,622,C8H13N4O3S2,30,0.002629873228139302,0.0025769166107250645,0.0025351515078164944,0.002535091788497757,9.478143964154521e-05,5.971931873050984e-08
aimnet2,623,C14H10N2O2S1,29,0.0011540499209696982,0.0011353665651733739,0.001059163786165756,0.0010591380065764727,9.491191439322562e-05,2.5779589283396533e-08
aimnet2,624,C11H13N1S1,26,0.0009144682280098006,0.0008966115350770528,0.0008772397905615043,0.0008772089487925677,3.7259279217233166e-05,3.0841768941203157e-08
aimnet2,625,C1H1O9P3,14,0.004328964892757827,0.0039655177522237555,0.0031515196761254544,0.003151353037376734,0.0011776118553810941,1.666387487120573e-07
aimnet2,626,C1Cl3H4Si2,10,0.0006655619989593989,0.0006015326887408678,0.0005258086963174955,0.0005257836593630909,0.0001397783395963077,2.5036954405487073e-08
aimnet2,627,C5H10N1O2S1,19,0.0016169272604831973,0.0015838941689035092,0.0015679031803605967,0.00156789197108544,4.903528939775712e-05,1.1209275159434288e-08
aimnet2,628,Br1C11F3H12N3O1,31,0.0021809638367821,0.0020760531120196106,0.00197607325296027,0.0019760640123390946,0.00020489982444300546,9.240621175696975e-09
aimnet2,629,C3H2N2,7,0.00025065573723999737,0.0002455084448626245,0.00024281457941259798,0.00024280723001889292,7.848507221104472e-06,7.349393701879835e-09
aimnet2,630,C16H17N2,35,0.0015625702277765,0.0015463426974423942,0.0015436707420694532,0.001543668260398552,1.8901967377947703e-05,2.4816708988118407e-09
aimnet2,631,C16H18N2,36,0.0011509867594194998,0.0011496329769036884,0.0011212291645539105,0.0011212239027204322,2.976285669906785e-05,5.261833477678926e-09
aimnet2,632,C6H18O7Si3,34,0.008720912324135563,0.008713799283278869,0.008603985507317193,0.00860395423057106,0.0001169580935645037,3.1276746150446016e-08
aimnet2,633,C5H10N1S1,17,0.0006555338352447007,0.0006233312533041112,0.0005804802455224501,0.0005804689409595785,7.506489428512214e-05,1.1304562872279385e-08
aimnet2,634,C2Cl3H1N1O1,8,0.00017861426460249823,0.0001763047782978101,0.00016351976528781672,0.00016347929266387614,1.5134971938622122e-05,4.04726239404763e-08
aimnet2,635,C3H5O3S1,12,0.0008024444630291012,0.0007105924389474514,0.0006703010457721702,0.0006702645086592944,0.00013217995436980666,3.65371128767422e-08
aimnet2,636,C8H10N1O2S1,22,0.0028654546381107946,0.0027756490467121674,0.002648769118503112,0.0026485333520489826,0.0002169212860618121,2.3576645412714804e-07
aimnet2,637,C15F1H20N2O1,39,0.0028893702388048223,0.0028705297418003314,0.002849913772550847,0.0028499057687651937,3.9464470039628944e-05,8.00378564126625e-09
aimnet2,638,C5Cl1H5N2O2,15,0.0007326834818265045,0.0007158056333662511,0.0006950218309292765,0.0006950211352389931,3.766234658751169e-05,6.95690284068328e-10
aimnet2,639,C1H3N4P1,9,0.0006173369280789002,0.0006167776178516021,0.0006029216526394717,0.0006028811865119684,1.4455741566931788e-05,4.046612749003257e-08
aimnet2,640,C7H15N3,25,0.001291175603508397,0.0012572214110106968,0.0012058264807406035,0.0012057480100316738,8.54275934767234e-05,7.847070893633886e-08
aimnet2,641,C8F3H6N1O2S1,21,0.0015827537095301966,0.0015234799783009042,0.001296647791148234,0.0012966419836386576,0.00028611172589153864,5.807509579176561e-09
aimnet2,642,C8H25N6,39,0.0026550800517658045,0.00265376854436798,0.0026253765293276937,0.00262536655894796,2.971349281784403e-05,9.970379733747983e-09
aimnet2,643,C7H15N1O2S3,28,0.0017366501632369031,0.0016631255345862482,0.001656176242564038,0.0016561727006017134,8.047746263518939e-05,3.5419623232019806e-09
aimnet2,644,Br4H1N3P3,11,0.002250564123808005,0.0018192532805479701,0.0013126615223161423,0.0013124973293334257,0.0009380667944745781,1.641929827137043e-07
aimnet2,645,C7H18N4O1S3,33,0.0035116336501858966,0.0034296867216818284,0.0033910046859323183,0.0033909861519512267,0.00012064749823466987,1.8533981098248092e-08
aimnet2,646,C9H13N5O1S2,30,0.0022787481150198003,0.00225660738001313,0.002247434215161498,0.002247423116297551,3.1324998722248986e-05,1.109886394410774e-08
aimnet2,647,C10H15N2O4,31,0.0015376342931592015,0.0015373133731999482,0.0015036349022487206,0.0015036124554332806,3.4021837725920654e-05,2.2446815439521816e-08
aimnet2,648,As1C2H7P1,11,0.0008358969666542959,0.0008284563258295167,0.000752015007063839,0.0007517726402746682,8.412432637962761e-05,2.423667891691074e-07
aimnet2,649,C12H14O5S1,32,0.0016153059253575977,0.0016135058137361402,0.0015614291801973373,0.0015614201803685554,5.388574498904239e-05,8.999828785330802e-09
aimnet2,650,C4H4N4,12,0.0003652276270391042,0.00034702840517243714,0.0003235251009080855,0.0003235219707725861,4.170565626651822e-05,3.130135493236153e-09
aimnet2,651,C2H6N3O1,12,0.0004218862578754923,0.00041677514974343264,0.0003861444603313941,0.0003860737955704354,3.5812462305056896e-05,7.06647609610979e-08
aimnet2,652,Br1C6H6N3O1,17,0.0007274736292774959,0.0007244356688755816,0.0006449799332934861,0.0006449644660287507,8.250916324874518e-05,1.5467264739545797e-08
aimnet2,653,Br1C13H14N1O5,34,0.0017768071922633986,0.0017721764038894918,0.001702809781968899,0.0017027581046619043,7.404908760149506e-05,5.167730699662714e-08
aimnet2,654,C14F3H7O2,26,0.0019843085508882996,0.0019584295385971576,0.0019484388523468897,0.0019484237354522355,3.588481543606409e-05,1.51168946578386e-08
aimnet2,655,C11H14O5,30,0.001545533943760796,0.0015392871445657752,0.001495629520803108,0.0014956187015774305,4.991524218336541e-05,1.0819225665069084e-08
aimnet2,656,C6Cl1H7N3O2,19,0.0014387093314585935,0.0014025074206007986,0.0013715758421106196,0.0013715744698548442,6.713486160374916e-05,1.3722557758199422e-09
aimnet2,657,B1C8F3H6O3,21,0.0022991198107673,0.00225437307653929,0.0020690780023560843,0.0020690655832382326,0.00023005422752906852,1.241911785275229e-08
aimnet2,658,C2Cl4N2S2,10,0.000493683216340215,0.00046474080066353374,0.00041095907806625265,0.00041095306173759164,8.27301546026233e-05,6.016328663085091e-09
aimnet2,659,C3H3I1N3S1,11,0.0003750524989202002,0.0003630790880122569,0.0003414348157171559,0.0003414059572758129,3.3646541644387256e-05,2.8858441344632396e-08
aimnet2,660,C6H10N2O2,20,0.0006020812766423955,0.0005960625839494914,0.0005897480487095268,0.0005897428714405075,1.2338405201887959e-05,5.177269019426949e-09
aimnet2,661,C3H8N2O1P1,15,0.0008293049823267992,0.0008207674123774456,0.0007980373793226647,0.0007980275940527705,3.1277388274028684e-05,9.785269894883416e-09
aimnet2,662,C6H2O9S2,19,0.005902813806757797,0.005769183304468091,0.005428014679847381,0.005427997543175492,0.00047481626358230483,1.713667190181453e-08
aimnet2,663,C13H11N1O3S2,30,0.0012091574984512065,0.0011496478941603189,0.0011478203539537944,0.001147802634553373,6.135486389783324e-05,1.7719400421534142e-08
aimnet2,664,C4H3N1O3,11,0.00035695459801149946,0.0003277037180272644,0.0002976171366566934,0.0002975681855697166,5.938641244178279e-05,4.8951086974174704e-08
aimnet2,665,C2H5I3S1,11,0.0022371712666730973,0.0022339250783778852,0.002204389098946358,0.00220434647580499,3.2824790868107687e-05,4.262314136716872e-08
aimnet2,666,C5H10I1N1O1,18,0.0009555635214175984,0.0008966262977386656,0.0008957980901028433,0.0008957859552259257,5.977756619167294e-05,1.2134876917416319e-08
aimnet2,667,C6H5N3O3,17,0.0008350210513698004,0.0008345334840888113,0.0008236470882650106,0.000823636615140437,1.1384436229363145e-05,1.0473124573412417e-08
aimnet2,668,C6H4N2O3S1,16,0.000851668609011398,0.0008227490435171668,0.0007989062930141387,0.0007989053160256743,5.2763292985723725e-05,9.769884649888581e-10
aimnet2,669,C9H16N5O3S1,34,0.0022133120617373932,0.002170027774146742,0.0021582123049260393,0.002158202376073585,5.510968566380775e-05,9.928852453170207e-09
aimnet2,670,C1H5N3O3,12,0.0009186523721251988,0.0008818275939067316,0.0008593948559586684,0.0008593897430282268,5.926262909697186e-05,5.1129304415464095e-09
aimnet2,671,C6H14N3O1,24,0.0014594126352296055,0.0014320588213849988,0.0014228977090862188,0.0014228699512338335,3.6542683995771863e-05,2.775785239262062e-08
aimnet2,672,C5H8N4S2,19,0.0019135731734972012,0.0018672028702173828,0.0018229514568793746,0.0018229377422041664,9.063543129303497e-05,1.3714675208277275e-08
aimnet2,673,B1C14F2H10N2O1,30,0.004281345330790295,0.0041329622334033535,0.0038864303137732376,0.003886415781001948,0.0003949295497883471,1.4532771290445568e-08
aimnet2,674,C13H12N1O1,27,0.0010893999662318988,0.001041213155393902,0.0009722834893910247,0.0009722695509688804,0.00011713041526301824,1.3938422142617504e-08
aimnet2,675,C8H11N6O2,27,0.0018155807036788001,0.0018131043941104115,0.0017987930823491732,0.0017987774209290896,1.680328274971027e-05,1.5661420081867884e-08
aimnet2,676,C12H12N4O3,31,0.001898952311745882,0.0018862252541764367,0.0018706616388109757,0.0018706524674406485,2.8299844305233415e-05,9.171370334972495e-09
aimnet2,677,C9H15N5O3S1,33,0.0017531910922614048,0.0016410180827773648,0.0016153597954911404,0.0016153466458132726,0.00013784444644813213,1.3149677867796512e-08
aimnet2,678,C10H16N3,29,0.0012303999017384774,0.0011895852049357432,0.0011696330780698986,0.001169551609390723,6.084829234775412e-05,8.146867917542742e-08
aimnet2,679,C5H9N3O2,19,0.000766788504366401,0.0007581920118925209,0.0007163109846110778,0.0007163064135113247,5.0482090855076414e-05,4.571099753143207e-09
aimnet2,680,C9H13N2Se1,25,0.0011709873029504979,0.0011578058972949788,0.001154845956560212,0.0011548349670311552,1.6152335919342646e-05,1.0989529054581554e-08
aimnet2,681,C7H5N1O2S1,16,0.000899434436696297,0.0008646988463196179,0.0008277759315979612,0.0008277651215724644,7.16693151238328e-05,1.0810025498258118e-08
aimnet2,682,C2F2H3O2Si1,10,0.0007052687595260991,0.0006473197290207388,0.0006259748606709204,0.0006259736662466722,7.929509327942663e-05,1.194424248304369e-09
aimnet2,683,C12H6O4,22,0.0010864835212093056,0.0010251968957971972,0.0010102697268611475,0.0010102616581301048,7.622186307920067e-05,8.068731045218779e-09
aimnet2,684,C5H8N4O8,25,0.0011931919187261966,0.001164373856017898,0.0011282809657858018,0.0011282792871071723,6.491263161902442e-05,1.678678625726812e-09
aimnet2,685,B1C3H5O1,10,0.0005211500797501986,0.00047520653905305647,0.0004431837344281139,0.00044318119835290773,7.796888139729077e-05,2.536075205708169e-09
aimnet2,686,C16H12S4,32,0.0016161528663611974,0.001584301186115305,0.0015288983804425255,0.0015288681326770643,8.728473368413309e-05,3.0247765462518756e-08
aimnet2,687,C10H18N6,34,0.0014523689599362048,0.0014317707417112998,0.0014195860537650695,0.0014195817702649899,3.27871896712148e-05,4.283500074649332e-09
aimnet2,688,C4H6N2S1,13,0.0008574633021322994,0.0008013640447303605,0.0008011148184987816,0.000801090261132233,5.637304100006644e-05,2.455736654810907e-08
aimnet2,689,C9H10O2,21,0.0012260794256520003,0.001162416266353964,0.001117365486735197,0.001117206821801274,0.00010887260385072635,1.586649339209274e-07
aimnet2,690,C8H8N2O5,23,0.0015428908088472102,0.0015366934508185479,0.0015090943536046077,0.0015090920388058666,3.3798770041343296e-05,2.314798745099556e-09
aimnet2,691,C12H13N2O1S2,30,0.0011704067483315058,0.0011676562135025808,0.0011145201164377571,0.001114507678556334,5.589906977517183e-05,1.2437881417615321e-08
aimnet2,692,C4H6N1O4,15,0.0008432737453989,0.0007747095844420557,0.0007208403318155355,0.0007208219694074306,0.00012245177599146933,1.8362408105497226e-08
aimnet2,693,C5H6N4S2,17,0.0009319564356467064,0.0009147192758727874,0.0009019360490596253,0.0009019231032550827,3.0033332391623613e-05,1.2945804539853879e-08
aimnet2,694,C9H14N7,30,0.001783305259070597,0.0017689529501264925,0.0017686873107546192,0.0017686847624012927,1.4620496669304373e-05,2.548353330685107e-09
aimnet2,695,C8H7N1O2S1,19,0.0025354769822281045,0.0024862865948612834,0.002423690768358153,0.0024236677962148775,0.00011180918601322734,2.2972143275149062e-08
aimnet2,696,C10H14N4,28,0.0011830834546582019,0.001181084702989125,0.0011784577184683971,0.0011784563834803673,4.627071177834712e-06,1.3349880336819849e-09
aimnet2,697,C6H10N1O2S1,20,0.0017766271287395045,0.0017513683385758946,0.0016699465831547541,0.0016698593338345098,0.00010676779490499482,8.724932024882318e-08
aimnet2,698,Cl1H1O4P2,8,0.0015045766262000975,0.001416978671636063,0.001316372926339454,0.001316372324656448,0.0001882043015436495,6.01683012059524e-10
aimnet2,699,C8H9N1,18,0.0005447276924131981,0.0005217980555016517,0.0004645983642884966,0.0004645873298758564,8.014036253734161e-05,1.103441263942035e-08
aimnet2,700,C2H9N1O1P1S1,15,0.0007961022973061003,0.0007597004775262668,0.0007484478820725097,0.0007483478876692886,4.7754409636811915e-05,9.99944032211069e-08
aimnet2,701,C7Cl1F1H9N2,20,0.0010216056976644968,0.0009879324041875991,0.0009088796835651469,0.0009088791195373224,0.00011272657812717433,5.640278245531396e-10
aimnet2,702,C5H7N4O2,18,0.001108436763250999,0.0010938265266957434,0.0010830262404741562,0.0010829959847236475,2.5440778527351527e-05,3.025575051083147e-08
aimnet2,703,C1F1H1P1Si1,5,0.0012832686331194008,0.0010727202647121614,0.0006302604596501234,0.0006302586872897782,0.0006530099458296227,1.7723603453847294e-09
aimnet2,704,C6H6N3O2,17,0.0008621270243955991,0.000849798033185222,0.0008338483810260932,0.0008338008907160398,2.832613367955939e-05,4.7490310045268746e-08
aimnet2,705,C1Cl2H8O3Si4,18,0.002622705140641592,0.002568955849706462,0.002480248512276574,0.0024802385169639257,0.0001424666236776658,9.99531263450296e-09
aimnet2,706,C7H9N2O3S1,22,0.003975728610689085,0.003803379747561678,0.0035853890992728612,0.003585383021627704,0.0003903455890613804,6.077645151074976e-09
aimnet2,707,B1C1H5N1O1S1,10,0.0003807929507233031,0.0003346010847314236,0.000293774311692066,0.00029375423716218526,8.703871356111792e-05,2.0074529882143953e-08
aimnet2,708,As1C6F4H10N1,22,0.0017990359030622988,0.0016700560959688544,0.0016399193819502207,0.0016398768962169752,0.00015915900684532362,4.248573324524142e-08
aimnet2,709,C4Cl2H3O4,13,0.00041957326738010023,0.00040239971210537755,0.0003950572677172358,0.000395021157914567,2.455210946553316e-05,3.6109802669867126e-08
aimnet2,710,C16H16O2,34,0.0019465974337468217,0.0018737004848627262,0.0018561509271658662,0.0018561211517165684,9.047628203025353e-05,2.977544930565682e-08
aimnet2,711,C6H8,14,0.000493255412127899,0.0004600447892678202,0.00045320473309480754,0.0004532006928730547,4.0054719254844356e-05,4.0402217532603775e-09
aimnet2,712,Cl1H1O4,6,0.0002569506206318016,0.00022908723002860288,0.00019713540842973174,0.0001971349808229203,5.9815639808881306e-05,4.276068130308422e-10
aimnet2,713,C6H12O1Se1,20,0.0009235376805586999,0.0008308188396564648,0.0008174413540378735,0.0008174276678051676,0.00010611001275353229,1.3686232705862648e-08
aimnet2,714,C9Cl3H7O3S1,23,0.002098485228409594,0.0019660055737807497,0.0018366480192671703,0.001836630502279282,0.0002618547261303122,1.751698789182114e-08
aimnet2,715,C4H5O6S1,16,0.0027626011036662994,0.002557618866813276,0.002370814467605009,0.0023707980261822724,0.00039180307748402715,1.6441422736596054e-08
aimnet2,716,C4H3N3,10,0.000421074157843803,0.00042055578293602306,0.000373950698067345,0.00037393861500458956,4.7135542839213455e-05,1.2083062755532522e-08
aimnet2,717,C11H13N3O1,28,0.0017794746408566985,0.001768693150769987,0.0017544560858129797,0.0017544495190384747,2.5025121818223594e-05,6.566774508144143e-09
aimnet2,718,C7H19O1S2Si2,31,0.0023595502119289793,0.002276727745278099,0.002179209702819735,0.002179202351204935,0.00018034786072404428,7.351614798722056e-09
aimnet2,719,Br1C10H9N6,26,0.0012568995415124995,0.0011883055776477497,0.0011623513115924758,0.0011622729636397663,9.462657787273343e-05,7.834795270930012e-08
aimnet2,720,C9H11N1,21,0.0008543423593167997,0.0007960012797113602,0.0007957731040056083,0.0007956979028443517,5.8644456472447965e-05,7.520116125890855e-08
aimnet2,721,C7H11N3O2,23,0.0009243265027540973,0.0009206625876691897,0.0008594776138049001,0.0008594601372137716,6.486636554032576e-05,1.7476591128653462e-08
aimnet2,722,C3Cl4H5N1O4,17,0.0010426885521453025,0.001028472691590883,0.0010144136529911738,0.0010144081479142215,2.8280404231081452e-05,5.505076951620583e-09
aimnet2,723,C4H9O2S3,18,0.0013176194281945997,0.0012571990609063063,0.0012473075021140025,0.0012472590747940233,7.036035340057616e-05,4.8427319975762765e-08
aimnet2,724,C6F2H2S2,12,0.0014135036537352094,0.0012226114327761907,0.001054448304519425,0.0010544340133870139,0.0003590696403481956,1.4291132412044485e-08
aimnet2,725,C8Cl1H12N5O2,28,0.0019174204880086983,0.0018773927606050961,0.0017784060067688855,0.0017784024487447832,0.00013901803926391577,3.5580241111968575e-09
aimnet2,726,C13Cl2H13N3O6,37,0.0022539630129589,0.0022529199930994104,0.0022179696008910875,0.0022179594382452524,3.600357471364819e-05,1.0162645837430117e-08
aimnet2,727,C5H12N4O2,23,0.001178393185809994,0.0011651786512439561,0.00113619029300137,0.0011361535541472745,4.223963166271895e-05,3.6738854095202164e-08
aimnet2,728,C9H13I2N1S6,31,0.0017573004420674994,0.0016943857133001547,0.0016215328887893947,0.0016213253500123028,0.00013597509205519613,2.0753877708505458e-07
aimnet2,729,C1H2O3S2,8,0.0011935775569858003,0.0009732334322690838,0.00081014990939854,0.0008100816645727317,0.00038349589241306855,6.824482580799148e-08
aimnet2,730,C4H1N5O1,11,0.000686078868705294,0.0006321343379238099,0.0006245098833588622,0.000624498073783329,6.158079492196513e-05,1.1809575526991476e-08
aimnet2,731,C13F1H10O1P1,26,0.0012107553697040105,0.0011004841397114862,0.0010600139907735809,0.0010600115316395401,0.0001507438380644704,2.4591340472063377e-09
aimnet2,732,Br1C5H3N5,14,0.00070348965024671,0.0006589471594410166,0.0005991408799075205,0.0005991111583410893,0.00010437849190562068,2.9721566437724568e-08
aimnet2,733,C10H10I2,22,0.0015036014175632995,0.0013779197621886525,0.0013509804977816968,0.0013509692879570025,0.0001526321296062971,1.1209824695796911e-08
aimnet2,734,C2H7N3O1S1,14,0.0008912519888410007,0.0008739329136605797,0.0008603658919422429,0.0008603574209520158,3.089456788898514e-05,8.470990225619615e-09
aimnet2,735,C8H13N3O1S1,26,0.0012608551970497007,0.0012439820603340102,0.0012247379826043694,0.0012246531892836955,3.6202007766005514e-05,8.479332067291932e-08
aimnet2,736,C16H12,28,0.0007374540294430017,0.0007260855273809992,0.0007151046040472992,0.0007151011426465918,2.2352886796409995e-05,3.461400705850173e-09
aimnet2,737,C2Cl1H4N2O3,12,0.0006071439959751941,0.0005820414700288239,0.0005566805847004164,0.0005566770700673848,5.046692590780932e-05,3.51463303412452e-09
aimnet2,738,C4H11P1S3,19,0.001088556823342502,0.001040060415988854,0.0010326203384406847,0.0010326123236866905,5.594449965581123e-05,8.014753993610333e-09
aimnet2,739,C8H4N4O2S1,19,0.0007054242531981988,0.0006891805559541768,0.0006646407204742136,0.0006646111285625496,4.08131246356492e-05,2.95919116636685e-08
aimnet2,740,C6H11N3O2S1,23,0.0022338541170449054,0.00207422767350259,0.001937220900719855,0.001937209330409276,0.0002966447866356292,1.1570310582698872e-08
aimnet2,741,C14H14I1N3O1,33,0.0029323797540342033,0.002880583314142661,0.002842472072096199,0.002842438218565978,8.994153546822525e-05,3.385353022081757e-08
aimnet2,742,C10H12,22,0.0005918057405368055,0.0005740476963346888,0.000556207032152598,0.0005561971413976228,3.560859913918284e-05,9.890754981152495e-09
aimnet2,743,C9H3I1N1O3,17,0.0005754023098755981,0.0005625104199264625,0.0005532773680690547,0.0005532711878007792,2.2131122074818687e-05,6.180268278231109e-09
aimnet2,744,C13H15N2S2,32,0.0014476865040100994,0.001404216635442342,0.0014029950513731767,0.0014029916114163604,4.4694892593739375e-05,3.439956814578903e-09
aimnet2,745,C2H8N5,15,0.0009391328253642,0.0009298088910960121,0.0009181536997772603,0.0009181504028866678,2.0982422477532254e-05,3.2968905934679263e-09
aimnet2,746,C4H1N2O2P1S1,11,0.0010794278768381008,0.0010391150944174153,0.0008178829384278557,0.0008178597999869135,0.00026156807685118785,2.3138440946407408e-08
aimnet2,747,C2N2O14P2,20,0.003027491433768998,0.0030049582344869653,0.0028958866106701376,0.002895885640017493,0.0001316057937515046,9.706526448754025e-10
aimnet2,748,C6H8N1O1S4,20,0.0006966132643324993,0.0006882115240025434,0.000686051363644801,0.0006860292099551724,1.0584054377326801e-05,2.215368962975909e-08
aimnet2,749,C9H8N4,21,0.0012733822694801973,0.001259779962411842,0.0012269572313596015,0.0012269447603747558,4.643750910544147e-05,1.2470984844084369e-08
aimnet2,750,C10H18N8O3,39,0.0021444358051609953,0.0021414338948392516,0.002121179204983258,0.002121171187931527,2.3264617229468002e-05,8.017051733027995e-09
aimnet2,751,C15H17N3O1,36,0.0014745389747071985,0.001461573160285599,0.0014294140339737305,0.0014294091952630687,4.512977944412964e-05,4.838710663842619e-09
aimnet2,752,C10H12O2,24,0.0009235204852290009,0.0008886888706901312,0.0008781352868332064,0.0008781280117484125,4.539247348058822e-05,7.275084794401176e-09
aimnet2,753,C3H1N3O2,9,0.00035116870938699984,0.00034442881926364377,0.00032982435466528417,0.00032982341521831966,2.1345294168680263e-05,9.394469645186019e-10
aimnet2,754,C9H18N2O3S1,33,0.0017973869312874016,0.0017825503769191282,0.0016512680564993649,0.0016512570849872132,0.00014612984630018845,1.0971512155947046e-08
aimnet2,755,C14H12I1N1O1S1,30,0.0013530203453769984,0.0013490580275426235,0.0012679138367388601,0.001267910890139331,8.510945523766718e-05,2.9465995303658714e-09
aimnet2,756,C6H9N3O1,19,0.001082437017650197,0.001037432351343598,0.001033905313707902,0.0010339013039106486,4.853571373954822e-05,4.009797253083685e-09
aimnet2,757,C11F5H12N1O3S1Si1,34,0.007501044585376305,0.007210411102661742,0.006951718367903977,0.006951710898557049,0.0005493336868192575,7.469346914362493e-09
aimnet2,758,C5H5N5,15,0.000390475389318393,0.0003843470197251095,0.000369771938802188,0.00036976425204466787,2.0711137273725016e-05,7.68675752101103e-09
aimnet2,759,C7H5N5,17,0.0008521603950497037,0.0008335951402305765,0.0008152465818007801,0.0008152450375098736,3.691535753982998e-05,1.544290909688889e-09
aimnet2,760,H4O9P1,14,0.001593161181808999,0.001435224866166811,0.0011109436261032585,0.0011109413865715773,0.00048221979523742104,2.2395316808367263e-09
aimnet2,761,C7H10O3,20,0.0011505327273401038,0.0011276426810532068,0.0011137056177788404,0.001113675917382201,3.685680995790316e-05,2.9700396636548382e-08
aimnet2,762,C5H8N2,15,0.0003890304994251972,0.0003782414530444845,0.0003716071095235859,0.00037160591639097293,1.7424583034224315e-05,1.1931326125950854e-09
aimnet2,763,C8H10N4O1,23,0.0015406952230389008,0.0014605598685716976,0.0014153715427308955,0.0014153677770255674,0.00012532744601333347,3.7657053325546095e-09
aimnet2,764,Br1C13H18N1O4S1,38,0.002193661463110717,0.0021910076255507774,0.0021703449097105736,0.0021703356719142944,2.332579119642215e-05,9.237796271145762e-09
aimnet2,765,C8H7N1S2,18,0.0006288701515713017,0.0006088761537454667,0.0005421130342890534,0.000542112190100988,8.675796147031379e-05,8.441880615152828e-10
aimnet2,766,C8H11N2O2,23,0.0011343656761611,0.0011193955939161355,0.0010861745536934657,0.0010861677291950512,4.819794696604868e-05,6.824498412911604e-09
aimnet2,767,C5H4O2P1S1,13,0.0007218765974111989,0.0006779321753292616,0.0006366703121403728,0.0006366661984605911,8.521039895060773e-05,4.113679783131689e-09
aimnet2,768,C9H16N3O1,29,0.0011418813084811972,0.0011221792430826652,0.001103402314113124,0.0011033818591133205,3.849944936787654e-05,2.04549998121107e-08
aimnet2,769,C2H1N2O2,7,0.00022305466836589367,0.00021825869081178046,0.0001944947033920995,0.00019446206540294555,2.8592602962948058e-05,3.263798915062358e-08
aimnet2,770,C17H8I4N4O4S1,38,0.004691617491369889,0.004534254510593312,0.004304726064393866,0.004304603006373251,0.0003870144849966384,1.230580206100353e-07
aimnet2,771,C5H4O2P1,12,0.0009264497792125004,0.0008489198869946543,0.0007383617773029185,0.0007383519937486253,0.0001880977854638751,9.78355429789292e-09
aimnet2,772,Br1C5H11N1O2,20,0.0007706426002111031,0.0007648932631382215,0.0007591922944955591,0.0007591052868673231,1.1537313343780281e-05,8.70076282383388e-08
aimnet2,773,C12H19N2,33,0.0015404544617745998,0.0014807368110552153,0.001425238493430015,0.0014252373623821178,0.00011521709939248161,1.1310478974383795e-09
aimnet2,774,C6Cl2H5N2O1,16,0.0007515369333905047,0.0007339205449310686,0.0006618907937610368,0.0006618498237640081,8.968710962649654e-05,4.0969997021546326e-08
aimnet2,775,C2H3O2,7,0.0006071738623051959,0.0005318112098916841,0.0003996407486940172,0.00039963787484913036,0.0002075359874560655,2.8738448873969136e-09
aimnet2,776,C6H10N5S2,23,0.0013289281622786114,0.0013071632829966475,0.0012807681408609551,0.0012807637539282704,4.8164408350341146e-05,4.386932681314329e-09
aimnet2,777,C15Cl1H15N3,34,0.0017439899026810012,0.0017177570895872804,0.0017095744394709294,0.0017095583802091677,3.443152247183398e-05,1.6059261758721063e-08
aimnet2,778,C7H8O4,19,0.0009735291602509035,0.0009402717657568687,0.0009020615556632031,0.0009020365864713477,7.149257377955584e-05,2.4969191854030106e-08
aimnet2,779,Br1C12H7N8S1,29,0.001323300971789311,0.0012896037419014492,0.0012563154277134276,0.0012563047009360381,6.699627085327292e-05,1.07267773855369e-08
aimnet2,780,C1F2N1O1,5,0.0007263413819773901,0.0006625268108312661,0.0005656244191634998,0.0005655909764543846,0.0001607504055230052,3.344270911435164e-08
aimnet2,781,C12H18O1,31,0.0013223240422997,0.0013199887251161742,0.0013009100248956807,0.0013008778002859358,2.1446242013763838e-05,3.222460974425121e-08
aimnet2,782,C12H24N3,39,0.0019242945041207076,0.0019135451076852396,0.0018952724398198558,0.0018952689163325852,2.9025587788122395e-05,3.5234872704835026e-09
aimnet2,783,Br2C8H5I1O3,19,0.0013926531731986995,0.0013389893322727781,0.001274339308756633,0.0012743285893308174,0.00011832458386788221,1.0719425816133448e-08
aimnet2,784,C2F2H2N1O2,9,0.000687266633458498,0.0006172025870993533,0.00037976231277697225,0.0003797315967364886,0.00030753503672200966,3.071604048277859e-08
aimnet2,785,C17H18N2O1,38,0.0016091747511328982,0.0015928570350589987,0.0015261256653993384,0.001526097396562371,8.307735457052751e-05,2.8268836967785998e-08
aimnet2,786,C4Cl3H8S1,16,0.001259758284836503,0.001207133490312601,0.0009438675530668383,0.000943825724469362,0.0003159325603671416,4.182859747681791e-08
aimnet2,787,C7H8N2O2S1,20,0.0013813420532037919,0.0013785839554137467,0.0011573547746942393,0.0011572563789546846,0.00022408567424910726,9.83957395540331e-08
aimnet2,788,C7H4N2O1S2,16,0.0005946433226094018,0.0005202300706622605,0.0005126523896336007,0.0005126458025924746,8.199752001692711e-05,6.5870411250717835e-09
aimnet2,789,C8H13N2O2S1,26,0.0015018558921140969,0.0014604792422649269,0.0014529082368466666,0.0014528886643774726,4.896722773662427e-05,1.9572469193732802e-08
aimnet2,790,C8H10N2S1,21,0.0005844552178215005,0.0005776245539096247,0.000553889727796908,0.0005538817738396174,3.057344398188319e-05,7.95395729126155e-09
aimnet2,791,H5N5,10,0.0010983968389397802,0.0010970582234088317,0.0010696610080750354,0.0010696605006100136,2.8736338329766947e-05,5.074650259454588e-10
aimnet2,792,C5H8N1S2,16,0.0009131029245568077,0.0009002209279747018,0.0008836072871817054,0.0008835864874246021,2.951643713220571e-05,2.0799757103479447e-08
aimnet2,793,C1H4O1P2,8,0.00044311258894509707,0.0004171932650423966,0.00038872261445632066,0.0003886864730372142,5.44261159078828e-05,3.614141910781276e-08
aimnet2,794,C7H6N4O3,20,0.0013612771406964954,0.0013323834345031077,0.0012819221054905625,0.0012819092496489251,7.936789104757001e-05,1.2855841639592856e-08
aimnet2,795,Br1C3H3N4O1S1,13,0.0008346574898493014,0.0007772561283958088,0.0007212313070497109,0.0007212057979051514,0.00011345169194414992,2.5509144560306554e-08
aimnet2,796,C4Cl2F2H5N1O1,15,0.0008819713932164947,0.0008363300008488245,0.0007476640188886756,0.0007476523602772199,0.000134319032939275,1.1658611457050755e-08
aimnet2,797,C5H8N4,17,0.0008980944894381969,0.0008759760490710511,0.0008748622175605265,0.0008748475652315648,2.3246924206632242e-05,1.4652328959757725e-08
aimnet2,798,C8H6N3O1,18,0.0006191406850372008,0.0006121898476116693,0.0006020827535357282,0.0006020747894720805,1.7065895565120506e-05,7.96406364351907e-09
aimnet2,799,Br1C4H5N3O1,14,0.0008077455434564033,0.0008011502360406941,0.0007927135028615579,0.0007926976261137825,1.5047917342620538e-05,1.5876747773680674e-08
aimnet2,800,C7H1O10S2,20,0.006343642574792715,0.006051169187222189,0.005453777958086807,0.005453741269571738,0.0008899013052209777,3.668851506012612e-08
aimnet2,801,C6H10O2S2,20,0.0010024890722183971,0.0009080976616650366,0.000875915657912614,0.0008759111869969808,0.00012657788522141655,4.470915628863555e-09
aimnet2,802,C5F1H9N2O1S1,19,0.000762263468944099,0.000706083352201199,0.0006969285513476597,0.0006969032189474924,6.536024999660653e-05,2.533240016737549e-08
aimnet2,803,C6H7N3O1S1,18,0.0009562546104028081,0.0009103037684357851,0.0009053495444587186,0.0009053347234419757,5.091988696083266e-05,1.4821016742806246e-08
aimnet2,804,C6F5H3N1O5P2S1,23,0.004304834362052708,0.004172184438221807,0.0036980875490073475,0.003698033172102265,0.0006068011899504444,5.437690508157758e-08
aimnet2,805,C7Cl1H10N2O1S1,22,0.001123770071409202,0.0010909883621972223,0.0010759176068145125,0.0010758859619583942,4.7884109450808034e-05,3.164485612125627e-08
aimnet2,806,C6H8N5,19,0.0009475981634343022,0.0008914570306731991,0.0008715093713885972,0.0008714977739574431,7.610038947685908e-05,1.1597431156217724e-08
aimnet2,807,C9H11N4,24,0.0009413814621111017,0.0009231186813063261,0.0008907694429158107,0.0008907580277707488,5.0623434340352895e-05,1.1415145061012438e-08
aimnet2,808,C11H10O1,22,0.0009361369070864092,0.0009270616690048689,0.0009064909908149353,0.0009064853884094462,2.965151867696296e-05,5.602405484023805e-09
aimnet2,809,C15H13O5,33,0.0028673885732894114,0.002778205939462748,0.0027552103783562987,0.0027551978175399806,0.00011219075574943124,1.2560816332796239e-08
aimnet2,810,Br1C12H16N4O4,37,0.0019064109317674955,0.0018787421759100173,0.001859526658576854,0.0018595204966295308,4.689043513796468e-05,6.161947324742608e-09
aimnet2,811,C6Cl2H9N4,21,0.0012635986067220009,0.0012019477822552132,0.001169665112047174,0.0011696581102588783,9.39404964631231e-05,7.001788295933488e-09
aimnet2,812,C12H10N2P4,28,0.0017377744199742996,0.001688920857077868,0.0016223521015871463,0.001622347520431517,0.00011542689954278266,4.581155628413974e-09
aimnet2,813,C3H3O5S3,14,0.0020410844347287954,0.00203218516827586,0.0018093529975324874,0.0018092763138490575,0.0002318081208797372,7.6683683422827e-08
aimnet2,814,C5H10N3S1,19,0.001067265691895999,0.0010442405779459763,0.0009673509716968748,0.0009673085841626081,9.995710773339074e-05,4.238753426586075e-08
aimnet2,815,C3Cl4H8Si2,17,0.002669507540590699,0.0025791317358791295,0.002477128538436789,0.0024770998521657516,0.00019240768842494773,2.8686271039078183e-08
aimnet2,816,C11H21N6O1S1,40,0.0027952376058755007,0.0027648825027065116,0.002753961158012557,0.002753952033092943,4.128557278255769e-05,9.124919616363257e-09
aimnet2,817,C13H18N3O2,36,0.0019716920213657006,0.0018915570193064756,0.001844631762877922,0.0018445705884158857,0.00012712143294981438,6.117446203749714e-08
aimnet2,818,C6H14N4,24,0.0017903954980130951,0.0017670778213433314,0.0017483516358004292,0.0017483126869450635,4.208281106803182e-05,3.894885537330161e-08
aimnet2,819,Br1C13H20N1O3,38,0.002150378818792701,0.002119110895686593,0.0021034512421915954,0.00210344196208266,4.693685671004119e-05,9.280108937688917e-09
aimnet2,820,C6H6O2S2,16,0.0028788555246320835,0.0026618900588936184,0.0023916215269764074,0.0023915204227234607,0.000487335101908623,1.0110425294132135e-07
aimnet2,821,C1H3O4S2,10,0.00452273646242007,0.003766317281499792,0.0028623466595861418,0.0028623229428819215,0.0016604135195381483,2.3716704214424794e-08
aimnet2,822,C3H7N1O1,12,0.00045171489081789106,0.00041638539975879596,0.00038902134097996624,0.00038901832927627365,6.269656154161748e-05,3.0117036897862457e-09
aimnet2,823,C7H11N3O1S1,23,0.0011900076818384016,0.001149048639014095,0.0011251826026638615,0.001125144199030505,6.48634828078967e-05,3.840363335725016e-08
aimnet2,824,C1H3N2O3,9,0.00033977585878649966,0.0003146297268866554,0.00029988099542974003,0.00029987576583742186,3.9900092949077804e-05,5.2295923180045566e-09
aimnet2,825,C10H8I1N1,20,0.0008513546499580002,0.0008470968075013859,0.0008052626280538096,0.0008052620940196462,4.609255593835398e-05,5.340341664539148e-10
aimnet2,826,C3H10N3,16,0.0008406405160248012,0.0008303539899369803,0.0008280053827949222,0.0008280044712606889,1.2636044764112084e-05,9.115342308442861e-10
aimnet2,827,C7H5N1O1S1,15,0.0007696778244423919,0.0007517523050690897,0.0007247600412479392,0.0007247180616721514,4.4959762770240756e-05,4.1979575791094544e-08
aimnet2,828,C3H8N1S1Se1,14,0.0019229866803104044,0.0017229147307326808,0.0014860799018167154,0.0014859024887504538,0.0004370841915599502,1.774130662510012e-07
aimnet2,829,C6H10N1,17,0.0005361856093582994,0.0005252350859790119,0.0005131486537311952,0.0005131452972131713,2.3040312145128114e-05,3.3565180241732016e-09
aimnet2,830,C11H13N2O6,32,0.001745909248184099,0.0017185557428777416,0.00170025816413892,0.0017002426930922774,4.566655509182182e-05,1.5471046640316467e-08
aimnet2,831,C5H10N4O1,20,0.0012222863056245987,0.0012176855100308182,0.0011934601311794381,0.0011934317398717366,2.8854565752862434e-05,2.839130770337722e-08
aimnet2,832,Br3C8H8O2,21,0.0008280197399693007,0.0008172879781449986,0.0008127838869317992,0.0008127474297370197,1.527231023228108e-05,3.645719478410242e-08
aimnet2,833,C5H6N3O3S1,18,0.0009149455822693027,0.0009059246770014214,0.0008922948596467303,0.0008922932993216579,2.2652282947644765e-05,1.5603250727952508e-09
aimnet2,834,C9H15N2S2,28,0.0012923001395465036,0.0012800406543103098,0.0012712264943392246,0.0012712179513637877,2.108218818271621e-05,8.542975436294169e-09
aimnet2,835,C12H19I1N1O3P1,37,0.002445294078640901,0.0023774966470859224,0.002366695067164645,0.0023666778236939427,7.861625494695818e-05,1.7243470702564002e-08
aimnet2,836,C4Cl1H7N2O3S1,18,0.0010977986179274972,0.001068326847930348,0.0010560332352177362,0.0010560303686123912,4.176824931510603e-05,2.8666053462252465e-09
aimnet2,837,C6H12N4O2,24,0.0018642536189826002,0.0018090077387449696,0.001756091658555206,0.0017560794481445107,0.00010817417083808944,1.221041069000089e-08
aimnet2,838,C4H11N2O1P1,19,0.000866702477165299,0.0008407540618577603,0.0008158218478376074,0.0008158021440310687,5.090033313423049e-05,1.9703806535234028e-08
aimnet2,839,C9H4N1O2,16,0.0007616705614863944,0.0007165293409934241,0.0006921918821982175,0.0006921647887342417,6.950577275215298e-05,2.709346397178158e-08
aimnet2,840,C6H10N2,18,0.00041498594480820404,0.0003994994530484267,0.00039747137738716925,0.00039739774898891897,1.7588195819285007e-05,7.362839825144584e-08
aimnet2,841,C6Cl1H2O2S2,13,0.0005284413030248988,0.0005177807471763852,0.000481912868223016,0.00048191158586466734,4.652971716023162e-05,1.282358349684405e-09
aimnet2,842,C3H9N2O1S1,16,0.0010839814860558994,0.0010459398342596055,0.0010220866142552152,0.0010220745894941607,6.190689656173883e-05,1.202476105480141e-08
aimnet2,843,C5H13N2O2S1,23,0.0012367888819254911,0.0012261786381455387,0.001190671688836095,0.0011906671885179823,4.612169340750889e-05,4.500318109403318e-09
aimnet2,844,C13F1H15N4O1,34,0.002096775994577502,0.00207762084028376,0.002010854560762025,0.002010852394150798,8.592360042670449e-05,2.166611226224298e-09
aimnet2,845,C3H7N3O2,15,0.000855515062328499,0.0008285505005929282,0.0008083816857889867,0.000808336280545292,4.717878178320714e-05,4.540524369596007e-08
aimnet2,846,C2H3N2O5P1S1,14,0.003381139517696417,0.0032116831784248932,0.002959685636492346,0.0029596748141019055,0.0004214647035945125,1.0822390443550844e-08
aimnet2,847,C2Cl3F7O2S1,15,0.010738485236182009,0.010274151604001039,0.009318215986258408,0.00931818523923169,0.0014202999969503201,3.074702671346035e-08
aimnet2,848,C3H5N1O1S2,12,0.0006181367947046996,0.0005120209965122368,0.00046480898911614396,0.00046468026472633523,0.00015345652997836445,1.287243898095256e-07
aimnet2,849,B1C12F3H13I1N2O6,38,0.002738313160225901,0.002572945442656637,0.002555380640746776,0.002555366588914876,0.00018294657131102542,1.4051831905398649e-08
aimnet2,850,H3N3O2S1,9,0.0006793127012519998,0.0006133862990289983,0.0005872759572157112,0.0005872743499872746,9.203835126472521e-05,1.607228437067191e-09
aimnet2,851,C5H9N2O5S1,22,0.0013546515619604982,0.0013531711763704998,0.0013307263257851646,0.0013307176626323562,2.3933899328141762e-05,8.663152807436554e-09
aimnet2,852,C9H17N4O3,33,0.0016140482812117033,0.001548976104692892,0.0014881094970905255,0.0014880879576961309,0.00012596032351557226,2.1539394394034673e-08
aimnet2,853,B1C4H11N1O2,19,0.0015739503197252985,0.0015482067386007354,0.001420268821507942,0.0014202452744544129,0.00015370504527088556,2.3547053530971476e-08
aimnet2,854,C10H10N1,21,0.0009219786612396973,0.0009089084887750784,0.0008868266488150239,0.0008868162584380129,3.5162402801684395e-05,1.0390377008875526e-08
aimnet2,855,C9H8N3O2S1,23,0.0016612169337380074,0.0015876160034645273,0.0015492958776744253,0.0015492958520844644,0.000111921081653543,2.5589963670058867e-11
aimnet2,856,C12H20N2O2,36,0.0020296592146645,0.0019995425508351496,0.001937819079149904,0.0019377064096353356,9.195280502916383e-05,1.1266951456935055e-07
aimnet2,857,C7H12N2O2,23,0.000905228860005795,0.0008994671115247903,0.0008209392260518825,0.0008209276775558546,8.430118244994047e-05,1.1548496029694002e-08
aimnet2,858,C14H13N3O2,32,0.0017588255016661,0.0017131390821729688,0.0016852046821635952,0.0016851679007409092,7.365760092519096e-05,3.678142268711792e-08
aimnet2,859,C9H10N2O3P1,25,0.0035393017271418813,0.0034115362935090523,0.0029762865938925045,0.0029762814877957347,0.0005630202393461465,5.10609676679581e-09
aimnet2,860,C12H14O2,28,0.0016614810563565948,0.0016209120312469499,0.0015505879936481073,0.001550557560786818,0.00011092349556977723,3.0432861292016545e-08
aimnet2,861,C5H10N4O1,20,0.001770472075393346,0.0017551352729325564,0.0016789650201397043,0.0016789512169102909,9.152085848305518e-05,1.380322939443574e-08
aimnet2,862,C8Cl4H8O6P2,28,0.006419205743913499,0.0064188801390245385,0.006126910446828679,0.006126865708410312,0.00029234003550318783,4.473841836867713e-08
aimnet2,863,C9H13N2,24,0.0012322311878142879,0.0011946658564915224,0.0011904200878936012,0.001190313594641364,4.191759317292388e-05,1.0649325223907162e-07
aimnet2,864,C6H16N2P2S2,28,0.0019710119917395984,0.0019578295357328586,0.0018597573642353837,0.0018597180439199796,0.0001112939478196189,3.932031540833724e-08
aimnet2,865,C5H2N5O10,22,0.001450018676899899,0.0014451776261665194,0.0014350134587311296,0.0014350097130792824,1.5008963820616704e-05,3.745651851611306e-09
aimnet2,866,C4Cl2H22Si6,34,0.002299183608471999,0.00223120044956653,0.002230514467506054,0.0022305131064070133,6.867050206498634e-05,1.3610990408948533e-09
aimnet2,867,C7F6H3N2,18,0.0026951959719006984,0.0025972620748832688,0.002559256257156337,0.0025592390705169088,0.00013595690138378967,1.7186639432422086e-08
aimnet2,868,C6H13N3,22,0.001344480844893004,0.001324476193095209,0.0013186386166941099,0.001318608162589323,2.5872682303681333e-05,3.0454104787321475e-08
aimnet2,869,C7Cl1H10N2O1,21,0.0010350249291929008,0.00099583530984075,0.0009943255530174282,0.0009943087343339927,4.07161948589085e-05,1.6818683441527506e-08
aimnet2,870,C5H7O3P1,16,0.0022660469536920857,0.002078016552346973,0.001737816624338394,0.0017378055208412397,0.0005282414328508464,1.1103497152061093e-08
aimnet2,871,C8H14N4O1,27,0.0015087443458561935,0.0014944206241392464,0.0014516541934157302,0.0014516500962867972,5.7094249569396486e-05,4.097128932933387e-09
aimnet2,872,C4Cl6H6Si2,18,0.0013275038166347137,0.0012523573831274071,0.0011529300390860395,0.0011528619847563598,0.00017464183187835346,6.805432968257614e-08
aimnet2,873,C7F2H6N2O1,18,0.0012552667150713983,0.0011828649309715484,0.0010890519786122934,0.0010890508840451984,0.00016621583102620002,1.09456709804195e-09
aimnet2,874,C4H7N2O3,16,0.0008176132313887012,0.0008145811826339648,0.0007669139630172493,0.0007668938482344619,5.07193831542396e-05,2.011478278606563e-08
aimnet2,875,C4Cl1H6O2S1,14,0.0006442880018750974,0.0006062222389298088,0.0005758014788046531,0.0005756581175257363,6.862988434936122e-05,1.4336127891824612e-07
aimnet2,876,C6H8N2,16,0.00048063739853720076,0.0004676952068387438,0.00046356402821147566,0.00046356194957766257,1.707544895953821e-05,2.0786338120741758e-09
aimnet2,877,C12Cl2H15N3O2,34,0.0021336665014137983,0.0021182035357497305,0.0020353550622321326,0.0020353437346654997,9.832276674829875e-05,1.1327566632036513e-08
aimnet2,878,C7H12N3O1,23,0.0011460785775206977,0.0011184581776299536,0.0011082382263192599,0.0011082230737633919,3.7855503757306034e-05,1.5152555868896317e-08
aimnet2,879,Br3C8H16N3O2S1Si1,34,0.0066652995521184,0.006465688152943391,0.006015889705191437,0.006015750783293244,0.0006495487688251547,1.389218981908406e-07
aimnet2,880,C8H12N2,22,0.0012027291347328005,0.0011809473032368793,0.0011640135037825326,0.0011640097310260688,3.871940370673154e-05,3.772756465491997e-09
aimnet2,881,C6H14N1O1,22,0.0013948264642322003,0.0013637318854913393,0.0013563378391819583,0.0013562862878054658,3.8540176426734286e-05,5.155137649729628e-08
aimnet2,882,C6H9N1O4P1,21,0.0018670904028903956,0.0018098041726143338,0.0017011703118235118,0.0017011231640244378,0.00016596723886595763,4.714779905663717e-08
aimnet2,883,C2F1H2N5S1,11,0.0006233613191036999,0.000592360895264134,0.0005663508321852144,0.0005662830188738014,5.707830022989843e-05,6.781331141215583e-08
aimnet2,884,C1F2H2O6S2,13,0.003854976042809975,0.00380120974731115,0.0037669042710578417,0.0037652393655800563,8.973667722991841e-05,1.6649054777887363e-06
aimnet2,885,C8Cl1H6N2,17,0.0017239539732561108,0.0016545896781484366,0.0016060735757047896,0.001606063088462595,0.00011789088479351605,1.0487242197259411e-08
aimnet2,886,C5H11N2O1,19,0.0008880510363267975,0.0008795118118321561,0.0008610951383242836,0.0008610947650182062,2.6956271308591364e-05,3.7330607858645684e-10
aimnet2,887,C6Cl2H12N2O1,23,0.0012960738766777985,0.0012772984640741108,0.001246298370748516,0.001246282302042486,4.979157463531238e-05,1.6068706031413877e-08
aimnet2,888,C7H10I1N5,23,0.0009873669043970015,0.0009673438047536042,0.0009398949034898121,0.000939857742777404,4.750916161959716e-05,3.716071241128537e-08
aimnet2,889,C9F2H16I2P1,30,0.002034353580998999,0.0019416007043267516,0.001850385864937354,0.001850179460279364,0.00018417412071963516,2.0640465799068158e-07
aimnet2,890,C6Cl1F1H3N2O3,16,0.0011406916773926967,0.0010930157126026498,0.0010707102598400398,0.0010706839464389483,7.000773095374856e-05,2.631340109426302e-08
aimnet2,891,C2F6I2S2,12,0.0054845180833909025,0.004525342218555276,0.004233402648740047,0.004233373864954535,0.0012511442184363667,2.8783785510675055e-08
aimnet2,892,C7H5N10O2S1,25,0.001625244706584796,0.0016215259995368987,0.0015594492340139396,0.0015594452120078805,6.579949457691553e-05,4.022006052960884e-09
aimnet2,893,C17H13N1O1,32,0.0011003417108264003,0.0010894191116440377,0.0010615947664295478,0.0010615845564014683,3.875715442493181e-05,1.0210028079651608e-08
aimnet2,894,C6H8N1O1S2,18,0.001417890724812211,0.0014141288802680225,0.001391918674130192,0.001391889395948847,2.6001328863363537e-05,2.927818135264072e-08
aimnet2,895,C6H7N5S1,19,0.0008522266441057017,0.0008455692898662697,0.0007973580343419909,0.0007973411626707908,5.488548143491097e-05,1.6871671205178725e-08
aimnet2,896,C9H6N2O2,19,0.0008263618548889938,0.0008171855249099467,0.0007761755781668632,0.0007761580468136384,5.020380807535556e-05,1.753135322456803e-08
aimnet2,897,C6H8N4O2,20,0.0009227577458102063,0.0009194002556471325,0.0008923994481657903,0.0008923893608962767,3.0368384913929626e-05,1.0087269516381097e-08
aimnet2,898,C4H6N1O1S1,13,0.000613440857160299,0.0005495958484806059,0.000493954409208488,0.0004939379161975327,0.00011950294096276643,1.6493010956629237e-08
aimnet2,899,C9H12N1,22,0.0017779060428443976,0.001772477767428997,0.001756479000907354,0.0017564528352990094,2.1453207545388224e-05,2.6165608350610063e-08
aimnet2,900,C5H7N1O4S1,18,0.0020044953599092836,0.0018031171231870622,0.001707334028125599,0.0017073257910388204,0.00029716956887046274,8.237086782544754e-09
aimnet2,901,Br1C6H4N1O2S1,15,0.0010727664214689998,0.0010681137994371776,0.0009916715883434475,0.000991660702646101,8.110571882289876e-05,1.0885697347417194e-08
aimnet2,902,C4H11N3S1,19,0.0008435070746046963,0.0008201891531452867,0.0007848484833161554,0.0007848456324071925,5.866144219750393e-05,2.850908959899271e-09
aimnet2,903,C1Cl3F2P1S3,10,0.004064166671712797,0.0038336380441332655,0.0036683844281767647,0.003668205928422178,0.00039596074329062024,1.784997545815938e-07
aimnet2,904,C6H8N5S1,20,0.0016657051349747015,0.001609337295034905,0.0015411605156836431,0.0015411071538710605,0.00012459798110364058,5.336181257648971e-08
aimnet2,905,C7H11N3O1,22,0.0014004734796343949,0.0013957145263116999,0.001390628727966164,0.001390600422275707,9.873057358688047e-06,2.8305690459340825e-08
aimnet2,906,C8H9N2O1S2,22,0.0018743690630021008,0.0018400987524222479,0.00181515859910323,0.0018151538816870247,5.921518131507554e-05,4.71741620367952e-09
aimnet2,907,C4Cl3H5N1,13,0.0006169457594848009,0.0005942765736821941,0.0005735760244971133,0.0005735373592183898,4.340840026641103e-05,3.8665278724602645e-08
aimnet2,908,C8H10N5,23,0.0010275265638618068,0.0010175714752643883,0.000996271934306476,0.0009962664416861438,3.12601221756628e-05,5.49262033115755e-09
aimnet2,909,F3O9P1S3,16,0.008419695155410394,0.007854656311758568,0.007433507363141238,0.007433324581660739,0.0009863705737496568,1.827814805102327e-07
aimnet2,910,C4H3N6O2,15,0.0006827437813263979,0.0006631046142220411,0.0006627105165746325,0.0006626849449888153,2.0058836337582783e-05,2.557158581826174e-08
aimnet2,911,C4H2N6,12,0.00034557033454720397,0.000328112875355868,0.00031359747474194436,0.0003135778647372161,3.199246980998791e-05,1.9610004727321056e-08
aimnet2,912,C10Cl2H19N4O2S1,38,0.0036359189917870983,0.003558996085085235,0.0034667384916145625,0.0034667113549478965,0.00016920763683920224,2.7136666667058314e-08
aimnet2,913,C6H12N1O4S2,25,0.0024810422136624997,0.0023992608127914442,0.002121692868703331,0.0021216672809996717,0.0003593749326628271,2.5587703656284263e-08
aimnet2,914,C14H16N3O5,38,0.002509151407915004,0.0024950678015341764,0.002474750588908455,0.0024747353691090992,3.441603880590416e-05,1.5219799356888262e-08
aimnet2,915,C3H11N6O1,21,0.0005731356894220034,0.0005710485645040958,0.0005632927475683476,0.000563284636951665,9.851052470338385e-06,8.110616680964414e-09
aimnet2,916,C9H8N1O1S1,20,0.0006893538997042002,0.0006791254631594567,0.0006658485986479961,0.000665841977252816,2.3511922451384394e-05,6.621395176190462e-09
aimnet2,917,C10H9N1O2S1,23,0.0029519982089607822,0.0026782389592266784,0.0025216426091828814,0.002521538265546055,0.0004304599434147269,1.0434363682560864e-07
aimnet2,918,C13H16N2O1,32,0.0018067048972896997,0.001784158313590712,0.0017613856018617435,0.001761361116212792,4.534378107690804e-05,2.448564895136494e-08
aimnet2,919,B2C10Cl2H16N4,34,0.0018782405433489964,0.0018622772683741958,0.0017737000725586774,0.0017736931791132806,0.00010454736423571548,6.8934453929444015e-09
aimnet2,920,Br1C6F1H5N3S1,17,0.0017943578896941065,0.001743837051652701,0.0017323290521661847,0.00173228950376011,6.206838593399651e-05,3.954840607340464e-08
aimnet2,921,C5Cl1H2N1S2,11,0.0006288171493020944,0.0006282580595118063,0.0006207433483481561,0.0006207398697646138,8.077279537480593e-06,3.478583553056112e-09
aimnet2,922,C6H6N2O3,17,0.0008466753128092033,0.0008271833098646148,0.0008197554907265416,0.0008197393493862669,2.693596342293626e-05,1.6141340277590608e-08
aimnet2,923,C13H7N5,25,0.0010514676975877145,0.0010427910468567565,0.001035395314132483,0.0010353832952711142,1.60844023166008e-05,1.2018861373137834e-08
aimnet2,924,C3H8O4Si2,17,0.0016242709241758016,0.0015021245159826963,0.001454432466304219,0.0014544311357740395,0.00016983978840176195,1.3305301785226185e-09
aimnet2,925,C11H18N5O2,36,0.0022706516646803167,0.0022291012937719883,0.0022038939510194773,0.002203885336743404,6.676632793691303e-05,8.614276086173806e-09
aimnet2,926,C6H8N3O6,23,0.0015239351854273032,0.0014770098091152649,0.0014297721945643411,0.0014297518983189329,9.418328710837057e-05,2.0296245402121934e-08
aimnet2,927,Br1C11F4H8N2O1,27,0.002180156980221499,0.0021578277664839668,0.002070796637570197,0.00207077823981356,0.00010937874040793899,1.8397756639431146e-08
aimnet2,928,Br1C4F7H1O1,14,0.002758723006552588,0.0026502608491611817,0.002388453763886798,0.0023884427565167865,0.00037028025003580197,1.1007370018109359e-08
aimnet2,929,C2Cl1H5N1O2S1,12,0.002365455320767019,0.0017985979861144653,0.0015514028877297624,0.0015512511473630608,0.0008142041734039581,1.5174036669745403e-07
aimnet2,930,C1H3I1P1S1,7,0.0016540448727060959,0.0014378044281423967,0.0012148953407339013,0.0012148896353750109,0.00043915523733108484,5.705358887803272e-09
aimnet2,931,C7H6N3O4,20,0.0008869148220725001,0.0008689142240069969,0.0008519835284697474,0.0008519810866835006,3.4933735388999525e-05,2.441786248343265e-09
aimnet2,932,C9H9N3O1,22,0.0016143619402711994,0.0016103072128710537,0.0015770973705651389,0.0015770854847337755,3.727645553742356e-05,1.1885831361869777e-08
aimnet2,933,C5H10N1O1S3,20,0.0010906521162412006,0.0010348744993290966,0.000988913008411306,0.0009889041566075126,0.00010174795963368808,8.851803791379953e-09
aimnet2,934,C4Cl4H2N1,11,0.00027764710558840077,0.00017783343564619066,0.0001641061497346795,0.00016410132358568935,0.00011354578200271135,4.8261489895932325e-09
aimnet2,935,C17H15I1N2O2S1,38,0.002551346445070995,0.0025365764910301658,0.002422966492179974,0.002422963175087562,0.000128383269983433,3.317092415407892e-09
aimnet2,936,C7Cl2F1H3N1S1,15,0.000522897723925298,0.0005079350462469722,0.0005071345586975911,0.0005071329292094527,1.5764794715845208e-05,1.6294881436536093e-09
aimnet2,937,C8H9N3O3,23,0.0015931209959571,0.0015917768032566388,0.0015749766649592225,0.0015749636385524665,1.815735740463292e-05,1.3026406755798318e-08
aimnet2,938,C9H12N4S2,27,0.0012996669230965,0.0012348562575425067,0.0012038827302005195,0.00120387010266776,9.579682042873965e-05,1.2627532753917142e-08
aimnet2,939,C12H18O10,40,0.0033490302033176017,0.003291244621688237,0.003211252709584364,0.00321122696194284,0.0001378032413747616,2.574764152737643e-08
aimnet2,940,C10H12O5,27,0.0011202417241305065,0.0010277255316157967,0.0010173972159255838,0.001017396312579013,0.00010284541155149341,9.033465645683026e-10
aimnet2,941,C3H7N4S1,15,0.0006536926882531037,0.0006464620687493176,0.0006361327875228293,0.0006361264588149024,1.7566229438201237e-05,6.32870792919841e-09
aimnet2,942,C4H7N1O2S3,17,0.0012501548136108005,0.0012185221940775785,0.0012088631030136264,0.0012088574593070848,4.1297354303715904e-05,5.643706534497727e-09
aimnet2,943,C2H4N2O1,9,0.0005818901502370989,0.0005495250291113766,0.0004562018140216795,0.00045620165017881285,0.0001256885000582859,1.638428648405612e-10
aimnet2,944,C6H5N3O2S1,17,0.0018568327238947975,0.0017824858155471972,0.0015883454209818576,0.0015883155384986036,0.0002685171853961941,2.988248324286022e-08
aimnet2,945,C6H11N4O1S1,23,0.0011411327371204983,0.0010939955573429697,0.0010519713270541356,0.0010519136631074693,8.921907401302909e-05,5.766394666528879e-08
aimnet2,946,C1H5N7,13,0.0005279086682010997,0.0005099197273461047,0.0004919025751872131,0.0004918995622002095,3.600910600089029e-05,3.0129870053492714e-09
aimnet2,947,C8F1H14N2,25,0.001522576202445589,0.0015166863933745466,0.0014891056062268418,0.0014890916392780043,3.3484563167584845e-05,1.3966948843579827e-08
aimnet2,948,C4H8N10,22,0.0011308385085311953,0.0011179225336269707,0.0011171772011644794,0.0011171670556460239,1.3671452885171354e-05,1.0145518458110163e-08
aimnet2,949,C13H20N3O2,38,0.0022460007661408996,0.0022271278564191246,0.002179768976491465,0.0021797531206711063,6.624764546979273e-05,1.5855820357305326e-08
aimnet2,950,C6H8O2,16,0.0008254459611204985,0.0008116580156323118,0.0006174710093455583,0.0006174517759829582,0.00020799418513754023,1.9233362600495796e-08
aimnet2,951,C9H6N2S1,18,0.0006093013855172105,0.0005856739771177645,0.0005720336379955403,0.0005720210102820786,3.728037523513197e-05,1.2627713464247463e-08
aimnet2,952,C4Cl4,8,0.0011854592448506884,0.0011747143815861384,0.0007790899394691014,0.0007790831897894816,0.00040637605506120615,6.749679620210855e-09
aimnet2,953,C2H2N2O2S1,9,0.0019058737831541919,0.0017556117931094442,0.0011867265468806195,0.0011867163760694121,0.0007191574070847806,1.0170811207386135e-08
aimnet2,954,C9H12O2,23,0.0009206907334958228,0.0009134227987485648,0.0008693944412660106,0.0008693771934806942,5.131354001512848e-05,1.7247785311283276e-08
aimnet2,955,C2H4N4O2,12,0.0007190173781517073,0.0006775580848389701,0.0006142873024986582,0.0006142824630593034,0.00010473491509240367,4.839439353498123e-09
aimnet2,956,C7Cl1F2H3O2S1,16,0.0008691995651557005,0.0008139490940346513,0.0007345426690857388,0.0007345278001732028,0.00013467176498249792,1.4868912535658852e-08
aimnet2,957,Br1C13F1H14I1N3O1,34,0.001996482514414003,0.0019640310691965757,0.0018873004349660978,0.001887289200396359,0.0001091933140176446,1.1234569741628736e-08
aimnet2,958,C6H8N2S4,20,0.0011674099743166058,0.0011641348910986088,0.001157421946555232,0.0011574106244894241,9.999349827181451e-06,1.1322065805137546e-08
aimnet2,959,C10H10O3,23,0.002314924350549597,0.0023114341297445187,0.002264935138017159,0.002264932086046568,4.9992264503028995e-05,3.0519706012988588e-09
aimnet2,960,C6H10N2,18,0.0007934042214914001,0.0007853889837483002,0.0007817452565146769,0.0007817433082012113,1.1660913290188735e-05,1.948313464835279e-09
aimnet2,961,C9H14O2,25,0.0012564136207102994,0.001207792219508728,0.0011790410193490398,0.0011789623065443784,7.745131416592089e-05,7.871280466202543e-08
aimnet2,962,C2Cl1H9N2O2S3,19,0.0014916923911657022,0.001465706175475223,0.001406548517140974,0.001406530412894954,8.516197827074857e-05,1.810424601796867e-08
aimnet2,963,C13H12N2,27,0.0012151335794758013,0.0011870832417110436,0.001126886235856588,0.0011268513275109325,8.828225196486853e-05,3.4908345656569256e-08
aimnet2,964,C4F6H3N7S3,23,0.005929770968381797,0.0056804519155529256,0.005421041717215392,0.0054210313616354115,0.0005087396067463861,1.0355579973907278e-08
aimnet2,965,C12H12N4,28,0.0015983148141354908,0.0015919008701072328,0.0015819262568387104,0.0015818898737570502,1.642494037844081e-05,3.638308165417405e-08
aimnet2,966,C5H4O2S1,12,0.0004266757172048108,0.00040300071838525096,0.0003811116401487182,0.00038109099864767985,4.5584718557130954e-05,2.0641501046287634e-08
aimnet2,967,C8H11N1O1,21,0.0007257627218813978,0.000724234247720524,0.000689617230200297,0.000689602307155858,3.616041472553974e-05,1.4923044435058096e-08
aimnet2,968,C7H6O3S1,17,0.0017779237933578979,0.0017571213557677028,0.0017089672979504647,0.001708953122742626,6.897067061527148e-05,1.4175207841563164e-08
aimnet2,969,C12H11N1O3,27,0.0009751809854422999,0.0009649781395701005,0.0009545131118156945,0.0009545113554952878,2.066962994701198e-05,1.756320406309692e-09
aimnet2,970,C7H8N2O3,20,0.0008241091256769866,0.0008061807039559633,0.0007629947385803938,0.0007629909714753503,6.111815420163633e-05,3.767105040711452e-09
aimnet2,971,C7F6H9N2O2,26,0.0035052944525286976,0.0034950162584421658,0.0034085894633194614,0.0034085239190528027,9.677053347589486e-05,6.554426665338942e-08
aimnet2,972,C3F2H1O3,9,0.0011783579067987042,0.001037056238326075,0.0010335044354154229,0.0010334970078668443,0.00014486089893185982,7.4275485853524135e-09
aimnet2,973,Br2C16H13I1N1O1S5,39,0.0032882014521157985,0.0032583589661438583,0.003236193022880493,0.0032361896108392425,5.201184127655564e-05,3.4120412510652818e-09
aimnet2,974,C4H3N3O4,14,0.0006332255822610986,0.00061598595993354,0.0006070100107301595,0.0006069818856514248,2.6243696609673783e-05,2.8125078735157607e-08
aimnet2,975,C10H16N1,27,0.0009743600704667,0.0009492619620327179,0.0009423301296059071,0.0009422455856821784,3.211448478452145e-05,8.454392372873584e-08
aimnet2,976,C11Cl1H14N2,28,0.0010930098588341009,0.0010721717443046691,0.0010475953288222343,0.0010475247642679195,4.548509456618143e-05,7.05645543146921e-08
aimnet2,977,C3H9N6O3,21,0.001480074130624503,0.0014585435042335768,0.0014350563887628738,0.0014350355906303125,4.503853999419063e-05,2.07981325619645e-08
aimnet2,978,Br1C6Cl1H8,16,0.0011007706610858922,0.001082538032195832,0.0010470749784494682,0.0010470127499818535,5.375791110403874e-05,6.2228467617145e-08
aimnet2,979,C5H6N4O3S3,21,0.0022631434132634938,0.0022023967536763532,0.002151747996553975,0.002151737570519478,0.00011140584274401693,1.04260345040757e-08
aimnet2,980,C1H9N1O7P1S2Si1,22,0.002180510632583903,0.002059775196650405,0.0018655477223306297,0.0018655299741988528,0.00031498065838505017,1.7748131771555463e-08
aimnet2,981,Br1C4H6N2,13,0.0010746135213971998,0.00106368496887453,0.0010182145394799149,0.0010182041272203794,5.640939417682049e-05,1.0412259535012726e-08
aimnet2,982,C11H12N3O2,28,0.0016275011912118159,0.001620384023079522,0.0015138506310334906,0.0015138494674925502,0.00011365172371926601,1.1635409386248002e-09
aimnet2,983,C9H16N3O1,29,0.0011119266567943082,0.0011068187773540673,0.001092795946852421,0.0010927828715029107,1.9143785291397488e-05,1.3075349516238424e-08
aimnet2,984,C6H16N4O1,27,0.0013352895146287005,0.0013252024694419763,0.0013121668500830216,0.0013121643075108859,2.3125207117814584e-05,2.5425721349157524e-09
aimnet2,985,C4H9I1O1P4Se3,22,0.0040849374743427,0.003945240951758584,0.003929637143297473,0.003929542174903697,0.00015539529943900304,9.496839377383161e-08
aimnet2,986,C12H19N3,34,0.0017799682422104121,0.001763951567382226,0.0017055688878848914,0.001705420814012393,7.454742819801874e-05,1.4807387249593058e-07
aimnet2,987,Br1C7H9N2,19,0.0012537216229492009,0.0011943617490417452,0.0011822956271624976,0.0011822817434878588,7.143987946134211e-05,1.3883674638073849e-08
aimnet2,988,C6H12O2S1,21,0.0009942528429582045,0.0009913098157233167,0.0009858984408132726,0.0009858880105180642,8.364832440140324e-06,1.0430295211080554e-08
aimnet2,989,C6H19N6O3,34,0.002483752447604901,0.0023817838075420495,0.0023611425882163624,0.0023611330713740426,0.0001226193762308578,9.51684231747255e-09
aimnet2,990,C6H10O6S1,23,0.0018708530474521997,0.0017779516246262418,0.0016606940146644737,0.0016606931464667842,0.00021015990098541544,8.681976927065518e-10
aimnet2,991,C6H6P6,18,0.003273753708298594,0.0031362087581198006,0.0031187830476643555,0.0031187578811164144,0.00015499582718217928,2.5166547944122915e-08
aimnet2,992,C8H20N1O2Si1,32,0.0025202453131133074,0.0024934513950504614,0.0024658924520640554,0.002465815191732025,5.443012138128251e-05,7.726033203950091e-08
aimnet2,993,C7H16N4,27,0.0018334625415187945,0.001821540955565591,0.0017129379317295731,0.0017129334290193596,0.00012052911249943513,4.502710215016168e-09
aimnet2,994,C16H15N3O1,35,0.002045169039598795,0.0020163551616341766,0.001977148887705192,0.0019771401687203724,6.802887087842326e-05,8.71898481827581e-09
aimnet2,995,C3H6N2S2,13,0.0006919639845859169,0.0006663289396693106,0.0006354313218964332,0.0006353681734214226,5.659581116449421e-05,6.314847500003152e-08
aimnet2,996,C2H1N1S1,5,0.0005356826542519954,0.0004648929032428507,0.0003969624075021781,0.0003969436712842639,0.00013873898296773142,1.873621790730964e-08
aimnet2,997,C8H19N1O8S1,37,0.0051195982623706985,0.005079306683449303,0.004473321911182863,0.004473194862134472,0.0006464034002362251,1.2704904839203893e-07
aimnet2,998,C7H5N3S1,16,0.0005675267489098988,0.0005375517499784777,0.0005240648396808685,0.000524043441044796,4.348330786510273e-05,2.1398636070737377e-08
aimnet2,999,C10H8N1O2S1,22,0.0011193354399195042,0.0010494467413890048,0.001022097250492016,0.0010220909029974438,9.72445369220604e-05,6.347494570003939e-09
spice,0,C20H20N4O5S1,50,0.03808338449854938,0.038081579620487464,0.038080590923346605,0.03808058186193329,2.8026366160995085e-06,9.061413323698812e-09
spice,1,C9F12H2O1,24,0.0251079433157375,0.025099425494743546,0.025053854850143515,0.025053853573195915,5.4089742541581e-05,1.2769476134676639e-09
spice,2,C20F2H12N2O2S1,39,0.03117132197462417,0.031163322794855574,0.031162351259052694,0.031162344961898895,8.977012725279381e-06,6.297153806591963e-09
spice,3,C9H14O3,26,0.008314232496921184,0.008313762356587666,0.008313565238963297,0.008313565123394725,6.673735264611018e-07,1.1556859013637738e-10
spice,4,C3H8O2S2,15,0.006128717450735805,0.006127892490309022,0.0061260103541366726,0.00612600807924943,2.7093714863749404e-06,2.2748872422527853e-09
spice,5,C23F1H22N3O1,50,0.045028300755382694,0.04502709054600573,0.04501876224407285,0.04501876085125658,9.539904126114824e-06,1.3928162609246254e-09
spice,6,C8H10O2,20,0.006461876927568407,0.006461727318997274,0.006461620791545204,0.006461593398971965,2.8352859644181174e-07,2.7392573232052308e-08
spice,7,C14H15N7O1,37,0.030030292121892257,0.030029587955817515,0.030029498411904932,0.030029497841722742,7.942801695094036e-07,5.701821996759407e-10
spice,8,C17Cl1H14N5O1S2,40,0.028058431439071083,0.0280575805945114,0.028056598857390307,0.0280565933815101,1.8380575609821671e-06,5.4758801983278225e-09
spice,9,C15H15N1O1S2,34,0.03698095224873178,0.036980938315507896,0.03698078510603046,0.03698076905614911,1.8319258266229555e-07,1.6049881326748525e-08
spice,10,C18H22N4O5,49,0.0385753657092387,0.038574840365017314,0.038574643993082317,0.038574643302316636,7.224069220687619e-07,6.907656244173779e-10
spice,11,C15Cl2F1H8N5O1S1,33,0.025683530295850913,0.025678134673235407,0.02567622074382533,0.025676216857255813,7.313438595096662e-06,3.886569519393192e-09
spice,12,C3H6O5,14,0.0035418832253695004,0.0035413016191925624,0.003540670353275287,0.003540663995817936,1.2192295515646943e-06,6.357457366857364e-09
spice,13,C11H14N2O6,33,0.020094847991144783,0.020093986704135203,0.02009355255184512,0.020093534442479705,1.3135486650831367e-06,1.8109365429648424e-08
spice,14,C19Cl1H16N5O5S1,47,0.03911066732906909,0.03910468524405612,0.03909830991610585,0.03909829975090957,1.2367578159532736e-05,1.0165196276697973e-08
spice,15,C19H18N4O3,44,0.044034743834892406,0.04403441307400117,0.04403352856973774,0.04403350960056056,1.2342343318475188e-06,1.8969177218778687e-08
spice,16,C13H22N4O4S1,44,0.02749085046924104,0.027489899745443712,0.027489500043795724,0.027489498148050885,1.3523211901533462e-06,1.895744858559314e-09
spice,17,C21H17N3O2S1,44,0.032840425171175414,0.032838776939926005,0.0328379994281464,0.03283798940335757,2.4357678178409903e-06,1.0024788823058782e-08
spice,18,C19H19N3O1,42,0.029461682286017775,0.02946162026280852,0.029461249144948482,0.0294612369259464,4.4536007137421413e-07,1.2219002078769737e-08
spice,19,C19H23N5O3,50,0.03975695317540794,0.039756942440427406,0.03975678646623095,0.039756769744607894,1.8343080005140705e-07,1.6721623072227563e-08
spice,20,C18H24N2O4,48,0.05183497748899825,0.051833332004881744,0.05183115858284656,0.05183109503595255,3.882453045699594e-06,6.354689399017302e-08
spice,21,C16H19N1O3,39,0.03736268547938955,0.03736265849278193,0.037362619620353935,0.03736261805439566,6.742499388663582e-08,1.5659583381318766e-09
spice,22,C4H13N1S2,20,0.008681593249565096,0.008681314526476448,0.008681038294444594,0.00868103616763734,5.570819277545238e-07,2.1268072560953276e-09
spice,23,C8H18O2Si1,29,0.01951231887849203,0.019511048538186734,0.019510309634570285,0.019510296591402743,2.02228708929063e-06,1.3043167538179044e-08
spice,24,C1H6O2,9,0.00036852026085670234,0.000368306494651591,0.00036825057159966835,0.00036824964346911785,2.706173875845082e-07,9.281305521686805e-10
spice,25,C12H11N5O2S1,31,0.01836354383176053,0.018361323562796513,0.01836106053079014,0.01836105549368461,2.4883380759239877e-06,5.037105543107653e-09
spice,26,C16H15N5O5S2,43,0.07676927425687771,0.07676320458795363,0.07675998817077773,0.07675998294005448,9.291316823226769e-06,5.230723184136567e-09
spice,27,Br1C17H10N1O5,34,0.045579605585216995,0.04557706475475473,0.045575511231347655,0.04557547773543688,4.127849780121279e-06,3.3495910762636095e-08
spice,28,C22F1H20N5O1,49,0.03302494158341121,0.03302480233588529,0.03302461647569941,0.03302460568965184,3.358937593666441e-07,1.0786047572393673e-08
spice,29,C20Cl2H24N2O2,50,0.05250873744134807,0.05250719267090696,0.05250707971746621,0.05250707835371894,1.6590876291310066e-06,1.363747266557353e-09
spice,30,C8H15N1O5,29,0.03466268525997309,0.03466194098278907,0.03466187129334976,0.03466186487522853,8.203847445558907e-07,6.4181212345304335e-09
spice,31,B1C13H13N4O5S2,38,0.03833726349100548,0.03833249655077957,0.03832711400760305,0.038327086127586486,1.0177363418993259e-05,2.7880016579226243e-08
spice,32,C12H9N1O1S1,24,0.013790230735122193,0.013789496007605984,0.01378931729974456,0.013789306745445625,9.239896765674549e-07,1.0554298932119515e-08
spice,33,Br1C20F3H17N3O4S2,50,0.04996993312244172,0.04996872407612103,0.049961993486602685,0.04996198929760884,7.943824832880544e-06,4.188993847977965e-09
spice,34,C15H22O5,42,0.05143906540449566,0.05143831227214108,0.05143788199187222,0.05143781958434444,1.2458201512291003e-06,6.24075277610264e-08
spice,35,C19H21N3O1,44,0.03503511517463676,0.03503472147686609,0.03503432732023096,0.03503431992872056,7.952459162013066e-07,7.391510408380359e-09
spice,36,C14H18N2O6,40,0.022814294206193502,0.0228137788902052,0.022813767925555718,0.02281374963597614,5.445702173614998e-07,1.8289579585830243e-08
spice,37,C9F3H10N1O3,26,0.01904434086325129,0.019034021091480675,0.019024002155255352,0.019023998287715827,2.0342575535463176e-05,3.86753949030793e-09
spice,38,H2I1O1,4,0.0005300833003310026,0.000529407791516805,0.0005293991947937798,0.0005293968644828654,6.864358481372207e-07,2.3303109130575636e-09
spice,39,C19H17N3O2,41,0.035824935477579804,0.035824844871435446,0.035824039839101776,0.03582403642164913,8.990559306665304e-07,3.417452671776646e-09
spice,40,C20F1H24N1O1S1,48,0.05031762845270467,0.05031720963639822,0.050317223280955094,0.05031720452486075,4.239278439213749e-07,1.8756094361213034e-08
spice,41,C9H18O3Si3,33,0.038748871305486675,0.0387453616640854,0.03873837450192704,0.038738311011511865,1.0560293974817024e-05,6.34904151487097e-08
spice,42,C15H16N2O2,35,0.04318923725649557,0.04318918015513344,0.04318879209782816,0.043188781064894204,4.5619160137223206e-07,1.103293397548407e-08
spice,43,C18H24N2O2,46,0.04313118383203565,0.04313101597160524,0.04313077422772879,0.043130755562142756,4.2826989289982665e-07,1.8665586004416e-08
spice,44,C19H16N5O5P1,46,0.04113253996821706,0.0411307857013604,0.04112761275312567,0.0411276073623244,4.9326058926521025e-06,5.3908012497315985e-09
spice,45,C13H17N5,35,0.02797703033317951,0.02797673699601475,0.027976620226250335,0.027976565073654,4.65259525504117e-07,5.515259634131056e-08
spice,46,C16H16N4O1S1,38,0.02373096520603103,0.02373065747025561,0.023729993907530146,0.023729982895994026,9.823100369986814e-07,1.1011536089515523e-08
spice,47,C3H10O3,16,0.00456288359262209,0.004562114255774821,0.004561838237985366,0.00456183651463137,1.0470779907188638e-06,1.7233539966563022e-09
spice,48,Br1C15Cl2H11N2O4S1,36,0.04927074511663806,0.04926671887237179,0.04925807707811469,0.04925806714183185,1.2677974806198228e-05,9.93628288106445e-09
spice,49,C6Cl2H12Si2,22,0.014880828123242693,0.01487567945208685,0.0148753495881017,0.014875339520051295,5.488603191399729e-06,1.0068050404562024e-08
spice,50,C18H20N6O2S2,48,0.030731324290729934,0.03073009400003808,0.030729039608347233,0.030729035868319557,2.288422410376864e-06,3.740027689644486e-09
spice,51,C14H27N1O1Si1,44,0.04538577717890993,0.045382875973199045,0.04538274833494226,0.045382745499146546,3.0316797633862602e-06,2.835795698831265e-09
spice,52,C1H4O3,8,0.0009874663701472037,0.0009856094207771186,0.000985573856549934,0.0009855712786472732,1.8950914999305682e-06,2.5779026564735663e-09
spice,53,Br1C15H11O2,29,0.03038421835668441,0.03038169775168968,0.030381634537296125,0.030381630448565445,2.587908118965652e-06,4.088730661536732e-09
spice,54,C5Cl1H7O1,14,0.008886292782211997,0.008885209061339609,0.008883652813927605,0.00888364211090092,2.6506713110804128e-06,1.0703026683097397e-08
spice,55,C9H16N2O1S2,30,0.03795939543939643,0.03795893642659565,0.03795814729449096,0.03795813438769912,1.2610516973040957e-06,1.2906791821045135e-08
spice,56,C17H12O1S1,31,0.018638995913444117,0.018638327336150985,0.018638189236098984,0.01863818779029452,8.081231495996463e-07,1.44580448958605e-09
spice,57,B1C8H10N1O3,23,0.010036593362837888,0.010035316769755087,0.010034388951053496,0.010034382982234878,2.210380603008076e-06,5.968818630617549e-09
spice,58,C17H19N1O4S1,42,0.05025459476333789,0.05025441891932202,0.05025263413300168,0.050252624005213714,1.9707581241732745e-06,1.0127787957893676e-08
spice,59,Br1C3Cl1H4O1,10,0.006647332761273598,0.006644280797963907,0.006642506306836872,0.006642476326989983,4.856434283613464e-06,2.9979846891586144e-08
spice,60,C6H11N1O1,19,0.008300955015891487,0.008300806750756246,0.008300750946918147,0.008300746261791421,2.0875410006378072e-07,4.685126732908776e-09
spice,61,C18H25N1O5,49,0.04429162305617406,0.04429156275785687,0.04429141183549602,0.044291403431501744,2.196246723134381e-07,8.403994247919026e-09
spice,62,C13H12N4,29,0.021050742027284484,0.021050283060749807,0.021050021575799042,0.021050012256011847,7.297712726373613e-07,9.31978721018887e-09
spice,63,Br1C13H14N3O1,32,0.027997923872421806,0.02799746867901909,0.027996140181527025,0.02799613024298822,1.7936294335907771e-06,9.938538855040461e-09
spice,64,C23H21N3O3,50,0.035197575425313585,0.035197153647766516,0.03519587664669832,0.03519586474722996,1.7106780836266356e-06,1.1899468375641655e-08
spice,65,C20H20N6O1,47,0.03076976870814692,0.030769744955803188,0.030769448836091586,0.030769442893017335,3.2581512958431694e-07,5.943074238463331e-09
spice,66,C19Cl3H15O2,39,0.04695595936480676,0.04695447237713889,0.04695419670667573,0.04695419563397959,1.763730827167092e-06,1.0726961778914678e-09
spice,67,C8H16O4,28,0.012762879537932979,0.01276256063099359,0.012762073798330066,0.012762070708108439,8.088298245403677e-07,3.090221629374657e-09
spice,68,C16H26N2O5,49,0.035132322883131804,0.03513212261755932,0.03513193421033946,0.03513191630162021,4.065815115907106e-07,1.7908719248789655e-08
spice,69,Br1C23H18N7O1,50,0.04911930481175994,0.04911883990371629,0.04911812703801333,0.04911812579190347,1.179019856467921e-06,1.246109842351758e-09
spice,70,C1H6O2,9,0.0006220164213110994,0.0006218707027101757,0.0006217644516199468,0.0006217640089703334,2.5241234076596256e-07,4.426496144124445e-10
spice,71,C14H18O2,34,0.024921162521491732,0.024920940164715997,0.024920810058504366,0.02492076910763411,3.934138576277489e-07,4.095087024683168e-08
spice,72,C13H5N3O2S2,25,0.0177073918879699,0.01770628211428386,0.017706050822535527,0.017706047371601724,1.3445163681714254e-06,3.4509337912627925e-09
spice,73,C17H23N3O7,50,0.04304242287738819,0.04304085188211255,0.043040257258399134,0.04304025248756176,2.1703898264233824e-06,4.770837361816911e-09
spice,74,C6Cl2H8O3,19,0.026794257341009202,0.026792797812023338,0.026789646682869043,0.026789622166597415,4.6351744117893235e-06,2.45162716597225e-08
spice,75,H4O1S1,6,0.0006207809478438999,0.0006196289905664661,0.0006195354749700119,0.0006195337956551677,1.247152188732169e-06,1.6793148451125632e-09
spice,76,C28H13N1O6,48,0.0440223980979097,0.04402192370311014,0.04402175725578859,0.04402175708159875,6.410163109582688e-07,1.741898602296501e-10
spice,77,C18H28N2O2,50,0.05715597854400199,0.057155464842974325,0.05715519578945159,0.05715517606661781,8.024773841842957e-07,1.972283375383325e-08
spice,78,C17H16N4S2,39,0.03818665128473718,0.03818330020462805,0.038183000207006976,0.03818299947289283,3.6518118443505803e-06,7.341141457390333e-10
spice,79,C17H19N1O3S1,41,0.02304355700800711,0.0230427066767382,0.023042520053949658,0.02304251610488965,1.040903117460786e-06,3.9490599869244066e-09
spice,80,C22H20N4O2S2,50,0.037556902194288116,0.037555458124286456,0.03755487365971359,0.037554872217294866,2.0299769932487316e-06,1.4424187041102022e-09
spice,81,C16H22N4O1S1,44,0.036043931120504816,0.0360436401556843,0.03604360093246453,0.03604358210284739,3.490176574300493e-07,1.8829617156436914e-08
spice,82,C1F2H4O1,8,0.0002529104899985994,0.00024257535418747284,0.00022630182253383245,0.00022628553350256502,2.6624956496034403e-05,1.628903126950219e-08
spice,83,B2C3Cl2H9N3,19,0.01650136715293477,0.016500963459926705,0.016500847599017775,0.016500840489551263,5.266633835017469e-07,7.109466512517772e-09
spice,84,C4H11N1O2,18,0.005094311389985892,0.005094142594662379,0.005093916034698846,0.00509391502466912,3.9636531677343674e-07,1.0100297261549123e-09
spice,85,C19H22N2O4S1,48,0.037432201882521124,0.037430880633500654,0.037429751523608404,0.0374297452593327,2.4566231884189003e-06,6.264275705564493e-09
spice,86,C12H24N4O7S2,49,0.031505322133006504,0.031503311574901785,0.031501983040880296,0.0315019758033196,3.3463296869053477e-06,7.237560698725473e-09
spice,87,Br1C24H18N5O1,49,0.04026240931424531,0.040260726517985235,0.04026011206228368,0.040260101079853707,2.3082343916117155e-06,1.0982429980235535e-08
spice,88,C4H11N1O2S1,19,0.007548485333515824,0.007547860774260198,0.0075468215485809545,0.007546819780350112,1.66555316571068e-06,1.7682308533036786e-09
spice,89,C9Cl1H10N3O1,24,0.017265593740630115,0.017264924216701102,0.017264658188273063,0.01726465679410165,9.369465284705547e-07,1.39417141893798e-09
spice,90,C13F1H11I1N3,29,0.023985324113511217,0.02398452473145246,0.023984486834675134,0.023984478514264933,8.455992462887899e-07,8.320410218902555e-09
spice,91,C21F2H18N8O1,50,0.039236816401837904,0.03923494551753404,0.039230653072907254,0.03923064684582239,6.169556015520364e-06,6.227084836582364e-09
spice,92,C12H13N5,30,0.019363367630335103,0.019362374165919627,0.01936227830748909,0.019362267063646174,1.1005666889287413e-06,1.1243842907451427e-08
spice,93,C14H15N1O3S1,34,0.020429361199850178,0.02042907065642345,0.020427889113962778,0.020427854042630585,1.5071572195925756e-06,3.5071332203377915e-08
spice,94,C20F6H10N6O2,44,0.03750500318952003,0.037500154363840264,0.037489578915654485,0.03748957321213864,1.542997738138443e-05,5.703515834834062e-09
spice,95,B1C15H16N1O5,38,0.022784046864242968,0.022783186957147872,0.02278276446798322,0.022782761679058638,1.2851851843309555e-06,2.788924583858032e-09
spice,96,C17H24O5,46,0.038328108245324635,0.03832653205963854,0.0383263042350471,0.03832629573431333,1.81251101131413e-06,8.500733759098075e-09
spice,97,C19H25N5O1,50,0.04302717099594332,0.04302713521581465,0.043027076285474294,0.0430270373397579,1.336561854164775e-07,3.8945716375675205e-08
spice,98,C4H12,16,0.0027279471721230017,0.002727926951796082,0.0027279262059394698,0.002727924172333516,2.2999789485629866e-08,2.0336059531628925e-09
spice,99,C20F1H19N4O3,47,0.026377027065193133,0.026373927334909904,0.026373120742792938,0.026373116348612443,3.910716580690808e-06,4.3941804897138875e-09
spice,100,C13H17N3O3S1,37,0.03440338058641704,0.03440160999047266,0.034400166582660936,0.034400152578366046,3.2280080510036888e-06,1.400429491399098e-08
spice,101,C20H26O2,48,0.04621118408662743,0.04621098503928925,0.046210474936021095,0.04621046876443118,7.153221962564485e-07,6.171589887366509e-09
spice,102,C13Cl2H8O2,25,0.021194994621707392,0.021194291388367426,0.021194031994357817,0.021194027942051583,9.666796558052566e-07,4.05230622423962e-09
spice,103,C16H24N4,44,0.037192442776560725,0.03719226450101089,0.03719193923705533,0.03719193593970667,5.068368540495487e-07,3.2973486687466502e-09
spice,104,C15H18O3S3,39,0.03675522450928356,0.036750386200983955,0.03673365010185466,0.036733649327250824,2.1575182032735378e-05,7.74603833681122e-10
spice,105,C20H20N4O4S1,49,0.049844543671275415,0.04984438461585282,0.0498429334855373,0.04984292234739894,1.621323876477687e-06,1.1138138383778774e-08
spice,106,C15H20N2O3S1,41,0.024977402905432818,0.024977314956066324,0.024976465117799922,0.02497645636834353,9.465370892918593e-07,8.749456379732716e-09
spice,107,C12F1H11O1,25,0.015525775242378968,0.015525185898097737,0.01552444376276956,0.015524437378979098,1.3378633998706828e-06,6.383790464718014e-09
spice,108,Br1C18Cl2H13N2,36,0.03372744064897659,0.033727139007351276,0.03372594175092162,0.033725937587225065,1.50306175152555e-06,4.163696558092935e-09
spice,109,C19H22N2O6S1,50,0.0322758467821358,0.03227306995872579,0.032267313438873874,0.032267309482291305,8.537299844491748e-06,3.956582571780357e-09
spice,110,C18Cl1F1H20N4O4S2,50,0.05100672460477282,0.05100221353605498,0.050988619341545374,0.050988602400598625,1.8122204174190786e-05,1.694094678940648e-08
spice,111,C13H14N4,31,0.01809177382876569,0.01809157349781672,0.0180912197269483,0.018091192733812683,5.810949530101374e-07,2.6993135635882724e-08
spice,112,C18Cl1H13N2O2,36,0.045823839537203676,0.0458230627056462,0.045822555177808165,0.045822531047666974,1.3084895367010292e-06,2.413014124940111e-08
spice,113,C16H16N2O2S1,37,0.030111567703453898,0.03011142224588835,0.030111085720058342,0.03011107162894545,4.960745084487717e-07,1.4091112892484503e-08
spice,114,C18F1H15N4O2,40,0.025115759575792304,0.025113952694214563,0.02511371590679323,0.025113710479992765,2.0490957995372786e-06,5.426800429858272e-09
spice,115,C3H11N1S2,17,0.01781996319300729,0.017819815634501072,0.017819028436988023,0.017819009261022565,9.53931984719319e-07,1.917596545776142e-08
spice,116,C11H20O3,34,0.03469821844610493,0.03469758792341704,0.03469742812058977,0.03469742639824015,7.92047864766061e-07,1.722349607775993e-09
spice,117,C11H20Si2,33,0.020420895953587367,0.020420444219314264,0.020420027822383984,0.020420009454424664,8.864991627046441e-07,1.836795932353494e-08
spice,118,C16Cl1H16N5O1,39,0.03097695419813575,0.030976861888447955,0.03097679507078723,0.030976794618365524,1.5957977022251292e-07,4.524216860254565e-10
spice,119,C10Cl1H14N3O2,30,0.03800850017910405,0.03800807339657904,0.0380074824658928,0.038007472313749124,1.027865354944766e-06,1.0152143708350276e-08
spice,120,C18Cl1H13N6S1,39,0.020520590723330703,0.02051794396930241,0.02051600534464994,0.020516003828777482,4.586894553215736e-06,1.5158724615552148e-09
spice,121,C2H8,10,0.0013303533736373008,0.001330350322079571,0.0013303474404341108,0.001330346662877792,6.710759509380031e-09,7.775563200975665e-10
spice,122,C10H9N5O4,28,0.013467792009298277,0.013467660222300433,0.013465924445340501,0.013465921924272477,1.870085025799373e-06,2.521068014256764e-09
spice,123,C13Cl1H7N4O1S1,27,0.021125596558849817,0.02112311871719324,0.021123137732690977,0.021123099481270405,2.4970775794111264e-06,3.8251420544846444e-08
spice,124,C11H7N1S2,21,0.01642321926324364,0.016421912690332035,0.016421299787160143,0.01642129768486093,1.921578382707789e-06,2.102299208198804e-09
spice,125,C10H21N1,32,0.024289304586730474,0.02428918027803552,0.024289155637441922,0.02428902451533066,2.8007139981924956e-07,1.311221112777936e-07
spice,126,C21Cl1H21N4O1S1,49,0.047558517318279425,0.04755832196005433,0.047558293953793365,0.047558293235271595,2.2408300783301575e-07,7.185217116391865e-10
spice,127,C12H13N5O3S2,35,0.031833012080782194,0.03181770801867904,0.03177431000467267,0.031774298800955995,5.871327982619975e-05,1.1203716697996835e-08
spice,128,C14H17N5O6S1,43,0.03680474705897063,0.0368045536100493,0.036803922506291116,0.0368039205120895,8.265468811286368e-07,1.994201631089982e-09
spice,129,C2Cl1H7O1,11,0.003619851951460195,0.0036183950833328098,0.0036179915818498123,0.0036179570881874506,1.8948632727442786e-06,3.449366235726709e-08
spice,130,C20H23N1O2,46,0.046026271822376515,0.046026210666273666,0.046026198979602084,0.046026168108431936,1.0371394458185522e-07,3.087117013700855e-08
spice,131,C6H4O3,13,0.00747084983953122,0.007470456015481505,0.007468630800636524,0.007468627790392045,2.2220491391751915e-06,3.0102444722805704e-09
spice,132,B1C14H28N3O4,50,0.054454900332132405,0.05445352889320279,0.05445094124380637,0.05445091359057117,3.9867415612336225e-06,2.765323519220527e-08
spice,133,C8H12O1,21,0.009281812052487012,0.009281802313441171,0.009281775996861853,0.00928176710898777,4.4943499238258534e-08,8.88787408366429e-09
spice,134,C12H18O5S1,36,0.01813592433630792,0.01813583329524232,0.018135333532617034,0.018135330572290453,5.937640174696472e-07,2.960326575538981e-09
spice,135,C8Cl1F3H4N2O2S1,21,0.021878237982593356,0.021875357422760776,0.021841269143926412,0.021841265229758093,3.697275283526959e-05,3.914168296182982e-09
spice,136,C22F3H17N2O4,48,0.03490487373452503,0.03490182584396795,0.034897748035124854,0.03489773884479376,7.134889731267635e-06,9.190331075849732e-09
spice,137,C22Cl2F2H18N6,50,0.052508522951477406,0.05250804321625225,0.052507232149758845,0.052507220237233906,1.302714243508007e-06,1.1912524902820006e-08
spice,138,C16H23N3O6S1,49,0.0328948885615077,0.03289059402838855,0.03288847227187687,0.0328884636035188,6.424957988898991e-06,8.668358035120716e-09
spice,139,C21H23N1O4,49,0.03511165745697449,0.035111498408049495,0.03511137350404785,0.035111369397634824,2.8805933967033307e-07,4.106413017485721e-09
spice,140,C16H20N2O1Si1,40,0.03215917707470511,0.03215896337503105,0.03215873020132169,0.03215870579766733,4.712770377767381e-07,2.4403654374276606e-08
spice,141,C16H12N4O3S3,38,0.046252256563143544,0.04624762163319073,0.04624403923915907,0.046244001888207764,8.254674935774044e-06,3.7350951263184217e-08
spice,142,C7Cl2H3N1,13,0.013145472520686827,0.013139259599063282,0.013139137356915841,0.013139132768116076,6.3397525707503166e-06,4.588799776308901e-09
spice,143,C3H10O2,15,0.00537405041509869,0.005373732927278823,0.005373417152461672,0.005373413634825227,6.367802734621154e-07,3.5176364456294316e-09
spice,144,C11Cl2H11N1O3S1,29,0.03977051524873822,0.039766665720688404,0.03976362970511028,0.03976358440587835,6.930842859862652e-06,4.5299231915304185e-08
spice,145,C2H8O2S1,13,0.003125662431983394,0.003125098327184085,0.003124425952376987,0.003124422094195921,1.2403377874719625e-06,3.858181062794796e-09
spice,146,C16F3H17N2O5,43,0.03396551751886023,0.03396484014835401,0.03396257312847863,0.03396254472265152,2.9727962087047847e-06,2.8405827077561332e-08
spice,147,C14F2H21N3O2,42,0.0315357088459216,0.03153427972417142,0.031527405524662176,0.03152739767310339,8.311172818194055e-06,7.851558765950786e-09
spice,148,C8H9N1O4S1,23,0.01683937779452505,0.016839214744863756,0.01683858810651977,0.016838568750460994,8.090440640616541e-07,1.935605874865708e-08
spice,149,C9H17N3,29,0.024370452277856103,0.024370408860110177,0.02437036998991797,0.02437036748550741,8.479234870021421e-08,2.5044105784107265e-09
spice,150,C9Cl1H5O1S2,18,0.018615569954708894,0.018614342546423728,0.018612553396185255,0.018612552073427806,3.0178812810910816e-06,1.3227574508235182e-09
spice,151,C4F4H8,16,0.0036292367084278026,0.0036216903125531755,0.0036084375997975523,0.0036084176570314657,2.0819051396336343e-05,1.9942766088331352e-08
spice,152,C4H8,12,0.0008481310578832039,0.0008481306808543612,0.0008481059436534065,0.0008481057623724816,2.529551072207068e-08,1.8128092584796206e-10
spice,153,C5H16N1,22,0.01249533615525,0.012495275037422189,0.012495176529685818,0.012495120684140567,2.1547110943705196e-07,5.584554525022423e-08
spice,154,C17H30O3,50,0.03443690007532907,0.034436724726749815,0.0344366660447851,0.03443664930720238,2.507681266876707e-07,1.673758273236223e-08
spice,155,C12H9I1N4O2S2,30,0.01895008404106253,0.018949362394960333,0.018941844974089083,0.018941835898857718,8.248142204808679e-06,9.075231340586389e-09
spice,156,C9H19N1O1Si1,31,0.02859046044250791,0.028589092137513497,0.02858774665934694,0.028587706354567612,2.7540879402978607e-06,4.03047793123784e-08
spice,157,C12H24N2O2S1,41,0.021592999131710096,0.021592053962495104,0.021590879289956455,0.021590874500367386,2.124631342713441e-06,4.789589061717866e-09
spice,158,C20H23N3O2S2,50,0.05853815590890531,0.058536603228446345,0.05853536452131433,0.058535306574641774,2.8493342635381898e-06,5.7946672554119634e-08
spice,159,C1H2N1O2,6,0.0006458129033643961,0.000645136995889184,0.0006449617551621083,0.000644952988913973,8.59914450423034e-07,8.76624814004217e-09
spice,160,C3H8O3S1,15,0.006918433571040587,0.006915636044556751,0.006915564240485056,0.0069154832580631724,2.9503129774140326e-06,8.098242187568133e-08
spice,161,C20Cl1F6H16N5,48,0.03615320077657081,0.03614220525336865,0.03611032198136186,0.036110312301432565,4.288847513824544e-05,9.679929291293086e-09
spice,162,Br1C17F1H19N5O1S1,45,0.06879888928756328,0.06879705738952044,0.06879177177423604,0.0687917350819241,7.154205639195601e-06,3.669231194359379e-08
spice,163,C16H23N5O4S2,50,0.04442822654006094,0.044427100292485394,0.0444246277282841,0.044424614323150924,3.6122169100183807e-06,1.3405133150035008e-08
spice,164,Br1C20H20N3O1,45,0.03020223824371146,0.030200858369552823,0.030200633060497032,0.0302006328339383,1.6054097731659559e-06,2.2655877006641319e-10
spice,165,C17F1H19N2O4,43,0.04653257629834261,0.04653108431784752,0.046530168618156564,0.04653014625868836,2.4300396542483963e-06,2.235946822092839e-08
spice,166,C13H26O3Si1,43,0.04718188655602909,0.04717921878715389,0.047178375661517905,0.04717810402899737,3.7825270317174057e-06,2.7163252052076124e-07
spice,167,C4H10O2,16,0.008811303833801503,0.008811021423487601,0.00881095011623446,0.008810943099649637,3.6073415186665367e-07,7.0165848242798645e-09
spice,168,C16Cl1H19N4O1S1,42,0.05696647426700946,0.056965970217513304,0.05696565892559152,0.056965639467677305,8.347993321591905e-07,1.9457914206980674e-08
spice,169,C6Cl1H8N5O2,22,0.018034665023113797,0.0180345216555059,0.01803446880052945,0.01803444052137862,2.2450173517464517e-07,2.8279150828261072e-08
spice,170,Br2C4H10O1,17,0.007018177669702504,0.007012447645924295,0.007010524440014921,0.007010519788828003,7.657880874500095e-06,4.651186917196288e-09
spice,171,C24Cl2F2H15N3O3S1,50,0.05093186991860093,0.050924278669546366,0.050917070347748686,0.050917036839098956,1.4833079501967066e-05,3.350864973984528e-08
spice,172,C16H20N6O2,44,0.04580573175750512,0.045805079411138316,0.04580477079918752,0.04580474365237972,9.88105125404327e-07,2.7146807755408652e-08
spice,173,C19H17N5O3,44,0.021703037693381493,0.021702973664123375,0.02170287458311121,0.02170287331488909,1.6437849239701057e-07,1.2682221180362425e-09
spice,174,C14H6O10,30,0.02196066816897166,0.02196041064222587,0.021957820520861454,0.02195778905466839,2.8791143032645136e-06,3.1466193090645096e-08
spice,175,C22F1H19N2O5S1,50,0.05992313507926595,0.05992258854852582,0.059921688096367706,0.05992167854596076,1.4565333051983984e-06,9.550406955109464e-09
spice,176,C4Cl1H4N2,11,0.005118815954403399,0.005118807809591851,0.005118804220544955,0.005118792756506218,2.3197897179364544e-08,1.1464038735334936e-08
spice,177,C15H15N1,31,0.0168832705130601,0.01688325228619259,0.016883223154328324,0.016883222235443647,4.827761645938345e-08,9.188846907192771e-10
spice,178,C13H25O4P1S1,44,0.0456126639174069,0.0456114675167639,0.04561049675872676,0.04561047416502803,2.1897523788733935e-06,2.2593698757641583e-08
spice,179,C21F2H15N5S1,44,0.04616073219158541,0.046155696232488316,0.04615537922856559,0.04615537281169427,5.359379891125531e-06,6.416871334614335e-09
spice,180,C8H11N1O1,21,0.019078278885457784,0.019078180241578285,0.019078060930452723,0.019078059926455126,2.1895900265653672e-07,1.0039975854308181e-09
spice,181,C12H22O5Si1,40,0.025418650334773495,0.025410481883421567,0.025407587893211066,0.025407568479587042,1.1081855186449702e-05,1.941362403080319e-08
spice,182,C6H10N2O1,19,0.005387888215265095,0.0053877736929321554,0.005387322612073894,0.005387318532179886,5.696830852089961e-07,4.079894009957821e-09
spice,183,C15H20N5O6,46,0.02935887425597198,0.029358632227021824,0.029358521748795264,0.029358519643647416,3.546123245595029e-07,2.1051478478105874e-09
spice,184,C15F1H17N2O1,36,0.037420267834626764,0.03741865676430699,0.0374180682380501,0.0374180620115838,2.2058230429618432e-06,6.226466292505099e-09
spice,185,C20H19N3,42,0.0329263840875036,0.03292635946093023,0.03292631602146164,0.032926314336649914,6.975085367492019e-08,1.6848117239500493e-09
spice,186,C12H17N3O4S2,38,0.026705835793759975,0.026703319970979623,0.026699008561706684,0.026699002843181368,6.832950578601353e-06,5.7185253323589654e-09
spice,187,B1C17Cl1H19N1O3,42,0.045086088484622915,0.04508263183336577,0.045080924898261085,0.04508092078865892,5.167695963996543e-06,4.109602136207997e-09
spice,188,C4H13N1O1,19,0.0052642333619144065,0.005264184287655882,0.005264163670644535,0.005264161544296371,7.181761803454844e-08,2.1263481661506324e-09
spice,189,C23H18N2O6,49,0.05246681520011062,0.052466118069268125,0.052465874705286755,0.052465855923920696,9.592761899333956e-07,1.8781366049874215e-08
spice,190,C17H24N6O2,49,0.037604203721507384,0.037603808355547545,0.03760354523479095,0.037603536628766164,6.67092741224455e-07,8.606024791520796e-09
spice,191,C8H12N6O1,27,0.016068109087267093,0.016067758856874004,0.016067733668041238,0.016067730890771507,3.781964955842632e-07,2.7772697230232346e-09
spice,192,C2H8O2,12,0.0007944400885559007,0.0007936483386153996,0.000793060275483114,0.0007930601983087015,1.3798902471990402e-06,7.717441058113661e-11
spice,193,C17H20N6O1S1,45,0.04002715043319169,0.04002581267811944,0.04002555450939661,0.040025536785774106,1.6136474175761474e-06,1.772362251506528e-08
spice,194,C20Cl1H20N3O5S1,50,0.047603597141820206,0.04760333200957211,0.047601435814757315,0.04760141636376003,2.180778060185552e-06,1.945099728978309e-08
spice,195,C19H21N3O2S3,48,0.0520506851813813,0.05205017230469853,0.052048657155023575,0.052048648110027684,2.0370713536147114e-06,9.044995854411373e-09
spice,196,C15H15N5O2,37,0.024872278797886116,0.02487207489432917,0.024872057116700194,0.02487202898598794,2.4981189817298937e-07,2.813071225619484e-08
spice,197,H6N1O1,8,0.0013336806486015115,0.0013336765240940362,0.001333673235587782,0.0013336728055153705,7.843086140970473e-09,4.300724091561265e-10
spice,198,Br1N1O1,3,0.00011761016435329,0.00010669772202079013,0.0001067393747244588,0.00010667154969981844,1.093861465347154e-05,6.782502463598006e-08
spice,199,C17H16N4O1S1,39,0.031985488391857005,0.03198483721771762,0.03198475656086366,0.0319847494489927,7.389428643021286e-07,7.111870967791121e-09
spice,200,B1C8H7O2S1,19,0.014266349533209297,0.014264733493551802,0.014263102497436574,0.014263083918695324,3.2656145139738945e-06,1.857874124069995e-08
spice,201,C16H13N3O3S1,36,0.02666178911178482,0.026660813009782028,0.026660411685242504,0.02666040742418622,1.3816875986027403e-06,4.261056271472426e-09
spice,202,C9H14N2O2,27,0.0358874784158418,0.03588712769535926,0.03588715244445773,0.035886954059028094,5.243568137073375e-07,1.9838542964597626e-07
spice,203,Br1C13F2H7N2O3,28,0.014216963107400898,0.014205996640525492,0.014193430129278177,0.014193425801644503,2.353730575639674e-05,4.3276336649013376e-09
spice,204,F4H2S1Si2,9,0.004200008240094487,0.004150543389292531,0.00412008827819014,0.0041200246414386235,7.998359865586281e-05,6.363675150803576e-08
spice,205,C12H18N2O3,35,0.02897245964127577,0.02897217799200102,0.02897198188905045,0.02897196738141149,4.922598642868905e-07,1.4507638960065941e-08
spice,206,C14H23N6O2,45,0.035086668508637196,0.035086563467179754,0.03508623593599217,0.03508621545328397,4.53055353228104e-07,2.0482708208192485e-08
spice,207,C3H7O3,13,0.005584434882558416,0.005583804687308743,0.005582709889754512,0.005582708112624558,1.7267699338577456e-06,1.7771299561233383e-09
spice,208,C8F4H2O2,16,0.008636666644515591,0.008622891397004218,0.008619194430713323,0.008619186573916,1.7480070599592092e-05,7.856797323509431e-09
spice,209,C17H14N4O3S2,40,0.03616484590927016,0.036157877499817866,0.036156480371534315,0.03615647890370989,8.367005560264888e-06,1.4678243675785446e-09
spice,210,C12H13N5O1S1,32,0.03671631750479834,0.03671590201763332,0.03671524772124772,0.03671523335313995,1.0841516584024613e-06,1.4368107776086812e-08
spice,211,C17H21N7O1,46,0.031219797269115807,0.031219771036300636,0.031219745174016336,0.031219737010931718,6.025818409070787e-08,8.16308459386083e-09
spice,212,C14H26N2O1S1Si2,46,0.04534963851159851,0.04534960812855235,0.045349493507690734,0.045349455830540675,1.8268105784232796e-07,3.7677150063306424e-08
spice,213,C15F1H22N3O4,45,0.0434942471508173,0.04349057792412975,0.043489856669219916,0.04348984560727775,4.401543539563858e-06,1.1061942153567528e-08
spice,214,C16H14N8O2,40,0.027477266593486035,0.02747696633052462,0.02747609855113803,0.027476095049860663,1.1715436253721735e-06,3.501277405263323e-09
spice,215,B1C2F2H6N1,12,0.0046931744340792175,0.004691840148729678,0.004682699562866944,0.004682698923528138,1.047551055107815e-05,6.39338807652354e-10
spice,216,C16H22N2O5S1,46,0.0449988994033971,0.04499866190955605,0.0449974345187791,0.044997415632539346,1.4837708577628787e-06,1.8886239724410034e-08
spice,217,C11H18N3O4P1,37,0.06201717261076717,0.062015101164204695,0.06200976666738442,0.06200976181902676,7.410791740414694e-06,4.848357683482991e-09
spice,218,C20F2H15N1O1,39,0.05100499769231557,0.051003922891059296,0.05100321782139377,0.051003211506596445,1.7861857191241567e-06,6.314797346806515e-09
spice,219,C14H9N3O2S2,30,0.0201706721619,0.020170044782136787,0.0201683893747443,0.02016837843285973,2.2937290402681576e-06,1.0941884568577626e-08
spice,220,C6H16O2,24,0.008346361860608588,0.008346291211835694,0.008345683151345401,0.008345682762586399,6.790980221891038e-07,3.8875900510385224e-10
spice,221,C21Cl1H13N2O4S1,42,0.04991962286466947,0.049918928866599085,0.04991834229199667,0.04991833621051492,1.2866541545593382e-06,6.081481754905021e-09
spice,222,C18H25N2O5,50,0.03403962836138993,0.03403869647520262,0.03403603032053974,0.034036027124672505,3.601236717426235e-06,3.195867249659269e-09
spice,223,C18Cl2H18N4O2,44,0.038775218576560466,0.03877421120760485,0.038773657676547855,0.03877365676804645,1.5618085140160885e-06,9.085014371900841e-10
spice,224,C14H16O3,33,0.03190366745249937,0.03190338569620588,0.03190268385901123,0.03190263885179699,1.0286007023842688e-06,4.5007214218200454e-08
spice,225,C21Cl12H8O5S1,47,0.1567841296849858,0.15677779220742916,0.15677721352139165,0.1567771666086121,6.963076373725185e-06,4.691277957596773e-08
spice,226,C8H18N2,28,0.014913239151560896,0.014913197648588143,0.014912969690444314,0.014912964946408688,2.74205152209125e-07,4.744035627998267e-09
spice,227,C22H21N3O4,50,0.05853749132963314,0.0585373883312279,0.05853730891015815,0.05853728583573567,2.0549389747987863e-07,2.3074422487473097e-08
spice,228,C8Cl4F11H1O2,26,0.03407433935855649,0.03406620934722636,0.03406561017181062,0.034065605422350195,8.733936206297313e-06,4.749460469100968e-09
spice,229,C9H12,21,0.011873356115500182,0.011873340583850218,0.011873341810430524,0.011873334494446575,2.1621053606186715e-08,7.315983947609327e-09
spice,230,C21H24O4Si1,50,0.038306667135993955,0.038306416528324685,0.03830603327257958,0.03830599800573936,6.691302545961993e-07,3.526684023004097e-08
spice,231,C6H12,18,0.0036451230458412944,0.003645110356664985,0.0036451128109132864,0.0036451097933058755,1.325253541725954e-08,3.0176074096276167e-09
spice,232,C2Cl3H5O1,11,0.005994377362652792,0.005992530147234523,0.005991777418303123,0.005991776839515619,2.600523137172031e-06,5.787875178358652e-10
spice,233,C4H12O3,19,0.012795950728261994,0.01279538837920162,0.012795194250883362,0.012795171858836102,7.788694258922071e-07,2.2392047271846845e-08
spice,234,C4H11N1O3,19,0.007353275838794899,0.00735195252503292,0.007351497947799661,0.007351497608000702,1.7782307941964327e-06,3.3979895132938934e-10
spice,235,C10H16N2O3Si1,32,0.040498118546452536,0.04049636670361083,0.04049533390512107,0.04049529455844758,2.823988004957003e-06,3.934667347285293e-08
spice,236,C18H19N3O3S1,44,0.04660263737069801,0.04660240539264085,0.04660217564855139,0.046602157813268916,4.795574291011356e-07,1.7835282449121788e-08
spice,237,C20Cl1H18N3O2S1,45,0.040087327382946035,0.04008654464822331,0.040082055115028145,0.04008204572056001,5.281662386036826e-06,9.394468130458623e-09
spice,238,C22F1H24N1S1,49,0.040730132113096756,0.040728890556982575,0.04072346471408178,0.04072346178006071,6.670333036030088e-06,2.9340210677548293e-09
spice,239,C21Cl1F2H17N6O3,50,0.07231592638006762,0.0723115523192987,0.07230811853420518,0.0723080385346658,7.887845401814435e-06,7.999953940178433e-08
spice,240,H6N1O1,8,0.0004364317022368992,0.0004364309088148369,0.0004364276491430971,0.0004364274788145206,4.223422378643364e-09,1.703285754557977e-10
spice,241,C19Cl2H25N2O1S1,50,0.0646600622660857,0.06465695182829005,0.06465615913566666,0.06465612285830287,3.9394077828280725e-06,3.627736376217325e-08
spice,242,C18F1H22N3O1,45,0.03252208784907049,0.032520800717164094,0.032520577944223084,0.03252057468655117,1.513162519327967e-06,3.25767193352629e-09
spice,243,C6H14O1S2,23,0.017166847201271603,0.01716667874204102,0.017164677659952426,0.017164669581761074,2.1776195105261815e-06,8.078191349480832e-09
spice,244,C20F2H13N5O1,41,0.03190237875622857,0.03189926600375179,0.03189405322821923,0.03189403716283069,8.341593397872181e-06,1.6065388555062755e-08
spice,245,C8H13N1O1Si1,24,0.015482373222852185,0.015481820957232722,0.015481626921590136,0.015481504678646184,8.685442060046126e-07,1.2224294396456205e-07
spice,246,Br1C23F3H16N2O4,49,0.03999357499205258,0.039984131702708245,0.039978217923951426,0.03997820897870216,1.5366013350424334e-05,8.94524927577786e-09
spice,247,C19F4H20N4O2,49,0.04452186919569257,0.04451862388200652,0.044508382468045476,0.044508361824950826,1.3507370741755014e-05,2.0643094657754543e-08
spice,248,C21Cl1H17N4O2S1,46,0.031759183622848755,0.03175828239676751,0.03175793287875053,0.03175793107487109,1.2525479776718711e-06,1.8038794300653348e-09
spice,249,C16H19N5O5,45,0.028624559216279728,0.02862435152566098,0.028623639264110996,0.028623631597976387,9.276183033438479e-07,7.666134581733363e-09
spice,250,C12H13N3O1,29,0.016704895249624412,0.016704427592058254,0.01670379679163778,0.01670379152080374,1.1037288206696118e-06,5.27083402447485e-09
spice,251,Br1C15H15N2,33,0.030351303673745087,0.030350286864161104,0.030348882368889395,0.030348873475464028,2.4301982810548217e-06,8.893425391163477e-09
spice,252,C14H14Si1,29,0.022003652551711887,0.02200334729852113,0.022003313576608136,0.02200328514238721,3.674093246755291e-07,2.8434220950191143e-08
spice,253,C17H17N3O7,44,0.035494705549762716,0.03549458268231308,0.03549430216749815,0.03549428976017379,4.1578958891963927e-07,1.2407324394959038e-08
spice,254,C7H14N2O2,25,0.0142972279297994,0.014297180717357928,0.014296996563644904,0.014296992756773623,2.3517302577953082e-07,3.806871257207437e-09
spice,255,C17H18N2O3S1,41,0.06757464643104326,0.0675706728652137,0.06756866774713519,0.06756859825546889,6.048175574360526e-06,6.949166628870884e-08
spice,256,C23F5H13N6O2,49,0.03784105940005276,0.03784011194987965,0.03783954848294687,0.03783954591161742,1.5134884353325507e-06,2.571329448699711e-09
spice,257,C13H26N2,41,0.0490244693825329,0.04902407154183001,0.04902402846224671,0.04902399014526556,4.792372673499851e-07,3.8316981165288364e-08
spice,258,C18Cl1F4H18N3O1,45,0.03765381705221345,0.037649595645707634,0.037637389104666116,0.03763736619255417,1.6450859659264493e-05,2.2912111918472605e-08
spice,259,C20Cl1H19N6O4,50,0.048973029061341565,0.048972305804795044,0.04897179968343363,0.048971744994343876,1.2840669976823646e-06,5.4689089755935976e-08
spice,260,C18F1H10N3O5,37,0.01674644096883502,0.016745011132049098,0.016744729019942887,0.016744725353150764,1.7156156842580798e-06,3.6667921138571994e-09
spice,261,C7H15N1O1,24,0.015709644488709696,0.015709617976135862,0.01570960527576846,0.015709491415643925,1.5307306577148214e-07,1.1386012453579658e-07
spice,262,C19H23N2O6,50,0.034348074852823304,0.034347573405239085,0.03434736383034727,0.034347359188193045,7.156646302591503e-07,4.642154237836722e-09
spice,263,C20Cl2H14N4O3S1,44,0.041049028744160145,0.04104745652079873,0.04104460146120809,0.04104459531751563,4.433426644522526e-06,6.143692478011827e-09
spice,264,C22H17N3O4,46,0.03466961055248073,0.03466883959739796,0.034668676300024376,0.034668674560220464,9.359922602659094e-07,1.7398038947603937e-09
spice,265,C9H23N3O10P2,47,0.03721779505130553,0.037203309788065284,0.03719161772832631,0.03719161355698549,2.6181494320035008e-05,4.171340838329059e-09
spice,266,Br1C19H20N1O1,42,0.034362131022662494,0.034360477683561444,0.034360297051337176,0.03436028364319911,1.8473794633773845e-06,1.3408138053004004e-08
spice,267,C11H24O4Si1,40,0.028807609874767902,0.028807435246287767,0.028806729223331225,0.028806720937210418,8.889375574875729e-07,8.286120800492559e-09
spice,268,C18H13N1O6,38,0.026215632797069614,0.02621542275932396,0.02621513535887905,0.02621512088543291,5.119116367050824e-07,1.4473446119442905e-08
spice,269,C20F1H13N6O2S1,43,0.027072413850914807,0.02706769036193437,0.027066357566857997,0.02706635460721374,6.059243701069995e-06,2.9596442528302473e-09
spice,270,C17H26N2O5,50,0.0376925679032447,0.03769101918638836,0.037689433036725575,0.03768942528283284,3.1426204118542995e-06,7.753892740392138e-09
spice,271,C16H17N3O2,38,0.036592986072734986,0.0365926770728555,0.036591684462602185,0.03659166727111173,1.3188016232660065e-06,1.7191490401577158e-08
spice,272,C18H23N5O2S1,49,0.0461401925455754,0.046138507930630034,0.04613742626606396,0.04613739884708382,2.793698491584628e-06,2.741898012666962e-08
spice,273,C21H27N1O1,50,0.06099064506641322,0.06099047207248537,0.06099037112398183,0.06099035425789612,2.90808517105129e-07,1.6866085775455508e-08
spice,274,C15Cl2F3H7N2,29,0.026888890998534854,0.026881045712591003,0.02685264613277234,0.026852627009411035,3.626398912382528e-05,1.912336134731431e-08
spice,275,C11H17N1,29,0.02631414227531409,0.026313578701385506,0.02631247631496664,0.026312467809360963,1.6744659531349862e-06,8.5056056643426e-09
spice,276,C4H13N1S2,20,0.015906453386303407,0.015905681696433947,0.015904651779756203,0.015904645148520576,1.8082377828325827e-06,6.6312356215414555e-09
spice,277,C12H13N3O4S2,34,0.022192406067863713,0.022177344442541328,0.022154601079667137,0.02215459872794155,3.7807339922158366e-05,2.351725593174461e-09
spice,278,B1C14Cl1H12O4,32,0.0180178888174089,0.018017376244610056,0.018017032430192363,0.01801703128003762,8.575373712826286e-07,1.150154738141466e-09
spice,279,C4H12,16,0.0024079225711945004,0.0024078850933978405,0.0024078718836541106,0.002407871533373008,5.10378214926733e-08,3.502811065800679e-10
spice,280,C20H22O6,48,0.034294875103573944,0.03429478608875301,0.034294774071757926,0.03429476783570887,1.0726786507582707e-07,6.236049054469547e-09
spice,281,C15H21N5O4,45,0.034714184070871505,0.034713764573356884,0.03471367449612356,0.034713664364362275,5.197065092236454e-07,1.0131761292430741e-08
spice,282,C6H8S1,15,0.010391664259362396,0.010390959706093023,0.010390958694731807,0.010390865301332129,7.989580302689511e-07,9.339339968028482e-08
spice,283,C9H16N2O4P2,33,0.03269151157512378,0.03267773890606571,0.03266421271134264,0.03266416296918637,2.7348605937411124e-05,4.974215625284163e-08
spice,284,C5H12O1,18,0.004497626800069695,0.004497619944437932,0.0044975815470081025,0.00449758147977954,4.532029015358869e-08,6.722856148071119e-11
spice,285,C23H15N1S2,41,0.033215859934347766,0.03321471988262591,0.03321374837873289,0.03321374525138632,2.1146829614479595e-06,3.12734660465783e-09
spice,286,C15H14N2O2,33,0.02053744893532043,0.020537344753324305,0.020537306603320208,0.02053730441335585,1.4452196458116037e-07,2.1899643813791572e-09
spice,287,C20Cl1H19N2O2,44,0.04395722742817207,0.04395710129666902,0.043957091619907664,0.04395708956159851,1.3786657355345902e-07,2.0583091741913406e-09
spice,288,C14H12N4S1,31,0.01762674897647818,0.017625613255818674,0.01762547650643822,0.017625476435007496,1.2725414706936139e-06,7.143073138094311e-11
spice,289,C2H4O2,8,0.0004106236113831974,0.0004083104981049064,0.0004078056964459494,0.0004078036342828018,2.8199771003956356e-06,2.062163150697064e-09
spice,290,C6Cl3H3O1S1,14,0.015478519601191499,0.015477806779608782,0.015477618351953727,0.015477614825744912,9.047754465836015e-07,3.526208804579625e-09
spice,291,C22H27N1,50,0.03883798779213077,0.03883783942319542,0.038837744839049,0.038837743899182306,2.4389294846442207e-07,9.39866689413126e-10
spice,292,F1H2O1,4,0.00010049248383629847,0.00010048020233959839,0.00010047929796501902,0.00010047794166567852,1.4542170619953928e-08,1.3562993354025944e-09
spice,293,B1C10F2H12N1O1,27,0.02007791985189797,0.02007062971815992,0.020063167123634162,0.02006315587256406,1.4763979333910851e-05,1.1251070101107828e-08
spice,294,C17H22N4O5,48,0.0364425255222027,0.03644194662603031,0.03644185113356257,0.03644183670728215,6.888149205499726e-07,1.4426280433364091e-08
spice,295,C15H16N2O2,35,0.02499297338618243,0.02499220069931334,0.024992158827987828,0.024992149368792852,8.240173895804375e-07,9.459194970906149e-09
spice,296,C2H4O2,8,0.0008865702344986986,0.000886167835170122,0.0008819265080286377,0.0008819229336261822,4.647300872516552e-06,3.574402453837089e-09
spice,297,C16H26N4O2S1,49,0.06342564047321811,0.06342521843480439,0.0634243353192193,0.06342430663301477,1.3338402033418287e-06,2.8686204559489384e-08
spice,298,C20H27N1O2,50,0.05240628644782061,0.05240562024402945,0.05240515245835195,0.05240498579040025,1.3006574203681718e-06,1.6666795171146694e-07
spice,299,H6N1O1,8,0.001314330645732925,0.001314323822010638,0.0013143124411968523,0.0013142913652106822,3.928052224284488e-08,2.1075986177072507e-08
spice,300,C8H18Si2,28,0.014029297672371505,0.01402910238186882,0.0140285851639632,0.014028558516339718,7.391560317881752e-07,2.6647623478976257e-08
spice,301,C17H13I1N4O2S1,38,0.030896566504450676,0.0308943985527644,0.030893007924087383,0.030893005707857964,3.560796592711296e-06,2.2162294041987706e-09
spice,302,C13Cl2H9N3O1,28,0.01747544027397378,0.017473990233643547,0.017473720754677978,0.017473719608729867,1.720665243905002e-06,1.1459481111201556e-09
spice,303,B1C10H21N2O3,37,0.03308115335372751,0.03307891553314515,0.03307266285161938,0.033072621090359564,8.53226336795039e-06,4.176125982360545e-08
spice,304,Br2C1H2K1,6,0.0012652608801488998,0.0011446704134295503,0.0011446717495840028,0.0011435056820236003,0.00012175519812529962,1.1660675604040375e-06
spice,305,C4Cl2H7N2,15,0.005520786826415396,0.005520379191001695,0.005520374660472607,0.005520372659019669,4.14167395727851e-07,2.001452935894952e-09
spice,306,C9F2H11N1O1,24,0.027127027698560003,0.027127020234811183,0.027113693308471375,0.02711368619255026,1.3341506009743807e-05,7.1159211250068606e-09
spice,307,B1C11H12N1O4S1,30,0.02826116507703029,0.028259938509733563,0.028258520752763857,0.02825850286830764,2.66220872264718e-06,1.7884456213120705e-08
spice,308,C12H17N5O1S1,36,0.020245819513733387,0.02024241572253251,0.02024019692177603,0.020240190128660615,5.62938507277659e-06,6.793115414403593e-09
spice,309,C20H18N4O3S1,46,0.035970233245396444,0.03596591947750037,0.03596554556155236,0.035965541843152,4.691402244438393e-06,3.7184004009262533e-09
spice,310,C10H12O2S4,28,0.02885122085035471,0.028848809769738623,0.028848722511349414,0.028848659892141755,2.560958212959924e-06,6.26192076644023e-08
spice,311,C16H19N1O5,41,0.023595107355459825,0.02359396966335586,0.023593130636119616,0.023593124798086736,1.982557373093992e-06,5.838032863293622e-09
spice,312,C4Cl2H8N1O1P1,17,0.020136429678709006,0.020134562340404612,0.020130615651104803,0.020130592755304984,5.836923404021489e-06,2.2895799775726575e-08
spice,313,Br1C5H5N2O4S1,18,0.01696170307609418,0.016951504260107105,0.016949131095173632,0.01694896697090935,1.2736105184832932e-05,1.641242642686746e-07
spice,314,C16H18N4O7S1,46,0.05944077629191519,0.059434710242814145,0.059428311968305024,0.05942828674247317,1.2489549442014498e-05,2.522583184259377e-08
spice,315,B1C9H13O3,26,0.02193760376271794,0.021936896794148744,0.021936178706150253,0.021936164131895596,1.439630822346345e-06,1.4574254673463621e-08
spice,316,C20F1H26N1O2,50,0.058449328950793654,0.05844885045481592,0.05844884394670839,0.05844873909515204,5.898556416099143e-07,1.0485155635241034e-07
spice,317,C13F4H8N2O2S1,30,0.02146621891444396,0.02145313594065378,0.02143548467522271,0.02143547878987295,3.074012457101228e-05,5.885349764455782e-09
spice,318,C7H10O2,19,0.007689609046720606,0.0076894965296059326,0.007689431634259468,0.007689429386625197,1.7966009540915004e-07,2.2476342685187063e-09
spice,319,C20Cl2H18N4O3S1,48,0.05458615866920087,0.05458529029845877,0.054582845018359145,0.054582844170186356,3.314499014513547e-06,8.481727425946757e-10
spice,320,C12H13N3O4S1,33,0.030899614162032903,0.030875637029825764,0.03086046998904249,0.030860467801076773,3.91463609561342e-05,2.187965737947949e-09
spice,321,C9H18N1O4P1,33,0.03194869550919662,0.031947233050153956,0.031946776850754866,0.03194676853378873,1.926975407892947e-06,8.316966110379547e-09
spice,322,C3H5N2,10,0.0031487644322693805,0.003148534592901613,0.003148515498019033,0.0031484895301741177,2.749020952628174e-07,2.5967844902903235e-08
spice,323,C3H8S2,13,0.008294550260621987,0.008291249859461816,0.00829067240244035,0.008290616724304771,3.933536317215724e-06,5.5678135587353825e-08
spice,324,C2H4O2,8,0.0017533278247679053,0.0017530230612217137,0.0017524143538550445,0.0017523958007196587,9.320240482466538e-07,1.85531353910177e-08
spice,325,C8F3H6N1O2S1,21,0.011868145770964,0.011856472813731206,0.011843506158238409,0.0118434987614332,2.4647009530796928e-05,7.396805186929078e-09
spice,326,C23H18N6,47,0.03047932248371149,0.030479074280393877,0.030478938734504184,0.030478938676219813,3.8380749167865873e-07,5.828437597249412e-11
spice,327,C22H22N4O2,50,0.03261086482059275,0.03260991899846772,0.03260974288579094,0.032609741860343835,1.1229602489121028e-06,1.0254471216092596e-09
spice,328,C8Cl1H5N2O1S2,19,0.019377674305992687,0.01937509996976223,0.019372706080070343,0.019372648684204668,5.025621788015777e-06,5.739586568552283e-08
spice,329,C10H7N2O4P1,24,0.022984753390323166,0.022967999127559348,0.02296379952755547,0.022963792862918823,2.0960527404340255e-05,6.66463666956919e-09
spice,330,C9F1H7N2O1,20,0.012358689526806904,0.012358149183083377,0.012357693041802125,0.012357692389530953,9.971372759516055e-07,6.522711625326944e-10
spice,331,C20H19N5O4,48,0.037309371532204684,0.03730899623131587,0.037308875929821884,0.037308871101663664,5.004305410220841e-07,4.8281581968496754e-09
spice,332,C10Cl1H14N1O3S1,30,0.01963526479166829,0.019629932705463503,0.019626037155421647,0.019626030624879495,9.234166788794412e-06,6.530542149704192e-09
spice,333,C13Cl1F15H4O2S1,36,0.03134538506101443,0.03134034726270893,0.031334393856534956,0.031334391520778805,1.0993540235628532e-05,2.3357561414410094e-09
spice,334,C12H25O5P1,43,0.021362324274196716,0.021361657435153426,0.021360374622966777,0.021360366544440408,1.9577297563046005e-06,8.078526377617631e-09
spice,335,C3H5N5,13,0.0081560934307138,0.008155812430832403,0.008155686169034712,0.008155668618978257,4.2481173554197705e-07,1.755005645011987e-08
spice,336,C14H20N2O5S1,42,0.03600660622738687,0.03600641292708989,0.03600636488601622,0.03600636007131848,2.461560683975226e-07,4.814697732653518e-09
spice,337,C11H14S2,27,0.03058037969465159,0.03057899380051407,0.03057889577784268,0.03057888929038059,1.4904042710009274e-06,6.487462102329163e-09
spice,338,C18H16N2O2,38,0.0322729430425868,0.03227247616260318,0.03227185383851733,0.03227185115968138,1.0918829054123928e-06,2.678835910739321e-09
spice,339,C17H20N2O3S1,43,0.04505687249925517,0.04505568282203213,0.04505467051517899,0.045054630140972635,2.242358282525492e-06,4.037420636457483e-08
spice,340,C21H18N2O3S1,45,0.02989392615222792,0.0298928682196105,0.02989281191500595,0.029892810521100655,1.1156311272612213e-06,1.3939052909617454e-09
spice,341,B1C17F2H23N2O4,49,0.05351812286070465,0.053517796532960404,0.05351527624075335,0.05351526935230586,2.8535083987922206e-06,6.88844749828843e-09
spice,342,C20Cl3F1H15O4P1,44,0.04253854694688368,0.042537325293607375,0.042532096571663715,0.04253209208591084,6.454860972833003e-06,4.48575290194699e-09
spice,343,C22H17N5O4,48,0.033441495099573164,0.033440579234449555,0.03343965799015661,0.033439643872978035,1.8512265951293576e-06,1.4117178626307196e-08
spice,344,C19Cl3H15O2,39,0.06460573118641799,0.06460525169667419,0.06460518751083874,0.06460516011166817,5.710747498182936e-07,2.7399170559939856e-08
spice,345,Br1C19H20N1O1,42,0.04240011703855438,0.04239801469139183,0.042397293458276974,0.04239726525500114,2.8517835532435316e-06,2.8203275826749545e-08
spice,346,Br1N1O1,3,9.984651851699798e-05,9.42054112233318e-05,9.385976032093005e-05,9.383871105258495e-05,6.007807464413025e-06,2.10492683508258e-08
spice,347,C11H8N6O3,28,0.016667890440300256,0.01666681533005373,0.01666630404833428,0.016666301629960485,1.5888103397720215e-06,2.418373786529588e-09
spice,348,C15Cl1H17N2O5,40,0.024743392468993597,0.024742591006479256,0.024741973825457814,0.024741968372901567,1.4240960920276589e-06,5.452556238235634e-09
spice,349,C11H10N2O1S1,25,0.032980104259410906,0.03297822759752526,0.03297686093647598,0.03297681195431984,3.292305091067192e-06,4.898215611856532e-08
spice,350,C16H25N3O2,46,0.04867896986126081,0.04867833355280683,0.04867815476680695,0.048678124930127575,8.449311332307088e-07,2.9836679383077617e-08
spice,351,C14Cl2F4H6N2,28,0.028312351866573823,0.028292311602630415,0.02828082154029623,0.02828078330824991,3.156855832391408e-05,3.82320463279552e-08
spice,352,C17H27N1O4,49,0.03105784135174455,0.031057417302858364,0.031056861906065047,0.031056857042812747,9.843089318019949e-07,4.86325229910016e-09
spice,353,C8H20O2Si1,31,0.025001643050805815,0.024994449783007702,0.024993037337451215,0.02499302477327102,8.618277534793883e-06,1.2564180193341115e-08
spice,354,C3H10S2,15,0.002733722284289203,0.0027331384861784096,0.0027307460041491954,0.0027307452942199116,2.976990069290481e-06,7.099292859971767e-10
spice,355,C14H21N1O3Si1,40,0.039767330531852926,0.03976635631471877,0.03976618273614087,0.03976615725902925,1.1732728236698805e-06,2.5477111586362703e-08
spice,356,C8H7N1O1S1,18,0.0125564428823976,0.012554394065388132,0.012554175457750508,0.012554167421168497,2.2754612291012343e-06,8.036581993432325e-09
spice,357,B1C8H15N2O3,29,0.022940352383810585,0.02293907836063296,0.02293454779444466,0.02293454075799057,5.811625820019931e-06,7.036454095953541e-09
spice,358,C19H19N3O3,44,0.03549183015032216,0.035491589385669514,0.035491168241988016,0.03549116111188519,6.690384369675234e-07,7.130102824100388e-09
spice,359,Br2C18H25N1O3,49,0.04832739385398887,0.048324645196017466,0.04832396903839248,0.0483239623899702,3.431464018674023e-06,6.648422275563127e-09
spice,360,C13H26N4O3S2,48,0.036845972596479544,0.03684486892646251,0.03684473639523525,0.03684473479547047,1.237801009068893e-06,1.5997647680229137e-09
spice,361,C13Cl1H11N2,27,0.014912504561374388,0.014911859549706636,0.014911708451910699,0.014911707714403637,7.968469707527823e-07,7.375070745360629e-10
spice,362,C2Cl1H7O1,11,0.002001472385535894,0.001999912178991495,0.001999789387327938,0.0019997881883095413,1.684197226352304e-06,1.1990183957757313e-09
spice,363,C6H14O1,21,0.013853408779598678,0.013853367818034753,0.013853279572811964,0.013853272866935037,1.3591266364137676e-07,6.70587693014883e-09
spice,364,C21F1H22N1O4,49,0.04454521952226717,0.044544643098545965,0.044543362669333314,0.04454333983463818,1.8796876289908026e-06,2.2834695177759454e-08
spice,365,C6H12N2S1,21,0.007745692568858602,0.007745484855635565,0.007744502318705459,0.00774446735011612,1.2252187424838116e-06,3.496858934058829e-08
spice,366,C18H28N4,50,0.04358512359813438,0.043585073000294676,0.04358490332777694,0.04358487843030082,2.4516783356173456e-07,2.489747611278885e-08
spice,367,C8H10N2O2,22,0.014136451187022161,0.014135286699200679,0.014134969809699574,0.014134967982498796,1.4832045233679406e-06,1.8272007808767728e-09
spice,368,Br1C15H11N4O1,32,0.029683394528696404,0.029680943186837266,0.029680194134347797,0.02968017666065107,3.217868045333901e-06,1.7473696729907392e-08
spice,369,C14H23N1O4,42,0.03932752366841598,0.03932597926319429,0.03932537004093549,0.039325345373942375,2.178294473597488e-06,2.4666993112208687e-08
spice,370,C13H19N1O4S1,38,0.04861646164899919,0.048614393586985424,0.04861413266464164,0.04861409534219519,2.3663068040004034e-06,3.732244644807211e-08
spice,371,C6H14O2S1,23,0.005574216971931695,0.00557241795449823,0.005572342588138057,0.005572331525032904,1.8854468987895883e-06,1.1063105156870899e-08
spice,372,C19H18N3,40,0.029310197706454433,0.029310131710045283,0.029310115551051272,0.029310114100868465,8.360558596728581e-08,1.4501828022757469e-09
spice,373,C4H5N1S1,11,0.006013678364889212,0.006012663036713888,0.006012573671749342,0.006012564317606132,1.1140472830805439e-06,9.35414321305327e-09
spice,374,C10F1H16N1Si1,29,0.016563999011004703,0.01656376047263366,0.016561707650422336,0.01656164104513254,2.3579658721630216e-06,6.660528979290297e-08
spice,375,C19H17N1O2S1,40,0.03588015461412106,0.035874825790835264,0.03586975609953315,0.0358697146767616,1.0439937359447358e-05,4.1422771557473976e-08
spice,376,Br10C12H1N1,24,0.04887194190818598,0.048870070885512124,0.04886883016102765,0.04886877416838939,3.1677397965972464e-06,5.5992638239262575e-08
spice,377,C11F1H18N2O12P3,47,0.04821701946140713,0.04820409352292273,0.04819440457540204,0.0481944010467122,2.2618414694935102e-05,3.5286897990820964e-09
spice,378,B1C21H20N1O3,46,0.05055239037879025,0.05055096750857427,0.05054690314779478,0.05054683174545983,5.558633330407336e-06,7.140233489734582e-08
spice,379,C21F1H19N4O4S1,50,0.04560575554752989,0.04560556215246843,0.04560490805782896,0.04560488957964237,8.659678875067744e-07,1.8478186591203005e-08
spice,380,C4H10S2,16,0.005903836553270293,0.005902349388892045,0.00590197524882207,0.005901968256071352,1.868297198941798e-06,6.992750715798389e-09
spice,381,C16H24N6O3,49,0.03891746459028759,0.038916814696185666,0.038916360811256004,0.03891635600661717,1.1085836704188727e-06,4.804638846490129e-09
spice,382,C17F3H10N3S2,35,0.02584659349624191,0.0258465508198912,0.025843860321395958,0.025843840136469006,2.7533597728992677e-06,2.0184926940389826e-08
spice,383,C8H5N1O2,16,0.01034356240167258,0.010343156878516578,0.0103424828808795,0.01034247331776041,1.0890839121703455e-06,9.563119107592705e-09
spice,384,C8H12N4,24,0.009265421414332209,0.009265387918317327,0.009265100690826365,0.009265085390582723,3.360237494869459e-07,1.530024365496558e-08
spice,385,C14H11N1O3,29,0.029952223007597225,0.029950763641220898,0.02994894518318447,0.029948927280858607,3.295726738626922e-06,1.790232586593802e-08
spice,386,C21H20N4O3S1,49,0.03344643868370139,0.03344458145620703,0.03344324967305796,0.03344324547771506,3.1932059863345963e-06,4.19534289302291e-09
spice,387,C20H22N2O1S1,46,0.05154400146420589,0.051543533319898346,0.05154351314120557,0.05154348136903927,5.200951666163646e-07,3.177216630974867e-08
spice,388,C9F5H10N1Si1,26,0.019401347512413396,0.01939585655185701,0.019378065084247272,0.01937798387868334,2.3363633730061056e-05,8.1205563942452e-08
spice,389,C11H14N6O2,33,0.020739884410800647,0.020739370373877974,0.02073864131519396,0.0207386400982695,1.2443125311452381e-06,1.2169244710506776e-09
spice,390,C2H4O2,8,0.00017550298702279242,0.0001749809510032327,0.00017451421084511845,0.00017451352985820332,9.894571645891072e-07,6.80986914557468e-10
spice,391,Br1H2O1,4,3.042149022940083e-05,3.0414359866551493e-05,3.0410600328155817e-05,3.0410412844657473e-05,1.10773847433559e-08,1.8748349863945083e-10
spice,392,C12H19N5O4,40,0.03224000720600551,0.0322399339213228,0.03223942582388292,0.032239397147390846,6.100586146656033e-07,2.8676492083963646e-08
spice,393,C11H11N1O3,26,0.02023052863349207,0.020229735026643415,0.020229639123963056,0.02022962554792586,9.03085566210283e-07,1.3576037221538419e-08
spice,394,C5H13N1O2,21,0.008174205176071907,0.008173801532060185,0.008173783675344456,0.008173778903928135,4.2627214377039553e-07,4.771416325914225e-09
spice,395,C17F1H22N3O3,46,0.029088022057423904,0.029087212280690153,0.02908624032658365,0.029086236559382698,1.7854980412011912e-06,3.7672009104866975e-09
spice,396,C20H19N3O2S2,46,0.03917123641080461,0.039169997822578184,0.0391693510473715,0.03916934706909149,1.8893417131212092e-06,3.978280033791e-09
spice,397,B1Br1C2F1H6N1,12,0.006658869040173696,0.0066544550923316155,0.006651828133050741,0.006651803161686351,7.065878487346379e-06,2.4971364391769648e-08
spice,398,C12H7N1O5S1,26,0.023364690509887757,0.023359444416925116,0.02335858207284846,0.023358576882706268,6.113627181485927e-06,5.190142140412397e-09
spice,399,H4S2,6,0.0015759012937894017,0.001572775779559387,0.0015726568384200074,0.0015726564313290592,3.2448624603424425e-06,4.0709094714212643e-10
spice,400,C21H17N7,45,0.035104223432969595,0.03510411738529121,0.03510370179379598,0.03510369670613646,5.267268331349191e-07,5.087659490206072e-09
spice,401,C7H10N3,20,0.007502708041770611,0.007502339547564609,0.007502108157233545,0.007502104406699979,6.036350706307135e-07,3.750533564047358e-09
spice,402,C20Cl1H20N3O3,47,0.049652584120786526,0.04965241096890528,0.04965110754200394,0.049651097201514935,1.4869192715980603e-06,1.0340489053428548e-08
spice,403,C3Cl2H8O1,14,0.002491589364035599,0.002489395069037659,0.0024876932484027897,0.0024876884645208086,3.900899514790349e-06,4.7838819843223065e-09
spice,404,Cl1H2O1,4,1.2700842143100123e-05,1.2697571869600223e-05,1.2696307021619403e-05,1.2695771781686805e-05,5.070361413318796e-09,5.352399328600169e-10
spice,405,C21H20N4O4S1,50,0.05568679215590509,0.055683217377230185,0.05568208903612708,0.055682063100206625,4.729055698471602e-06,2.5935920473631028e-08
spice,406,C18H15N5O3S1,42,0.026547081875681652,0.026545647511666146,0.02654338948757237,0.026543381600804106,3.7002748775493587e-06,7.886768247679637e-09
spice,407,C7H17N1,25,0.011686179751300912,0.011686168849362591,0.011686122733060727,0.01168611045366897,6.929763194561125e-08,1.2279391754801795e-08
spice,408,C9H15N5O1S1,31,0.032955363887446215,0.03295509519103002,0.032952828895114535,0.032952822228390286,2.5416590559377976e-06,6.666724252738805e-09
spice,409,Br3C10Cl2H17,32,0.04289857503516869,0.04289196429774811,0.04288637090390431,0.04288635707784633,1.2217957322368285e-05,1.3826058002525923e-08
spice,410,C20F1H19N4O3,47,0.022549043782539805,0.022548851610304725,0.022547808089376564,0.022547805442880705,1.2383396591051723e-06,2.6464958869530736e-09
spice,411,C11H21N3O3,38,0.030374945838886794,0.030374785766048865,0.03037453888231181,0.03037452344399532,4.223948914808515e-07,1.5438316501537516e-08
spice,412,C16H21N4O6S1,48,0.03762309566980469,0.0376207901583976,0.03762071897668627,0.03762070948897544,2.3861808292598434e-06,9.48771085002964e-09
spice,413,C6H12,18,0.003167905531972,0.003167887667376598,0.0031678739837897314,0.0031678706519194934,3.488005250632801e-08,3.3318702362492643e-09
spice,414,C2Cl4H4O1,11,0.008306977339105306,0.00830501314677954,0.008304715903909313,0.00830471505357336,2.2622855319468427e-06,8.503359484531417e-10
spice,415,C11H17N5O2,35,0.02859162470052438,0.02859084290121596,0.028590177040533467,0.028590119270904022,1.5054296203560805e-06,5.7769629418161457e-08
spice,416,C21F2H18N8O1,50,0.026614127678987586,0.026613725546252895,0.026613375157115798,0.026613367722187975,7.59956799613546e-07,7.4349278082698525e-09
spice,417,C10H22O6Si1,39,0.027380194509376538,0.027364981186496058,0.027361943626884412,0.027361842528435765,1.8351980940771415e-05,1.0109844864445004e-07
spice,418,C14H10N4S4,32,0.06470406811187877,0.0647026486001738,0.06470227213248675,0.06470225310496147,1.8150069173090205e-06,1.9027525243606236e-08
spice,419,C13H15N3O2,33,0.015571464357014304,0.015568769798791982,0.01556787254253382,0.015567871629795522,3.592727218783493e-06,9.127383115188983e-10
spice,420,C5H10N2O1,18,0.01589845220629671,0.015898156479773207,0.01589808562523577,0.015898084505197505,3.677010992068076e-07,1.120038259541658e-09
spice,421,C3H8O4,15,0.0052644362899724895,0.005263347359818784,0.00526275215912033,0.005262671773144683,1.7645168278051412e-06,8.038597563805052e-08
spice,422,C10H16O3S1Si1,31,0.019875065517715604,0.019874788921016465,0.019873800664104494,0.019873798091362055,1.2674263535549897e-06,2.572742458920545e-09
spice,423,C4H12O1S1,18,0.008076683730742608,0.00807566781425834,0.008074946693871385,0.008074938980764827,1.7447499777807038e-06,7.71310655949335e-09
spice,424,Br1C15Cl2H12I1N4O1,36,0.04234891349328613,0.042347581201608996,0.042346083282910764,0.04234606565483465,2.8478384514717875e-06,1.7628076119669677e-08
spice,425,C20Cl1F3H16N2O4,46,0.03905941499291394,0.03905923942031839,0.03905640454669491,0.03905639613670322,3.0188562107235103e-06,8.409991652486811e-09
spice,426,C12F3H11N4O6S3,39,0.03976473617131644,0.03976397320791611,0.03976195102415382,0.039761941559712105,2.7946116043482907e-06,9.464441719326033e-09
spice,427,C22H17N7O1,47,0.03124721059464325,0.031246698881144723,0.03124650751528525,0.031246492847175927,7.177474673254532e-07,1.4668109328709883e-08
spice,428,C20H17N3O3,43,0.05101523017358187,0.051013356305733316,0.05101241783021358,0.051012393618070445,2.8365555114297e-06,2.4212143130299166e-08
spice,429,Br1C18H17N4O4S2,46,0.06052666956397394,0.06052569099113833,0.06052537083153877,0.06052531917050123,1.350393472700907e-06,5.166103753128804e-08
spice,430,C19Cl1H11N2O3,36,0.027446149645322958,0.027445347757696126,0.02744347969402327,0.027443468400855646,2.68124446731703e-06,1.1293167637750714e-08
spice,431,C19H18O4,41,0.04830737429432901,0.048306795508900206,0.0483068838219893,0.04830677656374938,5.977305796290652e-07,1.0725823987650595e-07
spice,432,C16F3H15N6,40,0.020726697898378006,0.020723811768354257,0.02071591011454079,0.02071589600882741,1.0801889550595616e-05,1.410571338515041e-08
spice,433,C6F1H7O1,15,0.005685356523772105,0.005684431032569358,0.005683035603604328,0.005683035289992628,2.3212337794767463e-06,3.1361170179560065e-10
spice,434,C3F3N1,7,0.0017140060619216934,0.001710357030537239,0.001708316787847301,0.001708313807590916,5.692254330777985e-06,2.980256381193406e-09
spice,435,C18Cl1F3H17N5O2,46,0.03444966439998083,0.03444837130769053,0.03444722001955333,0.03444720930561878,2.455094362045772e-06,1.0713934536694132e-08
spice,436,C1H3O3,7,0.0012007779336845076,0.0011994662988222774,0.0011988477373956433,0.0011988444383707465,1.9334953137608863e-06,3.299024891913986e-09
spice,437,C24Cl2H18N2,46,0.04276030615101331,0.04275937428995148,0.042758832462660996,0.04275882955702298,1.4765939903369503e-06,2.9056380001933275e-09
spice,438,C14F2H20O3,39,0.04791292123025025,0.047910488312163414,0.047906614929530175,0.047906569686898916,6.351543351332119e-06,4.524263123066031e-08
spice,439,C15H9N3O1S2,30,0.022915877102111154,0.02291480176506851,0.02291377640893736,0.022913769533257505,2.107568853649782e-06,6.875679899402666e-09
spice,440,C10H20O1,31,0.02057459568222209,0.020574438488150246,0.02057404666995003,0.02057399631825174,5.993639703495775e-07,5.0351698300132185e-08
spice,441,C18H24N2O2,46,0.042293662837419504,0.042293433612251546,0.042293258118209,0.04229324200545901,4.208319604921743e-07,1.6112749958239532e-08
spice,442,B1C11H12N4O2S1,31,0.019900707622841983,0.019898420354881537,0.019890312879502554,0.019890303704194014,1.0403918647971892e-05,9.175308513460996e-09
spice,443,C17H18O4,39,0.021858866264112792,0.02185732796044713,0.021857022709488014,0.02185702088121029,1.8453829025094837e-06,1.8282777298367783e-09
spice,444,C4H13N1O1,19,0.007224326571893101,0.007224299809478109,0.007224302884192384,0.0072242987942721425,2.7777620958792228e-08,4.0899202353008855e-09
spice,445,C19F1H14N3O2S1,40,0.03192306147802334,0.03191984304879007,0.03191292434426771,0.03191292216842931,1.0139309594032452e-05,2.1758383614800213e-09
spice,446,C8H20S2,30,0.03798374691301792,0.03798374375928694,0.03798388626793508,0.03798335126646672,3.9564655119172957e-07,5.350014683472293e-07
spice,447,C16H22O3Si3,44,0.0378284239623652,0.03782573538926094,0.03782264159825402,0.03782263181736069,5.792145004507531e-06,9.780893342908933e-09
spice,448,C19H28O3,50,0.06757553241661132,0.06757497332285922,0.06757475831844192,0.06757455845594947,9.739606618547742e-07,1.998624924716867e-07
spice,449,B2C18H18N12,50,0.08392690276153408,0.08392672131879086,0.08392641243404282,0.0839263517862116,5.509753224686028e-07,6.06478311103702e-08
spice,450,C20H14O2,36,0.042726086707406165,0.0427245875440532,0.04272213479555074,0.0427221261402249,3.96056718126421e-06,8.655325846474833e-09
spice,451,C4H10I1N1O4S1,21,0.018717392360243307,0.01871324899411883,0.01871132488448663,0.018711318407488794,6.0739527545113285e-06,6.476997840169008e-09
spice,452,C24H17N1O2S3,47,0.05177520025443363,0.05177437852945073,0.05177333462586002,0.051773332910183684,1.8673442499387467e-06,1.7156763682129995e-09
spice,453,C16H23N4O6,49,0.041303884965477974,0.04130313586769675,0.041301840553002594,0.04130183657266592,2.048392812046741e-06,3.980336664695054e-09
spice,454,C20Cl2H16N2O1S1,42,0.034160515136038454,0.03416015113624199,0.03415909678964271,0.03415908224958869,1.432886449756593e-06,1.4540054038721632e-08
spice,455,B1C10H13N2,26,0.016028434883642927,0.016028004206499087,0.016027831150263953,0.016027825307319735,6.095763231914666e-07,5.842944225313972e-09
spice,456,C6Cl1H16N3,26,0.011872842922511874,0.011872714586990588,0.011872171393417499,0.011872164077390458,6.788451214209588e-07,7.3160270523268015e-09
spice,457,C4H10N2O2,18,0.004450725467202188,0.004450176915654579,0.0044476611640992016,0.004447661131619065,3.0643355831240654e-06,3.2480134896718146e-11
spice,458,Br1C21F2H14N3O1S1,43,0.036748937540867735,0.03674768354336191,0.0367469288729398,0.0367469143345806,2.0232062871421364e-06,1.4538359224046841e-08
spice,459,C11H15N1O2,29,0.016399523226840747,0.016398973007009085,0.01639872456102804,0.01639871807665962,8.051501811267953e-07,6.484368394703076e-09
spice,460,C13H21N3O2,39,0.021515967707006135,0.021515826542182533,0.021515527854398805,0.02151550439879113,4.6330821500623334e-07,2.3455607689905707e-08
spice,461,C15H19N3O2S1,40,0.030195485823233954,0.030194930639967393,0.03019464194147658,0.030194576717711,9.091055229558365e-07,6.522376556758968e-08
spice,462,C7F2H8,17,0.005798485770272192,0.005786104836826791,0.005773870751212945,0.005773870086320862,2.4615683951329353e-05,6.648920779624503e-10
spice,463,C13H20O1,34,0.04203614662999669,0.04203564539559975,0.0420352976514744,0.04203526696309999,8.79666896704215e-07,3.0688374369973863e-08
spice,464,C17F2H18N6O2,45,0.035454437157685606,0.03544520268195994,0.03543860718190876,0.03543859896104437,1.583819664123127e-05,8.22086439643923e-09
spice,465,C14H22N4O4,44,0.038045476249382024,0.038045311253018355,0.03804495433170196,0.038044950904615384,5.253447666407256e-07,3.427086560587012e-09
spice,466,C3H11N1O1,16,0.005522275172347399,0.005522231644950451,0.005522228528497348,0.005522222331425708,5.2840921690966354e-08,6.197071639473854e-09
spice,467,C15H21N5O4S1,46,0.02758706691872599,0.02758287393662174,0.027573467957385044,0.02757346342525989,1.360349346609557e-05,4.5321251829085475e-09
spice,468,C21H19N5O3,48,0.03292256225085578,0.03292192826167257,0.03292139927483424,0.03292138228965294,1.1799612028469194e-06,1.6985181292638307e-08
spice,469,C16H18N6,40,0.0352970039485133,0.03529666218404184,0.035296638709924485,0.035296631971873035,3.7197664026905934e-07,6.7380514171227706e-09
spice,470,Br1C17H15N2O2,37,0.026318044949032483,0.026316289495834266,0.02631616170925598,0.026316159279741555,1.8856692909316359e-06,2.4295144142351323e-09
spice,471,C6H14S2,22,0.007762966118987497,0.007761595744972969,0.007760795336718284,0.007760789991841471,2.176127146027657e-06,5.344876812395225e-09
spice,472,C9H10N2O5S1,27,0.02302083281057267,0.02300545642187958,0.022992849917992678,0.022992826897485358,2.8005913087312357e-05,2.3020507313928472e-08
spice,473,C6H12O4,22,0.005072563478602401,0.005071729394483744,0.005067400882162207,0.005067400497510481,5.162981091921295e-06,3.8465171648526276e-10
spice,474,C14H17N3O7,41,0.03533965266377012,0.03533922341103781,0.035339143877424886,0.03533911329408402,5.393696861068004e-07,3.058334088075698e-08
spice,475,C14H26O2,42,0.02142733877401788,0.021426493821106684,0.021426354687982742,0.021426351655533003,9.871184848807357e-07,3.0324497291931002e-09
spice,476,C7H7I1N2O1,18,0.00961722636504877,0.009613812956078991,0.009613791258049764,0.00961379114679861,3.435218250154373e-06,1.1125115389017436e-10
spice,477,C9Cl4H2N4,19,0.020854107619165327,0.02085350135230263,0.020853154298204148,0.020853144613512398,9.630056529310066e-07,9.684691770903642e-09
spice,478,C15H23N11O1,50,0.04118016078028046,0.041179829825684244,0.041179742592064805,0.041179738853293395,4.219269870572825e-07,3.7387714012575515e-09
spice,479,C14H27N3O5,49,0.03675703259495998,0.03675598602202469,0.03675542660930883,0.03675541531551451,1.617279445472066e-06,1.1293794316795304e-08
spice,480,C8F4N2,14,0.010173332873561093,0.0101661998970964,0.010159224454566664,0.01015919769100001,1.413518256108349e-05,2.676356665676374e-08
spice,481,C13H20N5O5,43,0.029734222748134555,0.02973413434187355,0.029734038061366465,0.02973402174866003,2.009994745291397e-07,1.631270644578233e-08
spice,482,Br1C7H12N2O1,23,0.024381558607682405,0.02437752614041072,0.024372895797862382,0.024372893615618257,8.664992064145923e-06,2.1822441208608087e-09
spice,483,C17Cl1H22N1O1,42,0.03841559917439157,0.03841493857309473,0.038414560759838415,0.03841453436302506,1.0648113665113526e-06,2.6396813353987077e-08
spice,484,C5H5N1O2,13,0.007794214265468902,0.007793213085408777,0.007792817163376953,0.007792809563203327,1.404702265575168e-06,7.600173628631984e-09
spice,485,C6H4O3,13,0.006038681285196515,0.0060383753184990235,0.006037073401874008,0.0060370720188800105,1.6092663165019282e-06,1.3829940064319993e-09
spice,486,C16H25N1O3,45,0.07770484434345487,0.07770380818955669,0.07770365165941533,0.07770324216006883,1.6021833860450515e-06,4.094993465447343e-07
spice,487,B1C13H12N1O3,30,0.01781364292153057,0.01781358242548614,0.017812726917784554,0.017812700800609343,9.421209212287851e-07,2.6117175214943882e-08
spice,488,C3H7N1O4,15,0.005865689472710107,0.0058638758937184544,0.005862998495811366,0.005862993341638878,2.6961310712287362e-06,5.1541724825582414e-09
spice,489,Br1H2O1,4,0.00033211068607989693,0.00033206625835832345,0.0003320375414715548,0.00033203651969327975,7.416638661724339e-08,1.0217782736983995e-09
spice,490,C2H8O1S2,13,0.006972936269007298,0.006972224277938015,0.006971196211280814,0.006971175512437155,1.7607565701448671e-06,2.069884365994392e-08
spice,491,C10H9N5,24,0.01201688407519629,0.012016795073164808,0.012016752853304797,0.012016734949151495,1.4912604479739323e-07,1.7904153298443422e-08
spice,492,C5H11N3O1S2,22,0.014619046540001715,0.014618616956426363,0.014618441392400539,0.01461843534220051,6.111978012050827e-07,6.050200030322156e-09
spice,493,Br1C23H20N5O1,50,0.03964492855920527,0.03964377617068285,0.039642789895051905,0.03964278692921819,2.14162998707736e-06,2.9658337663363454e-09
spice,494,C11H7N3O2S1,24,0.015917199661659713,0.01591716844834097,0.015915733465420218,0.01591573301080867,1.4666508510418862e-06,4.54611545686673e-10
spice,495,C6H12S4,22,0.02917431415768737,0.029173939579720577,0.029170953497338028,0.02917093146675238,3.3826909349881857e-06,2.203058565149336e-08
spice,496,C2H4O2,8,0.00016165542302699836,0.0001614033727390863,0.00016124497095649614,0.00016124486246397424,4.105605630241212e-07,1.0849252245341621e-10
spice,497,C4N4O1,9,0.005655403836623972,0.005653455663455413,0.005653157746593932,0.005653147119727983,2.2567168959886703e-06,1.0626865946576676e-08
spice,498,C22F1H20N1O4S1,49,0.044166912381368606,0.044160446266837974,0.04414807922004063,0.04414806686619367,1.8845515174933614e-05,1.2353846960429357e-08
spice,499,C4H10N2O6P2,24,0.03504926119779856,0.03503527802688991,0.035021813040449254,0.0350217906508499,2.7470546948654664e-05,2.2389599329197004e-08
spice,500,C14H12N4O1S1,32,0.02750373885852371,0.027502987615905316,0.027502979642059125,0.027502943150585227,7.957079384857202e-07,3.649147390942057e-08
spice,501,C12H12N6O6S2,38,0.053664949887847826,0.05365970695109536,0.05365258527677756,0.05365258056524467,1.2369322603158078e-05,4.711532758485464e-09
spice,502,C16H28O2,46,0.027934561490707777,0.027934221649160297,0.02793407284561117,0.0279340654147123,4.960759954755538e-07,7.430898861767358e-09
spice,503,C17Cl1H22N5O1,46,0.04606069477319762,0.04606019798989834,0.04605992363181052,0.04605991953173858,7.752414590371107e-07,4.100071927723179e-09
spice,504,C17Cl1F1H13N5O1,38,0.027154276416693286,0.027150582299819242,0.02714818969465622,0.027148186965220256,6.089451473032682e-06,2.729435941772388e-09
spice,505,C12H13N1S1,27,0.017619244641787293,0.01761885164927152,0.017618797340544834,0.017618783454464337,4.6118732295725384e-07,1.3886080506139125e-08
spice,506,C19H19N3O2S1,44,0.034337248524194106,0.03433677741291796,0.03433633490391027,0.03433632078746063,9.277367334763798e-07,1.4116449642307466e-08
spice,507,C14H14N2O2S1,33,0.02980543374543742,0.029805314215714192,0.029803303168971493,0.029803247719557644,2.1860258797725418e-06,5.54494138526545e-08
spice,508,C2Cl2H6O1,11,0.003827332279822704,0.0038259916591566515,0.0038251306116455844,0.0038251227842279307,2.209495594773215e-06,7.82741765659487e-09
spice,509,C4H13N1O1,19,0.005488309208545802,0.005488213622156173,0.005488077468344089,0.005488076964306753,2.3224423904938095e-07,5.040373286722001e-10
spice,510,C13H17N3O3,36,0.03569600087162766,0.03569571984090685,0.03569552165834608,0.035695515567667944,4.853039597087676e-07,6.090678054026837e-09
spice,511,C16H19N1O2S1,39,0.045067645750580525,0.04506673804036373,0.04506561615261458,0.0450656144403292,2.0313102513208387e-06,1.712285373436754e-09
spice,512,C2Cl3H3Si1,9,0.008388267732347592,0.008358463383202787,0.008337363891567922,0.008337304595420052,5.09631369275405e-05,5.929614786107192e-08
spice,513,C23H21N5O1,50,0.03779376377286931,0.03779368296513451,0.03779361384243835,0.03779359948696058,1.642859087300086e-07,1.435547778513117e-08
spice,514,C22H17N3O4,46,0.03705797308436337,0.037057713712607965,0.03705743004876948,0.03705741652106054,5.565633028357856e-07,1.3527708959399577e-08
spice,515,C17H18N6O3S1,45,0.034873087368618785,0.03486630404900125,0.03486609929687696,0.03486608859260731,6.9987760114783e-06,1.070426967366928e-08
spice,516,C16H23N5O4S2,50,0.031199057097714963,0.031198384698294456,0.031197961727043595,0.031197942667406515,1.1144303084533273e-06,1.9059637084544668e-08
spice,517,C13H24N2S1,40,0.03406489543991141,0.03406434193547511,0.0340640448858152,0.034064023439038124,8.720008732886715e-07,2.144677706349134e-08
spice,518,H4S2,6,0.00026820530485810034,0.0002669900788144672,0.00026489955774207017,0.00026489954880953224,3.305756048568093e-06,8.932538448834297e-12
spice,519,C5F1H5N2O1,14,0.00808025072730989,0.00807802338035799,0.008075457699668073,0.008075448213210249,4.802514099640357e-06,9.486457810356447e-09
spice,520,C19H22N4O3S1,49,0.047036663674760906,0.04703596602303219,0.04703537435160644,0.04703533919824251,1.3244765183932223e-06,3.5153363925905794e-08
spice,521,C23H16N6O2,47,0.028686079389247734,0.028685471040966092,0.028685456289909032,0.028685435691225992,6.436980217444727e-07,2.0598683046281655e-08
spice,522,C11H19N3O4,37,0.03240744474085109,0.03240721251488876,0.0324068712196463,0.03240682499808928,6.197427618112536e-07,4.62215570235235e-08
spice,523,C15H25N3O2,45,0.0400266946212567,0.0400263278280976,0.04002527678523643,0.04002525959803887,1.4350232178300377e-06,1.718719757904808e-08
spice,524,C6H18N2,26,0.01120184333726,0.011201821748693696,0.011201796579986266,0.011201796316366535,4.7020893465898406e-08,2.6361972524388183e-10
spice,525,Br1C15H15N4O2S1,38,0.03595019809927086,0.03594966688056385,0.03594937660656428,0.035949371364783704,8.267344871514586e-07,5.241780579918936e-09
spice,526,C2H4O2,8,0.0007299352597034984,0.0007288674474063366,0.0007265239508142559,0.0007265219615060028,3.413298197495683e-06,1.989308251808346e-09
spice,527,C8H14N2O5,29,0.03799700948862493,0.03799620126150856,0.037995284441103255,0.037995253369389935,1.7561192349923598e-06,3.107171333594962e-08
spice,528,C7H16N3,26,0.01206257842447831,0.012062439256545128,0.012062381934349027,0.012062379433933781,1.9899054452561867e-07,2.500415243954761e-09
spice,529,C12H18N4O3S1,38,0.030708648976787732,0.030708341443518007,0.030707072023509377,0.030707062211512783,1.5867652749476408e-06,9.811996589575742e-09
spice,530,C6Cl1H5O1,13,0.009959548118634231,0.009957901061912841,0.009957039743285849,0.009957020081296833,2.528037337395223e-06,1.9661989003315248e-08
spice,531,C10Cl1H11N2O5S2,31,0.03782608860893723,0.0378196273396553,0.0378182929304929,0.037818279181260926,7.809427676303803e-06,1.3749231940194229e-08
spice,532,C10H16S1,27,0.033735162583539854,0.03373497717685821,0.033734613609604586,0.033734609207871455,5.533756684033141e-07,4.401733203914508e-09
spice,533,C18H24N2O1S1,46,0.04820873636567303,0.048208085481964404,0.048207635138737256,0.04820755843650262,1.1779291704016807e-06,7.670223461258484e-08
spice,534,C22H16N4O4S2,48,0.04507397824931403,0.04507242857032273,0.04507230649550911,0.045072304535138726,1.673714175302096e-06,1.9603703736847787e-09
spice,535,C14H22O1,37,0.03520330268266433,0.035203164481621724,0.03520310002955751,0.03520306382912896,2.3885353535783564e-07,3.620042853819638e-08
spice,536,C14H18O5S1,38,0.025052221325042753,0.02505072360284565,0.025049501752959877,0.025049494379622582,2.726945420168587e-06,7.373337294602537e-09
spice,537,C4H8N1O3,16,0.0055719517601213065,0.005570018597131055,0.005569862191647627,0.005569861032742402,2.0907273789039376e-06,1.1589052228311384e-09
spice,538,C23H19N3O4S1,50,0.040216992600224245,0.04021629534933047,0.040216112197087345,0.04021609949564946,8.931045747962663e-07,1.2701437881904714e-08
spice,539,C21F3H18N7,49,0.05048860944738416,0.050487551389796104,0.05048710965686347,0.0504871083474409,1.5010999432633504e-06,1.3094225538922316e-09
spice,540,C19H25N3O2,49,0.04192697044937761,0.041926824964201824,0.041925792411617625,0.04192578993704941,1.1805123282060867e-06,2.4745682141536496e-09
spice,541,C16F1H11N8O2S1,39,0.026106860864366484,0.026106353420093695,0.026104709965150897,0.02610470915254401,2.151711822467394e-06,8.126068769973832e-10
spice,542,Br1C17H13N2O2,35,0.04775735347734349,0.047754831150365724,0.04775155332899706,0.047751550368851245,5.80310849223866e-06,2.9601458261339185e-09
spice,543,C20F3H19N4O3,49,0.024347872678235388,0.024345864336920986,0.02434396085572858,0.024343960005314802,3.9126729205835395e-06,8.5041377366033e-10
spice,544,C21F3H21N1O4,50,0.045199448983385355,0.04519699037308822,0.04519319625057985,0.04519318960573407,6.259377651285838e-06,6.6448457792509186e-09
spice,545,C3H8O3,14,0.004557716457360091,0.004556223117603674,0.004556123987064093,0.0045560912279785015,1.6252293815884127e-06,3.275908559200135e-08
spice,546,B1C21F3H17N5O3,50,0.024821148135268752,0.024821074793809808,0.02481635084608784,0.02481634655766745,4.801577601300014e-06,4.288420416568816e-09
spice,547,C8H20O2,30,0.007030635722412301,0.0070303094632473044,0.007030263354535813,0.0070302633499680104,3.723724442911818e-07,4.567805084115548e-12
spice,548,C24Cl2H16O5,47,0.05492051380685374,0.05491936579180938,0.05491550972614492,0.05491550919344915,5.004613404595921e-06,5.326957707243635e-10
spice,549,C6H12K1,19,0.010705146162624295,0.0107050366320411,0.010704413754270455,0.0107039256891636,1.2204734606933165e-06,4.880651068547616e-07
spice,550,C19Cl1F1H16N2O4S1,44,0.04939893348810333,0.04939357769218915,0.04938402166783669,0.04938400880855963,1.4924679543687747e-05,1.285927709916042e-08
spice,551,C3H5O2,10,0.003572894689433587,0.0035715806422654656,0.0035688214160256144,0.0035688214104311372,4.073279002450681e-06,5.594468953308954e-12
spice,552,H2Na1O1,4,0.00040307742442120104,0.00040305682705195074,0.00040304913726997723,0.0004030480373446465,2.938707655458341e-08,1.099925330294944e-09
spice,553,Br2C19H13N5O1S1,41,0.046014377796883284,0.04601058327070354,0.0460076294226733,0.04600761189940749,6.765897475789264e-06,1.7523265821306164e-08
spice,554,C11H15N1O2,29,0.01382800969604362,0.01382791217656717,0.01382786359533853,0.013827862425422985,1.4727062063563154e-07,1.1699155666885222e-09
spice,555,C12H18N2O2,34,0.03254888679579459,0.03254833468281625,0.03254832681326104,0.03254832028672772,5.665090668857781e-07,6.5265333425484126e-09
spice,556,C17H22N6O2,47,0.04219831777405792,0.04219817326183017,0.04219738583873042,0.04219738471161295,9.330624449751425e-07,1.1271175092935036e-09
spice,557,C1H4Si2,7,0.0018411963322358105,0.0018342373968043724,0.0018339274527273644,0.001833923108712213,7.273223523597097e-06,4.344015140392821e-09
spice,558,C1N1S1,3,0.0003083137463569961,0.00030804560559056447,0.000308039451748847,0.0003078320315092752,4.817148477208796e-07,2.0742023957416283e-07
spice,559,C19F2H11N5,37,0.030510368384757507,0.03050779072770173,0.030505197999096286,0.03050519572593773,5.172658819780356e-06,2.273158585898975e-09
spice,560,C8H7N1O1S1,18,0.012624449745250798,0.012623923265415199,0.012623909093048965,0.012623900794267706,5.489509830923073e-07,8.298781237634352e-09
spice,561,C2H6N2O1,11,0.005096977426177591,0.005096270801767819,0.0050959786584549305,0.0050959689280482435,1.0084981293468336e-06,9.730406688968356e-09
spice,562,C17H22N2O4S1,46,0.03594993205057424,0.03594740860810991,0.03594734739015755,0.03594732637834484,2.605672229404388e-06,2.101181269608839e-08
spice,563,C17Cl1F1H12N2O3,36,0.02428463896425378,0.024277736860985055,0.02427737842152197,0.024277375040645203,7.263923608573051e-06,3.380876754501356e-09
spice,564,H4O1S2,7,0.0012367885286276982,0.0012346093585882114,0.0012304049610770956,0.0012304036358104817,6.384892817216677e-06,1.3252666125858209e-09
spice,565,C17F2H16N2O1S2,40,0.04882527576510309,0.0488242706412953,0.04882048754579777,0.048820461171977164,4.814593125922892e-06,2.637382059917736e-08
spice,566,Br1C23H22N2O1,49,0.03523777654994866,0.03523710484995885,0.035236674600504565,0.035236673278423086,1.1032715255774889e-06,1.3220814814681174e-09
spice,567,C7H17N1,25,0.008847709742788996,0.008847619519106653,0.008847591997687488,0.008847591221797036,1.1852099196092301e-07,7.758904522587575e-10
spice,568,C15H27N3O3,48,0.042807490815066324,0.0428072088239148,0.04280721791858995,0.04280718116623658,3.096488297403827e-07,3.675235336215314e-08
spice,569,C21Cl1H20N3O3S2,50,0.040458345259443536,0.04045599279712654,0.04045472195872594,0.040454721230429355,3.624029014179181e-06,7.282965833399728e-10
spice,570,C12Cl1F1H8N2O1S2,27,0.02209800315701159,0.022094821117628886,0.02209284938654388,0.02209284166800948,5.1614890021076276e-06,7.718534409150128e-09
spice,571,B1C10H15O2,28,0.020051349763429198,0.020049912273682073,0.020048122135901417,0.020048119429108696,3.2303343205023483e-06,2.706792719929765e-09
spice,572,C19Cl2H16N4O1S1,43,0.042954042047261685,0.04295383474104092,0.042953338606795885,0.042953331548165455,7.104990962247186e-07,7.058630417459748e-09
spice,573,C13H27N1O2Si1,44,0.03149185976851747,0.03149130480437466,0.03149071232100231,0.03149069401218203,1.1657563354358093e-06,1.830882028949348e-08
spice,574,C13Cl1F15H4O2S1,36,0.026851251972582018,0.02679995359423414,0.026749841712089825,0.0267497637779137,0.00010148819466830704,7.793417615729662e-08
spice,575,C17H27N3O2S1,50,0.04944796176902108,0.049447065402599036,0.049446339818721624,0.04944633613517081,1.6256338502657455e-06,3.6835508145820626e-09
spice,576,C11H18N8,37,0.030410625155718175,0.03041023394552784,0.03041009385570216,0.030410070699708053,5.544560101190546e-07,2.315599413320818e-08
spice,577,C9H21N1Si1,32,0.026530191548752476,0.02652953126192208,0.02652931488415814,0.026529284009948015,9.07538804461206e-07,3.087421010639726e-08
spice,578,C12H18N3O7,40,0.03991218562555077,0.03991144291123304,0.03991072639438269,0.03991066210135337,1.5235241974063587e-06,6.429302930759672e-08
spice,579,C12H11N3O2S2,30,0.0252158844825358,0.025215233690323482,0.025214286968747904,0.025214276833939186,1.607648596615639e-06,1.0134808720585963e-08
spice,580,C12H19N1O4Si1,37,0.03566481700389961,0.03565515074603136,0.03565367422970351,0.035653669733597376,1.1147270302218344e-05,4.4961061378749625e-09
spice,581,C4H11N1O1S2,19,0.02066379529132211,0.02066340999938994,0.020662367567491968,0.020662365575299036,1.4297160230743094e-06,1.9921929291387118e-09
spice,582,C3Cl2H2,7,0.0031309053670349946,0.0031282632309204503,0.003127734921385551,0.0031277115696428676,3.1937973921268733e-06,2.3351742684426553e-08
spice,583,C11H14N2O4,31,0.016335838713235212,0.0163357711222618,0.016335227140357386,0.016335212289804196,6.264234310200103e-07,1.4850553175847342e-08
spice,584,C14H17N1O4S1,37,0.03218260669675463,0.032175671961254385,0.03216741709820504,0.03216740193931919,1.5204757435431154e-05,1.515888586548102e-08
spice,585,C11H21N3O3S2,40,0.03622657628392119,0.03622640079182099,0.03622605600028781,0.03622603491896026,5.413649609309113e-07,2.108132753914215e-08
spice,586,C16H26N3,45,0.04789580358173256,0.04789561119556516,0.04789537338301844,0.04789530083900302,5.027427295388337e-07,7.254401545677177e-08
spice,587,C2H9N1O2,14,0.004312499715393002,0.004312155806056095,0.0043120295400485885,0.004312028471310464,4.7124408253655923e-07,1.068738125907312e-09
spice,588,C16H20O6,42,0.0374270643929225,0.03742612126678403,0.0374250452202538,0.037424986208881496,2.078184041014704e-06,5.901137230925728e-08
spice,589,C15H20N2O3,40,0.026017288559223292,0.02601648916584049,0.026015842651721556,0.02601584026435707,1.4482948662262713e-06,2.387364482943768e-09
spice,590,C25Cl1H17N4O2,49,0.06182924901020262,0.06182870796009841,0.06182840082458499,0.06182839959039443,8.494198082013839e-07,1.234190609450697e-09
spice,591,C7Cl4H8O3,22,0.02922176833130479,0.029220808659752604,0.029219730242280667,0.02921972916066477,2.03917064002338e-06,1.081615906711178e-09
spice,592,C17H26N2O3S1,49,0.03162650824171072,0.03162570106175531,0.031625646771937646,0.03162564374982793,8.644918827902191e-07,3.0221097100906554e-09
spice,593,C19H25N1O3,48,0.037342060106914945,0.037341719057198214,0.03734044992949062,0.037340400244338684,1.6598625762608414e-06,4.9685151914237186e-08
spice,594,C6H5N1O1S1,14,0.01072202775002748,0.010720329070107785,0.010720018312523153,0.010720003153198437,2.0245968290431045e-06,1.5159324724423804e-08
spice,595,C6H18N1,25,0.010974259589325509,0.010974255144998758,0.010974236703781422,0.01097421808389804,4.150542747101647e-08,1.8619883378133527e-08
spice,596,C10H15N3O8S1,37,0.04541177003297077,0.04540438318730807,0.04540234010638089,0.045402252614776026,9.517418194743348e-06,8.749160485073492e-08
spice,597,C10H10N2,22,0.047615143798588,0.04761500115540245,0.04761503138695235,0.04761499636418742,1.474344005713642e-07,3.5022764921051033e-08
spice,598,C6H12N2S2,22,0.021770716413613826,0.021770490690665115,0.021769492417655637,0.02176945671148944,1.2597021243814808e-06,3.570616622028264e-08
spice,599,B1C15H14N1O6,37,0.021766896736191293,0.021766559620802674,0.021765885173340844,0.02176587803819952,1.0186979917782224e-06,7.135141332518307e-09
spice,600,C17H12N2O1S2,34,0.028896031555076303,0.02889532147351965,0.02889523383107941,0.028895232262545176,7.992925311331438e-07,1.5685342228479495e-09
spice,601,C15H17N7O1S1,41,0.03125173383951479,0.03125162360424064,0.031251614998982394,0.03125161259062922,1.212488855616348e-07,2.4083532112666678e-09
spice,602,C7H10O1,18,0.014445775709869262,0.01444564098624804,0.014445625702312642,0.014445608207156239,1.6750271302187408e-07,1.7495156405418925e-08
spice,603,C24H15O2,41,0.02669006347741021,0.026689931089350923,0.026689910037258187,0.026689906129358325,1.5734805188323907e-07,3.9078998596596494e-09
spice,604,C14H14N2O4,34,0.024931078939199606,0.024930603495825127,0.02493041902413704,0.02493041428123296,6.646579666504366e-07,4.7429041176198204e-09
spice,605,C4H10O1,15,0.004225279729850994,0.004225274479580596,0.004225267732013199,0.00422526718061453,1.2549236464414996e-08,5.513986735312721e-10
spice,606,C21Cl1H16N5O4,47,0.0361986830507154,0.03619836069451396,0.03619598351433366,0.036195973906501734,2.709144213666812e-06,9.607831932459414e-09
spice,607,C10H19N3O1,33,0.04145212237905653,0.04145195284973255,0.04145111416824248,0.04145106768287048,1.0546961860536216e-06,4.6485372007489944e-08
spice,608,C10H13N3O3,29,0.019921694437129437,0.019921412845754986,0.01992079026987902,0.019920783376815306,9.110603141336805e-07,6.893063709387845e-09
spice,609,C16H11N3O2,32,0.02015028180873902,0.02014961310049814,0.020149104930212155,0.020149098051956506,1.1837567825079774e-06,6.878255629349925e-09
spice,610,C19H27N3O1,50,0.05792941259120069,0.05792915042873395,0.057929048702687835,0.0579290447432532,3.6784794749499977e-07,3.959434632384871e-09
spice,611,C10H19N3O10P1,43,0.03315364083895321,0.03315243504581184,0.03315022966508679,0.033150224204678974,3.416634274243056e-06,5.460407821141618e-09
spice,612,C6F1H16N2P1S1,27,0.025876922463199004,0.025869604816872418,0.02586801047266127,0.0258679990142353,8.923448963703816e-06,1.1458425938529771e-08
spice,613,B1C16H20N1O1,39,0.031756065907569214,0.03175577852325181,0.03175570836993837,0.03175569893282678,3.6697474243018316e-07,9.43711160503946e-09
spice,614,C8H8O1S2,19,0.015832482518372982,0.015830067044141225,0.015829606948233245,0.015829605731629018,2.876786743962765e-06,1.2166042309100632e-09
spice,615,C8H20O2,30,0.0078248866856933,0.00782414120491667,0.007823950257204351,0.007823950218582258,9.364671110430271e-07,3.8622087046048564e-11
spice,616,C19H20N4S1,44,0.02705157282252328,0.027051362338073124,0.027050912374890157,0.02705090307196149,6.69750561791334e-07,9.302928667709773e-09
spice,617,C1H3O3,7,0.00018888532213869874,0.00018599699016721272,0.0001845829037651547,0.00018458194630281192,4.3033758358868425e-06,9.574623435618062e-10
spice,618,C4H8S2,14,0.01400297032144801,0.014002074280414422,0.01400035250357761,0.01400034573862597,2.624582822039124e-06,6.76495164278235e-09
spice,619,C13Cl1H18N3O2,37,0.022672849135421,0.02267227504870954,0.022672179488024594,0.02267217760893496,6.715264860403188e-07,1.879089644586093e-09
spice,620,B2C8F2H12,24,0.011535389163273,0.011523637262406246,0.011514293616732004,0.011514285082005088,2.1104081267910692e-05,8.534726901273634e-09
spice,621,C16Cl2H19N3O1S2,43,0.05506288834914207,0.05506196474599086,0.055061897801812636,0.05506188006530924,1.0082838328343037e-06,1.773650335737252e-08
spice,622,C8Cl1H7N1,17,0.0092619394929152,0.00926180875030433,0.009261809820664794,0.009261805855701747,1.3363721345183424e-07,3.964963049944082e-09
spice,623,B1C9H11O4,25,0.010900939275443009,0.010900893007965961,0.010899370999657721,0.010899362083237987,1.5771922050198804e-06,8.916419738179453e-09
spice,624,C15H21N3O1,40,0.028138375111245017,0.028138246620916935,0.028137963591404434,0.028137948491260015,4.266199850000116e-07,1.5100144425971872e-08
spice,625,C13F4H6O1,24,0.016552239317091752,0.0165479146837498,0.01653859444066829,0.016538588744829216,1.3650572262537616e-05,5.695839098069535e-09
spice,626,C20H18N1O4,43,0.02656020944425474,0.026560095703602543,0.026559594110428617,0.026559591980799713,6.174634550287916e-07,2.129628899395491e-09
spice,627,B1C8H19N4O4,36,0.03618551870097757,0.03618394271209221,0.036181673412153496,0.036181663028876355,3.85567210121489e-06,1.0383277141319094e-08
spice,628,C19Cl2F1H22O5,49,0.04584788674187313,0.04584640852690905,0.04584474528019121,0.04584473192508873,3.1548167844076572e-06,1.3355102475291765e-08
spice,629,C24Cl1H22N1O1,49,0.033508158529826124,0.033507970249486804,0.0335077156732438,0.033507708536286415,4.499935397066582e-07,7.136957344225341e-09
spice,630,C12H9N1O2S1,25,0.02289027389426975,0.022889675717883595,0.02288843480207278,0.022888429863076994,1.8440311927616494e-06,4.938995764981239e-09
spice,631,C20H14O9,43,0.02907830098345946,0.029078136895281593,0.02907798137122019,0.029077974512695663,3.264707638000333e-07,6.858524479382117e-09
spice,632,C10H13N1O1,25,0.01499050935700223,0.014990434782155929,0.014990371410486156,0.014990363095170559,1.4626183167022926e-07,8.315315592169531e-09
spice,633,C20Cl1H18N1S1Si1,42,0.0435134094488587,0.043512586222735315,0.04351212114440954,0.04351208901304923,1.3204358094647728e-06,3.21313603064922e-08
spice,634,C7H8N1O2P1,19,0.01230740806578314,0.012305379436311489,0.012304081147289139,0.012304062853611736,3.3452121714016994e-06,1.8293677420750657e-08
spice,635,C20F1H18N5O2,46,0.028343907329717276,0.028343175233848637,0.02834265357024248,0.028342642745182965,1.264584534310112e-06,1.0825059518666287e-08
spice,636,C5H5N5O1,16,0.013318632980837113,0.01331849298371456,0.013316960128873416,0.013316954865993127,1.6781148439888799e-06,5.2628803713411684e-09
spice,637,C9H16N4O2,31,0.02395278289989821,0.023951927434476772,0.02395129998103072,0.023951281855754864,1.5010441433449246e-06,1.8125275834079663e-08
spice,638,C21H20N4O3,48,0.040267448516096024,0.04026695512141972,0.04026656012935681,0.04026655185542343,8.966606725986723e-07,8.273933403436114e-09
spice,639,C21Cl1H20N7O1,50,0.053331087185674364,0.05333069785973424,0.05333067552297067,0.05333066784918592,4.1933648844530927e-07,7.673784746975098e-09
spice,640,C4H12O1S2,19,0.007682546396120701,0.007681534487671183,0.007681262147979243,0.007681259336205535,1.2870599151652577e-06,2.811773708488124e-09
spice,641,C12H17N3,32,0.022834306003412845,0.02283404660023801,0.02283374275044897,0.02283374139755897,5.646058538775697e-07,1.352889997359e-09
spice,642,C14H13N1O4S1,33,0.030505473000806027,0.03050289174826255,0.030498791266916115,0.030498769290992305,6.7037098137170115e-06,2.1975923804423917e-08
spice,643,C8Cl2H12O4,26,0.024943343989577996,0.02494169770056112,0.02494049570169545,0.02494048184271035,2.8621468676423177e-06,1.3858985071530884e-08
spice,644,Br1C11H8N1O3,24,0.015770450445127406,0.01576685497884673,0.015765295189906724,0.015765284185289878,5.166259837527538e-06,1.1004616855022114e-08
spice,645,C19H19N1O1,40,0.038977483050657305,0.03897729586029765,0.038977284870090334,0.03897728372744015,1.9932321715304555e-07,1.1426501283317537e-09
spice,646,C21Cl1F3H17N7,49,0.03791296792931775,0.03790943378030007,0.03790838337148706,0.037908372760093394,4.595169224349768e-06,1.0611393630513232e-08
spice,647,C13H14N2O1,30,0.025181030535715195,0.025180673885078324,0.025179587836902554,0.02517956457486783,1.4659608473617527e-06,2.3262034729678406e-08
spice,648,C16H15N1,32,0.02467487786049066,0.02467486978735893,0.024674762203683653,0.024674748777450288,1.29083040375109e-07,1.3426233387495726e-08
spice,649,C4H6N2O1,13,0.0041862534243606985,0.004186196498824756,0.004186147187614887,0.004186141006392983,1.1241796771596366e-07,6.181221909170065e-09
spice,650,C12H13N1O2,28,0.03646409932384878,0.036463865482633584,0.03646321405278024,0.036463162272989694,9.370508590716142e-07,5.177979056823278e-08
spice,651,C19Cl1H23N4O2S1,50,0.052139149143238604,0.05213869019236192,0.05213834568506065,0.05213831250287833,8.366403602739011e-07,3.3182182339628015e-08
spice,652,C16H22O7,45,0.03636684580200469,0.036366018486681286,0.03636321988580152,0.03636310421320708,3.7415887976039622e-06,1.1567259442018008e-07
spice,653,C7H16O1Si1,25,0.015272264637555981,0.015271766567392408,0.015271484194977503,0.015271427044434033,8.375931219504881e-07,5.7150543472238785e-08
spice,654,C5H9N5O1,20,0.013335430295643807,0.0133352007450495,0.013334576292390416,0.01333457209957388,8.581960699241191e-07,4.192816530978656e-09
spice,655,C18H17N1O1,37,0.021456245051115746,0.021456032496426834,0.021455762442025045,0.021455749902193365,4.951489223804752e-07,1.2539831672457984e-08
spice,656,C17H10N2O2S2,33,0.02589058579793872,0.02588688819798157,0.02588659534802514,0.02588659374240849,3.99205553022507e-06,1.6056166520153942e-09
spice,657,C21Cl1H13N4O1S2,42,0.028756086104247496,0.028754386887938865,0.028754110641281975,0.02875410786086636,1.9782433811312974e-06,2.780415610336011e-09
spice,658,B1C7H13N2O4,27,0.025129880946125914,0.025128292132449312,0.025128159502476037,0.02512815244791466,1.7284982112490796e-06,7.054561378008342e-09
spice,659,C22Cl1H18N1O5S1,48,0.049404728007952675,0.04940396111562278,0.0494037733203901,0.04940377123066646,9.567772862143007e-07,2.089723656542698e-09
spice,660,C19H21N2O4P1,47,0.03562922647091043,0.035626460556701614,0.03562608228244105,0.035626076477317435,3.149993592991686e-06,5.805123581309643e-09
spice,661,Br1C3H9S1,14,0.0029999871401311,0.0029976991298164366,0.002987647517302347,0.002987639153331055,1.2347986800044788e-05,8.363971294792635e-09
spice,662,C22Cl1H20N5O2,50,0.05618263613985703,0.056181931350437225,0.05618151404267312,0.05618149505350031,1.1410863567205729e-06,1.8989172818836776e-08
spice,663,C15H22O5S1,43,0.025547998424694743,0.025541342257520083,0.02553229189443368,0.025532283523667734,1.571490102701353e-05,8.370765975270328e-09
spice,664,C2H8O1,11,0.0011354016171729985,0.001135371128627172,0.001135366092353798,0.0011353660609954184,3.555617758021074e-08,3.13583788918402e-11
spice,665,C13Cl1H15N2O4,35,0.0357132877520987,0.03571162362968372,0.035710237371749796,0.03571023688828301,3.0508638156814876e-06,4.834668157888037e-10
spice,666,C6H15N1O2,24,0.016196766849936976,0.0161960960014469,0.01619608189747096,0.016196060082221665,7.06767715314561e-07,2.1815249286084177e-08
spice,667,H6N1O1,8,0.0009344015530058974,0.0009343949518459595,0.0009343707027781788,0.0009343705352488665,3.1017757030979633e-08,1.67529310999805e-10
spice,668,C11H14O3,28,0.0317232325048982,0.031722572476215606,0.03172217238609462,0.031722163031018574,1.0694738796260015e-06,9.355076051382467e-09
spice,669,C6Cl1H6N1S1,15,0.011642668982285193,0.011642516238797536,0.011641969641066048,0.011641959075187638,7.099070975546274e-07,1.0565878427732268e-08
spice,670,C9H18O1,28,0.027032286237787306,0.02703200715057566,0.027031382239818526,0.027031357695490487,9.285422968205796e-07,2.454432803794668e-08
spice,671,H4S2,6,0.00027550714116529975,0.0002745909041576829,0.000271849602183552,0.00027184955873825234,3.6575824270474222e-06,4.344529915648226e-11
spice,672,C21H20N4O3S1,49,0.05209091040468656,0.05209066893366214,0.0520905081951318,0.052090489002520016,4.2140216653172215e-07,1.919261178922918e-08
spice,673,B1C18H19N2O5,45,0.03478636260231458,0.03478613782242271,0.034786148669388645,0.03478612665604588,2.3594626869936914e-07,2.2013342749738656e-08
spice,674,C17Cl1F3H10N2O2,35,0.03310793256255912,0.033105536338258475,0.03310538083181449,0.03310538026524287,2.552297316243469e-06,5.665716019241927e-10
spice,675,H6N2,8,0.0003592937519776983,0.0003592891070487852,0.0003592703539030127,0.0003592703330775213,2.3418900177034307e-08,2.082549116023652e-11
spice,676,C10H18,28,0.02296233842467513,0.02296232838812419,0.022962294011233633,0.022962283768795992,5.46558791369405e-08,1.024243765724583e-08
spice,677,C3H10O1S2,16,0.009359351628711692,0.009357565398767274,0.009357363066168613,0.009357359626779069,1.992001932625474e-06,3.439389545489462e-09
spice,678,C6H4N4O2,16,0.010897432973138593,0.010895575994878628,0.010895324281893645,0.010895309434590076,2.1235385485145443e-06,1.4847303530232257e-08
spice,679,H2Na1O1,4,0.0001542606666446006,0.00014399086441387556,0.00014428761182172696,0.0001433062270680225,1.0954439576578129e-05,9.813847537041977e-07
spice,680,B1C7H15N2O4,29,0.027671015271478888,0.02767005195341862,0.027666772988939475,0.02766675176820141,4.263503277477431e-06,2.1220738075230883e-08
spice,681,C22F1H14I1N2O4,44,0.032216242443328845,0.032214153884271235,0.03221288921466378,0.03221286815820857,3.374285120271237e-06,2.1056455229037043e-08
spice,682,C14F3H20N1O1,39,0.022035537450271207,0.022032173242766503,0.022028160147685275,0.02202813190974399,7.405540527222658e-06,2.8237941285425227e-08
spice,683,C19H25N3O2,49,0.045983173579354296,0.04598313968218612,0.04598285668691883,0.04598280894356713,3.6463578717007763e-07,4.7743351755277305e-08
spice,684,C12H26N4O2,44,0.040273313169909224,0.04027279153750239,0.0402727490153737,0.040272740204873474,5.729650357509975e-07,8.810500234730129e-09
spice,685,C17H15N5O1S1,39,0.02939221091019822,0.02939175945613757,0.029391080375691606,0.029391033874089277,1.1770361089376492e-06,4.650160232651575e-08
spice,686,C18Cl1H22N5O2,48,0.04958676011259393,0.04958650476750577,0.049586471525507464,0.04958644668076559,3.134318283299793e-07,2.4844741922313585e-08
spice,687,C10F1H11O5,27,0.019339636840578017,0.019338154956720838,0.019336178752755968,0.019336161508853384,3.475331724633139e-06,1.7243902563876008e-08
spice,688,B1C17H26N1O5,50,0.04035817600665974,0.04035796394854359,0.0403577633193795,0.04035772202069071,4.53985969036437e-07,4.1298688803186655e-08
spice,689,C19Cl1H16N7O2S2,47,0.0539155572082165,0.053911649929870284,0.053905335998040954,0.053905334003221804,1.0223204994697815e-05,1.9948191157061693e-09
spice,690,C18H22N4S1,45,0.0503110080900256,0.050310884968476535,0.05031074487029125,0.0503107245402772,2.8354974840672834e-07,2.0330014071535792e-08
spice,691,C13H17N1O4,35,0.046020941169471904,0.04602085967247078,0.046020560212404915,0.04602055088698484,3.902824870672678e-07,9.325420093755682e-09
spice,692,C11H24N2O3Si1,41,0.03568286774099609,0.03568136861632731,0.03568120427788197,0.03568116357448521,1.7041665108849931e-06,4.07033967588368e-08
spice,693,C20H24N2O2,48,0.04004796904354621,0.04004786579910301,0.0400479469446704,0.04004777883267199,1.902108742166255e-07,1.6811199837602755e-07
spice,694,C13H13N3S1,30,0.020460002188854697,0.02045972137213141,0.020459696037373593,0.020459694179004253,3.080098504410938e-07,1.8583693418641384e-09
spice,695,C14H19N5,38,0.0355819693070179,0.03558181113556944,0.03558162032647455,0.035581616557355145,3.527496627558489e-07,3.769119411795489e-09
spice,696,C21Cl2H17N5O1,46,0.03598373279470744,0.03598249744464021,0.035982180942067545,0.035982172541391605,1.5602533158364644e-06,8.400675923571638e-09
spice,697,C19Cl2H17N5O2,45,0.0321697461006807,0.03216847038805415,0.032168177435876306,0.0321681721723395,1.5739283412009688e-06,5.263536797772758e-09
spice,698,C20H25N3O2,50,0.04292796349266004,0.042927914130122015,0.042927776406537874,0.04292777547415198,1.8801850804738522e-07,9.323858798758218e-10
spice,699,C20H22N4O2,48,0.04525654372227011,0.04525638289352697,0.04525587541744825,0.04525587177370594,6.719485641634817e-07,3.643742303550053e-09
spice,700,C11H20N4O4S1,40,0.037702877499397505,0.03770172821861934,0.03770088897624026,0.03770087931300603,1.998186391484154e-06,9.663234220889094e-09
spice,701,C23Cl2F2H19N3S1,50,0.05497658918470551,0.054975750422948055,0.054973516562171365,0.05497350145857432,3.08772613119064e-06,1.5103597043178584e-08
spice,702,H4S4,8,0.0008980268307209006,0.0008975820253266124,0.0008967856536725148,0.000896737578721791,1.289251999109666e-06,4.807495072346154e-08
spice,703,C5H14S4,23,0.0134962130042267,0.013494382452574675,0.013493270155046583,0.013493260053824436,2.952950402265585e-06,1.0101222146732744e-08
spice,704,C6F3H9O4S1,23,0.02387455137263511,0.023864769544518074,0.0238528163195224,0.023852779574074487,2.1771798560631123e-05,3.674544791583074e-08
spice,705,C21H19N2O7S1,50,0.04528884050370918,0.04528619493784671,0.045284803328763334,0.045284792979398636,4.047524310548867e-06,1.0349364702945813e-08
spice,706,C16H25N2O5P1,49,0.05009824837035602,0.05008731035880659,0.050082330447956555,0.05008232584907338,1.5922521282629788e-05,4.598883122775964e-09
spice,707,Br1C21F1H18N6O1,48,0.04966962305478634,0.049669255702104,0.04966825877131305,0.049668245010749394,1.3780440369480696e-06,1.3760563674615767e-08
spice,708,C6H6N4O1,17,0.00984361807838397,0.009843506147791682,0.009843393064671007,0.009843382701291621,2.3537709234947618e-07,1.0363379377299512e-08
spice,709,C3H8O1S2,14,0.008158045545471303,0.008154739967500787,0.008151735190401039,0.00815172910403034,6.3164414409652285e-06,6.08637070269267e-09
spice,710,C16H16N2O8S4,46,0.04044485374763457,0.04044282693775348,0.04044212579979715,0.04044148696671466,3.3667809199023574e-06,6.388330824793667e-07
spice,711,C18H24O5Si1,48,0.050363213859551725,0.050361670596696204,0.05036052941902573,0.05036049315035078,2.7207092009413784e-06,3.6268674949366e-08
spice,712,C4H11N1O3,19,0.006411395313407598,0.0064105716354956235,0.006409442335279842,0.006409436510167199,1.958803240398937e-06,5.825112654280604e-09
spice,713,C6H18N6P2,32,0.03658690027138265,0.03658570378461737,0.03658536056713649,0.03658530694037796,1.5933310046936574e-06,5.362675859331622e-08
spice,714,C11Cl1H20N2O5,39,0.033150694478023005,0.03314830642705389,0.03314775601742853,0.033147742840699296,2.9516373237051657e-06,1.317672923903117e-08
spice,715,C12F3H17N2O3S1,38,0.035267412291576865,0.035261477526056344,0.03524840206652957,0.0352483395616329,1.9072729943967497e-05,6.250489662889305e-08
spice,716,C22H23N3O1S1,50,0.02785020260687556,0.027850131019704964,0.027850122561705867,0.027850116005875288,8.660100027839466e-08,6.555830582252206e-09
spice,717,C19F3H11N6O2S1,42,0.04892321134733151,0.04891905878456092,0.0489073527760737,0.048907337613091365,1.5873734240150178e-05,1.5162982338504024e-08
spice,718,C9H12O3,24,0.026970648871089593,0.026970290424275428,0.026969715372426137,0.02696968728264608,9.615884435162043e-07,2.8089780063301235e-08
spice,719,C13H23N3O3S1,43,0.027032392499227217,0.02703212835784711,0.027031993178696978,0.027031991501231246,4.009979959703108e-07,1.677465749426291e-09
spice,720,C24Cl2F2H15N3O3S1,50,0.0366766213712171,0.036666762375256734,0.03666130478674359,0.036661300077561694,1.5321293655403516e-05,4.709181891843256e-09
spice,721,C14H25N3O6S1,49,0.049095431823323946,0.049092456831815734,0.04909105570513573,0.04909103474086064,4.397082463305006e-06,2.0964275136967332e-08
spice,722,C2H8,10,0.0001534181891769999,0.00015338885079577955,0.00015338786432135632,0.00015338765356203977,3.0535614960164486e-08,2.1075931645576685e-10
spice,723,Br1C17F1H14O2,35,0.04141006932329783,0.04140914735451516,0.04140555902745366,0.041405525656936164,4.543666361665064e-06,3.3370517525176855e-08
spice,724,C18F4H18N2O3,45,0.04083739953905553,0.04082294825405422,0.04081417431987933,0.040814168739985494,2.32307990700468e-05,5.579893873628703e-09
spice,725,C18H8S4,30,0.034273826565811336,0.03427382429855678,0.0342736401351698,0.03427363458134414,1.9198446720658774e-07,5.55382565207495e-09
spice,726,C18Cl1H21N2O3S1,46,0.04274698914990068,0.04274435482983867,0.042742843691642135,0.04274279385695565,4.1952929450326425e-06,4.9834686528308976e-08
spice,727,C6Cl2H8S2,18,0.038824110945930176,0.03882191785044969,0.03881826881040286,0.038818231077325356,5.879868604808125e-06,3.7733077519597035e-08
spice,728,C16H23N3O5,47,0.056398078345930816,0.0563978511861028,0.05639744249959098,0.05639742281472518,6.555312056339289e-07,1.9684865807155444e-08
spice,729,C5H11N1O1,18,0.008336180316232126,0.008335687713787458,0.008335545421489999,0.008335536865459063,6.434507730633611e-07,8.556030956314041e-09
spice,730,H4S4,8,0.0025789941483494,0.002576343992884413,0.0025694649724171893,0.0025694565062737234,9.537642075676436e-06,8.466143465183232e-09
spice,731,C10H11N7O1,29,0.0229732360052949,0.022973193130974838,0.022973180972579357,0.022973170929489643,6.507580525706956e-08,1.0043089726560655e-08
spice,732,C21H14O6,41,0.033227197451207564,0.03322699081323339,0.0332254086400496,0.03322540093803737,1.7965131701906788e-06,7.702012186457059e-09
spice,733,C2H9N1S1,13,0.003820845408902103,0.0038201841375071167,0.0038189709998853716,0.0038189533515880867,1.8920573140167963e-06,1.7648297284766156e-08
spice,734,C6H16S1Si1,24,0.016269964219962012,0.016269779225485358,0.016269507509464303,0.016269471137624794,4.930823372169107e-07,3.637183948703975e-08
spice,735,C19H23N3O2S1,48,0.026705979096901127,0.02670589345532666,0.026705725318859824,0.02670572103464438,2.5806225674620707e-07,4.284215441890456e-09
spice,736,C15F2H14N4,35,0.02402753901005802,0.024026143997317752,0.02402537953243635,0.024025370235786242,2.168774271781508e-06,9.29665011624765e-09
spice,737,C20Cl1F3H22N2O1,49,0.04723527316451934,0.047232682233637434,0.04722570630181858,0.04722569702674831,9.576137771029871e-06,9.275070301434271e-09
spice,738,C2Cl2H6O1,11,0.0065569208648236,0.006554620118952298,0.006554591136764402,0.006554554088495467,2.3667763281332057e-06,3.7048268938487235e-08
spice,739,C15H22N2O1,40,0.03728368698588114,0.03728342364688292,0.03728321095238303,0.03728320262902814,4.843568530002622e-07,8.32335489776432e-09
spice,740,C6H13N1,20,0.017514809467428998,0.017514778542720794,0.017514614629842648,0.017514601571688833,2.0789574016126698e-07,1.3058153796425509e-08
spice,741,B1C14H13O2,30,0.02070350619638349,0.02070209209355457,0.02069993587942836,0.02069992726249194,3.5789338915483623e-06,8.61693639870286e-09
spice,742,C13H17N1O3S2,36,0.047214434657985964,0.047210442757931556,0.047206963840764705,0.04720694307099263,7.491586993335464e-06,2.0769772020924834e-08
spice,743,C10H14N4O2S1,31,0.02763977966500309,0.02763975059739211,0.027639374951185427,0.027639340647164237,4.3901783885431935e-07,3.430402119003126e-08
spice,744,C6H14N2O2,24,0.009848730176636197,0.009848473838374084,0.009848138227714322,0.00984813344477532,5.967318608790056e-07,4.782939007685266e-09
spice,745,C6H14O2,22,0.008576938976793904,0.008576692988218067,0.008575962859953122,0.008575946454345187,9.925224487158802e-07,1.6405607937293422e-08
spice,746,C5H11N1O2Si1,20,0.011456212472722493,0.011456023615049863,0.011454371590500551,0.011454371435998355,1.8410367241376008e-06,1.5450219353593148e-10
spice,747,C21Cl2H19N3,45,0.03302753126798048,0.03302687625340163,0.03302657013902221,0.033026557346334764,9.739216457172384e-07,1.27926874401443e-08
spice,748,C12H30O1Si2,45,0.041801209259599494,0.04179950846973965,0.04179935654438274,0.04179934374426829,1.8655153312125218e-06,1.2800114445171862e-08
spice,749,C18H27N2O2,49,0.03684527299650563,0.036845124441513985,0.036845084450234974,0.036845053008964214,2.1998754141851376e-07,3.1441270765375395e-08
spice,750,C2H6O1,9,0.0005785583016309004,0.0005785485087680118,0.0005785388965072396,0.0005785368747562947,2.1426874605632058e-08,2.021750945907402e-09
spice,751,B1C14H14N1O3,33,0.018579890654510895,0.018578211682912047,0.018576261030277985,0.0185762540865136,3.6365679972912873e-06,6.9437643889543655e-09
spice,752,C12Cl1H13N8,34,0.03349655896962038,0.033496325884349046,0.03349594017664263,0.033495936351165344,6.226184550389451e-07,3.825477234130545e-09
spice,753,C18H13N1O3,35,0.021689641673119677,0.02168933306842511,0.021688524645937235,0.021688518178931727,1.1234941879505384e-06,6.467005516476862e-09
spice,754,C2H8S2,12,0.0013881309487220992,0.001385982592820424,0.0013857378351359274,0.0013857377821769024,2.393166545196955e-06,5.295902680106115e-11
spice,755,C19Cl3F3H9N5O1,40,0.03609829117682912,0.03609422557957281,0.03609192173217041,0.03609191899083697,6.372185992146847e-06,2.741333444862401e-09
spice,756,C16H19N2O9,46,0.028925622452252997,0.028924959590063005,0.02892381458336641,0.02892381123864491,1.8112136080818746e-06,3.344721510798879e-09
spice,757,C16H26N2O2,46,0.03641225605163812,0.03641216883007888,0.03641207102733693,0.036412046652681114,2.0939895700522965e-07,2.437465581828525e-08
spice,758,C10H13N1O3,27,0.025399658668345263,0.02539884674295734,0.025398031135466567,0.025397997329018727,1.661339326533393e-06,3.380644785076186e-08
spice,759,B1C9H19N2O2S1,34,0.0422908008880547,0.042289891450750974,0.04228890470417546,0.042288887914456605,1.912973598094082e-06,1.678971886206667e-08
spice,760,C16H12O7,35,0.02245545135777318,0.02245455734964557,0.02245371605356443,0.02245370618415859,1.745173614595148e-06,9.869405827897698e-09
spice,761,C2F3H1N2,8,0.0022738483221414144,0.0022694464697885046,0.002258905410587916,0.002258858254457856,1.4990067683558486e-05,4.7156130058918385e-08
spice,762,B1C20H18N1O3,43,0.026347828255243302,0.026346351176908315,0.026339695486628307,0.026339682594351828,8.145660891473252e-06,1.2892276469042373e-08
spice,763,C2H5N1O1,9,0.0008063046083067936,0.0008058928558102542,0.0008055095338390178,0.0008055091881174301,7.95420189363511e-07,3.457215895646485e-10
spice,764,C4H13N1O1,19,0.005412892680721896,0.005412863085257619,0.0054128635438400975,0.005412860777396339,3.190332555698283e-08,2.7664437648212743e-09
spice,765,C17F1H12N3O5,38,0.02152386702754398,0.021518587140337577,0.021516638243033685,0.021516637952118202,7.229075425782082e-06,2.9091545352505387e-10
spice,766,B1C13H23N2O3,42,0.034932511779829416,0.03493228419016705,0.03493181695661531,0.0349317930691203,7.187107091118344e-07,2.3887494977718064e-08
spice,767,C20H18N4O1,43,0.0396264396626006,0.03962623636487471,0.0396262275010492,0.039626200442312284,2.3922028830519887e-07,2.7058736954811212e-08
spice,768,C9H9N1O3,22,0.013730949721842706,0.013730829815727385,0.013729853244667965,0.013729847800664441,1.1019211782658819e-06,5.444003524999359e-09
spice,769,C14H22O1,37,0.03566956501426185,0.03566949708003821,0.03566943263235876,0.03566940419983474,1.6081442710653675e-07,2.8432524007417852e-08
spice,770,C18H18N2O1,39,0.03462518201625448,0.03462417985761151,0.034624019105068606,0.03462399961129794,1.182404956535054e-06,1.9493770622393148e-08
spice,771,Br2C8H4S3,17,0.017641316710005312,0.017634733300980636,0.017631779525329908,0.017631769488810792,9.547221194518954e-06,1.0036519124366474e-08
spice,772,C5H5N5O2,17,0.012726815170856913,0.012725777307613635,0.012721958381438808,0.012721942049584954,4.873121271956567e-06,1.6331853849662766e-08
spice,773,C18H23N1O1,43,0.0453640446271692,0.04536387244422093,0.04536352169677653,0.04536347821906357,5.664081056274518e-07,4.347771295660555e-08
spice,774,C17H16N4O3S1,41,0.028341933960065315,0.028341211780240086,0.02834098152644929,0.028340976224470044,9.577355952779393e-07,5.301979254391382e-09
spice,775,C4H13N1O1,19,0.005984681967110294,0.005984545127077558,0.005984542901437888,0.005984540151951346,1.4181515894749483e-07,2.7494865378701246e-09
spice,776,C21F2H21N1O2,47,0.05196796386278641,0.05196528421691327,0.05196413677045282,0.05196413238569203,3.831477094386839e-06,4.384760784983617e-09
spice,777,Br1C19H20N1S1,42,0.03661653354237597,0.036616053771610445,0.036614552781688715,0.03661453345405139,2.0000883245727117e-06,1.932763734666254e-08
spice,778,C14Cl2H16O1Si2,35,0.03550549909061586,0.03550218745421568,0.035501815329743454,0.03550180711147813,3.691979137725509e-06,8.218265312869939e-09
spice,779,C17F3H12N3O3S1,39,0.021607636133642704,0.021606158709830042,0.02160551565000944,0.02160551516885898,2.120964783721464e-06,4.811504546689598e-10
spice,780,C20H23N5O2,50,0.02789051844742299,0.027890210129369025,0.02788979021413139,0.027889788608220403,7.298392025868463e-07,1.6059109824350329e-09
spice,781,C16H11N1O4,32,0.02270735897585044,0.022707301774764953,0.02270715804190531,0.022707137901399884,2.2107445055734297e-07,2.0140505439939158e-08
spice,782,C20F2H19N3O4,48,0.025643316777166428,0.025643049952504077,0.025642733202640478,0.02564273046410926,5.863130571676878e-07,2.738531235120367e-09
spice,783,C20H20N4O3,47,0.031140238239611415,0.031139814650410127,0.031139391752610112,0.03113938650186888,8.517377425305907e-07,5.250741245923375e-09
spice,784,C19H23N7O1,50,0.03435679842985644,0.03435640571001178,0.03435632400783527,0.034356323844374904,4.745854815334451e-07,1.6346036541884714e-10
spice,785,C20Cl1H19N6O2S1,49,0.05032227573764353,0.05032066659830026,0.050320542456487524,0.05032050987892072,1.7658587228092899e-06,3.257756680294762e-08
spice,786,Br1C16H19N4O6,46,0.037534817843493204,0.03753279643516853,0.0375316679466345,0.037531657111721115,3.1607317720842854e-06,1.0834913376864006e-08
spice,787,Br1C18H15N6O3,43,0.031861922377702516,0.031858819181882075,0.031856200028258855,0.031856118574155774,5.803803546745615e-06,8.14541030815294e-08
spice,788,C21H18N4O3S1,47,0.0431655974952514,0.04316489012657958,0.04316412803654028,0.04316410973737316,1.4877578782484638e-06,1.8299167092350508e-08
spice,789,C20F3H20N1O1S1,46,0.03316918224791207,0.033163620527667886,0.03316295423536478,0.033162953920036625,6.228327875440609e-06,3.15328154656188e-10
spice,790,C10H19N3O3,35,0.027085883289904782,0.027085202879273653,0.0270848306056248,0.027084827453790553,1.055836114227425e-06,3.1518342576146384e-09
spice,791,C17H19N2,38,0.022981121403536427,0.022980993690945885,0.022980980185360916,0.02298097990179947,1.4150173695580536e-07,2.8356144232960515e-10
spice,792,C11H20N2O2,35,0.02467663778632471,0.024676209626408423,0.024675948321054672,0.024675920569240412,7.172170842966747e-07,2.7751814265813315e-08
spice,793,H2Na1O1,4,0.0007429608313851001,0.0007421124615416756,0.0007421011019173751,0.0007420586362408925,9.021951442074694e-07,4.246567648546504e-08
spice,794,C15H24O6,45,0.04306215094322148,0.0430608250056358,0.04306029728190032,0.04306020266046125,1.948282760235901e-06,9.462143908634234e-08
spice,795,C21Cl1F1H19N5O2,49,0.04534110020942271,0.04533920674115825,0.04533834884889805,0.04533830952662515,2.7906827975575205e-06,3.932227288774572e-08
spice,796,C6H16O1Si1,24,0.013782859676421483,0.013781608049517904,0.013781514181781765,0.013781503110438213,1.3565659832704566e-06,1.1071343559391739e-08
spice,797,C2H8N1O2P1,14,0.008145069124600791,0.008144212067175355,0.008141628007757471,0.008141621452701092,3.447671899701207e-06,6.555056373541013e-09
spice,798,C18H19N3O1,41,0.03664423389469033,0.03664407107556003,0.0366438028927041,0.03664380215151795,4.317431723795256e-07,7.411861151502725e-10
spice,799,C24F1H20N3O2,50,0.038278778330801136,0.038278197165044284,0.038273155542264195,0.03827315082525212,5.627505549005926e-06,4.717012006452661e-09
spice,800,C18H21N3O1,43,0.04514612876164051,0.04514607517895368,0.04514597888410575,0.045145969740393574,1.590212469336975e-07,9.143712149021047e-09
spice,801,C18H16N2O5,41,0.022734148154663823,0.022734015658923867,0.02273388124829364,0.022733878183836084,2.6997082774323627e-07,3.064457551755999e-09
spice,802,C19H21N3O5S2,50,0.037743211335314004,0.037726176235935945,0.03771904565282009,0.037719015182203955,2.4196153110041227e-05,3.0470616122913486e-08
spice,803,C5H12O3,20,0.009149797058840201,0.00914972914041567,0.009149067818947471,0.009149049807135623,7.472517045793263e-07,1.8011811851615166e-08
spice,804,C17H13N3O4,37,0.03252880328280908,0.03252820308799838,0.032527820267004195,0.03252780378788434,9.994949247336859e-07,1.6479119832114152e-08
spice,805,C11H24N2Si1,38,0.03559543342322514,0.035592123553625434,0.035591765468780914,0.03559164667839829,3.7867448268518046e-06,1.1879038267303137e-07
spice,806,C18Cl1F5H18N6O1,49,0.044326353605401186,0.044325018806454446,0.04432418759189795,0.04432417687746554,2.1767279356398746e-06,1.0714432402612603e-08
spice,807,C10H16N2O7S1,36,0.02129343906196489,0.02129285410540778,0.021291934509186383,0.021291929489368165,1.5095725967235843e-06,5.019818206089081e-09
spice,808,C13H21N6O4,44,0.04454119866703269,0.044540318305449654,0.04453967334121833,0.044539673040799796,1.525626232893602e-06,3.004185119237376e-10
spice,809,C14H30N2O3S1,50,0.03815622970038461,0.03815600494605839,0.03815531533099136,0.03815530358276063,9.261176239787578e-07,1.174823073110359e-08
spice,810,C16Cl1H15N2O3,37,0.042675422365546195,0.04267503932405845,0.042675008505629136,0.042674998191037726,4.2417450846394865e-07,1.0314591415555713e-08
spice,811,C4H12S4,20,0.010352058481693073,0.010351794208447453,0.010350417883328772,0.010350407681773146,1.6507999199257276e-06,1.0201555618204293e-08
spice,812,C8H18,26,0.024493609356230312,0.02449360620044506,0.024493608695249258,0.024493536252441047,7.310378925991928e-08,7.244280821008682e-08
spice,813,C19F3H14N5O1,42,0.036908059881161505,0.03689863879898235,0.036896951076450156,0.036896928585584576,1.1131295576914885e-05,2.2490865540122625e-08
spice,814,Br1C18H18N5O7S1,50,0.04191593310050033,0.04190577194148502,0.04189903577403732,0.04189902913316423,1.6903967336107518e-05,6.640873138185283e-09
spice,815,C11H25N3O3S1,43,0.030151569194705588,0.030150529509928903,0.03015027164010993,0.030150246816426925,1.3223782786656553e-06,2.4823682996370867e-08
spice,816,C10Cl2H7N3,22,0.019115896106163592,0.019114398162946696,0.01911384784404601,0.019113846686784813,2.0494193787762367e-06,1.157261205757022e-09
spice,817,C10H18O4Si1,33,0.017476768894962122,0.01747035129107973,0.0174699792142175,0.017469971885665212,6.797009296905289e-06,7.328552276759522e-09
spice,818,C18H18N1O4S1,42,0.03697909316617646,0.036976895964066704,0.03697612281055392,0.03697610734099144,2.9858251850162385e-06,1.5469562536819037e-08
spice,819,C11H12N2O2,27,0.032871250181592496,0.032870420287059596,0.03287037093012466,0.03287035040270137,8.997788911142655e-07,2.0527423232262676e-08
spice,820,C3H3N1O1,8,0.0017046298730327156,0.0017037096943935538,0.0017019232337167369,0.0017019200977106187,2.7097753220971334e-06,3.1360061150693024e-09
spice,821,C11H21N3O3S2,40,0.02971405575986511,0.029713743687211233,0.02971259289358738,0.029712585510696436,1.4702491686705034e-06,7.382890928459905e-09
spice,822,C2H8,10,0.00015343954932129955,0.00015343543283325955,0.000153434342610197,0.00015343423253380851,5.3167874910581195e-09,1.10076387843315e-10
spice,823,C13F3H16N3O5,40,0.025125962181460702,0.02512126159427322,0.02512117199375439,0.025121160897725564,4.80128373513755e-06,1.1096028820475966e-08
spice,824,C20Cl1H17N4O1,43,0.03996760908450142,0.03996681321270197,0.03996587103498968,0.03996585122280037,1.7578617010432396e-06,1.9812189285519484e-08
spice,825,C22H21N5O2,50,0.030500565514829,0.030500326854608923,0.030499861465269975,0.030499860275343797,7.052394852021567e-07,1.1899261458585518e-09
spice,826,C22F1H15N4O3,45,0.03607662841453957,0.03607591144186386,0.03607533096192725,0.036075330216139956,1.2981983996094065e-06,7.457873161747932e-10
spice,827,C16H24O2,42,0.04605536326714333,0.04605493831013954,0.04605471851253896,0.046054684056020166,6.792111231599909e-07,3.4456518821287355e-08
spice,828,C5H10N2O1S1,19,0.0174704473525283,0.01746901881935061,0.01746732435796546,0.01746725679855844,3.1905539698585032e-06,6.755940701276613e-08
spice,829,Br1I1,2,1.728393583699987e-05,1.727873384019987e-05,1.727873384019987e-05,1.7278733836799866e-05,5.202000200004743e-09,3.3999999966313226e-15
spice,830,C6Cl1F1H5,13,0.005608608512350996,0.0056066347778562335,0.005606629011788923,0.005606625171370721,1.983340980276179e-06,3.840418207799932e-09
spice,831,C20H18N4O1,43,0.03703139903830298,0.03703128428783845,0.037030728934395,0.03703072666225086,6.723760521187287e-07,2.272144139318062e-09
spice,832,C4H6N2O1,13,0.0040423499190996946,0.00404206744982205,0.004041950580148032,0.004041950460229109,3.9945887058650974e-07,1.1991892290046302e-10
spice,833,C19H22N2O4S1,48,0.030074583035578945,0.030069226124214588,0.030066268900274577,0.030066265857570683,8.317178008264686e-06,3.0427039033733305e-09
spice,834,Br1C16H20N4O5,46,0.031778789578085186,0.03177853481129446,0.03177571286077374,0.031775710060323634,3.0795177615496874e-06,2.800450116419706e-09
spice,835,C12H20N4O6,42,0.03622826402672533,0.03622765530236056,0.03622750550582391,0.03622750137592727,7.626507980583371e-07,4.1298966222946745e-09
spice,836,C19H19N1O5,44,0.043209100366681366,0.043208916273403564,0.04320852940150808,0.04320851765400796,5.827126734105019e-07,1.1747500121769726e-08
spice,837,C18F4H15N5O3S1,46,0.04002084929088533,0.0400180217141913,0.0400072944162883,0.040007292586842505,1.3556704042819602e-05,1.829445813259446e-09
spice,838,C4H13N4O1,22,0.007252114307522791,0.007251621206021808,0.007251613103311567,0.0072516119195632145,5.023879595765718e-07,1.1837483505516299e-09
spice,839,C20H18N2O4,44,0.03430477943898451,0.03430437056803057,0.03430397699011613,0.034303964650690424,8.147882940861037e-07,1.2339425676903116e-08
spice,840,C4H12O1S2,19,0.007039459185448281,0.00703820564877055,0.007037761803355982,0.007037760119247828,1.6990662004533862e-06,1.6841081621671606e-09
spice,841,C16H18N2O2,38,0.029251686650600482,0.02925156502144437,0.029250527244427053,0.029250504953631854,1.1816969686316997e-06,2.2290795199109456e-08
spice,842,C21H20N4O1,46,0.03958284774925527,0.03958276984058119,0.03958251716535353,0.03958250842525751,3.3932399777300443e-07,8.740096021143923e-09
spice,843,C12F3H14N1O1,31,0.022365066956003574,0.022361837830278546,0.022354319490482284,0.02235431510827052,1.0751847733060371e-05,4.382211783077954e-09
spice,844,C6F10O3,19,0.010775108269464201,0.010770290673291653,0.010756433784375675,0.010756427155842456,1.8681113621743358e-05,6.628533228719164e-09
spice,845,C17H26O2,45,0.03095132614736088,0.030951062681124242,0.03095074572846409,0.03095074219722314,5.83950137735494e-07,3.531240958691986e-09
spice,846,C8Cl4H8O2S1Si1,24,0.027389911678993253,0.027387550646123932,0.027383691608544702,0.027383677912493576,6.233766499678278e-06,1.3696051138441233e-08
spice,847,C13F1H9O2,25,0.013225221737351894,0.013221732367725465,0.013219613401233812,0.013219606458719809,5.615278632082474e-06,6.94251399660156e-09
spice,848,C14Cl2H29N1O2,48,0.02892795771038701,0.028927307140643014,0.02892703630277038,0.028927013499093858,9.442112931539715e-07,2.2803676522502027e-08
spice,849,C16H14N2S2,34,0.017747815816613402,0.01774702110718186,0.017746672889870755,0.017746671408679693,1.1444079337090425e-06,1.4811910605265603e-09
spice,850,C20Cl3H13N2O1S1,40,0.035859393952252204,0.03585864048469588,0.03585848363578788,0.03585847383389912,9.201183530868778e-07,9.801888740726275e-09
spice,851,C11H15N3O5,34,0.017149720300210086,0.017149163450066854,0.01714825353411094,0.017148243885875717,1.4764143343631659e-06,9.648235236081819e-09
spice,852,Br1C18H21N2O1S2,45,0.038668795507898805,0.03866309169374592,0.0386593381049005,0.03865932607085399,9.469437044814913e-06,1.2034046520483672e-08
spice,853,C22H20N2O2,46,0.03300551892450629,0.0330054467196644,0.0330053850761506,0.033005375300717635,1.4362378865732625e-07,9.775432943637381e-09
spice,854,C14H27N5O4,50,0.05626728287717862,0.056267214173784004,0.056266024790641786,0.05626600170871186,1.2811684667706065e-06,2.3081929955770866e-08
spice,855,C20H22N2,44,0.03842479636401712,0.0384246600131848,0.038424518446278276,0.038424508703386456,2.8766063065598057e-07,9.742891830190175e-09
spice,856,C14H24N5O3S1,47,0.043833963403538664,0.04383377146499973,0.04383302616933481,0.04383300383770125,9.595658374139066e-07,2.2331633537898883e-08
spice,857,Br1C21H19N4O3,48,0.0511610067642299,0.051159697435196924,0.05115935169780303,0.051159349766950954,1.6569972789519147e-06,1.930852055210103e-09
spice,858,C5H14N2,21,0.014965327295189927,0.014965124632438874,0.014965104908052142,0.01496509818054509,2.291146448345262e-07,6.727507059495388e-09
spice,859,C19H23N5,47,0.038720296253097614,0.038720020136975404,0.03871999685712593,0.03871999520626009,3.010468375151641e-07,1.6508658327822304e-09
spice,860,C13Cl1H16N3O3,36,0.023667500936498307,0.02366682506755291,0.023666590757533877,0.02366657730055847,9.236359398336269e-07,1.3456975400578407e-08
spice,861,C3H12N3O1,19,0.008119864208866899,0.008119837362154282,0.008119575622373388,0.008119561288646911,3.029202199890842e-07,1.433372647563129e-08
spice,862,C19F1H19N4O2,45,0.030999281893597325,0.030996329179009463,0.030994709852028516,0.0309947081041682,4.573789429125539e-06,1.7478602876138094e-09
spice,863,C20H21N5O3,49,0.038327028106162356,0.0383269469500483,0.03832593608736339,0.038325925158473245,1.1029476891003835e-06,1.0928890134416617e-08
spice,864,C20H20I1N1O4,46,0.030667913423017574,0.0306668393226113,0.030666151504020085,0.030666145642192402,1.7677808251667787e-06,5.8618276574632796e-09
spice,865,C18H24N4O3,49,0.03543836130466391,0.035437760884625136,0.03543675424173762,0.035436750958562004,1.6103461019078244e-06,3.283175602792831e-09
spice,866,C10H15N3O8S1,37,0.038635410192011534,0.03863307422486749,0.03862295996661352,0.038622935205662116,1.2474986349407035e-05,2.4760951400427567e-08
spice,867,C17H16O5S1,39,0.028167549897720773,0.0281669120521114,0.028165553516461342,0.02816552853120645,2.0213665143204157e-06,2.4985254875414613e-08
spice,868,C25F1H17N2O4,49,0.040859401293746954,0.040857910713662834,0.04085713396540032,0.04085712631267457,2.274981072384488e-06,7.652725749940296e-09
spice,869,C18H16N4O2,40,0.030279643756773396,0.030279625932141268,0.03027931116964326,0.030279301462321242,3.422944521552861e-07,9.707321996762182e-09
spice,870,C4F6N4,14,0.006510647832926089,0.006503483484800324,0.006494953558576154,0.006494940741340676,1.5707091585414895e-05,1.2817235483438316e-08
spice,871,C4H4N1O6P1,16,0.015458768813456078,0.015450667160169353,0.015448637115337543,0.015448631863943879,1.013694951219805e-05,5.251393629355777e-09
spice,872,C19Cl2F3H18N1O4S1,48,0.05380271491634757,0.05379259109742145,0.053764120157579906,0.0537641111962576,3.860372008996608e-05,8.961322337036613e-09
spice,873,C18H22N1,41,0.05648290779893008,0.05648278908711182,0.05648268875127855,0.05648261923399413,2.8856493595292746e-07,6.951728443568917e-08
spice,874,C25H19N3O1,48,0.0277694394684197,0.027769202262904406,0.027768901590162882,0.0277689002271922,5.392412275002248e-07,1.3629707134279528e-09
spice,875,C16H19N3O1S2,41,0.05430003287585836,0.05429708827922657,0.0542956854696849,0.05429565874788516,4.374127973210873e-06,2.672179975110371e-08
spice,876,C12H12N4O3S2,33,0.028889596296279296,0.028887300980759867,0.028884693760818883,0.028884677624538224,4.918671741072193e-06,1.613628066130041e-08
spice,877,C9H10O4,23,0.013684914479417996,0.01368469116202934,0.01368344010373593,0.01368343627701028,1.4782024077151989e-06,3.826725654676524e-09
spice,878,C18H16N2O3,39,0.028294194537580013,0.02829363335779214,0.02829343251864665,0.028293428610920428,7.659266595804028e-07,3.907726221799501e-09
spice,879,C13H10N4O4S2,33,0.020366557054197994,0.020365505324690048,0.02036544805994143,0.020365446177924313,1.1108762736836132e-06,1.8820171097391745e-09
spice,880,C10H7N5O1,23,0.01557092984896042,0.015570707280072371,0.015570038652969125,0.01557003691834507,8.929306153475009e-07,1.7346240741822687e-09
spice,881,C7H15N1O1,24,0.0158289086679395,0.015828605226623514,0.015827912901215133,0.015827897708915493,1.0109590240102618e-06,1.5192299642690938e-08
spice,882,C18H21N2O2P1,44,0.03121261374486499,0.03121161784966779,0.0312108445641671,0.03121083868458576,1.7750602792317958e-06,5.879581347458499e-09
spice,883,C15F3H10N3O1,32,0.021588683861764622,0.021587942533281883,0.0215853225637581,0.02158530964511652,3.3742166481024707e-06,1.2918641583768124e-08
spice,884,C22H25P1Si1,49,0.05646755940815157,0.05646699164214136,0.05646683006755155,0.05646677048274866,7.88925402909152e-07,5.9584802866118827e-08
spice,885,C19H17N1O2,39,0.03234225279206843,0.032341801266372226,0.03234179454064723,0.03234178421624599,4.6857582243774966e-07,1.0324401232604504e-08
spice,886,B1C7F2H14N1O4,29,0.043452765453708596,0.04344923161265942,0.043439154339750825,0.0434388359303102,1.3929523398394407e-05,3.184094405971683e-07
spice,887,C2H6Li1O1,10,0.003907556523314803,0.0039060560451939347,0.0039060560519724153,0.0039060538623769637,1.5026609378392425e-06,2.1895954541545016e-09
spice,888,C14Cl1H11O3,29,0.019366504179350194,0.019365598465922423,0.019365129064300386,0.019365123605619077,1.38057373111455e-06,5.458681299878552e-09
spice,889,C2Cl2H5,9,0.002405139932891297,0.0024051154894641187,0.0024051172330923614,0.0024051134614809394,2.647141035729204e-08,3.771611420891649e-09
spice,890,C22H24O4,50,0.03055917654096113,0.030558296388754482,0.03055735878237488,0.030557356906501916,1.8196344592216034e-06,1.8758729776677408e-09
spice,891,H4O2,6,8.259013099260108e-05,8.253647663463443e-05,8.252891776735931e-05,8.252736031618785e-05,6.277067641323008e-08,1.5574511721850252e-09
spice,892,C19H24N4O3,50,0.04446324331363021,0.04446231205223068,0.04446066061062115,0.04446063641618539,2.6068974448314188e-06,2.4194435777221356e-08
spice,893,F1H2O1,4,2.614198037639994e-05,2.613529124007468e-05,2.6135806592425754e-05,2.6134790250695666e-05,7.190125704273612e-09,1.0163417301341872e-09
spice,894,C13H20O1,34,0.04047060501588116,0.040470587283487236,0.04047019951911875,0.040470196813806134,4.082020750392053e-07,2.7053126179760567e-09
spice,895,Br1C20Cl1H20N4O2,48,0.04180778850767738,0.04180418163832379,0.041799614241257985,0.04179961204425395,8.17646342342844e-06,2.1970040451868104e-09
spice,896,Br1C16H10N5O2,34,0.01917655386625828,0.019172637328682476,0.019172063110827,0.019172054579920432,4.499286337839204e-06,8.530906552995962e-09
spice,897,C16H12O2,30,0.0309160206975321,0.03091558568104582,0.03091549708570521,0.03091548676986416,5.339276679422356e-07,1.0315841054939424e-08
spice,898,C1H3O3,7,0.00034816983370140284,0.0003478483802953207,0.0003475316347647373,0.0003475222658625483,6.475678388546122e-07,9.368902189614324e-09
spice,899,Br1C17H16N1O1S1,37,0.03221872309544337,0.03221859641247363,0.032217212461865936,0.032217208574922905,1.5145205204637312e-06,3.886943050556489e-09
spice,900,C19Cl1H24N5O1,50,0.050002336324610513,0.0500019406075327,0.05000176845801292,0.050001761659551,5.746650595148707e-07,6.798461921276837e-09
spice,901,C22F1H19N2O5S1,50,0.053772479847317214,0.05376839063414265,0.0537670285741933,0.053767023540019186,5.45630729802531e-06,5.034174134448739e-09
spice,902,C16H19N7O1,43,0.04579184223755796,0.045791678882995006,0.04579142143845739,0.045791419035536594,4.232020213502283e-07,2.402920782170282e-09
spice,903,B1C2Cl1F1H6N1,12,0.006381964028574391,0.0063817652897783855,0.006380641548543339,0.006380628192538948,1.335836035443351e-06,1.3356004389539056e-08
spice,904,C4H11O2S1,18,0.015306479519320227,0.015305543342685891,0.01530308737623513,0.015302962438474276,3.5170808459514167e-06,1.2493776088163886e-07
spice,905,C8H11N3O5S1,28,0.021114748228971233,0.021114488338005003,0.021113747571829544,0.021113744353385176,1.0038755860601607e-06,3.2184444105698897e-09
spice,906,C13H10N10O4,37,0.024313021527285605,0.02431233894785009,0.02431179811711128,0.024311791852362593,1.2296749230111476e-06,6.264748698692081e-09
spice,907,B1C10H20N1,32,0.03701327157681456,0.03701295061660759,0.03701307370712616,0.03701292612734285,3.4544947170817873e-07,1.4757978329786478e-07
spice,908,C15H15N3O1,34,0.027292999848799702,0.02729247992831206,0.02729240588058176,0.027292388646927655,6.112018720580885e-07,1.7233654079982733e-08
spice,909,C18H20N3O1,42,0.027293554737158988,0.027292912031266752,0.027292712752376016,0.027292707057375444,8.476797835444384e-07,5.695000566870088e-09
spice,910,C19Cl2H23N5,49,0.048749236880888475,0.04874820757892022,0.04874774074868493,0.04874772123449124,1.5156463972466842e-06,1.951419370647324e-08
spice,911,C13H15N1O1S3,33,0.050077024204425516,0.05007635262440087,0.050076336897181814,0.05007626442165729,7.597827682281892e-07,7.247552451053185e-08
spice,912,C21H26O3,50,0.06321361099283435,0.06321350404619581,0.06321291784875903,0.06321286922983967,7.417629947016249e-07,4.861891942184149e-08
spice,913,C11Cl1H12I1N5,30,0.024042269412573217,0.024041599233196185,0.02404117957208414,0.024041154327747307,1.1150848259084187e-06,2.5244336842991653e-08
spice,914,C17H26N2O4S1,50,0.040417307538720276,0.04041609076703329,0.04041492147260081,0.04041491630753,2.3912311902844497e-06,5.16507082134697e-09
spice,915,C16H11N3O2,32,0.020695255468797694,0.02069497051299924,0.02069475760264914,0.020694755830763245,4.996380344494325e-07,1.7718859046473707e-09
spice,916,C19H20O6,45,0.041721012171402394,0.04172044267258764,0.04172000528957237,0.041719982053752935,1.0301176494563035e-06,2.3235819352903617e-08
spice,917,C24H16N2O6,48,0.03714123633933541,0.03714101845563426,0.03714020328862734,0.03714019905142711,1.0372879082975902e-06,4.237200226776278e-09
spice,918,C4Cl2H2O2S1,11,0.011796518361250345,0.011784493382515948,0.011771591417785748,0.011771587663335182,2.4930697915161163e-05,3.754450570231481e-09
spice,919,C22Cl1H20N1O3S2,49,0.05074357736323303,0.05073741487610538,0.05072037345583297,0.05072036924329444,2.320811993860041e-05,4.212538528888553e-09
spice,920,C14H22N3O5P1,45,0.08190458761706841,0.08190331399664673,0.08190028095158539,0.08190019971241225,4.387904656150979e-06,8.123917313422796e-08
spice,921,C3Cl1H4,8,0.0008654639482923015,0.0008654638147242509,0.0008654634484463154,0.0008654629387304864,1.009561815273329e-09,5.097158302685039e-10
spice,922,C2H6K1O2,11,0.0031203100177111054,0.0031183690640051876,0.0031175704202053966,0.0031175661231702917,2.743894540813436e-06,4.297035105367168e-09
spice,923,C2H7N1O2,12,0.005137226422105495,0.005136732499123268,0.005136701367702996,0.005136698246820164,5.281752853308268e-07,3.12088282926266e-09
spice,924,B1C8H18N3O3,33,0.02805284936719216,0.02805149276321135,0.028049835241281896,0.02804982912446176,3.020242730397472e-06,6.11682012828473e-09
spice,925,C19H20N6O2,47,0.03658602119126728,0.036584798497765164,0.036584445885835565,0.036584437416720406,1.5837745468745338e-06,8.46911518560916e-09
spice,926,C6H12O2S1,21,0.01932717359003542,0.019326364478870924,0.019325900023500757,0.01932588383258059,1.2897574548303262e-06,1.6190920174813303e-08
spice,927,C6Cl2F8,16,0.017823733997796697,0.017790150092157703,0.01776507584207541,0.017765059417183433,5.86745806132633e-05,1.642489196602283e-08
spice,928,C16F3H13N2O2S2,38,0.02368740861302651,0.023675816706635402,0.023657695537369676,0.02365769202569069,2.9716587335819745e-05,3.5116789748284743e-09
spice,929,C4H14N2,20,0.006473379977009195,0.0064733602953471565,0.006473330539605041,0.006473323420995203,5.655601399265896e-08,7.118609835440859e-09
spice,930,B1C8H9O3,21,0.010719408494586679,0.010718827975207075,0.010715116868684671,0.010715098036824938,4.3104577617430224e-06,1.883185973685074e-08
spice,931,C14H22N2O4Si1,43,0.04557887792176357,0.04557797310797836,0.04557676176237606,0.045576753724953616,2.1241968099614083e-06,8.037422458507325e-09
spice,932,C21F3H18N5O2S1,50,0.048568021493888364,0.04855772783749955,0.048547072870000284,0.048547070072989335,2.0951420899033447e-05,2.797010931287654e-09
spice,933,C19H20N4O4S2,49,0.0509506200774487,0.05094977180133879,0.05094798627997419,0.05094798371105301,2.6363663956851582e-06,2.568921177451788e-09
spice,934,C7H14N4O1,26,0.0198927260723596,0.019892233469441103,0.019892197122153725,0.01989219507043597,5.310019236269455e-07,2.0517177776340096e-09
spice,935,C3H8O3S1,15,0.005147293630176172,0.005144478621559848,0.00514432100735602,0.005144285423887003,3.0082062891694474e-06,3.558346901377157e-08
spice,936,C18H14N6O3,41,0.027727069418470314,0.027725357610254537,0.027723962940928028,0.027723960349205053,3.1090692652556623e-06,2.5917230017848576e-09
spice,937,B1C15F1H15N1O3,36,0.025289736635196267,0.025286369195038714,0.025285866527471647,0.02528585883796183,3.877797234430779e-06,7.689509838181369e-09
spice,938,C8Cl6H6,20,0.03422784834115605,0.03422338349912023,0.034222258796734434,0.034222228060571305,5.62028058475025e-06,3.073616314335692e-08
spice,939,C8H16O4,28,0.013554581860485004,0.01355428129478587,0.013553400720108282,0.013553386627968653,1.195232516351174e-06,1.4092139616832281e-08
spice,940,C15H14N4,33,0.030326854324707806,0.03032673986534822,0.03032662989627593,0.030326628716182896,2.256085249107654e-07,1.1800930844311884e-09
spice,941,C15H13N3O2S1,34,0.02394336958959029,0.023942476720900725,0.02394223572611679,0.023942233022191107,1.136567399189384e-06,2.7039257233826217e-09
spice,942,C10H20,30,0.013893056305258703,0.013893040843457948,0.013892956508624248,0.013892955511024352,1.0079423435095329e-07,9.975999067740671e-10
spice,943,C20H21N3O1,45,0.050905963811942984,0.050905023598460594,0.05090486751051079,0.050904842579959,1.121231983985717e-06,2.4930551781642473e-08
spice,944,C20Cl2H16N8O2,48,0.051281681723936795,0.051279380997819486,0.05127757882069227,0.0512773677229032,4.314001033587867e-06,2.1109778901825454e-07
spice,945,C4H10O1,15,0.004123394212192902,0.004123360102269983,0.004123353024441835,0.00412333837464447,5.583754843190812e-08,1.464979736272493e-08
spice,946,C8F4N2,14,0.010284918290844634,0.010284639977070515,0.010277964933374961,0.010277946364555127,6.9719262895070365e-06,1.8568819859001683e-08
spice,947,C10H19N1O2,32,0.025514234041206008,0.025513388470852987,0.025513011818006394,0.025513003310667064,1.2307305389444588e-06,8.507339330977757e-09
spice,948,C14H21N7O3,45,0.0389363473577896,0.03893602648938298,0.03893600062491204,0.03893597932689809,3.6803089151059765e-07,2.129801394729606e-08
spice,949,C15H11N3O4,33,0.02633849919358519,0.026337285436526994,0.026336857340142208,0.026336851485337685,1.6477082475068318e-06,5.854804527405659e-09
spice,950,C4H12O1S2,19,0.010703135724532308,0.010702576365459852,0.010702259543484721,0.010702202150741332,9.335737909747835e-07,5.7392743381822035e-08
spice,951,C17H14N4O3S2,40,0.03485713737457116,0.0348548106030446,0.03485413557406823,0.034854125841561424,3.0115330097400998e-06,9.732506757115776e-09
spice,952,C2H8S2,12,0.0014357827235211942,0.0014350024504422253,0.0014342487872076814,0.0014342471479002234,1.5355756209706932e-06,1.6393074593430896e-09
spice,953,C13H17N2,32,0.027045173202488483,0.02704479495958399,0.027044787809959673,0.027044772471590615,4.0073089787031485e-07,1.533836906954054e-08
spice,954,C16H18N6O2S2,44,0.025853841741951763,0.02584523816269434,0.025829249174300788,0.02582924523619718,2.459650575458214e-05,3.938103588310393e-09
spice,955,C8H20O2,30,0.009980123932347313,0.009979856248412109,0.009979509869163378,0.009979508377061538,6.155552857745668e-07,1.4921018451591676e-09
spice,956,C7H19N3O5Si1,35,0.02764541452668519,0.027643530881332853,0.02764290135081359,0.027642874965855012,2.53956083017623e-06,2.6384958574961608e-08
spice,957,C12H20N2O9,43,0.026502954288596885,0.026502502228192316,0.02650037819509942,0.02650037431502881,2.579973568076072e-06,3.8800706025599635e-09
spice,958,C3H8O4,15,0.007695786156135094,0.007695509153883055,0.0076945460922130905,0.007694523372915457,1.262783219636491e-06,2.2719297637547944e-08
spice,959,C20H20N8O2,50,0.02634579106500205,0.026345764077979086,0.026345501088680327,0.02634549477270824,2.962922938019296e-07,6.3159721297804644e-09
spice,960,H4S4,8,0.0009648668579712999,0.0009593684074369509,0.0009568802168942804,0.0009568710353034883,7.995822667811681e-06,9.181590792208446e-09
spice,961,C15H26N5O3,49,0.0385283131545813,0.0385282842496769,0.038528230364250154,0.03852822745652059,8.569806070530971e-08,2.907729554161518e-09
spice,962,C14H15N3O3S1,36,0.02668324137503301,0.02668201781699006,0.026681633787636373,0.026681622052883422,1.6193221495892407e-06,1.1734752946190701e-08
spice,963,C22H17N3O1S1,44,0.03391096430605688,0.03391052438213307,0.03391017980543278,0.03391016841592694,7.95890129938714e-07,1.1389505773991398e-08
spice,964,C17Cl1H20O4S2,44,0.04499165044471073,0.04498910297844841,0.04498806978953201,0.04498806151921993,3.5889254907973206e-06,8.27031206274444e-09
spice,965,C15H21N1O3,40,0.04092826142671675,0.04092731046294938,0.04092701544797121,0.040926946055059706,1.3153716570532192e-06,6.939291146426598e-08
spice,966,C20H16N4,40,0.038238869527937265,0.0382386843717019,0.038238678163808125,0.038238676916603535,1.9261133373293604e-07,1.247204609778439e-09
spice,967,C15H22O7,44,0.05249943447053919,0.05249941773643369,0.052498876381385944,0.052498861769313815,5.727012253749545e-07,1.461207213369335e-08
spice,968,C8H15N3S3,29,0.03424546975777912,0.034244971266284195,0.03424494226413237,0.03424490871380523,5.610439738896994e-07,3.3550327135533564e-08
spice,969,H4O2,6,8.842069814859956e-05,8.84127056327666e-05,8.840389621338416e-05,8.840257864342262e-05,1.8119505176903645e-08,1.3175699624061146e-09
spice,970,C19H13N1O2S1,36,0.0146737223316299,0.014672442987243718,0.014672011240974182,0.0146720108740794,1.7114575505010628e-06,3.668947797256082e-10
spice,971,C16H16N2O3S1,38,0.03435059275720089,0.03435046435248458,0.03434813940838331,0.034348120358822544,2.4723983783511465e-06,1.904956075421823e-08
spice,972,C16H24N4O2S2,48,0.05041705234896869,0.050416220537906446,0.0504160265337467,0.050415999387976446,1.0529609922495425e-06,2.7145770255185745e-08
spice,973,C18F1H19N2O3S1,44,0.0366400914233485,0.036639062537707615,0.03663704832422886,0.03663704650907318,3.044914275320453e-06,1.81515560838042e-09
spice,974,C21F2H18N2O2S1,46,0.05481985371760854,0.054817948038444135,0.054816976208347655,0.05481697259020091,2.8811274076288223e-06,3.6181467756611305e-09
spice,975,C11H22N2O1S1,37,0.05205252671782672,0.05205181402580823,0.05205164239993039,0.05205160344434745,9.232734792823588e-07,3.8955582962270947e-08
spice,976,C8Cl1F3H4N2O2S1,21,0.01984770845982498,0.019821987257408115,0.019785315226794838,0.019785306039686656,6.240242013831948e-05,9.187108158506898e-09
spice,977,C19H18N6O7,50,0.046525099968261874,0.046523814850239945,0.0465220335823513,0.046522033367705884,3.066600555978276e-06,2.1464540320886483e-10
spice,978,C13Cl2H15N1O3,34,0.02108391385675249,0.02108144848725936,0.02108092144933942,0.021080920883790617,2.99297296187887e-06,5.655488133971952e-10
spice,979,C3H3N5S1,12,0.008142565473213648,0.008140776832944091,0.008140783284421046,0.008140758827945713,1.8066452679373086e-06,2.4456475318737634e-08
spice,980,C2H2O4S2,10,0.007602189909757686,0.007557716322168565,0.007556645797457864,0.00755661099039457,4.55789193631159e-05,3.480706330816394e-08
spice,981,C13H25N1O6Si1,46,0.030932422205783155,0.030931755632505636,0.030929893181466835,0.030929877740731002,2.5444650521513493e-06,1.5440735849900406e-08
spice,982,C14H12N3O3S1,33,0.019506832388667322,0.01950584594656121,0.019505064513972523,0.01950505389370915,1.7784949581733412e-06,1.0620263347298032e-08
spice,983,C6H11N2O1,20,0.005648029845970727,0.005647945390977126,0.005647726218604972,0.005647724442733217,3.0540323751031963e-07,1.775871760077561e-09
spice,984,C15Cl1H15N4O1,36,0.02694314357403465,0.02694203298162019,0.026941644064764604,0.026941609796118034,1.533777916608602e-06,3.426864659930768e-08
spice,985,C19H19N7O1,46,0.053061056612131854,0.05306067274093578,0.0530602376375578,0.05306017981921925,8.767929125977508e-07,5.781833849108927e-08
spice,986,C22F3H15N6O4,50,0.03484282433997033,0.034841953044261006,0.03483890547477916,0.03483890016890674,3.9241710635906134e-06,5.305872461284014e-09
spice,987,C10F6H8O1S1,26,0.027393340839312406,0.027380087970357767,0.027369526762834027,0.027369355213235084,2.3985626077315586e-05,1.7154959892954727e-07
spice,988,C8H13N1O2,24,0.020685119649557875,0.020684894493382518,0.020684640386491853,0.02068458536576889,5.342837889874907e-07,5.5020722957499594e-08
spice,989,C18H28N2,48,0.04633265919453997,0.04633263727176536,0.046332523315546985,0.04633251529240501,1.4390213496977106e-07,8.023141967211162e-09
spice,990,C16H19N1O2S1,39,0.05223413557726982,0.052233413864083866,0.052233179416485975,0.052233088127912476,1.0474493573560085e-06,9.128857351739743e-08
spice,991,C11H21N3O4,39,0.027332548164844993,0.027330808573110304,0.027330638069207856,0.027330629136053258,1.9190287917383215e-06,8.93315461179067e-09
spice,992,C19Cl1H20N5S1,46,0.049098063687555406,0.049097539295258195,0.049097075687626154,0.049097072274345815,9.914132095857696e-07,3.4132803152192027e-09
spice,993,C20H22N6O1,49,0.04018854410495536,0.04018830906717735,0.040187369600918156,0.04018735948087261,1.1846240827484126e-06,1.0120045615700082e-08
spice,994,C19H18N2O3,42,0.027680005921968495,0.027679384230696578,0.02767889719736582,0.027678888723506136,1.1171984623594429e-06,8.473859695830543e-09
spice,995,C20H16N8O2,46,0.02332245181576676,0.02332186326070824,0.023320594031273952,0.023320590872190895,1.8609435758661768e-06,3.1590830525790465e-09
spice,996,C12H8N6,26,0.019922231679164768,0.019921883631287357,0.01992156177228887,0.019921556429326488,6.752498382772004e-07,5.342962375295687e-09
spice,997,C18F2H12N6O2,40,0.02628093494910957,0.02627965533352064,0.02627955702461875,0.02627955318291257,1.381766197003942e-06,3.84170620274508e-09
