dataset,index,formula,fold,rmse_mev_A,squared_discrepancy,worst_decile
aimnet2,0,C12H15N4O2,2,4.641469628506517,0.0021327807909224945,False
aimnet2,1,C9H10N2O3S2,2,5.6653298307218325,0.0025034850430876,False
aimnet2,2,C2H5N1O3S1,1,5.6036839152139635,0.001130445843178597,False
aimnet2,3,C10H12N2O5,0,5.143865863402003,0.0023019639737985017,False
aimnet2,4,C5H10N2O3S1,0,7.149217740706561,0.0032200128011541066,True
aimnet2,5,C6H9N2O5,0,5.439719759163739,0.001952976369843603,False
aimnet2,6,C4F1H11N1O1,1,4.345539146363728,0.0010197203655192984,False
aimnet2,7,C3H7N4S1,2,3.7542028517868387,0.0006342317573563996,False
aimnet2,8,C9H12N3O4,3,4.929472086452251,0.0020411743842934007,False
aimnet2,9,C6Cl1H6N1O1,2,3.8875063560782626,0.0006800717550847001,False
aimnet2,10,C6Cl2H5O2P1,0,6.398544562257079,0.0019651858807291024,False
aimnet2,11,C1H6O5P1,0,6.656336776277025,0.001727965951889503,True
aimnet2,12,C8H11N1,1,4.506034774098695,0.0012182609631232006,False
aimnet2,13,C2Cl2S1,1,6.387812734054825,0.0006120622728802947,False
aimnet2,14,C11H17N1O3S1,2,4.233355391557056,0.0017742084892512938,False
aimnet2,15,C3Cl1H4N1O1,4,3.5042331151965316,0.00036838949176919963,False
aimnet2,16,C8H9N3O1,0,4.819517226980361,0.0014633480169731097,False
aimnet2,17,C2H10P4,4,5.813397575203078,0.0016221883856340977,False
aimnet2,18,C5H11N2O2S1,4,4.361471400279084,0.0011984132648535013,False
aimnet2,19,C6H11N1O1S1,0,6.506677957213897,0.002540211482333593,True
aimnet2,20,C5H8N2O1,2,3.2350576337504755,0.000502348698896987,False
aimnet2,21,C6H13N2O1,4,5.239777289699434,0.0018120475590128972,False
aimnet2,22,C7H5I1N2O1,1,3.580951932872572,0.0006155144037861028,False
aimnet2,23,C11Cl2H8N2O2S1,1,3.9457223146766367,0.0012143605175938983,False
aimnet2,24,C9F1H9N2O3S1,2,4.544601987252135,0.0015490055416902048,False
aimnet2,25,C8F1H17N5O4,3,4.903337038412282,0.0025244849817879014,False
aimnet2,26,C3H5N7,2,4.439448276222066,0.0008868915448762986,False
aimnet2,27,C4F3H1N3O1,2,7.288646874150319,0.0019124774372182036,True
aimnet2,28,C4H2O6,1,3.759276970878166,0.0005087578803758972,False
aimnet2,29,C7H13S2,4,3.4262514844121315,0.000774787149472798,False
aimnet2,30,Br1C10H16O3P1,3,5.78213117545946,0.003109272806510478,False
aimnet2,31,B1C2H7N3,3,4.733173065892852,0.0008737141635960483,False
aimnet2,32,C10H16N6,2,3.9024143034298047,0.0014619683899788987,False
aimnet2,33,C6H11N3O3,2,3.992898276276959,0.0011000833284839902,False
aimnet2,34,B1H5N1O2P1,1,6.930119152633194,0.0014407965440908022,True
aimnet2,35,C13H17N3O1S1,4,4.040521204374735,0.0017142102183151954,False
aimnet2,36,C9F5H3N1S5,4,9.094206287079185,0.005706616571444591,True
aimnet2,37,C8H15N1O4P1S2,2,4.986891642231255,0.0023128252073761025,False
aimnet2,38,C3F1H6N1S1,2,5.553239554801647,0.0011101849039084895,False
aimnet2,39,C8H12N4O1,2,4.606671655780562,0.0015916067808129013,False
aimnet2,40,C10H9N4O4,4,4.930449521681873,0.0019690559313540936,False
aimnet2,41,C5H10N1O1,2,3.870575788764079,0.0007640492037649002,False
aimnet2,42,C8H4N8O2S4,0,4.596855891892515,0.0016482245590845005,False
aimnet2,43,C3H5O2S1,3,3.201836215132865,0.00033830791990169956,False
aimnet2,44,C6H5N3,0,3.737773439083626,0.0005867799118405996,False
aimnet2,45,C8H11N2S1,1,4.473472627099056,0.0013207891847966996,False
aimnet2,46,C12H10N2O4,1,3.517507085998884,0.0010393199124043985,False
aimnet2,47,H1N2O3P1,3,5.229171290879388,0.0005742288801765012,False
aimnet2,48,C1Cl1H9Si3,2,4.97398699737085,0.0010391029593006,False
aimnet2,49,C6H10O1S1,4,3.829575740631747,0.0007919451190747006,False
aimnet2,50,C8H7N1O3,3,3.98388043350732,0.0009046642885835009,False
aimnet2,51,C15H24,1,3.7273559396673517,0.001625502329213898,False
aimnet2,52,C11H19I1N5O2,4,4.319150236792237,0.0021266766995499974,False
aimnet2,53,C1H8N2P2,2,4.668000802290763,0.0008498190281173008,False
aimnet2,54,C9H10N3,4,3.685275949506458,0.000896363082384708,False
aimnet2,55,C1H2N3O1S1,0,5.210670016573763,0.0006516259685188997,False
aimnet2,56,C4Cl1H6N2,3,3.65446144002936,0.0005208484482497972,False
aimnet2,57,C4H2I2S1,3,5.1857590503737585,0.0007260866170704003,False
aimnet2,58,C4F2H1N3O2S1,4,6.406297655148533,0.0016005853362081018,False
aimnet2,59,C3Cl1H6N2,2,5.37551914311956,0.0010402634180896146,False
aimnet2,60,C3H6N2S1,0,5.211049630369606,0.0009775813770063076,False
aimnet2,61,Br1C3F3H2O3S1,3,7.650522864267838,0.0022826895037707136,True
aimnet2,62,C10H13N6O2S1,0,4.196561012300357,0.0016906679356761024,False
aimnet2,63,C7H13N2,0,4.420118965573349,0.0012894718102082,False
aimnet2,64,C3H4I1P1S1,3,6.494348323985759,0.001265296804597699,False
aimnet2,65,C5H7N1O2,2,3.9390772994440644,0.0006982348486947993,False
aimnet2,66,C15H23N2,2,4.481120083193119,0.0024096524639996043,False
aimnet2,67,C2F1H1O1,2,6.773726471654996,0.0006882505546919945,True
aimnet2,68,C4H11N5O2,3,5.341092757105888,0.001882799941440592,False
aimnet2,69,C6H9N1O1,4,3.704599395521486,0.0006999268907462062,False
aimnet2,70,C11Cl1H21N7,1,4.652055590885158,0.002596994546482303,False
aimnet2,71,C11H16O2,1,5.304255755890414,0.0024477562337790024,False
aimnet2,72,C1H11N3O8P1Si1,0,8.156351635662935,0.004989455400343607,True
aimnet2,73,Br1C9F2H12N2O3S2,4,4.742243826539347,0.0020914655154626017,False
aimnet2,74,C11H18N2O2,1,4.945819382634022,0.0024216518071982,False
aimnet2,75,C2Cl1H5O1P1S1,2,4.952866330426834,0.0008095192012735003,False
aimnet2,76,C8H11N1O2,1,3.347565179608044,0.0007396087136937996,False
aimnet2,77,Br1C7Cl2H4N1,2,3.1971915986899075,0.0004599915353429996,False
aimnet2,78,C9H20N4,2,3.5419532103666085,0.001241997821898206,False
aimnet2,79,Br1C5F3H9N1O3S1,1,5.822918274487038,0.0023395400289635024,False
aimnet2,80,H8N4O1P1,3,6.195333739886499,0.0016120507262401937,False
aimnet2,81,C11F1H14N4O3,3,4.814433755244681,0.0022946984659803008,False
aimnet2,82,C15H22S1,2,4.235626599009417,0.002045220726230913,False
aimnet2,83,C8H12N1O1S2,4,4.000556788186388,0.0011523207323163014,False
aimnet2,84,C5H7N6,2,3.611539751581816,0.0007043338463718048,False
aimnet2,85,Br6C3N6,2,4.701244561654097,0.0009945765192817004,False
aimnet2,86,C10F2H13O7,3,5.494576307106175,0.002898275404282803,False
aimnet2,87,C7H10N1O1,4,4.0438521388173365,0.0009321061868752004,False
aimnet2,88,C8H13N4O1,1,4.37220900871,0.0014910645060359005,False
aimnet2,89,C5H8N2O1,2,2.8975366127698265,0.0004029944842723988,False
aimnet2,90,Br2C12H10N4O2,4,4.262737166268482,0.001635383533381799,False
aimnet2,91,C3Cl1H4,2,2.540992868417766,0.0001549594741763987,False
aimnet2,92,C6H12N2O1S1,2,4.576809692480647,0.0013825143394381966,False
aimnet2,93,C11H12N2,2,5.102825912880685,0.0019529124222874951,False
aimnet2,94,C6F1H11N1O2,3,4.1658954394734105,0.0010933451431953975,False
aimnet2,95,C8H16N1,2,3.1360507524511334,0.0007376110741461989,False
aimnet2,96,C12H8N2O3,4,3.899051400591179,0.0011401951368339026,False
aimnet2,97,C9Cl1H6P1,1,4.758875001167523,0.0011549914551135965,False
aimnet2,98,C5H7N2O2S1,0,2.8547126756917023,0.00041561860749849886,False
aimnet2,99,C6H6N1O3,4,4.2919133195779855,0.0008841849572530042,False
aimnet2,100,C6H7N2O2,4,4.246087846391616,0.0009194923619630041,False
aimnet2,101,C6H11N1O1,2,3.677196753771729,0.0007707412300591123,False
aimnet2,102,C5H6N2O4S1,3,4.293570524256563,0.0009954763837252982,False
aimnet2,103,C3H4P2,4,3.962870294916732,0.0004240172063070025,False
aimnet2,104,C6H17N7S1,4,4.877191383256204,0.002212190608368497,False
aimnet2,105,C8H8N1O1P1,4,4.081497730770445,0.0009495415523982048,False
aimnet2,106,C3Cl2H4N1O2S1,2,4.55228490211178,0.0008082086153697995,False
aimnet2,107,B1C2H6N1O3,2,3.2174589568947893,0.0004037296434327977,False
aimnet2,108,C1H3N3O1P1,1,4.606165271277827,0.0005728524796708001,False
aimnet2,109,C3H6O3P1S3,2,5.924912874804564,0.0016850204435531946,False
aimnet2,110,C8H12N3S1,2,3.705943512463933,0.000988849246865293,False
aimnet2,111,B2C14Cl2H16O4,0,5.088135954178456,0.0029513605336551996,False
aimnet2,112,C3H6N1O1S2,2,4.5477389017031475,0.0008065952356045021,False
aimnet2,113,C9H11S1,4,4.131435964597903,0.001075332077163099,False
aimnet2,114,C5F7H1,0,7.701511077011338,0.002313217641903805,True
aimnet2,115,Br1H1N1S1,1,10.98440980717341,0.0014478871057431288,True
aimnet2,116,C12H13N2O3,0,3.8109986254108317,0.0013071339470594923,False
aimnet2,117,C3H4N3O2,2,4.984491535368313,0.0008944256111817011,False
aimnet2,118,C9H17N5O4,0,4.341728887610808,0.001979314022018989,False
aimnet2,119,C13H23N2O2,3,4.342611380170061,0.002262992831901903,False
aimnet2,120,C12Cl1H11N3O2,0,3.7683992049013555,0.0012354724333726015,False
aimnet2,121,C6Cl1H11N1O2S1,1,5.579359162611485,0.002054530411917505,False
aimnet2,122,C5Cl1H7N1O2P3,2,5.229485078486103,0.001558808308608202,False
aimnet2,123,C3Cl2F4H1O1,1,8.449889722915183,0.002356220998871112,True
aimnet2,124,C2H5N3,4,3.9786596557919616,0.00047489197969879834,False
aimnet2,125,B1C10H22I1N1O1,2,4.354166794254223,0.0020475469949960984,False
aimnet2,126,C9Cl1H12O2,3,4.51637417124991,0.0014686297671407987,False
aimnet2,127,C1Cl3H5N2P1,1,6.285011311095877,0.0014220492185017118,False
aimnet2,128,C1H6O5Si1,2,6.688101226708517,0.0017444972227292992,True
aimnet2,129,C5Cl2H6N2O1,3,3.689367045833941,0.0006533486015465022,False
aimnet2,130,C4H2N1O4S1,2,5.325731321555733,0.0010210829079383922,False
aimnet2,131,C5H7N1O1,4,3.3920259398396824,0.0004832452790149018,False
aimnet2,132,C4H8N1O1S2,0,4.064504425189816,0.0007929694186746049,False
aimnet2,133,Cl2H2N2P1,1,7.174774572643533,0.001081025193533296,True
aimnet2,134,C4F2H2N2O2,2,4.772560577527474,0.0008199840407820977,False
aimnet2,135,C12F4H8O1,4,4.482584999645631,0.001507017620928602,False
aimnet2,136,C7H12N5,2,4.1877454720557745,0.0012626792739881022,False
aimnet2,137,C9H16N4,3,4.928040382286337,0.0021128456348217034,False
aimnet2,138,C3Cl6H1O1,3,4.735244992277375,0.0007399439895173024,False
aimnet2,139,C5F6H10O6S2,1,9.19551662315665,0.007356504759107271,True
aimnet2,140,C7H14N1O1,3,3.8965258342208875,0.001047621036795804,False
aimnet2,141,C12F2H13O5S1,1,6.4326571302645545,0.004096528697798799,False
aimnet2,142,C6H8O2S2,1,6.769634066692539,0.002474709051433905,True
aimnet2,143,C5H10N2O1S1,2,3.6865286853788306,0.0007746581436428953,False
aimnet2,144,C13H20N5O1S1,1,4.284393826954886,0.002202723655733896,False
aimnet2,145,C8F3H7N4O2S1,4,5.1537942256001505,0.001992119618987209,False
aimnet2,146,Br2O1S2,3,10.593116203770256,0.001683211663598699,True
aimnet2,147,C14H9N3S1,0,4.412150883079812,0.0015768331086200196,False
aimnet2,148,Br1C9H11N5O3,3,4.632110661272912,0.0018667110785102017,False
aimnet2,149,C14H19N2O1S4,1,3.9712516468885473,0.0018925007571498,False
aimnet2,150,C6H12N2S2,1,5.2108745456649705,0.0017921120930235014,False
aimnet2,151,C5H13N1O3S1Si3,0,5.28152838210829,0.002175774279979202,False
aimnet2,152,C10H20N2O3,3,4.1709580198513025,0.0018266735343529996,False
aimnet2,153,C4Cl3H5O4P1,3,5.855652483013786,0.0017487219660931015,False
aimnet2,154,C5H10N3,2,3.6559898169953984,0.0007217781232665986,False
aimnet2,155,C5H8S1,0,3.487195752046402,0.0005107424369497998,False
aimnet2,156,C8Cl1H3N2O1S1,3,3.373373040375665,0.0005462229921376012,False
aimnet2,157,C15H16N4S1,0,3.9974550556086412,0.0017258018675339974,False
aimnet2,158,C13H11N4O3,1,4.8222262574656805,0.002162609545271806,False
aimnet2,159,C3H6N4O1S1,2,4.650540609311043,0.0009732387581483004,False
aimnet2,160,C1H2N4S2,0,2.782718192371558,0.000209075054530202,False
aimnet2,161,As1Br2C1O2,2,10.275207394469515,0.0019004379659884976,True
aimnet2,162,C6H13O2Si2,4,8.086231431957565,0.004511712575211316,True
aimnet2,163,Br2C5H9N2,4,3.5705913381907735,0.0006884526152356008,False
aimnet2,164,C5H8O2S1,3,4.289677195163555,0.0008832638610579008,False
aimnet2,165,Br4C6H2N2O4S1,2,8.346890196232678,0.003971222829034017,True
aimnet2,166,C5H8N2S2,1,3.7450582567132993,0.0007152985286549993,False
aimnet2,167,C5H5N4S1,1,3.6767284526957154,0.0006083249451688004,False
aimnet2,168,C12H26N2,0,3.0924544531082656,0.0011475929453458968,False
aimnet2,169,C4H11N5O2,3,5.252755022905224,0.0018210347318233003,False
aimnet2,170,C4H9N2S1,2,4.183444913638511,0.0008400581445815007,False
aimnet2,171,C2H3O4S1,3,5.521005352445623,0.0009144450030519966,False
aimnet2,172,C9H14N1,4,3.16366048901317,0.0007206298336614996,False
aimnet2,173,C8H19N6S1,0,3.992042957472998,0.0016255135113795957,False
aimnet2,174,C10Cl1H9O1S1,3,3.2893054758614086,0.000714089013893102,False
aimnet2,175,C13H8N5O1S1,0,4.168307151187454,0.0014594818985577999,False
aimnet2,176,C6H10N1O1,1,3.0741589021404274,0.000510324459602899,False
aimnet2,177,C1H5N6,0,6.097736907059363,0.0013385662339577,False
aimnet2,178,C6Cl1H5O2P1S2,0,5.3941362163069675,0.001483931981523797,False
aimnet2,179,C3H3N2O4S1,3,6.5512073991565805,0.0016738144170837929,True
aimnet2,180,C1H3N5O2,0,3.0893492340086084,0.00031495459675909596,False
aimnet2,181,C11H20N2O1S1,0,4.272660916406168,0.0019168412871914033,False
aimnet2,182,C7Cl1H7N1O1,1,3.4265269122089186,0.0005987954206846913,False
aimnet2,183,C7H11N1O2,2,3.2112594354280057,0.0006496677911823999,False
aimnet2,184,C4H5I1O1,1,3.8556534966658433,0.0004905801082496009,False
aimnet2,185,C2H2O6S1,1,6.279307463696405,0.0013011801733799015,False
aimnet2,186,C1H6N1O3Si1,4,6.998709194821017,0.0017633494941722005,True
aimnet2,187,C8H6I1N1O2,4,3.8298874219505192,0.0007920740338999989,False
aimnet2,188,C7F2H5N1O2,3,4.342870793847421,0.0009618868633346994,False
aimnet2,189,C2H3N2O6P1,2,6.865780065653056,0.001979835308216593,True
aimnet2,190,F1H5N3,0,6.4900816078570465,0.0011372713004693964,False
aimnet2,191,C5H12N5,1,5.321331686390464,0.0018688936804944895,False
aimnet2,192,C7Cl1H7N4O3,2,4.093527933587073,0.0011059600822418054,False
aimnet2,193,C7H12N5S2,2,4.903024636536441,0.0018750927457456968,False
aimnet2,194,C9F3H12N4O1S1,0,5.848202879159168,0.003078132922422503,False
aimnet2,195,C10Cl1F2H16O5P1,4,5.323597705855638,0.002975772716048098,False
aimnet2,196,C6H11N1O2,0,4.311106512550468,0.0011151383617533036,False
aimnet2,197,Br2C7Cl1H4N3O1,2,4.397216285107318,0.0010441175971327024,False
aimnet2,198,C10F3H15N1O4S1,3,5.534698332326771,0.0031245543342457954,False
aimnet2,199,C4Cl1H7N2,0,4.7411563884783945,0.0009440996838003985,False
aimnet2,200,C14H19S4,1,3.5973017254255413,0.0014364043471162033,False
aimnet2,201,C7F6H6N4O1,2,7.103785805488002,0.0036333916394582022,True
aimnet2,202,C8H9N2S2,1,3.740583454417918,0.0008814937685063002,False
aimnet2,203,C9H9O3,4,4.749862641451226,0.001421355292097203,False
aimnet2,204,C2H6N2S1,3,4.139833717162734,0.0005655613657899949,False
aimnet2,205,C2Cl1F2H2N1,2,5.798989573296024,0.000807078721708704,False
aimnet2,206,C4H12N2O1,1,3.9745690294356684,0.0009004403412757036,False
aimnet2,207,C14H15I1N1O2,0,4.085168675291604,0.0016521717074527923,False
aimnet2,208,C10H14N1O1,2,3.2172682991583446,0.0008073635940839996,False
aimnet2,209,C3H5N4,1,2.9924599864910544,0.0003223734037470015,False
aimnet2,210,C4F6H3O1,2,7.997656216810205,0.0026864252084158827,True
aimnet2,211,B1C7H11O6,4,4.754125685404607,0.0016951283274467867,False
aimnet2,212,C14H20O3,4,4.013785272406844,0.0017882624156418993,False
aimnet2,213,C10F4H12N4O1,0,4.5018878426118,0.001884830455713401,False
aimnet2,214,C7H10N2,1,4.072586751728273,0.0009453998824701009,False
aimnet2,215,C3H5N1S1,0,2.992645535305407,0.0002686778189995016,False
aimnet2,216,C5Cl1F2H4N2O1,2,4.839972620139501,0.001054140073366501,False
aimnet2,217,C6Cl1H13N2O3S1,1,4.364955674338048,0.0014861213670370019,False
aimnet2,218,C11F4H8N1O1,0,4.351211159865893,0.0014199778918306117,False
aimnet2,219,C16H20N2O1S1,2,3.247043658477276,0.0012651951024068991,False
aimnet2,220,C5F1H8N1O1,1,4.254538171542547,0.000868852562549405,False
aimnet2,221,B2C11Cl1H19I2P2,0,6.020393885926168,0.004023210822128387,False
aimnet2,222,C1H2N4O1,1,5.114836158204362,0.0006278771742065942,False
aimnet2,223,C7Cl1H10O4,1,4.8356724096669055,0.0015433260251385065,False
aimnet2,224,C6H5N1O4,4,5.002956946647481,0.0012014197540803975,False
aimnet2,225,C8H10O1S4,1,3.967131160623306,0.0010859309455456007,False
aimnet2,226,Br1C9H11S1Se1,0,5.080791085711164,0.0017811962259083002,False
aimnet2,227,C4H6N2O1,1,3.2152880914014106,0.00040318502291760127,False
aimnet2,228,C8H5O6,3,4.789142547450972,0.0013073455213688952,False
aimnet2,229,C5Cl1H7N1O1S1,1,4.329486099234482,0.0008997335944063014,False
aimnet2,230,C8H13O5,2,4.7623104813538575,0.001769008887423399,False
aimnet2,231,C6H15N7O2,1,5.179915643936249,0.002414837347046593,False
aimnet2,232,C5H12N3O1,0,3.581425983351079,0.0008080765606760013,False
aimnet2,233,C15H18N4,0,3.969533852567495,0.0017490490897414065,False
aimnet2,234,C5H9O1Si1,3,4.098298303719578,0.000806210351340997,False
aimnet2,235,C8F6H2S6,1,7.446033655625796,0.0036592655352469957,True
aimnet2,236,C9H11N1O3,3,5.020312604677966,0.0018146547827055696,False
aimnet2,237,C3H10N3O1S1,4,4.737467515477609,0.0012119543168511017,False
aimnet2,238,C6Cl1H4N3O1,0,3.0533807409609253,0.0004195410277171989,False
aimnet2,239,C7H6N6,2,3.237938572291821,0.0005976020332823061,False
aimnet2,240,Br1C9H6N3O1,4,3.5819121041498185,0.0007698056593112988,False
aimnet2,241,C6H9N1,2,3.5253138276843625,0.0005965362040158034,False
aimnet2,242,C12H11N5O1,4,3.7443659482892424,0.0012197640428595956,False
aimnet2,243,C8H11N2O7P1S1,3,6.069072141940734,0.0033150272997672986,False
aimnet2,244,C5Cl3H4N1O1,3,4.117125341908852,0.0007119302854014995,False
aimnet2,245,C2H6N2S2,0,4.154787934384317,0.0006214414600693981,False
aimnet2,246,C12H15N1O2,2,3.723293403664569,0.001247662239279488,False
aimnet2,247,C2H5N2S1Si1,3,4.4148587523237595,0.0006432022674980003,False
aimnet2,248,C3H9N5O1,3,4.438174307887492,0.001063659124108401,False
aimnet2,249,C10H16N3O5S1,2,4.504898449977062,0.0021308815546836023,False
aimnet2,250,C10H25N4O1,3,4.178197605931116,0.0020948802281050205,False
aimnet2,251,C6H12N3,4,4.329863266428834,0.001181106102076096,False
aimnet2,252,C10H9N1O1Se1,2,4.801916691630603,0.001521854658281799,False
aimnet2,253,C6H10N1O2S2,0,4.868922022952846,0.0014935033049325,False
aimnet2,254,C4H7N1O4,1,4.031106746724981,0.0007799914369675995,False
aimnet2,255,C9H12N2,1,3.7475165647605966,0.0009690277478176994,False
aimnet2,256,C3N2O5,0,4.877771308763861,0.0007137795882179974,False
aimnet2,257,B2C7H20N3,3,4.007797012021795,0.0015419939413988,False
aimnet2,258,C12H18N2,2,4.049462908454907,0.001574222385307399,False
aimnet2,259,C8H8P2,0,4.199593141321124,0.000952375457842097,False
aimnet2,260,C3H8N2O1,3,3.9635850427545556,0.0006598202684282004,False
aimnet2,261,C10H10N4O1,3,3.615744092237315,0.0009805204005411785,False
aimnet2,262,C8H9N2O2,2,4.643146223471927,0.0013582048317101216,False
aimnet2,263,C6Cl1F2H14N2,0,4.467565082036376,0.001496935332167302,False
aimnet2,264,C4H7N3O1,2,3.9969796876977766,0.0007189130980740879,False
aimnet2,265,C3H6N2O2,2,5.393652013356263,0.0011345677996061005,False
aimnet2,266,C4H4N2O2S1,0,4.032208030286257,0.000634089362380694,False
aimnet2,267,C4H5N3O1,0,4.0761925824327205,0.0006479984927941016,False
aimnet2,268,C8H14N3,1,3.7188921907887225,0.0010372619345032008,False
aimnet2,269,C10H5N1O5S2,4,5.2287011442349005,0.0018864127802449115,False
aimnet2,270,C6H10N2O1,3,5.20460812093987,0.0015440129044755353,False
aimnet2,271,C6Cl1H11N1O3S1,1,3.4192333727277777,0.0008066898231451009,False
aimnet2,272,C8Cl2F2H15N3O3,4,4.420004999549826,0.0019341079754084999,False
aimnet2,273,C5H9N2O1,3,4.7281353593159645,0.0011401184627767092,False
aimnet2,274,C5H4N5,3,4.118439465507826,0.0007123848325042002,False
aimnet2,275,C10H8N2Se1,2,3.580089337063465,0.0008074734986653978,False
aimnet2,276,C11Cl2H12O3S1,0,3.8689735392539317,0.0013022991935278973,False
aimnet2,277,C8H14N2,2,3.861901783759595,0.0010738285478931989,False
aimnet2,278,C4F6H3O1,2,6.223704345059071,0.0016268488225377005,False
aimnet2,279,C5H12N3,1,4.130802922236594,0.001023811966941503,False
aimnet2,280,C10F2H13N3O7S2,4,6.002282038611016,0.003999040253484597,False
aimnet2,281,C3N3O4P1,1,9.080858767882436,0.0027212458667535016,True
aimnet2,282,C4H6O1S2,4,3.5285104107719047,0.00048556504303810295,False
aimnet2,283,C4H1N3S2,1,5.399083486247131,0.0008745030747439941,False
aimnet2,284,C3Cl1H1N2O1,1,3.9518483878385737,0.00037481053633109607,False
aimnet2,285,C9H13N6O2,3,4.675570027288777,0.0019674859572073053,False
aimnet2,286,C16Cl1H19N1O1,2,4.719590181555311,0.002539296588928996,False
aimnet2,287,C9H14,2,4.1536329155824685,0.001190433981421298,False
aimnet2,288,C5H11N2O2S1,4,4.8641120221555125,0.0014905539031369005,False
aimnet2,289,C9H7N5,3,3.8868490680665713,0.0009517785277095885,False
aimnet2,290,C6H7O4P1,2,5.541181997510737,0.0016580536881950025,False
aimnet2,291,C8H17N4O5,4,4.099138206034004,0.0017138992712811025,False
aimnet2,292,C2F3N1O2,1,4.309793493150261,0.00044578367888640786,False
aimnet2,293,C7H12S1,0,3.5209432609761406,0.000743822486820798,False
aimnet2,294,C11H12I1N5S1,2,4.713096221526191,0.0019991948394028013,False
aimnet2,295,C9H18N4,0,4.020073401723013,0.001502972084437398,False
aimnet2,296,C5F4H5O3,3,6.314231237344795,0.0020333453220516997,False
aimnet2,297,C8H15N2,2,3.580906161204075,0.0009617166701511979,False
aimnet2,298,Br1C4F1H5O3P2,0,7.439796632451286,0.002656827548747208,True
aimnet2,299,C6H9N2,1,3.7996299150285995,0.0007362965620501923,False
aimnet2,300,C3H6N1O1P1,0,5.154333970645742,0.0009564177125142972,False
aimnet2,301,C13H16O5S1,4,3.9675475221653005,0.0016528505007672018,False
aimnet2,302,C11H14N6O3,0,5.077998201524523,0.002630178704938002,False
aimnet2,303,C6H10N3O1,0,3.822537212167674,0.0008767074443043968,False
aimnet2,304,C15F3H20N1,0,5.4182988888496535,0.0034348816533223987,False
aimnet2,305,C6Cl1H2N3,4,3.7769744530201237,0.0005135592966755999,False
aimnet2,306,C2H4N3O4,3,3.4136076866714724,0.0004544559801015998,False
aimnet2,307,H5N3O1,3,4.44399442010934,0.0005332253329609997,False
aimnet2,308,C3H7N3O1,3,3.5563864118997772,0.0005312111410513056,False
aimnet2,309,B1C1H3O1S2,1,4.6217508650149774,0.0005126539453984005,False
aimnet2,310,B1C2F1O4,1,11.5983154273534,0.0032285020980572137,True
aimnet2,311,C2H1N3,0,4.9158654567719315,0.0004349831974035031,False
aimnet2,312,C9H17N4O1,0,4.112345136543596,0.001572758574551001,False
aimnet2,313,C12Cl6H5O2,0,4.631610328411909,0.00160888606756889,False
aimnet2,314,C2H7N4O2,1,5.290979698344906,0.0012597509775734079,False
aimnet2,315,C3H4O2S1,4,3.9476108260689293,0.0004675089370228984,False
aimnet2,316,C10F6H1N2O2,2,7.890385487637714,0.003922265538042003,True
aimnet2,317,C3F1H5N1O3,0,3.8856718034083384,0.0005888393691883017,False
aimnet2,318,C4H11N5,4,4.61029385499543,0.0012752885657645176,False
aimnet2,319,C12Cl1H19N2O3Si1,1,4.3742469909337505,0.002181280188096999,False
aimnet2,320,C1Cl1H2N1O2S1,1,7.456427165072902,0.0013343593456328906,True
aimnet2,321,C6H8N2O1,0,3.5749582019382946,0.0006517966334259001,False
aimnet2,322,C15H19N4O1,1,4.114382936983611,0.0019805931934006,False
aimnet2,323,C4H5N3O1,0,3.0899285636846923,0.00037235868261830725,False
aimnet2,324,C3H5N3O2,1,3.022590064448046,0.00035630597721030173,False
aimnet2,325,C16H13N1O1S1,3,4.0100482569587,0.0015437267542212003,False
aimnet2,326,C7H12N3S1,1,4.108938147582941,0.0011649527163457008,False
aimnet2,327,C6H9N4,0,4.6106234929474805,0.001211697392641996,False
aimnet2,328,C5F3H3,0,7.2773125968321635,0.0017476561948563988,True
aimnet2,329,C13H17N4,2,3.7531538541601273,0.0014367887130056955,False
aimnet2,330,C4H4N5O3S1,2,5.6200715261984255,0.0016108454019389015,False
aimnet2,331,C6Cl1F3H7N2,0,5.3549923224863445,0.0016345287381115986,False
aimnet2,332,C6H2O2,3,3.0819013819372434,0.00028494348383960067,False
aimnet2,333,C4H4N5S1,1,4.282993285631199,0.0007704493223600011,False
aimnet2,334,C6H10O3,4,4.338433069676972,0.001072854085503805,False
aimnet2,335,C4H6N7S1,1,4.077744999847532,0.0008979122313242034,False
aimnet2,336,C5H13N1O2P2S1,0,5.064151268830599,0.0018464852212990968,False
aimnet2,337,As2S4,0,12.192522669091778,0.0026758369626537037,True
aimnet2,338,C4Cl5H2N1O1,1,4.343704722541961,0.0007358430579487003,False
aimnet2,339,C3H5N5O1,2,4.857261146106294,0.0009909054053419005,False
aimnet2,340,C6H13N2O2,2,4.041454622467478,0.0011270015271169988,False
aimnet2,341,C15H11N1O2S1,4,4.44000194073306,0.0017742255510342008,False
aimnet2,342,C3H6N5S2,2,4.65687765925236,0.0010409524575956998,False
aimnet2,343,C2F1H8O2Si2,1,6.437417885689374,0.0018648157065747051,False
aimnet2,344,H3N5P1,2,5.383924580789171,0.0007826393850738981,False
aimnet2,345,C4Cl3H1O1,3,3.371158631338487,0.0003068471839764955,False
aimnet2,346,C8H11N1O1,2,3.8055176336393,0.0009123637609761986,False
aimnet2,347,C1H1I1N2O2S1,4,5.3425209776947336,0.0006850207295305989,False
aimnet2,348,C15F2H13N1O1,1,4.755845724655724,0.002171334581445708,False
aimnet2,349,C6H17N2O1S1,4,5.062993644109931,0.002076346275864102,False
aimnet2,350,C12H18N4S1,4,3.113134994044704,0.0010176189965703003,False
aimnet2,351,C6F2H7I1N1O1,0,4.860216966875787,0.0012755722841157925,False
aimnet2,352,C6H7N1O1,1,4.0417557385181535,0.0007351105252429993,False
aimnet2,353,Br1C10F1H13N3O1S1,4,4.9808985107045585,0.0022328414976545,False
aimnet2,354,C4H5N1O3S1,1,4.908395856291977,0.001011878695046699,False
aimnet2,355,C5H9N4O2S1,2,5.6441554013873,0.0020069588822855945,False
aimnet2,356,C11H15N2S2,2,3.4173423875566056,0.0010510406094411974,False
aimnet2,357,C4H6N2O2,4,4.287431145421315,0.0007720467647226066,False
aimnet2,358,C9H18N2S2,4,4.87829572023118,0.002213192529464404,False
aimnet2,359,C3H2N9O8,0,4.841058687125563,0.0015467660480047959,False
aimnet2,360,Cl2H1N1P1S1,2,7.308026727345377,0.000961330583656699,True
aimnet2,361,C5H17N1Si2,3,4.011901690475479,0.0012071516380530007,False
aimnet2,362,C1H5N1O3Si1,4,4.112990363541453,0.0005582507611093,False
aimnet2,363,C7Cl2H6N3,1,4.0928969513574955,0.0009045974945393,False
aimnet2,364,C9H19N3O3S1,3,4.1164935478444304,0.0017792795085917069,False
aimnet2,365,C9H13N1O2,4,4.769130121684104,0.0017058451588165978,False
aimnet2,366,C3H6I1N2,2,5.265331079580326,0.000998053609593403,False
aimnet2,367,C6F1H16N1O5P1,0,4.526713362384447,0.0018442020478670914,False
aimnet2,368,C6H6N4S1,3,3.9731375162157097,0.0008050769078607978,False
aimnet2,369,B1C10F3H20N1O1P1,3,5.836570656186298,0.0037812768297367,False
aimnet2,370,C6H12N3,4,3.894267749902041,0.0009554152423994076,False
aimnet2,371,C7Cl1H7N2O4S1,1,8.23912988221652,0.0044802952402581905,True
aimnet2,372,C8H4N1O1S2,0,3.8568786884801174,0.0007140246344473013,False
aimnet2,373,C10H15N5O3,3,4.63058252571549,0.0021227871582187034,False
aimnet2,374,C16H20O2,2,4.263201506459869,0.0020719371276537134,False
aimnet2,375,C5H7N3O1,2,4.138622742511238,0.0008221535138318996,False
aimnet2,376,C1F1H2N1O2,2,4.674089028667931,0.0004587892732061922,False
aimnet2,377,Br1C4H7N1O1S1,4,3.9697995313774226,0.0007091688743695984,False
aimnet2,378,C8H17S9,0,3.7422395948957945,0.001428444432931796,False
aimnet2,379,C9H6N4O1S1,1,5.332815385216618,0.0017916519557665928,False
aimnet2,380,C19H14S1,2,3.808441306355131,0.001479430968763101,False
aimnet2,381,C8H12O6,2,5.194030800568459,0.0021042805646657985,False
aimnet2,382,C5H6N2O1,2,3.653763278722758,0.0005606994160716009,False
aimnet2,383,C13H16N2O2,4,4.0378511852769545,0.0016141199772498082,False
aimnet2,384,C8H15N4,1,5.226196639159705,0.002212363636204299,False
aimnet2,385,C3H6N6,0,4.702699910717472,0.0009951923902617955,False
aimnet2,386,C3H3I1N1O1S1,1,5.918700834228163,0.0010509305869527946,False
aimnet2,387,C5H13N1O2S1,4,4.872802837570167,0.0015671176945929032,False
aimnet2,388,C4H4N2,2,4.503815170045642,0.0006085305325779977,False
aimnet2,389,C7H8N2O1,1,3.6994638998368816,0.0007390457898946007,False
aimnet2,390,C9H12N3O2,2,4.451747771057499,0.0015458085409350022,False
aimnet2,391,H2N1P1S1,4,7.587305719750643,0.0008635081212744123,True
aimnet2,392,C11H11N3O3S3,4,4.838560021011221,0.002177284666154314,False
aimnet2,393,C7H13N1O2P1,0,6.877398143056782,0.003405499575704703,True
aimnet2,394,C11H19N4O3,1,4.788641669790043,0.002545350883623103,False
aimnet2,395,C8H14N2S2,3,4.216800270372567,0.0013869495525767037,False
aimnet2,396,C8H12N2S1,4,3.5732998216654703,0.0008810245414704993,False
aimnet2,397,C12H12N4O1S1,0,3.9434775137610267,0.0013995913411384963,False
aimnet2,398,C2H4N1O1P1S1,3,5.435363107478656,0.0008862951633042007,False
aimnet2,399,C15Cl1H18O2,2,4.289737282927258,0.0019873993633059027,False
aimnet2,400,C4H7N1O1S1,2,3.708786253416464,0.0005777140098882992,False
aimnet2,401,C11Cl1H9N6S1,0,5.631569427560117,0.002664024234264102,False
aimnet2,402,C1H2N2O1S2,0,5.442987907756498,0.000711026816735603,False
aimnet2,403,C4Cl1H5,3,2.85510566041434,0.00024454884996390013,False
aimnet2,404,C10H12O4,3,4.169368976088353,0.001355923737383907,False
aimnet2,405,C13H15O2Si1,4,5.048780975086842,0.0023705876080990927,False
aimnet2,406,C3H4N2O2,1,3.0315768572992003,0.00030328512197649914,False
aimnet2,407,C3H6P3,0,3.7645788093376242,0.0005101939300216998,False
aimnet2,408,C11H17N3O1,3,3.9519082919183806,0.0014992875981823923,False
aimnet2,409,C6H12N3,4,3.464005462250087,0.0007559580320774016,False
aimnet2,410,C6H14N1S2,1,4.040636293607767,0.0011265451743482013,False
aimnet2,411,C4Cl1F6H1O1,1,8.649889087661238,0.002918002667924798,True
aimnet2,412,C7H4N4,4,3.8374934608726523,0.0006626860228008166,False
aimnet2,413,C12Cl1H10N3O2,3,4.1708935900437325,0.0014612936805153034,False
aimnet2,414,C4H5N1S2,0,4.684507978534135,0.0007900061400341988,False
aimnet2,415,C5H4N5,3,3.318159542735281,0.0004624276755438987,False
aimnet2,416,C9H9N1O3S1,4,4.44256534111311,0.0013618106898941017,False
aimnet2,417,C4H9N1O1,1,4.109329215024972,0.0007598963968855987,False
aimnet2,418,C6H9N1O3,4,4.15712557029768,0.0009850565014117004,False
aimnet2,419,C5Cl1H10N2S1,4,4.092043847703498,0.0009544549025370989,False
aimnet2,420,C9H10N6,4,4.345164114379111,0.0014160338385666006,False
aimnet2,421,C3H4N3O2,2,3.973375230082868,0.000568357585885299,False
aimnet2,422,C9H20O5,1,4.154938702790694,0.0017608785936426973,False
aimnet2,423,C4H7N3,4,3.628935413554797,0.0005531052339015893,False
aimnet2,424,C5H10O1,2,3.7134061909233016,0.0006618905058618003,False
aimnet2,425,C12H20I2Si1,1,4.3197397304840965,0.0019593158906078953,False
aimnet2,426,C6H11N2O2S1,2,4.417807599484413,0.001288123583080107,False
aimnet2,427,C1H3O2P2,4,9.97216066234461,0.0023866557186147195,True
aimnet2,428,C2H8N1P2,0,4.172328669936861,0.0006789247346691067,False
aimnet2,429,C8H17N4O5,4,3.7884397732174766,0.001463932143360201,False
aimnet2,430,C3H6N2O1S1,1,4.637910333203787,0.0008388982780946999,False
aimnet2,431,C2H6N7,1,4.667903717356784,0.0009805196301530977,False
aimnet2,432,C5F3H7N2,0,7.433931366800085,0.0028184301138810025,True
aimnet2,433,C3H1N3O3S2,0,4.85425288815871,0.0008482957596790982,False
aimnet2,434,C7H9N2O2,4,3.5630891734712926,0.0007617362674865005,False
aimnet2,435,C6H13N3O1,3,4.911242514849056,0.0016643009097366008,False
aimnet2,436,H1N1O1P2,2,9.780807090248393,0.0014349628100497986,True
aimnet2,437,C10H10I2O3,1,4.532152868703217,0.0015405307218971098,False
aimnet2,438,C8F3H8N1O1S1,1,5.661710530891355,0.002115627764950001,False
aimnet2,439,C4H7N2O1S1,2,3.7566462625364294,0.0006350576013823016,False
aimnet2,440,C11Cl1H20N4O2S1,1,4.727746627217253,0.002615135816026201,False
aimnet2,441,C2F3H2O1,0,6.731558624564286,0.0010875331563826997,True
aimnet2,442,C4Cl2H5N2O1,1,3.532716920804115,0.0005241637313864997,False
aimnet2,443,C9H21N4,3,3.1464684637953724,0.0010098269069531984,False
aimnet2,444,C6F4H4N2O1,3,7.487004727102874,0.0028588172289666994,True
aimnet2,445,C8H9N3O2S2,1,5.288660874766515,0.0020138352370766004,False
aimnet2,446,C13H22N2Si1,1,3.8931811173213715,0.0017278819501985161,False
aimnet2,447,C6H8N8O4,1,4.822200309620758,0.0018137820344363098,False
aimnet2,448,C4H5N3O1,0,3.05840012685282,0.0003647986421014004,False
aimnet2,449,C10H11N1O3S1,1,3.844028201641023,0.0011525711195708983,False
aimnet2,450,C10H15N1O3,1,4.578715540439985,0.0018239233320231961,False
aimnet2,451,C8H17N1O3,0,4.403235002736244,0.0016867976285709833,False
aimnet2,452,C6H17I1N2P6,3,4.32571377352833,0.0017963327664473,False
aimnet2,453,C8H16N3,4,4.279826166771581,0.0014836698734404011,False
aimnet2,454,C1F2H6N3P2,3,9.841046101100508,0.00406753991128739,True
aimnet2,455,Br1C11H10N5,4,3.5632637159914506,0.0010284447130857973,False
aimnet2,456,C14Cl1H18N3O2,4,4.864623350144495,0.002697759878619899,False
aimnet2,457,C4Cl1H4N1O4,3,4.648559248520429,0.0009075823296542025,False
aimnet2,458,C2H3N2O4S1,0,5.114836557339851,0.0009418159082988064,False
aimnet2,459,C6H4O2,0,3.6090084930355575,0.00046889792290090036,False
aimnet2,460,C6H6N3O3,1,3.6358463368484166,0.0007138464435993987,False
aimnet2,461,Br1C8H9O3,1,4.0826371020099295,0.001050079319522606,False
aimnet2,462,B1C5H6O2,4,3.732573969589813,0.000585148554415297,False
aimnet2,463,C11H7I1N1S2,1,4.305296727102385,0.001223348273954301,False
aimnet2,464,C1H2I2P1,4,9.339404816384146,0.001570040681837389,True
aimnet2,465,C3F2H2N4O1,2,3.8853238078669614,0.0005434466793112016,False
aimnet2,466,Br1C15Cl4H13N1O2P1,1,3.901304429894622,0.001689439564273409,False
aimnet2,467,C9H7,3,2.7867045265054164,0.00037275466166619735,False
aimnet2,468,C6H10N4O1,2,4.683544775336917,0.0013819422747429007,False
aimnet2,469,Br2C9H12O1,1,4.636996286729647,0.0015481248885464063,False
aimnet2,470,C9H16I1N3O3S1,0,4.999083089321726,0.0024740923416603023,False
aimnet2,471,C9H12N1S1,2,3.177556341607931,0.0006966836369824016,False
aimnet2,472,C5H8N2,3,3.114243933613922,0.0004364331875123001,False
aimnet2,473,C14H16N2O2S2,3,3.931635149613327,0.001669437534564901,False
aimnet2,474,Br1C7F3H10N1O1,2,5.022770953463059,0.0017407477355157023,False
aimnet2,475,C6H11N4O2,4,4.736634359513582,0.0015480636488450004,False
aimnet2,476,C5H12O2S1Si1,3,5.700329964715779,0.0020471069875181054,False
aimnet2,477,Br2C4I6,1,6.472098639509999,0.0015079701887836983,False
aimnet2,478,C11H14N5O2,1,4.632615202199053,0.002060267866717994,False
aimnet2,479,C5H8O1S1,1,4.0599949913025855,0.0007417601698230935,False
aimnet2,480,C5H7N1O2,2,4.34391710958568,0.0008491327134728043,False
aimnet2,481,C8H6N4S4,1,4.283655760131279,0.0012110806403061883,False
aimnet2,482,C14H20N4O1,2,5.084068825474736,0.0030241874311931955,False
aimnet2,483,C12H17N4O1,4,4.392899564806981,0.001968351791821098,False
aimnet2,484,C4Cl2H10O2P2S2,4,4.501470336121166,0.001337373522340601,False
aimnet2,485,C7H4N2O2S2,4,3.5844313828536705,0.0006552555652577,False
aimnet2,486,C2F6H1O4P1S2,4,10.267628072485653,0.005060360939274983,True
aimnet2,487,C8H14N3O1,3,3.93085244251052,0.0012052248721336914,False
aimnet2,488,C7H18P2,4,4.020412376318739,0.0013092609697282081,False
aimnet2,489,C8H9N2O1S1,0,4.026619523924408,0.0010214608817983013,False
aimnet2,490,C6H17N4,4,3.6870257741812003,0.0011011268838175946,False
aimnet2,491,C14H14N5,3,4.212708467943596,0.0017569443509524846,False
aimnet2,492,C10H16N2O1Si1,2,4.082609775852667,0.0015000932323698986,False
aimnet2,493,C3Cl6F1,2,4.69936483509989,0.0006625208956012022,False
aimnet2,494,C6H8N5O2,2,3.6790410542560634,0.0008527266139707986,False
aimnet2,495,C6H10N3,1,3.6792902282326763,0.0007716190652634022,False
aimnet2,496,H10N5Si2,4,7.110626991315433,0.002578611826690802,True
aimnet2,497,C4H8I1N4,0,4.232291994365985,0.0009135270718042947,False
aimnet2,498,C10F3H10O5S1,2,5.033391540933892,0.0022041476451780027,False
aimnet2,499,C5Cl2H8S1,0,2.968923822444272,0.00042309641584690116,False
aimnet2,500,C10F1H12I1N4O4,1,4.822041053400433,0.0022321996723852,False
aimnet2,501,C9H8N5O2S1,1,5.037076192016841,0.0019029102423137162,False
aimnet2,502,Br1C12F2H13N3O1S1,3,4.7295235105957305,0.002214470871090499,False
aimnet2,503,C7H2N5O3S2,2,5.115777405677482,0.0014917571724730933,False
aimnet2,504,C6F3H9N3,4,5.621406653927252,0.0019908134044355082,False
aimnet2,505,C1H1N4S2,0,4.612400639493035,0.0005105817518206982,False
aimnet2,506,C8H8N2O2,2,3.8887400638205842,0.0009073379570377992,False
aimnet2,507,C6H7N4O1,0,4.917256595965924,0.0013056882712508004,False
aimnet2,508,C1H5N5,4,3.9388160538561743,0.0005119709729017992,False
aimnet2,509,C14H13N4O1,3,3.9450581390638284,0.0014940944371770008,False
aimnet2,510,C13F1H12N5,4,5.096925942089834,0.002416014827500796,False
aimnet2,511,C4H7N1O1S2,2,3.449254447786327,0.0005353810310508191,False
aimnet2,512,C4H10N2O1,0,4.5499273075832924,0.0010557937637189,False
aimnet2,513,C7H5O5,1,5.391951833084201,0.0014827303730853042,False
aimnet2,514,C5H9O3,4,3.68150273992383,0.0006912265836274,False
aimnet2,515,C2H4N2O2,3,5.9052442242137495,0.0010461572804282956,False
aimnet2,516,Br1C6Cl1H11N2O1,2,4.11917264890346,0.0011198604985573068,False
aimnet2,517,C5H5N1O2,0,2.9410634937469817,0.0003373443244957968,False
aimnet2,518,C9H9N1,0,2.8759677010636544,0.00047145784240099764,False
aimnet2,519,C13Cl2H11N4O3P1,0,4.348218244433508,0.0019285141939248906,False
aimnet2,520,C7H7N1S1,4,3.435034266109414,0.0005663740996486003,False
aimnet2,521,C11Cl1F1H9N4O1,4,3.894913536345187,0.0012287984679040028,False
aimnet2,522,C3H9N1O2P1,1,4.697871244991135,0.0010593597232566988,False
aimnet2,523,C5H9N3O1,3,3.803457726642391,0.0007811796966312081,False
aimnet2,524,C4H6N3O1P1,1,3.9836012070015805,0.0007141085359391003,False
aimnet2,525,Br3C4H6O2Si1,2,7.753267725007954,0.002885431699951201,True
aimnet2,526,C5H12O3S1,0,5.279070729172857,0.0017557210291074075,False
aimnet2,527,C4H8N2O1S1,3,4.7393884470346475,0.0010781665368905036,False
aimnet2,528,C2H6N6S1,0,3.836445080700507,0.0006623239885754004,False
aimnet2,529,C2F1H9N3P1,3,6.990651054312778,0.002345721703831889,True
aimnet2,530,C15H18N2O2,4,4.141567148352715,0.0019039362073189027,False
aimnet2,531,C5H11I1N1O3,1,3.796713939673293,0.0009081473146016983,False
aimnet2,532,C2H4N2S4,4,3.1470790725343236,0.000356547840796206,False
aimnet2,533,C14H18N6O2,4,4.005269396611692,0.001925061952732102,False
aimnet2,534,C6H13N2O3,2,3.931777051955778,0.0011130386966125968,False
aimnet2,535,C3H7N1O1S1,3,4.619795579111955,0.0008323579365185122,False
aimnet2,536,C9H16N4O1,0,4.015755231369192,0.0014513661070442128,False
aimnet2,537,C13H7N3S2,4,3.954272175846606,0.0011727201330505993,False
aimnet2,538,C2N2Se3,0,9.813034592192977,0.0020222086060590954,True
aimnet2,539,C1H4N4O2S1,1,7.460633128841828,0.0020037976805941994,True
aimnet2,540,C7Cl1H4N2O4S2,2,9.511069785689536,0.005427626908095384,True
aimnet2,541,C2H3N5O1,1,3.4081022739050653,0.00038330031661009696,False
aimnet2,542,C4H6I2N1O3,3,3.8120612964772818,0.0006975269437488027,False
aimnet2,543,C12H15N1O3S1,4,4.642149110608124,0.002068756643051501,False
aimnet2,544,C9H10N1O1S1,0,5.262334507393683,0.0018276828548686168,False
aimnet2,545,C5H9N2S1,4,4.575939985535386,0.001067900564312301,False
aimnet2,546,C7H8O1,4,3.5178443463175983,0.0005940109845560972,False
aimnet2,547,C6H13N2O2,2,4.082807110123546,0.001150182658994801,False
aimnet2,548,C11H9N2O1,4,4.426437354764577,0.0013519409882402108,False
aimnet2,549,C2H9N4,4,5.827251584629303,0.001528058746375412,False
aimnet2,550,B1C12H12N1O1,3,5.3219625912716495,0.0022941861516544825,False
aimnet2,551,C11Cl1H19N3O1,2,4.736406713211131,0.0023555225980599046,False
aimnet2,552,C5H11N6,3,4.381450040651571,0.001267008894275893,False
aimnet2,553,C10H13N2,2,4.0860438100553935,0.0012521815513269,False
aimnet2,554,C13H15N2O3S2,0,4.7308310420098305,0.0023499800465446004,False
aimnet2,555,C4H4O3P1,1,3.8229968684230107,0.0005261509820149973,False
aimnet2,556,C9Cl1H7N5O2,0,4.227578796568037,0.0012868144186457984,False
aimnet2,557,C3H11N4,0,4.471191669764377,0.0010795439671795997,False
aimnet2,558,B1C10H12N1,0,3.5275803687452427,0.0008959552745728913,False
aimnet2,559,C3Cl5N1S1,0,5.553065299579142,0.0009250960266416996,False
aimnet2,560,C5H7N2,3,2.3811857058681865,0.0002381419053649009,False
aimnet2,561,C9F1H7N1O1S1,4,5.157356448187213,0.0015958995320194938,False
aimnet2,562,C8H7N2P1,2,3.1957806165589764,0.0005515027424553998,False
aimnet2,563,C1H3N2O2,1,2.8832533339759236,0.00019951559490919874,False
aimnet2,564,Br1C9H8N4O2,1,4.409643492792876,0.0014000368128141995,False
aimnet2,565,C5F3H5N1S1,4,4.1242517220021595,0.0007654253519897,False
aimnet2,566,C4H8N2O2,1,4.343388982937679,0.0009055213371410115,False
aimnet2,567,C7Cl1F2H4O1S1,0,5.629807311916847,0.0015213470577269943,False
aimnet2,568,C1H5N4Si1,0,4.52436378770038,0.0006755056335539995,False
aimnet2,569,C6H10N1O3P1,4,3.8589887144785777,0.0009381830156038006,False
aimnet2,570,C9Cl1H11N3O2,2,4.479198593462977,0.0015649311630950955,False
aimnet2,571,C9Cl1H10N1S2,1,4.778642505683459,0.0015756442696016036,False
aimnet2,572,C12H14,3,3.2214442385080493,0.000809460832581703,False
aimnet2,573,C13H19N1O3P1,1,4.290123088909632,0.0020429723290975033,False
aimnet2,574,C10H25N3S1,2,4.6727854124522405,0.0025546860507666947,False
aimnet2,575,C11H14O1,0,4.093178544451137,0.0013068206265468999,False
aimnet2,576,C7H10O1,1,3.8653032855044733,0.0008067907524023104,False
aimnet2,577,C5H3N4S1,3,4.016874929919452,0.0006292760839020008,False
aimnet2,578,C7H14N1O1P1S1,1,5.330937655004415,0.0021314172211157976,False
aimnet2,579,C3H7I1N6,3,3.9486817119301043,0.0007951964503686942,False
aimnet2,580,C14H18N4O2,3,3.6248622184289734,0.0014979173756956951,False
aimnet2,581,Br1C13F3H15N1P1,3,4.438712045783803,0.0020096207917893955,False
aimnet2,582,C10H12O3,4,3.6614952493391812,0.0010054910595700044,False
aimnet2,583,C5H7O2,0,3.732413179707889,0.0005850981420504005,False
aimnet2,584,C7H8N3O1,4,3.8011141896829255,0.0008235627377315063,False
aimnet2,585,C7H8I1O2,1,2.9898355717686305,0.0004827123042955049,False
aimnet2,586,C3H5N2S1,2,2.6751400952768014,0.00023616035946879998,False
aimnet2,587,C8H7N1O5,1,4.727394902483674,0.0014079405415338031,False
aimnet2,588,C5H1N4O5,4,3.8847307967456723,0.000679101001343292,False
aimnet2,589,B1C5H4O5,1,4.8421695247796315,0.0010550972568017071,False
aimnet2,590,C7F1H9N2O2,0,4.9873996822123345,0.0015670718021782968,False
aimnet2,591,C6H2N4O2,0,3.06931097627981,0.0003956681345026923,False
aimnet2,592,C3F1H4N3O2,1,4.6318294602947,0.0008366999218209015,False
aimnet2,593,C5H7N1O2,2,3.8583475812589336,0.0006699080726012998,False
aimnet2,594,C8H7N1O1S1,0,3.581845852804118,0.0006927994645155031,False
aimnet2,595,C15H20N2O2,0,3.407433640412211,0.0013584406696160992,False
aimnet2,596,C4H4N2S1,3,3.1463679261125055,0.00032668782717349375,False
aimnet2,597,C8H14N2O2,0,3.636992800172649,0.0010317618970235995,False
aimnet2,598,C4H6N2S1,4,3.5996094618640284,0.0005053303428397007,False
aimnet2,599,C7H18N4,3,3.974140285905553,0.0013740598180489998,False
aimnet2,600,C9H12N1O1S1,2,3.8488524715708,0.0010665839050499992,False
aimnet2,601,C9H7N3,4,3.756784419798903,0.0008044654630800953,False
aimnet2,602,C12H16N2O8,0,4.3063495841318575,0.0021140897284457993,False
aimnet2,603,C5H10N1O1,2,3.371908185859266,0.0005798580055071011,False
aimnet2,604,C3H7N3S1,2,3.76517896773307,0.0005954160516804976,False
aimnet2,605,C7H8O1,4,3.5977898279366167,0.0006213163990082013,False
aimnet2,606,C12F1H21N3O1,2,3.800468201609934,0.0016465656748651,False
aimnet2,607,Br1C6H7N6,4,3.561784793221666,0.0007611786547935065,False
aimnet2,608,C9H14N2S2,4,4.13496446175691,0.0013849324190994016,False
aimnet2,609,C4H6N1O1S2,1,5.630657498686913,0.001331580762435805,False
aimnet2,610,C4O1,4,3.418257447947223,0.0001752672597066999,False
aimnet2,611,C10F3H8N3P2,0,6.029522981044495,0.002835701495557608,False
aimnet2,612,C16H20N2S1,4,4.2892869843957575,0.002152563991637301,False
aimnet2,613,C9Cl3H15Si1,2,3.816394587179266,0.001223448882184301,False
aimnet2,614,C7H15N1Si3,3,4.235369392531621,0.0013991916035131064,False
aimnet2,615,C2F4H2O4,1,5.355934905290424,0.0010326973935495005,False
aimnet2,616,C14H15N4O1,3,4.2224998500544455,0.001818609508338401,False
aimnet2,617,C5H12N2S3,1,5.87697169489488,0.0022795605559713093,False
aimnet2,618,C5H10N2O1,2,3.888242701483851,0.0008163952905046915,False
aimnet2,619,C7H12N4O1,4,4.096062571852449,0.0012079964586621957,False
aimnet2,620,C11H20N2O3,2,4.6846037206582,0.0023701152981173016,False
aimnet2,621,C4Cl2F2H6O1,1,6.6829377888881245,0.0020097745870567003,True
aimnet2,622,C8H13N4O3S2,3,5.405627960375394,0.002629873228139302,False
aimnet2,623,C14H10N2O2S1,0,3.6421067557584523,0.0011540499209696982,False
aimnet2,624,C11H13N1S1,1,3.4240256484365434,0.0009144682280098006,False
aimnet2,625,C1H1O9P3,2,10.152368821349537,0.004328964892757827,True
aimnet2,626,C1Cl3H4Si2,3,4.7101379985424305,0.0006655619989593989,False
aimnet2,627,C5H10N1O2S1,0,5.3260815728599065,0.0016169272604831973,False
aimnet2,628,Br1C11F3H12N3O1,0,4.842646389260776,0.0021809638367821,False
aimnet2,629,C3H2N2,4,3.4548498502277813,0.00025065573723999737,False
aimnet2,630,C16H17N2,4,3.8576704391276153,0.0015625702277765,False
aimnet2,631,C16H18N2,3,3.2645497100580068,0.0011509867594194998,False
aimnet2,632,C6H18O7Si3,4,9.246574524260408,0.008720912324135563,True
aimnet2,633,C5H10N1S1,3,3.5851924094309346,0.0006555338352447007,False
aimnet2,634,C2Cl3H1N1O1,0,2.728050773923406,0.00017861426460249823,False
aimnet2,635,C3H5O3S1,0,4.72124178294552,0.0008024444630291012,False
aimnet2,636,C8H10N1O2S1,1,6.589080312556152,0.0028654546381107946,True
aimnet2,637,C15F1H20N2O1,2,4.969453906269475,0.0028893702388048223,False
aimnet2,638,C5Cl1H5N2O2,0,4.0350780849569805,0.0007326834818265045,False
aimnet2,639,C1H3N4P1,0,4.781666097668144,0.0006173369280789002,False
aimnet2,640,C7H15N3,4,4.149177594830727,0.001291175603508397,False
aimnet2,641,C8F3H6N1O2S1,3,5.012292365220485,0.0015827537095301966,False
aimnet2,642,C8H25N6,1,4.763716185441176,0.0026550800517658045,False
aimnet2,643,C7H15N1O2S3,4,4.546911776711885,0.0017366501632369031,False
aimnet2,644,Br4H1N3P3,4,8.258263306692687,0.002250564123808005,True
aimnet2,645,C7H18N4O1S3,3,5.955757464132897,0.0035116336501858966,False
aimnet2,646,C9H13N5O1S2,1,5.031840965314782,0.0022787481150198003,False
aimnet2,647,C10H15N2O4,0,4.066165525034693,0.0015376342931592015,False
aimnet2,648,As1C2H7P1,1,5.032912785925884,0.0008358969666542959,False
aimnet2,649,C12H14O5S1,2,4.101963357849707,0.0016153059253575977,False
aimnet2,650,C4H4N4,3,3.185154919654198,0.0003652276270391042,False
aimnet2,651,C2H6N3O1,3,3.4233116596015147,0.0004218862578754923,False
aimnet2,652,Br1C6H6N3O1,1,3.7767961037581395,0.0007274736292774959,False
aimnet2,653,Br1C13H14N1O5,0,4.173688818721817,0.0017768071922633986,False
aimnet2,654,C14F3H7O2,3,5.043793534287131,0.0019843085508882996,False
aimnet2,655,C11H14O5,1,4.143983515305044,0.001545533943760796,False
aimnet2,656,C6Cl1H7N3O2,3,5.023993888032993,0.0014387093314585935,False
aimnet2,657,B1C8F3H6O3,2,6.0410235267109,0.0022991198107673,False
aimnet2,658,C2Cl4N2S2,4,4.056612775622107,0.000493683216340215,False
aimnet2,659,C3H3I1N3S1,0,3.3712352691567027,0.0003750524989202002,False
aimnet2,660,C6H10N2O2,1,3.1677575576486157,0.0006020812766423955,False
aimnet2,661,C3H8N2O1P1,4,4.292901071217715,0.0008293049823267992,False
aimnet2,662,C6H2O9S2,4,10.176351849295655,0.005902813806757797,True
aimnet2,663,C13H11N1O3S2,2,3.6653899268869767,0.0012091574984512065,False
aimnet2,664,C4H3N1O3,4,3.2888913026046436,0.00035695459801149946,False
aimnet2,665,C2H5I3S1,0,8.233654637344438,0.0022371712666730973,True
aimnet2,666,C5H10I1N1O1,0,4.206616308506466,0.0009555635214175984,False
aimnet2,667,C6H5N3O3,3,4.046351664347121,0.0008350210513698004,False
aimnet2,668,C6H4N2O3S1,2,4.212255455343467,0.000851668609011398,False
aimnet2,669,C9H16N5O3S1,2,4.658233341103741,0.0022133120617373932,False
aimnet2,670,C1H5N3O3,2,5.051546441231852,0.0009186523721251988,False
aimnet2,671,C6H14N3O1,0,4.502179464853053,0.0014594126352296055,False
aimnet2,672,C5H8N4S2,0,5.794088296199965,0.0019135731734972012,False
aimnet2,673,B1C14F2H10N2O1,0,6.897137353674184,0.004281345330790295,True
aimnet2,674,C13H12N1O1,1,3.6673399486765943,0.0010893999662318988,False
aimnet2,675,C8H11N6O2,1,4.734403509274126,0.0018155807036788001,False
aimnet2,676,C12H12N4O3,3,4.518721286136563,0.001898952311745882,False
aimnet2,677,C9H15N5O3S1,2,4.208206379436895,0.0017531910922614048,False
aimnet2,678,C10H16N3,2,3.7606552096927732,0.0012303999017384774,False
aimnet2,679,C5H9N3O2,4,3.6677554309366007,0.000766788504366401,False
aimnet2,680,C9H13N2Se1,1,3.9513496478216115,0.0011709873029504979,False
aimnet2,681,C7H5N1O2S1,3,4.328766271257072,0.000899434436696297,False
aimnet2,682,C2F2H3O2Si1,2,4.848603783654628,0.0007052687595260991,False
aimnet2,683,C12H6O4,0,4.057323198054886,0.0010864835212093056,False
aimnet2,684,C5H8N4O8,1,3.988637058321546,0.0011931919187261966,False
aimnet2,685,B1C3H5O1,3,4.167933459762358,0.0005211500797501986,False
aimnet2,686,C16H12S4,3,4.103038592465647,0.0016161528663611974,False
aimnet2,687,C10H18N6,3,3.7734482071341033,0.0014523689599362048,False
aimnet2,688,C4H6N2S1,4,4.688948551243957,0.0008574633021322994,False
aimnet2,689,C9H10O2,0,4.411527874212333,0.0012260794256520003,False
aimnet2,690,C8H8N2O5,3,4.7287140281586595,0.0015428908088472102,False
aimnet2,691,C12H13N2O1S2,3,3.606177952612103,0.0011704067483315058,False
aimnet2,692,C4H6N1O4,4,4.32890477654799,0.0008432737453989,False
aimnet2,693,C5H6N4S2,0,4.274769654720101,0.0009319564356467064,False
aimnet2,694,C9H14N7,4,4.451348433740296,0.001783305259070597,False
aimnet2,695,C8H7N1O2S1,1,6.669486660890124,0.0025354769822281045,True
aimnet2,696,C10H14N4,3,3.7529091170942404,0.0011830834546582019,False
aimnet2,697,C6H10N1O2S1,0,5.4415486900016266,0.0017766271287395045,False
aimnet2,698,Cl1H1O4P2,0,7.917745434044807,0.0015045766262000975,True
aimnet2,699,C8H9N1,0,3.1760903418359603,0.0005447276924131981,False
aimnet2,700,C2H9N1O1P1S1,2,4.206086323693058,0.0007961022973061003,False
aimnet2,701,C7Cl1F1H9N2,0,4.126349673469472,0.0010216056976644968,False
aimnet2,702,C5H7N4O2,2,4.5306298377676315,0.001108436763250999,False
aimnet2,703,C1F1H1P1Si1,3,9.249391450682582,0.0012832686331194008,True
aimnet2,704,C6H6N3O2,1,4.111502335976138,0.0008621270243955991,False
aimnet2,705,C1Cl2H8O3Si4,2,6.9691185752277915,0.002622705140641592,True
aimnet2,706,C7H9N2O3S1,4,7.761334439590137,0.003975728610689085,True
aimnet2,707,B1C1H5N1O1S1,3,3.562737480848601,0.0003807929507233031,False
aimnet2,708,As1C6F4H10N1,0,5.2209309268911195,0.0017990359030622988,False
aimnet2,709,C4Cl2H3O4,4,3.2799830650754975,0.00041957326738010023,False
aimnet2,710,C16H16O2,3,4.368556805873688,0.0019465974337468217,False
aimnet2,711,C6H8,0,3.426977747117085,0.000493255412127899,False
aimnet2,712,Cl1H1O4,3,3.778231660386183,0.0002569506206318016,False
aimnet2,713,C6H12O1Se1,4,3.9233015020487954,0.0009235376805586999,False
aimnet2,714,C9Cl3H7O3S1,4,5.514782805989778,0.002098485228409594,False
aimnet2,715,C4H5O6S1,4,7.586447762933227,0.0027626011036662994,True
aimnet2,716,C4H3N3,2,3.7464390107754455,0.000421074157843803,False
aimnet2,717,C11H13N3O1,2,4.602632063826165,0.0017794746408566985,False
aimnet2,718,C7H19O1S2Si2,2,5.037013763645114,0.0023595502119289793,False
aimnet2,719,Br1C10H9N6,2,4.014236750125444,0.0012568995415124995,False
aimnet2,720,C9H11N1,4,3.6825249259747572,0.0008543423593167997,False
aimnet2,721,C7H11N3O2,4,3.660059599487215,0.0009243265027540973,False
aimnet2,722,C3Cl4H5N1O4,3,4.521600775331289,0.0010426885521453025,False
aimnet2,723,C4H9O2S3,1,4.939672031762987,0.0013176194281945997,False
aimnet2,724,C6F2H2S2,3,6.266098497592708,0.0014135036537352094,False
aimnet2,725,C8Cl1H12N5O2,4,4.77770178862766,0.0019174204880086983,False
aimnet2,726,C13Cl2H13N3O6,1,4.506214940470529,0.0022539630129589,False
aimnet2,727,C5H12N4O2,4,4.132573304030833,0.001178393185809994,False
aimnet2,728,C9H13I2N1S6,4,4.346918871815433,0.0017573004420674994,False
aimnet2,729,C1H2O3S2,2,7.052120121477064,0.0011935775569858003,True
aimnet2,730,C4H1N5O1,4,4.559634716580405,0.000686078868705294,False
aimnet2,731,C13F1H10O1P1,0,3.9398610051364766,0.0012107553697040105,False
aimnet2,732,Br1C5H3N5,0,4.092646280501483,0.00070348965024671,False
aimnet2,733,C10H10I2,3,4.773032543367999,0.0015036014175632995,False
aimnet2,734,C2H7N3O1S1,2,4.606548105533607,0.0008912519888410007,False
aimnet2,735,C8H13N3O1S1,2,4.020548497230933,0.0012608551970497007,False
aimnet2,736,C16H12,0,2.9629739513242788,0.0007374540294430017,False
aimnet2,737,C2Cl1H4N2O3,4,4.106715354064724,0.0006071439959751941,False
aimnet2,738,C4H11P1S3,0,4.370067291108436,0.001088556823342502,False
aimnet2,739,C8H4N4O2S1,3,3.5179346342984363,0.0007054242531981988,False
aimnet2,740,C6H11N3O2S1,2,5.689876742819381,0.0022338541170449054,False
aimnet2,741,C14H14I1N3O1,2,5.44242570142184,0.0029323797540342033,False
aimnet2,742,C10H12,0,2.9944538140530828,0.0005918057405368055,False
aimnet2,743,C9H3I1N1O3,1,3.3589281374948863,0.0005754023098755981,False
aimnet2,744,C13H15N2S2,3,3.8833062910495744,0.0014476865040100994,False
aimnet2,745,C2H8N5,4,4.568327740150291,0.0009391328253642,False
aimnet2,746,C4H1N2O2P1S1,2,5.719260062434706,0.0010794278768381008,False
aimnet2,747,C2N2O14P2,4,7.103392890923085,0.003027491433768998,True
aimnet2,748,C6H8N1O1S4,3,3.4073774478634324,0.0006966132643324993,False
aimnet2,749,C9H8N4,1,4.495822169067205,0.0012733822694801973,False
aimnet2,750,C10H18N8O3,4,4.281181046769943,0.0021444358051609953,False
aimnet2,751,C15H17N3O1,4,3.695015379493877,0.0014745389747071985,False
aimnet2,752,C10H12O2,0,3.5814345458151746,0.0009235204852290009,False
aimnet2,753,C3H1N3O2,2,3.606417681829825,0.00035116870938699984,False
aimnet2,754,C9H18N2O3S1,3,4.260918157904185,0.0017973869312874016,False
aimnet2,755,C14H12I1N1O1S1,3,3.8773134246637526,0.0013530203453769984,False
aimnet2,756,C6H9N3O1,0,4.357765840045805,0.001082437017650197,False
aimnet2,757,C11F5H12N1O3S1Si1,2,8.575526386048084,0.007501044585376305,True
aimnet2,758,C5H5N5,2,2.9457139836959843,0.000390475389318393,False
aimnet2,759,C7H5N5,3,4.087667715692625,0.0008521603950497037,False
aimnet2,760,H4O9P1,1,6.158929216242905,0.001593161181808999,False
aimnet2,761,C7H10O3,0,4.378989090608516,0.0011505327273401038,False
aimnet2,762,C5H8N2,3,2.940258867761277,0.0003890304994251972,False
aimnet2,763,C8H10N4O1,2,4.725348270331627,0.0015406952230389008,False
aimnet2,764,Br1C13H18N1O4S1,4,4.38664386669945,0.002193661463110717,False
aimnet2,765,C8H7N1S2,0,3.41258604984793,0.0006288701515713017,False
aimnet2,766,C8H11N2O2,4,4.054637130891536,0.0011343656761611,False
aimnet2,767,C5H4O2P1S1,1,4.302285014254274,0.0007218765974111989,False
aimnet2,768,C9H16N3O1,2,3.6228541940406775,0.0011418813084811972,False
aimnet2,769,C2H1N2O2,4,3.2590874297211427,0.00022305466836589367,False
aimnet2,770,C17H8I4N4O4S1,0,6.415180387018083,0.004691617491369889,False
aimnet2,771,C5H4O2P1,3,5.072939590536843,0.0009264497792125004,False
aimnet2,772,Br1C5H11N1O2,0,3.583858721664641,0.0007706426002111031,False
aimnet2,773,C12H19N2,3,3.9446351008086045,0.0015404544617745998,False
aimnet2,774,C6Cl2H5N2O1,4,3.956895177488976,0.0007515369333905047,False
aimnet2,775,C2H3O2,0,5.377084810764304,0.0006071738623051959,False
aimnet2,776,C6H10N5S2,1,4.3886021053201505,0.0013289281622786114,False
aimnet2,777,C15Cl1H15N3,2,4.134965564833975,0.0017439899026810012,False
aimnet2,778,C7H8O4,2,4.132730205538493,0.0009735291602509035,False
aimnet2,779,Br1C12H7N8S1,4,3.9000456404481074,0.001323300971789311,False
aimnet2,780,C1F2N1O1,4,6.958646333770144,0.0007263413819773901,True
aimnet2,781,C12H18O1,0,3.770747683052273,0.0013223240422997,False
aimnet2,782,C12H24N3,4,4.055485368446207,0.0019242945041207076,False
aimnet2,783,Br2C8H5I1O3,3,4.942925430400857,0.0013926531731986995,False
aimnet2,784,C2F2H2N1O2,0,5.045227423785983,0.000687266633458498,False
aimnet2,785,C17H18N2O1,4,3.757069069420184,0.0016091747511328982,False
aimnet2,786,C4Cl3H8S1,0,5.122983922230007,0.001259758284836503,False
aimnet2,787,C7H8N2O2S1,1,4.798162935269762,0.0013813420532037919,False
aimnet2,788,C7H4N2O1S2,4,3.5197162604906858,0.0005946433226094018,False
aimnet2,789,C8H13N2O2S1,3,4.3880021330226695,0.0015018558921140969,False
aimnet2,790,C8H10N2S1,0,3.0458277938103504,0.0005844552178215005,False
aimnet2,791,H5N5,0,6.050886543694183,0.0010983968389397802,False
aimnet2,792,C5H8N1S2,1,4.3615338580519465,0.0009131029245568077,False
aimnet2,793,C1H4O1P2,1,4.296862173654054,0.00044311258894509707,False
aimnet2,794,C7H6N4O3,1,4.7631872044820565,0.0013612771406964954,False
aimnet2,795,Br1C3H3N4O1S1,2,4.626172726855325,0.0008346574898493014,False
aimnet2,796,C4Cl2F2H5N1O1,2,4.427116927945305,0.0008819713932164947,False
aimnet2,797,C5H8N4,1,4.196390814895247,0.0008980944894381969,False
aimnet2,798,C8H6N3O1,4,3.386084500042733,0.0006191406850372008,False
aimnet2,799,Br1C4H5N3O1,1,4.385434613463297,0.0008077455434564033,False
aimnet2,800,C7H1O10S2,0,10.282381837227465,0.006343642574792715,True
aimnet2,801,C6H10O2S2,3,4.087560544339368,0.0010024890722183971,False
aimnet2,802,C5F1H9N2O1S1,4,3.6569171873052793,0.000762263468944099,False
aimnet2,803,C6H7N3O1S1,3,4.208137202036443,0.0009562546104028081,False
aimnet2,804,C6F5H3N1O5P2S1,0,7.898664684480873,0.004304834362052708,True
aimnet2,805,C7Cl1H10N2O1S1,1,4.126356657364434,0.001123770071409202,False
aimnet2,806,C6H8N5,4,4.077318871888478,0.0009475981634343022,False
aimnet2,807,C9H11N4,4,3.615901343969558,0.0009413814621111017,False
aimnet2,808,C11H10O1,4,3.766150890712195,0.0009361369070864092,False
aimnet2,809,C15H13O5,1,5.381776745863515,0.0028673885732894114,False
aimnet2,810,Br1C12H16N4O4,4,4.144257865911173,0.0019064109317674955,False
aimnet2,811,C6Cl2H9N4,1,4.478517694686386,0.0012635986067220009,False
aimnet2,812,C12H10N2P4,3,4.548383307723719,0.0017377744199742996,False
aimnet2,813,C3H3O5S3,1,6.971172673655681,0.0020410844347287954,True
aimnet2,814,C5H10N3S1,2,4.327119077047378,0.001067265691895999,False
aimnet2,815,C3Cl4H8Si2,4,7.23486593584301,0.002669507540590699,True
aimnet2,816,C11H21N6O1S1,1,4.826349211943659,0.0027952376058755007,False
aimnet2,817,C13H18N3O2,0,4.272751760310674,0.0019716920213657006,False
aimnet2,818,C6H14N4,3,4.986642571818313,0.0017903954980130951,False
aimnet2,819,Br1C13H20N1O3,2,4.343152322296884,0.002150378818792701,False
aimnet2,820,C6H6O2S2,1,7.744427465162832,0.0028788555246320835,True
aimnet2,821,C1H3O4S2,4,12.27835013675164,0.00452273646242007,True
aimnet2,822,C3H7N1O1,4,3.5422642273061067,0.00045171489081789106,False
aimnet2,823,C7H11N3O1S1,0,4.152889131988179,0.0011900076818384016,False
aimnet2,824,C1H3N2O3,0,3.5474344343717834,0.00033977585878649966,False
aimnet2,825,C10H8I1N1,4,3.7668613149367034,0.0008513546499580002,False
aimnet2,826,C3H10N3,0,4.184894751824713,0.0008406405160248012,False
aimnet2,827,C7H5N1O1S1,4,4.135692403247052,0.0007696778244423919,False
aimnet2,828,C3H8N1S1Se1,0,6.76649075594194,0.0019229866803104044,True
aimnet2,829,C6H10N1,0,3.2424440350992905,0.0005361856093582994,False
aimnet2,830,C11H13N2O6,2,4.264569693249761,0.001745909248184099,False
aimnet2,831,C5H10N4O1,2,4.513472989514465,0.0012222863056245987,False
aimnet2,832,Br3C8H8O2,1,3.625351083095703,0.0008280197399693007,False
aimnet2,833,C5H6N3O3S1,0,4.116240603838749,0.0009149455822693027,False
aimnet2,834,C9H15N2S2,2,3.9223112409383973,0.0012923001395465036,False
aimnet2,835,C12H19I1N1O3P1,4,4.693578206885687,0.002445294078640901,False
aimnet2,836,C4Cl1H7N2O3S1,2,4.508836217439527,0.0010977986179274972,False
aimnet2,837,C6H12N4O2,1,5.088458644300682,0.0018642536189826002,False
aimnet2,838,C4H11N2O1P1,4,3.8993982377970924,0.000866702477165299,False
aimnet2,839,C9H4N1O2,0,3.983482985734119,0.0007616705614863944,False
aimnet2,840,C6H10N2,2,2.772169710507571,0.00041498594480820404,False
aimnet2,841,C6Cl1H2O2S2,0,3.6810021734085447,0.0005284413030248988,False
aimnet2,842,C3H9N2O1S1,3,4.752151894264805,0.0010839814860558994,False
aimnet2,843,C5H13N2O2S1,4,4.233730807413811,0.0012367888819254911,False
aimnet2,844,C13F1H15N4O1,2,4.533941706486602,0.002096775994577502,False
aimnet2,845,C3H7N3O2,3,4.360211672559281,0.000855515062328499,False
aimnet2,846,C2H3N2O5P1S1,3,8.972364340011762,0.003381139517696417,True
aimnet2,847,C2Cl3F7O2S1,3,15.44775081519925,0.010738485236182009,True
aimnet2,848,C3H5N1O1S2,2,4.143726163681064,0.0006181367947046996,False
aimnet2,849,B1C12F3H13I1N2O6,2,4.901049977216574,0.002738313160225901,False
aimnet2,850,H3N3O2S1,3,5.0159475352120655,0.0006793127012519998,False
aimnet2,851,C5H9N2O5S1,3,4.5304551279168574,0.0013546515619604982,False
aimnet2,852,C9H17N4O3,3,4.037761507572903,0.0016140482812117033,False
aimnet2,853,B1C4H11N1O2,3,5.254822880359776,0.0015739503197252985,False
aimnet2,854,C10H10N1,0,3.825517210056653,0.0009219786612396973,False
aimnet2,855,C9H8N3O2S1,2,4.906690099785541,0.0016612169337380074,False
aimnet2,856,C12H20N2O2,4,4.335105636143501,0.0020296592146645,False
aimnet2,857,C7H12N2O2,2,3.6220517446143274,0.000905228860005795,False
aimnet2,858,C14H13N3O2,2,4.280315289285188,0.0017588255016661,False
aimnet2,859,C9H10N2O3P1,0,6.869547997883491,0.0035393017271418813,True
aimnet2,860,C12H14O2,2,4.447419070112188,0.0016614810563565948,False
aimnet2,861,C5H10N4O1,2,5.4321144983535135,0.001770472075393346,False
aimnet2,862,C8Cl4H8O6P2,2,8.741802788839967,0.006419205743913499,True
aimnet2,863,C9H13N2,2,4.136945981394514,0.0012322311878142879,False
aimnet2,864,C6H16N2P2S2,1,4.844009545107282,0.0019710119917395984,False
aimnet2,865,C5H2N5O10,1,4.687214519629838,0.001450018676899899,False
aimnet2,866,C4Cl2H22Si6,3,4.747737963423563,0.002299183608471999,False
aimnet2,867,C7F6H3N2,3,7.064774342941153,0.0026951959719006984,True
aimnet2,868,C6H13N3,2,4.5134157677216304,0.001344480844893004,False
aimnet2,869,C7Cl1H10N2O1,2,4.053266229850446,0.0010350249291929008,False
aimnet2,870,C5H7O3P1,4,6.87090325468579,0.0022660469536920857,True
aimnet2,871,C8H14N4O1,4,4.315839826225252,0.0015087443458561935,False
aimnet2,872,C4Cl6H6Si2,2,4.95816538769674,0.0013275038166347137,False
aimnet2,873,C7F2H6N2O1,4,4.821377387088631,0.0012552667150713983,False
aimnet2,874,C4H7N2O3,0,4.127179301564763,0.0008176132313887012,False
aimnet2,875,C4Cl1H6O2S1,4,3.9166555274667254,0.0006442880018750974,False
aimnet2,876,C6H8N2,2,3.1643765793899568,0.00048063739853720076,False
aimnet2,877,C12Cl2H15N3O2,1,4.573652701448658,0.0021336665014137983,False
aimnet2,878,C7H12N3O1,4,4.075516465041174,0.0011460785775206977,False
aimnet2,879,Br3C8H16N3O2S1Si1,0,8.083691857089585,0.0066652995521184,True
aimnet2,880,C8H12N2,2,4.268860352374242,0.0012027291347328005,False
aimnet2,881,C6H14N1O1,3,4.597144146809896,0.0013948264642322003,False
aimnet2,882,C6H9N1O4P1,4,5.443928324421147,0.0018670904028903956,False
aimnet2,883,C2F1H2N5S1,1,4.346232499825149,0.0006233613191036999,False
aimnet2,884,C1F2H2O6S2,0,9.94210941195228,0.003854976042809975,True
aimnet2,885,C8Cl1H6N2,2,5.814036384772042,0.0017239539732561108,False
aimnet2,886,C5H11N2O1,2,3.9471309507761956,0.0008880510363267975,False
aimnet2,887,C6Cl2H12N2O1,2,4.334014233034083,0.0012960738766777985,False
aimnet2,888,C7H10I1N5,1,3.7828118220598763,0.0009873669043970015,False
aimnet2,889,C9F2H16I2P1,3,4.754358913435823,0.002034353580998999,False
aimnet2,890,C6Cl1F1H3N2O3,2,4.874875377451324,0.0011406916773926967,False
aimnet2,891,C2F6I2S2,0,12.342922042151777,0.0054845180833909025,True
aimnet2,892,C7H5N10O2S1,1,4.6550971441131725,0.001625244706584796,False
aimnet2,893,C17H13N1O1,2,3.385541732294602,0.0011003417108264003,False
aimnet2,894,C6H8N1O1S2,2,5.124181460942866,0.001417890724812211,False
aimnet2,895,C6H7N5S1,1,3.866696863400771,0.0008522266441057017,False
aimnet2,896,C9H6N2O2,0,3.807568305567386,0.0008263618548889938,False
aimnet2,897,C6H8N4O2,2,3.9216445228377648,0.0009227577458102063,False
aimnet2,898,C4H6N1O1S1,4,3.966012197119416,0.000613440857160299,False
aimnet2,899,C9H12N1,4,5.190180184360389,0.0017779060428443976,False
aimnet2,900,C5H7N1O4S1,0,6.092641827874384,0.0020044953599092836,False
aimnet2,901,Br1C6H4N1O2S1,0,4.882545832905434,0.0010727664214689998,False
aimnet2,902,C4H11N3S1,4,3.8468649222330322,0.0008435070746046963,False
aimnet2,903,C1Cl3F2P1S3,1,11.63925351517126,0.004064166671712797,True
aimnet2,904,C6H8N5S1,4,5.26894223251483,0.0016657051349747015,False
aimnet2,905,C7H11N3O1,1,4.606440615700552,0.0014004734796343949,False
aimnet2,906,C8H9N2O1S2,2,5.32912105863693,0.0018743690630021008,False
aimnet2,907,C4Cl3H5N1,1,3.9773259909230245,0.0006169457594848009,False
aimnet2,908,C8H10N5,2,3.8589751659385594,0.0010275265638618068,False
aimnet2,909,F3O9P1S3,0,13.244255952590034,0.008419695155410394,True
aimnet2,910,C4H3N6O2,2,3.895135944928689,0.0006827437813263979,False
aimnet2,911,C4H2N6,1,3.098253695171613,0.00034557033454720397,False
aimnet2,912,C10Cl2H19N4O2S1,4,5.647479636417158,0.0036359189917870983,False
aimnet2,913,C6H12N1O4S2,4,5.751570468040301,0.0024810422136624997,False
aimnet2,914,C14H16N3O5,3,4.691492307297313,0.002509151407915004,False
aimnet2,915,C3H11N6O1,1,3.0161883057241896,0.0005731356894220034,False
aimnet2,916,C9H8N1O1S1,2,3.389576914857763,0.0006893538997042002,False
aimnet2,917,C10H9N1O2S1,0,6.540839605017238,0.0029519982089607822,True
aimnet2,918,C13H16N2O1,4,4.338184260736401,0.0018067048972896997,False
aimnet2,919,B2C10Cl2H16N4,2,4.291168019783165,0.0018782405433489964,False
aimnet2,920,Br1C6F1H5N3S1,3,5.931567080731514,0.0017943578896941065,False
aimnet2,921,C5Cl1H2N1S2,2,4.365210777312648,0.0006288171493020944,False
aimnet2,922,C6H6N2O3,2,4.074490977011617,0.0008466753128092033,False
aimnet2,923,C13H7N5,1,3.744271531442335,0.0010514676975877145,False
aimnet2,924,C3H8O4Si2,3,5.643443053105361,0.0016242709241758016,False
aimnet2,925,C11H18N5O2,4,4.58525380439771,0.0022706516646803167,False
aimnet2,926,C6H8N3O6,4,4.699576276655784,0.0015239351854273032,False
aimnet2,927,Br1C11F4H8N2O1,3,5.188016795880627,0.002180156980221499,False
aimnet2,928,Br1C4F7H1O1,3,8.104559279096856,0.002758723006552588,True
aimnet2,929,C2Cl1H5N1O2S1,0,8.105991132707233,0.002365455320767019,True
aimnet2,930,C1H3I1P1S1,0,8.874910791519717,0.0016540448727060959,True
aimnet2,931,C7H6N3O4,0,3.8447254389888927,0.0008869148220725001,False
aimnet2,932,C9H9N3O1,1,4.9457081796289275,0.0016143619402711994,False
aimnet2,933,C5H10N1O1S3,3,4.263512081686492,0.0010906521162412006,False
aimnet2,934,C4Cl4H2N1,4,2.900611772401464,0.00027764710558840077,False
aimnet2,935,C17H15I1N2O2S1,4,4.7307749866493305,0.002551346445070995,False
aimnet2,936,C7Cl2F1H3N1S1,1,3.408804690879514,0.000522897723925298,False
aimnet2,937,C8H9N3O3,2,4.805071288371773,0.0015931209959571,False
aimnet2,938,C9H12N4S2,2,4.005654834794474,0.0012996669230965,False
aimnet2,939,C12H18O10,2,5.282857657333452,0.0033490302033176017,False
aimnet2,940,C10H12O5,3,3.718890256830918,0.0011202417241305065,False
aimnet2,941,C3H7N4S1,2,3.8113651338335854,0.0006536926882531037,False
aimnet2,942,C4H7N1O2S3,4,4.951044282024219,0.0012501548136108005,False
aimnet2,943,C2H4N2O1,2,4.642357918754055,0.0005818901502370989,False
aimnet2,944,C6H5N3O2S1,4,6.033944380109161,0.0018568327238947975,False
aimnet2,945,C6H11N4O1S1,1,4.066713121237101,0.0011411327371204983,False
aimnet2,946,C1H5N7,1,3.67914659907214,0.0005279086682010997,False
aimnet2,947,C8F1H14N2,3,4.505664882412789,0.001522576202445589,False
aimnet2,948,C4H8N10,0,4.139313565789284,0.0011308385085311953,False
aimnet2,949,C13H20N3O2,0,4.438666591049515,0.0022460007661408996,False
aimnet2,950,C6H8O2,1,4.146901356034051,0.0008254459611204985,False
aimnet2,951,C9H6N2S1,1,3.3590711500442283,0.0006093013855172105,False
aimnet2,952,C4Cl4,1,7.028096129259475,0.0011854592448506884,True
aimnet2,953,C2H2N2O2S1,1,8.40166161509732,0.0019058737831541919,True
aimnet2,954,C9H12O2,2,3.652854221524256,0.0009206907334958228,False
aimnet2,955,C2H4N4O2,1,4.469083233579179,0.0007190173781517073,False
aimnet2,956,C7Cl1F2H3O2S1,3,4.255387676120367,0.0008691995651557005,False
aimnet2,957,Br1C13F1H14I1N3O1,0,4.424178792098146,0.001996482514414003,False
aimnet2,958,C6H8N2S4,4,4.410990014189191,0.0011674099743166058,False
aimnet2,959,C10H10O3,4,5.792204094197194,0.002314924350549597,False
aimnet2,960,C6H10N2,2,3.8331019772971424,0.0007934042214914001,False
aimnet2,961,C9H14O2,4,4.09294290327518,0.0012564136207102994,False
aimnet2,962,C2Cl1H9N2O2S3,0,5.115666325150173,0.0014916923911657022,False
aimnet2,963,C13H12N2,0,3.873196242037173,0.0012151335794758013,False
aimnet2,964,C4F6H3N7S3,0,9.270313354288122,0.005929770968381797,True
aimnet2,965,C12H12N4,1,4.362058838568869,0.0015983148141354908,False
aimnet2,966,C5H4O2S1,2,3.4426883762096723,0.0004266757172048108,False
aimnet2,967,C8H11N1O1,2,3.394118914308488,0.0007257627218813978,False
aimnet2,968,C7H6O3S1,3,5.904341694901715,0.0017779237933578979,False
aimnet2,969,C12H11N1O3,3,3.469765327109829,0.0009751809854422999,False
aimnet2,970,C7H8N2O3,3,3.7060966116139555,0.0008241091256769866,False
aimnet2,971,C7F6H9N2O2,4,6.70370587573147,0.0035052944525286976,True
aimnet2,972,C3F2H1O3,4,6.6062762156141375,0.0011783579067987042,True
aimnet2,973,Br2C16H13I1N1O1S5,1,5.30134755656707,0.0032882014521157985,False
aimnet2,974,C4H3N3O4,4,3.882885470580507,0.0006332255822610986,False
aimnet2,975,C10H16N1,4,3.468304581842315,0.0009743600704667,False
aimnet2,976,C11Cl1H14N2,1,3.6072180595269527,0.0010930098588341009,False
aimnet2,977,C3H9N6O3,2,4.846982583901339,0.001480074130624503,False
aimnet2,978,Br1C6Cl1H8,0,4.788812181110895,0.0011007706610858922,False
aimnet2,979,C5H6N4O3S3,2,5.993572500741337,0.0022631434132634938,False
aimnet2,980,C1H9N1O7P1S2Si1,2,5.747872640171744,0.002180510632583903,False
aimnet2,981,Br1C4H6N2,1,5.249208783839566,0.0010746135213971998,False
aimnet2,982,C11H12N3O2,0,4.4017058262783815,0.0016275011912118159,False
aimnet2,983,C9H16N3O1,2,3.575019744008349,0.0011119266567943082,False
aimnet2,984,C6H16N4O1,0,4.060179273893802,0.0013352895146287005,False
aimnet2,985,C4H9I1O1P4Se3,1,7.8672099270005145,0.0040849374743427,True
aimnet2,986,C12H19N3,1,4.177399794283347,0.0017799682422104121,False
aimnet2,987,Br1C7H9N2,0,4.689895115254843,0.0012537216229492009,False
aimnet2,988,C6H12O2S1,3,3.9726302569036975,0.0009942528429582045,False
aimnet2,989,C6H19N6O3,0,4.934624017309212,0.002483752447604901,False
aimnet2,990,C6H10O6S1,2,5.207092497922035,0.0018708530474521997,False
aimnet2,991,C6H6P6,1,7.786210161060141,0.003273753708298594,True
aimnet2,992,C8H20N1O2Si1,1,5.12372475304151,0.0025202453131133074,False
aimnet2,993,C7H16N4,4,4.757661192093291,0.0018334625415187945,False
aimnet2,994,C16H15N3O1,4,4.413366105041749,0.002045169039598795,False
aimnet2,995,C3H6N2S2,1,4.212204443214238,0.0006919639845859169,False
aimnet2,996,C2H1N1S1,2,5.975966612200325,0.0005356826542519954,False
aimnet2,997,C8H19N1O8S1,1,6.791355304223487,0.0051195982623706985,True
aimnet2,998,C7H5N3S1,0,3.438527873323538,0.0005675267489098988,False
aimnet2,999,C10H8N1O2S1,2,4.118206876489845,0.0011193354399195042,False
transition1x,0,C4H7N1O2,2,4.337215907224464,0.0007900805566869992,False
transition1x,1,C5H8O2,4,3.3787983367361707,0.0005137325190149001,False
transition1x,2,C5H6O2,0,3.395122276847122,0.0004495473557149999,False
transition1x,3,C4H6N2O1,1,3.243396358569923,0.0004102651776126008,False
transition1x,4,C5H8O1,1,4.2036364475656525,0.0007421634940986999,False
transition1x,5,C4H6O2,4,4.061064967722271,0.0005937209521941991,False
transition1x,6,C4H4O2,1,3.9261331942557254,0.0004624356557710999,False
transition1x,7,C4H6O2,4,4.213631414207939,0.0006391688290128,False
transition1x,8,C4H9N1O2,0,4.100764930607459,0.0008071811047728,False
transition1x,9,C5H7N1O1,4,3.942286488549507,0.0006527481558276,False
transition1x,10,C7H10,4,5.40828384344395,0.0014917262406941001,True
transition1x,11,C4H8O3,3,4.368361024162012,0.0008587160116838002,False
transition1x,12,C5H7N1O1,4,3.9712143624229466,0.0006623628275172002,False
transition1x,13,C4H8O3,3,4.222027392906294,0.0008021481887903003,False
transition1x,14,C5H8O1,1,5.106661579394072,0.0010952756844313013,True
transition1x,15,C3H5N3,2,3.738955008015426,0.0004613328902148,False
transition1x,16,C5H7N1O1,4,4.225295832260346,0.0007498312445448995,False
transition1x,17,C4H7N1O1,1,3.637211337606087,0.0005159429462620001,False
transition1x,18,C4H6N2O1,1,4.09940990120936,0.0006554012999871999,False
transition1x,19,C4H6O1,1,3.9892695609407594,0.0005251709637849999,False
transition1x,20,C4H5N1O2,3,4.459428119062901,0.0007159139693671997,False
transition1x,21,C5H9N1O1,3,3.2422852810646283,0.0005045958645028001,False
transition1x,22,C6H6,1,6.727628464282775,0.0016293954511234013,True
transition1x,23,C6H8O1,2,4.324440021764152,0.0008415351675825994,False
transition1x,24,C6H9N1,2,4.193472532953001,0.0008440901704623001,False
transition1x,25,C6H8O1,2,3.4846588781055745,0.0005464281373542001,False
transition1x,26,C7H8,0,5.0758966353182915,0.0011594126993595998,True
transition1x,27,C5H8N2,3,3.422246975807951,0.0005270298463542,False
transition1x,28,C5H8O2,4,3.4314265143034097,0.0005298609565379003,False
transition1x,29,C4H4N2O1,4,3.3021398758692895,0.0003598362160735995,False
transition1x,30,C5H8O1,1,4.0461457053440135,0.0006875943928926997,False
transition1x,31,C6H12O1,2,4.1176026588022605,0.0009664151443792005,False
transition1x,32,C4H10O2,4,3.4276242005761115,0.0005639331676980013,False
transition1x,33,C5H6O2,0,3.831234129750029,0.0005724558433214971,False
transition1x,34,C4H6O3,2,4.581878376106887,0.0008187507686839993,False
transition1x,35,C4H8N2O1,4,2.92188925057554,0.0003841846556683001,False
transition1x,36,C6H12O1,2,4.323932787651952,0.0010656945008715,False
transition1x,37,C6H10O1,1,3.787926720238406,0.0007317678307327004,False
transition1x,38,C3H8O2,0,4.018898167506191,0.0006299101567506001,False
transition1x,39,C4H10O2,4,4.838987021666004,0.001123958179000897,False
transition1x,40,C4H8O2,4,3.523871805288827,0.0005215422450046005,False
transition1x,41,C4H7N1O2,2,4.621686632662984,0.0008971194678824998,False
transition1x,42,C4H10O1,4,4.218357271474027,0.000800754213140901,False
transition1x,43,C5H10O1,2,3.3532391743283094,0.000539722222092,False
transition1x,44,C5H8O2,4,4.122414749127022,0.0007647436513719002,False
transition1x,45,C4H8O2,4,3.2009571128049603,0.0004303373103967,False
transition1x,46,C4H7N1O1,1,4.234707382193925,0.0006993771178995011,False
transition1x,47,C3H5N1O2,0,5.003875716887922,0.0008262794822720003,False
transition1x,48,C5H5N1O1,2,3.0412806534670187,0.00033297796847349994,False
transition1x,49,C3H8O1,3,3.083756612352949,0.0003423439743922993,False
transition1x,50,C3H4N2O1,0,3.1049001828223077,0.0002892121543587,False
transition1x,51,C5H6N2,1,2.8451173770059186,0.0003156930226687005,False
transition1x,52,C4H7N1O2,2,3.5362878358547545,0.0005252239296366007,False
transition1x,53,C6H10,0,3.327570234737726,0.0005314907360213992,False
transition1x,54,C4H5N1O1,3,3.2142217184229556,0.0003409303014209999,False
transition1x,55,C5H10O1,2,3.301690440276708,0.000523255668643901,False
transition1x,56,C3H4O3,4,3.748322804783494,0.0004214977154658,False
transition1x,57,C5H7N1,0,3.268985775062581,0.0004167644519048987,False
transition1x,58,C3H5N1O1,2,5.882414233911954,0.0010380839165798988,True
transition1x,59,C5H10O2,4,4.836499220277118,0.0011929779600947997,False
transition1x,60,C4H8O1,1,4.107649523201679,0.0006580385996129,False
transition1x,61,C6H8O1,2,5.482138041096943,0.0013524226875739,True
transition1x,62,C2H4N4,2,3.7944355831541885,0.00043193224184120006,False
transition1x,63,C4H8N2O1,4,5.78202187927372,0.001504429965558,True
transition1x,64,C5H9N1O1,3,3.121741331651562,0.0004677729092036,False
transition1x,65,C5H5N1O1,2,3.7755008514375383,0.0005131586404514008,False
transition1x,66,C3H5N3,2,3.1168593362151453,0.00032058880001780007,False
transition1x,67,C4H7N1O2,2,4.392867398192211,0.0008104859270802,False
transition1x,68,C4H8N2O1,4,3.9709973530839835,0.000709596899019,False
transition1x,69,C6H8O1,2,4.533221258002109,0.0009247542738300999,False
transition1x,70,C6H8O1,2,4.380929929189819,0.0008636646170012,False
transition1x,71,C4H9N1O2,0,4.7936896116737415,0.0011030140844673,False
transition1x,72,C5H8O1,1,3.827710140192611,0.0006153573265280002,False
transition1x,73,C4H6N2,4,2.8522335741280607,0.0002928685090097999,False
transition1x,74,C3H6N2,1,2.193876010703293,0.0001588320343612,False
transition1x,75,C2H4N2O1,2,3.677801087405661,0.0003652079626401011,False
transition1x,76,C5H7N1O1,4,3.32106730434947,0.00046323849768080026,False
transition1x,77,C6H8O1,2,5.427337866407442,0.001325519834226304,True
transition1x,78,C3H3N3O1,0,4.350114621441991,0.000567704916590502,False
transition1x,79,C4H8N2O1,4,4.280553004852942,0.0008245410312309999,False
transition1x,80,C6H12O1,2,3.1511986566462484,0.0005660130194979999,False
transition1x,81,C5H7N1,0,3.8428542852853402,0.0005759336332595002,False
transition1x,82,C6H10,0,3.3471719740986816,0.0005377708907612,False
transition1x,83,C4H3N3,2,2.7281476233945483,0.0002232836836509997,False
transition1x,84,C6H10,0,3.8649271926500006,0.0007170077858153,False
transition1x,85,C3H5N1O2,0,4.71845504128141,0.0007347059932276003,False
transition1x,86,C3H7N1O2,1,3.8882868704637126,0.0005896322166937993,False
transition1x,87,C5H7N1O1,4,4.285331955688519,0.0007712909387586977,False
transition1x,88,C3H4O3,4,4.34443502089167,0.0005662234695225001,False
transition1x,89,C5H7N1O1,4,4.101428733420363,0.0007065121415236991,False
transition1x,90,C4H9N1O2,0,3.653977553548099,0.0006408744941680008,False
transition1x,91,C4H8O2,4,4.099892626086456,0.0007059830209084,False
transition1x,92,C4H8O2,4,3.670402896007337,0.0005658180115988,False
transition1x,93,C4H6N2,4,4.2792796139592495,0.0006592404245201001,False
transition1x,94,C6H10O1,1,3.774350771178025,0.0007265319109384999,False
transition1x,95,C7H10,4,4.351097556437599,0.0009655345472274994,False
transition1x,96,C3H5N3,2,3.4132822702100554,0.0003844663632523002,False
transition1x,97,C6H11N1,3,3.2554738605377325,0.0005722979430588,False
transition1x,98,C4H7N1O1,1,3.65719840730719,0.0005216289074259997,False
transition1x,99,C5H6O1,4,4.272403096545574,0.0006571234158973994,False
transition1x,100,C3H4N2O1,0,3.2755801437933636,0.0003218827583524006,False
transition1x,101,C5H7N1O1,4,3.6895233819353437,0.0005717284770055998,False
transition1x,102,C5H7N1,0,3.5410664872254434,0.0004890269228110945,False
transition1x,103,C5H10O2,4,3.022895584682044,0.0004660327835104,False
transition1x,104,C4H7N1O1,1,2.8083813712487347,0.0003075932311287001,False
transition1x,105,C4H8O1,1,4.409235270638908,0.0007582128712020005,False
transition1x,106,C6H8O1,2,2.7650603256822843,0.00034405013720979993,False
transition1x,107,C4H8O3,3,4.747674297034519,0.0010143185053824997,False
transition1x,108,C4H5N1O1,3,3.8675914675172334,0.0004936227040671995,False
transition1x,109,C3H3N1O1,1,3.257234226789143,0.00025462979539599996,False
transition1x,110,C5H9N1O1,3,3.1314940193297383,0.0004707002300687001,False
transition1x,111,C4H6O2,4,4.254975706460875,0.0006517734574525999,False
transition1x,112,C5H10O1,2,4.983440555396108,0.00119206462892,False
transition1x,113,C3H4O1,1,5.870343861128006,0.0008270624891491986,True
transition1x,114,C5H10O2,4,3.4402159497068854,0.0006035893748115001,False
transition1x,115,C4H7N1O1,1,3.0065276935907645,0.0003525291421207999,False
transition1x,116,C5H8N2,3,4.219483787857099,0.0008011819546194999,False
transition1x,117,C6H10O1,1,3.284461443945223,0.0005501720358148998,False
transition1x,118,C4H8O2,4,4.150721557699055,0.000723596556881002,False
transition1x,119,C5H8O1,1,4.08553887384633,0.0007010483713678007,False
transition1x,120,C5H10N2,4,4.398863821765261,0.0009868501490441993,False
transition1x,121,C6H8O1,2,5.295165523606519,0.0012617450065076,True
transition1x,122,C5H12O1,3,4.032111447120479,0.0008779278269880001,False
transition1x,123,C3H3N1O2,1,5.342720459165459,0.0007707058714292,True
transition1x,124,C4H8O2,4,4.367354359246675,0.0008010989321676992,False
transition1x,125,C4H4O1,2,3.5490410443991243,0.00034008369304039995,False
transition1x,126,C5H8O1,1,4.039551896992147,0.0006853551401966999,False
transition1x,127,C6H6,1,5.661172373871274,0.0011537594152805995,True
transition1x,128,C4H4N2O1,4,3.8518757106930774,0.000489619234190701,False
transition1x,129,C5H7N1O1,4,3.4152000067450556,0.000489870825615,False
transition1x,130,C6H12O1,2,3.611248566166117,0.0007433436237782997,False
transition1x,131,C5H8O2,4,4.270888343914992,0.0008208219260785022,False
transition1x,132,C7H10,4,3.238669105657022,0.0005349378563728001,False
transition1x,133,C5H12O1,3,4.196772383057539,0.0009510965155005003,False
transition1x,134,C7H14,0,3.9859817912714584,0.0010009472029419001,False
transition1x,135,C6H11N1,3,3.453632869537795,0.0006440893198678006,False
transition1x,136,C5H6O1,4,4.171017923108418,0.0006263060585360997,False
transition1x,137,C6H10O1,1,6.142374074078983,0.0019241667225618003,True
transition1x,138,C5H10O1,2,2.8286489749657866,0.00038406024113159975,False
transition1x,139,C4H7N1O1,1,4.763848183500227,0.0008850757311020977,False
transition1x,140,C4H7N3,4,3.8410634821594103,0.0006196582843071,False
transition1x,141,C4H6O2,4,4.824383819143815,0.000837888452439,False
transition1x,142,C5H8O1,1,3.4620787885225983,0.0005034115605934002,False
transition1x,143,C5H4N2,1,4.425409269525599,0.0006462801576925024,False
transition1x,144,C4H7N1O1,1,4.05010433226045,0.0006397304589856,False
transition1x,145,C3H5N3,2,3.287265621768894,0.00035660180384609983,False
transition1x,146,C4H8O2,4,4.045629176225104,0.0006874188481239999,False
transition1x,147,C5H8N2,3,4.289647112079398,0.0008280482555777001,False
transition1x,148,C6H10O1,1,4.14823964193034,0.000877602498471,False
transition1x,149,C5H6O2,0,4.945021358879237,0.0009536762133511024,False
transition1x,150,C6H10O1,1,4.461051626790503,0.0010149500624614001,False
transition1x,151,C4H6N2O1,1,3.351864010775697,0.0004381647015226003,False
transition1x,152,C4H8O1,1,5.691591347357104,0.0012633742705471002,True
transition1x,153,C5H10O1,2,2.9986951333208407,0.00043162428012490057,False
transition1x,154,C3H4N2O2,1,3.1960142416031747,0.0003370787320735004,False
transition1x,155,C5H7N1O1,4,5.6372225397477855,0.0013346876744309,True
transition1x,156,C4H7N1O1,1,3.3572469153555127,0.00043957316717590004,False
transition1x,157,C6H10O1,1,3.639892894804601,0.0006756898345680999,False
transition1x,158,C4H5N1O2,3,4.630739553913988,0.0007719749573826067,False
transition1x,159,C2H2N2O2,2,5.172114334702316,0.0006420184005895965,True
transition1x,160,C4H5N1O2,3,2.304212084367331,0.00019113815987079988,False
transition1x,161,C5H7N1O1,4,3.64520706241935,0.0005580764501723002,False
transition1x,162,C4H7N1O1,1,3.693570934674784,0.0005320561837294999,False
transition1x,163,C7H12,4,4.341526943232534,0.0010743848033323998,False
transition1x,164,C5H7N1O1,4,4.966863382220979,0.0010361287380212002,False
transition1x,165,C5H4N2,1,3.2104168119552403,0.00034012361151400004,False
transition1x,166,C7H10,4,4.184517176853304,0.0008930193841723978,False
transition1x,167,C6H9N1,2,4.031597490037034,0.0007801813594402999,False
transition1x,168,C6H12O1,2,4.13498961020121,0.0009745939273589011,False
transition1x,169,C5H6O2,0,4.045363963644544,0.0006382338143358019,False
transition1x,170,C4H8O2,4,4.01753711638172,0.0006779053882231993,False
transition1x,171,C4H6N2O1,1,2.1703613056089552,0.00018370825967849972,False
transition1x,172,C4H7N1O1,1,3.630043642358615,0.0005139114569716999,False
transition1x,173,C5H8O2,4,4.09758389447055,0.0007555587197500998,False
transition1x,174,C6H8O1,2,3.246104281835553,0.00047417368538479996,False
transition1x,175,C6H8O1,2,4.183305236943896,0.0007875019217448999,False
transition1x,176,C4H6O3,2,4.310122569773898,0.0007245091060924995,False
transition1x,177,C4H7N1O1,1,3.8205635844188217,0.0005692715380009007,False
transition1x,178,C5H11N1,3,3.3185922114354454,0.0005616657675558001,False
transition1x,179,C5H8O1,1,5.299224121644511,0.0011794346042395998,True
transition1x,180,C5H8O1,1,4.681649715535265,0.0009205494504768,False
transition1x,181,C6H9N1,2,4.327537536058324,0.0008989238940477002,False
transition1x,182,C2H4O2,2,3.11838226834376,0.0002333833913164986,False
transition1x,183,C4H6N2O1,1,4.603191313992155,0.0008263854406552998,False
transition1x,184,C4H5N1O1,3,3.122192449577216,0.0003216868278425002,False
transition1x,185,C5H7N1O1,4,3.143229935906832,0.0004149555660591965,False
transition1x,186,C6H8O1,2,2.7765567877823067,0.0003469170418101,False
transition1x,187,C5H7N1O1,4,4.8544751779802295,0.0009897690286522999,False
transition1x,188,C4H6O3,2,3.7801198981432447,0.0005572829513292014,False
transition1x,189,C6H9N1,2,3.103482952449026,0.0004623171089348027,False
transition1x,190,C5H5N1O1,2,3.5048851017480667,0.00044223190475239997,False
transition1x,191,C5H4N2,1,5.954119057839977,0.0011699006139127958,True
transition1x,192,C5H4O2,4,3.3167528655996703,0.0003630280358582996,False
transition1x,193,C4H8O2,4,5.679500401962556,0.0013547824422674988,True
transition1x,194,C5H8O2,4,3.8962028345956417,0.0006831178437740001,False
transition1x,195,C3H5N1O2,0,3.724180585258746,0.0004576941940433998,False
transition1x,196,C5H11N1O1,0,3.1518438794134935,0.0005364424713706003,False
transition1x,197,C6H12O1,2,4.20052139698616,0.001005729660372698,False
transition1x,198,C4H8O2,4,4.482360525448083,0.0008438453469639992,False
transition1x,199,C5H8O2,4,4.990409557162835,0.0011206884396699971,False
transition1x,200,C5H6O1,4,3.931789238437692,0.0005565227981578,False
transition1x,201,C5H10O2,4,4.630735005473916,0.0010936290412369971,False
transition1x,202,C2H3N1O2,4,3.4817762717690717,0.0002909463841596993,False
transition1x,203,C3H5N3,2,3.430537764454058,0.00038836344866039976,False
transition1x,204,C4H4N2O1,4,3.7160864850730295,0.0004557068592299,False
transition1x,205,C3H4N2O1,0,3.142171211058791,0.0002961971975882001,False
transition1x,206,C4H8O2,4,4.101794211611201,0.0007066380616851007,False
transition1x,207,C5H8O1,1,3.3575934434332155,0.00047348421671820006,False
transition1x,208,C5H9N1O1,3,3.5323591611234617,0.0005989229396722967,False
transition1x,209,C6H10O1,1,2.6862902207968924,0.00036802391266779993,False
transition1x,210,C5H5N1O1,2,5.85182768691068,0.0012327799419825983,True
transition1x,211,C3H7N3,3,3.1071486748097192,0.0003765205426074999,False
transition1x,212,C4H6O3,2,5.180280932467332,0.0010465771110320995,True
transition1x,213,C4H6O3,2,3.3012226330263057,0.0004250247640394003,False
transition1x,214,C5H8N2,3,4.417709763729015,0.0008782271800446001,False
transition1x,215,C3H5N3,2,2.503109869223893,0.00020676344757439985,False
transition1x,216,C3H8N2O1,3,3.795396508561706,0.0006050114556025002,False
transition1x,217,C7H10,4,4.989240219573301,0.0012695184163989998,False
transition1x,218,C3H5N1O1,2,3.4873136212004225,0.0003648406887783001,False
transition1x,219,C5H4N2,1,3.5552242998885712,0.0004171074541430999,False
transition1x,220,C6H8O1,2,3.049582008055822,0.00041849776907360004,False
transition1x,221,C6H9N1,2,4.39193958761151,0.0009258784003789999,False
transition1x,222,C3H6O1,3,3.4795223567232196,0.0003632122749281012,False
transition1x,223,C5H10O2,4,3.325742476090496,0.0005640887138808997,False
transition1x,224,C5H12O1,3,4.139098060083281,0.0009251351685531997,False
transition1x,225,C5H6,1,3.4193382061485598,0.00038583183434489927,False
transition1x,226,C4H8O2,4,5.65326860137293,0.0013422967269293002,True
transition1x,227,C5H6O1,4,3.497033682598023,0.0004402528047801032,False
transition1x,228,C4H5N1O2,3,6.973886664231192,0.0017508634273995,True
transition1x,229,C4H4O2,1,6.726423840358759,0.0013573433304044002,True
transition1x,230,C4H7N1O1,1,4.625195751230981,0.0008343049937509999,False
transition1x,231,C4H7N1O1,1,4.096242094063715,0.000654388772434,False
transition1x,232,C7H10,4,4.333039949222128,0.0009575369952792999,False
transition1x,233,C4H7N1O1,1,4.561642044645147,0.0008115345475955,False
transition1x,234,C4H9N1O1,1,4.16635580192731,0.0007811334300714007,False
transition1x,235,C6H10,0,3.27767968332592,0.0005156728371114002,False
transition1x,236,C4H6O3,2,4.273626203350811,0.0007122913561127,False
transition1x,237,C7H14,0,3.2860449425036733,0.0006802797559417001,False
transition1x,238,C4H5N3,2,3.34522996706629,0.00040286028717209996,False
transition1x,239,C2H4N4,2,2.6771093198504143,0.00021500742931289843,False
transition1x,240,C3H3N3O1,0,4.667164371982556,0.0006534726982531,False
transition1x,241,C4H7N1O1,1,3.8165523208458487,0.0005680767930923995,False
transition1x,242,C5H6O2,0,4.042038526800048,0.0006371849426333,False
transition1x,243,C4H9N1O1,1,3.6727861253159477,0.0006070211065040999,False
transition1x,244,C5H11N1O1,0,2.9629343584309042,0.0004740649206679991,False
transition1x,245,C4H7N3,4,2.380314469484731,0.0002379676728928118,False
transition1x,246,C4H6N2O1,1,3.579940146536259,0.0004998228866584999,False
transition1x,247,C5H6O2,0,5.434145314422405,0.0011516674766321,True
transition1x,248,C4H8O3,3,4.486166623853824,0.0009056560939641006,False
transition1x,249,C5H5N1O1,2,3.4624704656129093,0.00043159326210870033,False
transition1x,250,C3H4O3,4,4.722158817175678,0.0006689635168388999,False
transition1x,251,C3H3N1O2,1,3.6923320317532533,0.00036809952748319985,False
transition1x,252,C4H5N1O1,3,3.6922335856641064,0.00044987543208649877,False
transition1x,253,C6H12O1,2,3.6529600616443125,0.0007606146810822,False
transition1x,254,C5H6O1,4,3.478475959666898,0.00043559262007129964,False
transition1x,255,C6H6O1,1,866.475523822507,29.280413501956023,True
transition1x,256,C4H7N1O1,1,3.391225249833015,0.0004485159391090949,False
transition1x,257,C5H9N1O1,3,3.758372595892015,0.0006780174993385,False
transition1x,258,C4H5N1O1,3,4.024476679975882,0.0005344816140730999,False
transition1x,259,C4H6N2,4,4.0898876729736315,0.0006021785223914999,False
transition1x,260,C6H10O1,1,3.4924362729677987,0.0006220526671578017,False
transition1x,261,C4H6,0,4.496514005594781,0.0006065591460753007,False
transition1x,262,C4H9N1O2,0,4.816309318057154,0.0011134481014658,False
transition1x,263,C4H9N1O2,0,5.348370775504131,0.0013730433577087999,True
transition1x,264,C5H8N2,3,3.7125605679973575,0.0006202397686971989,False
transition1x,265,C3H6N2O2,2,3.463893745655647,0.0004679438353665,False
transition1x,266,C5H8,4,4.4530277827500235,0.0007733488009238001,False
transition1x,267,C5H12O1,3,3.9157790594113036,0.0008279995846747,False
transition1x,268,C6H9N1,2,3.551051092131618,0.0006052782652285996,False
transition1x,269,C5H9N1O1,3,3.6238897460495285,0.0006303636907930999,False
transition1x,270,C5H11N1,3,4.2384106769463665,0.000916170378389101,False
transition1x,271,C4H5N1O1,3,3.588258223802301,0.0004248947036625998,False
transition1x,272,C5H10O1,2,3.542094911546575,0.0006022289453953987,False
transition1x,273,C5H6O1,4,3.4434665082761367,0.0004268686173703001,False
transition1x,274,C5H8O1,1,3.1936855794427403,0.0004283843583743015,False
transition1x,275,C5H12O2,3,3.9928119183435946,0.0009087251798701996,False
transition1x,276,C4H8O2,4,3.8777568808489558,0.0006315539339327998,False
transition1x,277,C5H10O1,2,3.551131840539835,0.000605305792747,False
transition1x,278,C4H4O3,2,3.681129381520146,0.00044717354627519954,False
transition1x,279,C4H9N1O1,1,3.5678732438748124,0.0005728373767960999,False
transition1x,280,C4H6N2O1,1,3.232229525126977,0.00040744500042099997,False
transition1x,281,C7H12,4,3.23621705434146,0.0005969667469001996,False
transition1x,282,C5H6O1,4,4.541425623121189,0.0007424836808523003,False
transition1x,283,C3H6N2,1,2.665535438239777,0.00023446761269289994,False
transition1x,284,C4H5N1O1,3,3.164201173233269,0.0003304015791347963,False
transition1x,285,C5H10O1,2,4.436816443643272,0.0009448963274199999,False
transition1x,286,C5H6O1,4,5.646234317146202,0.0011476786307082999,True
transition1x,287,C3H1N1O2,0,4.442809192122116,0.00041450962386970007,False
transition1x,288,C4H5N1O1,3,3.4462652903515454,0.00039193256689890006,False
transition1x,289,C4H6N2O1,1,3.375334878981527,0.0004443225362655004,False
transition1x,290,C6H8O1,2,3.848234098837197,0.0006664007555753999,False
transition1x,291,C3H5N3,2,3.7418611013954495,0.0004620503085705001,False
transition1x,292,C5H7N1O1,4,3.1980998738559028,0.0004295693977326,False
transition1x,293,C5H7N1,0,2.8271517754909326,0.00031171869930479983,False
transition1x,294,C4H8O2,4,3.853703841441746,0.0006237433984968005,False
transition1x,295,C4H9N1O2,0,4.082771533843463,0.000800113123083,False
transition1x,296,C3H5N1O2,0,3.9914147880294277,0.0005257359363333,False
transition1x,297,C3H6O3,0,3.964193091385545,0.0005657337671684,False
transition1x,298,C5H8O1,1,3.7113003449830697,0.0005784975105282011,False
transition1x,299,C4H5N1O1,3,4.299445980751824,0.0006100127794662996,False
transition1x,300,C3H7N1O2,1,5.796182396240847,0.0013102334844491993,True
transition1x,301,C4H5N1O1,3,4.116727751130414,0.0005592657634386,False
transition1x,302,C6H12O1,2,3.355885385158596,0.0006419321029443002,False
transition1x,303,C6H12,1,3.7064466489235564,0.0007418383251110997,False
transition1x,304,C4H7N1O2,2,4.065479040821873,0.0006941810329172013,False
transition1x,305,C5H10O2,4,3.955897998141762,0.0007981055775568018,False
transition1x,306,C6H8O1,2,6.003268164626294,0.0016217652895387,True
transition1x,307,C3H7N1O2,1,3.5844361318605165,0.0005010791129521,False
transition1x,308,C3H5N1O2,0,3.753835042394927,0.00046501215834190003,False
transition1x,309,C4H8N2O1,4,3.2090492880779093,0.0004634098799991002,False
transition1x,310,C5H5N1O1,2,4.121387438737172,0.0006114900391264999,False
transition1x,311,C4H6O3,2,2.9104895111356734,0.0003303670185828001,False
transition1x,312,C4H7N1O2,2,3.0309409013401543,0.0003858373153915,False
transition1x,313,C5H7N1O1,4,3.350404832094033,0.00047145892663459996,False
transition1x,314,C5H8N2,3,3.5108200909182967,0.0005546635969858,False
transition1x,315,C4H5N1O2,3,3.341583721086131,0.00040198254354100203,False
transition1x,316,C6H10O1,1,3.890618316169265,0.0007719824549877001,False
transition1x,317,C3H6N2O1,0,4.87980344715651,0.0008572493405837001,False
transition1x,318,C5H9N1O1,3,4.638337710427852,0.0010326804823668997,False
transition1x,319,C5H6O1,4,4.420082586521378,0.0007033366825801026,False
transition1x,320,C4H6O2,4,5.796047385455885,0.0012093899506001999,True
transition1x,321,C5H10O2,4,4.0684092565161,0.0008441496478038001,False
transition1x,322,C6H10O1,1,4.9844814844736645,0.0012670978391221,False
transition1x,323,C4H5N1O1,3,4.25978614553417,0.0005988106741876004,False
transition1x,324,C6H12O1,2,3.598601154482649,0.0007381460253354997,False
transition1x,325,C4H9N1O1,1,4.55312061990211,0.0009328908320719999,False
transition1x,326,C3H7N3O1,3,3.027816981047803,0.00038504237817030013,False
transition1x,327,C5H10O2,4,3.1504604345953906,0.0005061954484474998,False
transition1x,328,C6H10O1,1,3.70716766365047,0.0007008976964071999,False
transition1x,329,C4H6N2,4,3.3783591608431416,0.00041087918230749994,False
transition1x,330,C4H6N2,4,3.518610216129373,0.00044570224270979966,False
transition1x,331,C4H8O2,4,3.4240835071721114,0.0004924226102916988,False
transition1x,332,C6H10,0,3.3628188153795686,0.0005428104184834005,False
transition1x,333,C4H8O3,3,4.66837234558946,0.0009807165160678998,False
transition1x,334,C3H5N1O1,2,3.3873841270932554,0.00034423113673450004,False
transition1x,335,C5H7N1O1,4,4.488339773913917,0.0008460981448961002,False
transition1x,336,C5H7N1,0,3.63733786115897,0.0005159788419326,False
transition1x,337,C5H7N1O1,4,3.1924521185860053,0.00042805352223749946,False
transition1x,338,C5H11N1O1,0,2.938475952113298,0.00046627060974200024,False
transition1x,339,C4H7N1O2,2,4.171211437407261,0.0007307582039334001,False
transition1x,340,C6H9N1,2,3.7683146743355294,0.0006816093832709993,False
transition1x,341,C3H5N1O2,0,3.924109736073717,0.0005081550282847018,False
transition1x,342,C5H8,4,2.804454067212117,0.0003067335419890009,False
transition1x,343,C3H2N2O2,2,3.2932116273361816,0.00029282155620539996,False
transition1x,344,C6H10O1,1,3.8215860296322512,0.0007448305088759,False
transition1x,345,C4H6N2,4,2.900738126517205,0.00030291414043069967,False
transition1x,346,C3H3N1O1,1,4.789533535489569,0.000550551155701901,False
transition1x,347,C5H8N2,3,2.3276534816319487,0.00024380868287489994,False
transition1x,348,C6H8O1,2,3.049277112999082,0.00041841409103370074,False
transition1x,349,C4H4O2,1,3.671292077043177,0.0004043515654488002,False
transition1x,350,C4H5N1O1,3,3.9307847171860795,0.0005098852602645003,False
transition1x,351,C4H9N1O2,0,3.2117152176682904,0.0004951255026912995,False
transition1x,352,C4H7N3,4,3.4525207395528934,0.0005006357771958,False
transition1x,353,C3H6O2,1,3.4645157487368214,0.00039609468931710003,False
transition1x,354,C4H7N1O2,2,5.243914863583039,0.0011549430100532992,True
transition1x,355,C6H9N1,2,3.668482549999386,0.0006459726825431999,False
transition1x,356,C5H12O2,3,5.016452925305416,0.0014343935972529003,False
transition1x,357,C3H5N1O2,0,5.253461733234054,0.0009107623860243,True
transition1x,358,C5H8O1,1,3.487850315724914,0.0005109341926459,False
transition1x,359,C2H3N3,0,2.7938026937417098,0.00018732800379740242,False
transition1x,360,C4H7N1O2,2,4.503687762273263,0.0008518945453220982,False
transition1x,361,C3H7N1O2,1,4.265811373342528,0.0007096887202445998,False
transition1x,362,C4H5N1O1,3,3.8421257898622008,0.00048714370930909995,False
transition1x,363,C4H4N2O1,4,3.0945976637858923,0.00031602564512340034,False
transition1x,364,C6H12O1,2,3.3649270024013114,0.0006453958226949002,False
transition1x,365,C6H4O1,4,5.616014701607063,0.0010408074972460002,True
transition1x,366,C4H8O3,3,4.02157527118914,0.0007277880447828002,False
transition1x,367,C4H8O2,4,4.35362319524866,0.0007960694669007002,False
transition1x,368,C4H6O2,4,4.499149484741841,0.0007287244590978999,False
transition1x,369,C5H10O2,4,3.6080043868568716,0.0006639024784345,False
transition1x,370,C6H9N1,2,3.7797389241983366,0.0006857484640848,False
transition1x,371,C4H7N1O1,1,5.175208737981195,0.0010445286337853997,True
transition1x,372,C2H4N2O1,2,4.992253844366179,0.0006729101580579001,False
transition1x,373,C6H10O1,1,3.3965513747352176,0.0005883646233020005,False
transition1x,374,C4H7N1O1,1,2.9894768308269772,0.00034854189716000103,False
transition1x,375,C2H4N2O2,3,4.409420051900244,0.0005832895558229985,False
transition1x,376,C5H8O1,1,3.8951399265779165,0.0006372288320000996,False
transition1x,377,C6H8O1,2,3.0634782377247816,0.0004223204510856,False
transition1x,378,C5H12O2,3,4.106638420618926,0.0009612753097091,False
transition1x,379,C6H4O1,4,3.971679152507617,0.0005205497645852996,False
transition1x,380,C4H8O2,4,4.877571853023261,0.000999209701619,False
transition1x,381,C4H8N2,3,4.535385019974284,0.0008639281257351001,False
transition1x,382,C4H5N1O1,3,4.709923220941786,0.0007320514326564992,False
transition1x,383,C5H8O1,1,3.257964397974819,0.0004458019447758,False
transition1x,384,C4H10O2,4,2.9067018599454637,0.00040554795372530004,False
transition1x,385,C4H5N1O1,3,5.707635039788743,0.001075044225665,True
transition1x,386,C4H5N1O1,3,2.8940760867681115,0.0002763973210680999,False
transition1x,387,C5H9N1O1,3,4.1154648493651855,0.0008129784444652999,False
transition1x,388,C6H9N1,2,3.547143036766527,0.0006039467387175004,False
transition1x,389,C6H11N1,3,3.2020070445037816,0.0005536538521047995,False
transition1x,390,C5H10O1,2,4.067464961265033,0.0007941250181337001,False
transition1x,391,C3H5N1O2,0,4.431104763787539,0.0006479447511128007,False
transition1x,392,C4H5N1O1,3,4.482923702321217,0.000663187962387501,False
transition1x,393,C2H2N4,4,4.648972619992686,0.0005187107141145998,False
transition1x,394,C5H5N1O1,2,3.302192235353744,0.00039256104813229994,False
transition1x,395,C4H7N3,4,3.1997067899024154,0.00043000118873660003,False
transition1x,396,C4H7N1O1,1,3.787744171406051,0.0005595332304128,False
transition1x,397,C4H6N2O1,1,3.2284567020831547,0.0004064943744118,False
transition1x,398,C4H8O1,1,4.3955628656810095,0.00075351794334,False
transition1x,399,C5H11N1,3,4.150627787309092,0.0008786132624679008,False
transition1x,400,C5H10O2,4,3.515346642014631,0.0006302407626897007,False
transition1x,401,C1H1N3O1,1,3.187046188222123,0.00018283074130550096,False
transition1x,402,C4H7N1O2,2,4.109698625375909,0.0007093641572394989,False
transition1x,403,C7H10,4,3.3714155118041167,0.0005796885702149041,False
transition1x,404,C3H5N1O2,0,3.523378286859807,0.00040966842022640003,False
transition1x,405,C2H4N2O2,3,3.7921324198468245,0.00043140804868960003,False
transition1x,406,C4H5N1O1,3,3.352740248707922,0.0003709486167851,False
transition1x,407,C3H6O3,0,4.513982149779173,0.0007335372545469,False
transition1x,408,C4H6N2O1,1,3.152305267123307,0.00038754411138820045,False
transition1x,409,C4H6N2O1,1,2.487349264292598,0.0002412893481405002,False
transition1x,410,C3H5N3,2,3.3390251757525102,0.0003679199411021998,False
transition1x,411,C6H5N1,0,5.020250048175994,0.0009073047796635985,True
transition1x,412,C5H2O1,1,7.8746393658828895,0.0014882386834250993,True
transition1x,413,C4H4N2O1,4,2.0138882652012127,0.00013383961617559995,False
transition1x,414,C4H8O1,1,4.268725667461083,0.0007106587341376017,False
transition1x,415,C3H5N3O1,0,4.429945281669846,0.0007064789471492014,False
transition1x,416,C6H10O1,1,3.814323322804222,0.0007420021829553003,False
transition1x,417,C5H6O1,4,5.8633324636371835,0.0012376320328491002,True
transition1x,418,C2H4N2O1,2,3.851079154686289,0.0004004318877028001,False
transition1x,419,C4H4O1,2,5.392868159525682,0.0007852417286226997,True
transition1x,420,C6H10,0,3.432466012059815,0.000565527500349399,False
transition1x,421,C5H7N1O1,4,3.732691945619508,0.0005851855447574954,False
transition1x,422,C4H4O2,1,5.355651653401604,0.0008604901389775,True
transition1x,423,C6H8O1,2,5.92491577948994,0.0015797082147321999,True
transition1x,424,C5H7N1O1,4,4.740493562617371,0.0009438357271231028,False
transition1x,425,C5H7N1O1,4,3.765812977246425,0.0005956165899430986,False
transition1x,426,C5H9N1O1,3,2.7635331927349704,0.00036658155395270114,False
transition1x,427,C6H12O1,2,3.6506458293087163,0.0007596512533498001,False
transition1x,428,C6H12O1,2,4.673070340688341,0.0012447424253141997,False
transition1x,429,C5H10O2,4,4.238612626488467,0.0009162576868688007,False
transition1x,430,C6H9N1,2,3.919546381824688,0.0007374165042852,False
transition1x,431,C5H8O1,1,3.741376166972262,0.0005879116161570983,False
transition1x,432,C4H5N1O1,3,4.3005842725110845,0.0006103358278039999,False
transition1x,433,C4H5N1O1,3,4.318083889711017,0.0006153129997932004,False
transition1x,434,C6H7N1,0,2.8289735556339495,0.000336129837896,False
transition1x,435,C4H6O3,2,6.334064279544172,0.0015646944415985,True
transition1x,436,C4H9N1O1,1,5.013246773166286,0.0011309689443897981,False
transition1x,437,C5H7N1O1,4,4.7571986950970775,0.0009504994558346004,False
transition1x,438,C4H8O2,4,4.421426648663787,0.0008210585715996001,False
transition1x,439,C4H6N2,4,3.7642227617921957,0.0005100974280142007,False
transition1x,440,C5H7N1O1,4,4.342578447781697,0.0007920354781558,False
transition1x,441,C4H8N2O1,4,4.04228343250362,0.0007353024906911961,False
transition1x,442,C4H6N2,4,3.1531517606044352,0.00035792517691450256,False
transition1x,443,C4H8O2,4,3.868290624128318,0.0006284742388142001,False
transition1x,444,C5H7N1,0,3.1112765512109952,0.0003775216293465,False
transition1x,445,C4H8O2,4,5.426824405581434,0.0012369177714186,True
transition1x,446,C4H8N2O1,4,4.1026241858985815,0.0007574186344823999,False
transition1x,447,C5H6O2,0,4.119971042118797,0.0006619922941280005,False
transition1x,448,C5H6N2,1,3.7981821909225215,0.0005626213302621992,False
transition1x,449,C3H5N1O2,0,3.9286003160829774,0.0005093187146364,False
transition1x,450,C4H6O3,2,4.302767472130359,0.0007220385088496999,False
transition1x,451,C5H4O2,4,5.3250234945451265,0.0009357438821761003,True
transition1x,452,C6H12O1,2,3.8162486743882638,0.0008301339748519004,False
transition1x,453,C4H5N1O1,3,2.730167887839113,0.0002459759509610002,False
transition1x,454,C3H5N3O1,0,4.013810801875543,0.0005799843775171004,False
transition1x,455,C5H7N1O1,4,3.0936460834253268,0.0004019671357587003,False
transition1x,456,C4H7N1O2,2,5.958047578360481,0.001490929899732302,True
transition1x,457,C6H10,0,3.484450183292913,0.0005827868678328007,False
transition1x,458,C3H5N1O2,0,4.05161008814341,0.0005417129621093997,False
transition1x,459,C5H10O1,2,4.333841851000728,0.0009015448890953,False
transition1x,460,C5H8N2,3,3.635406267604764,0.0005947280428743,False
transition1x,461,C3H6N2O1,0,5.189978157937608,0.0009696914380753001,True
transition1x,462,C5H6O2,0,4.044182073355343,0.0006378609370555,False
transition1x,463,C4H8O2,4,3.2944926543121427,0.0004558546376713,False
transition1x,464,C4H8O1,1,2.8661962806752266,0.00032038816365490366,False
transition1x,465,C5H8O1,1,3.4612612941775165,0.0005031738493559995,False
transition1x,466,C4H10O2,4,4.243561327795862,0.0008643750116527,False
transition1x,467,C4H8O2,4,3.1632663775119556,0.0004202626753540997,False
transition1x,468,C3H4N2O1,0,3.8600413340317092,0.0004469975730129989,False
transition1x,469,C5H8N2,3,3.897130800037381,0.0006834432812669999,False
transition1x,470,C4H4O2,1,5.744473058975616,0.0009899691217589,True
transition1x,471,C4H6O2,4,5.275365604254101,0.0010018613613077003,True
transition1x,472,C6H12O1,2,4.300067470764216,0.0010539630744281,False
transition1x,473,C4H5N1O1,3,2.8202283981357805,0.0002624717111824999,False
transition1x,474,C5H8O1,1,3.8936274055747613,0.0006367340436845996,False
transition1x,475,C2H4N4,2,3.5161523205591267,0.00037089981424119996,False
transition1x,476,C4H7N1O1,1,3.6753019223295778,0.0005268059245909001,False
transition1x,477,C4H5N1O2,3,4.535161281866574,0.0007404367626915,False
transition1x,478,C6H6O1,1,3.682378728983728,0.0005288366110432008,False
transition1x,479,C6H10,0,4.182235984952209,0.0008395726960238001,False
transition1x,480,C6H12O1,2,3.656643925842384,0.0007621495536228,False
transition1x,481,C4H6O2,4,2.904690184473686,0.00030374010244,False
transition1x,482,C3H5N3,2,3.451453100405243,0.00039311344064179985,False
transition1x,483,C4H5N1O1,3,2.321086934398049,0.0001777856703821,False
transition1x,484,C5H6O1,4,5.552256533907833,0.0011097918942596001,True
transition1x,485,C4H8N2O1,4,3.5005052839478306,0.0005514091759326007,False
transition1x,486,C4H7N1O1,1,5.197738116238888,0.0010536427794751006,True
transition1x,487,C5H9N1O1,3,3.5813262048244785,0.0006156430744974001,False
transition1x,488,C4H7N1O1,1,3.4099086623164885,0.00045347160632829996,False
transition1x,489,C4H7N1O1,1,4.3838825178815135,0.0007495186112928991,False
transition1x,490,C5H12O2,3,2.904270292378316,0.00048078279807790006,False
transition1x,491,C4H7N1O2,2,4.269364516916679,0.0007655538818889017,False
transition1x,492,C4H5N1O1,3,4.0930429691138235,0.0005528490246513996,False
transition1x,493,C5H6O2,0,4.336465753552466,0.0007333924740376012,False
transition1x,494,C5H7N1O1,4,4.036810247126997,0.0006844251527950001,False
transition1x,495,C4H5N1O1,3,6.393480142947703,0.0013489274151627971,True
transition1x,496,C6H12O1,2,3.9753372069813806,0.000900788436825,False
transition1x,497,C5H10O1,2,3.938352505987063,0.0007445097821478998,False
transition1x,498,C3H7N1O2,1,4.084299947574734,0.0006505787364086,False
transition1x,499,C5H7N1O1,4,4.999815804610302,0.0010499226393613002,False
transition1x,500,C4H6O3,2,4.591646290390733,0.0008222454105863001,False
transition1x,501,C5H9N1O1,3,3.594249187676101,0.000620094106709295,False
transition1x,502,C5H10O2,4,4.011360762529686,0.0008206417735253,False
transition1x,503,C7H8,0,5.558052127790819,0.001390137455485802,True
transition1x,504,C5H6O1,4,4.935173398983656,0.000876813713209292,False
transition1x,505,C5H8O1,1,4.166834066612594,0.0007292252578246965,False
transition1x,506,C5H5N1O1,2,5.317330301236707,0.0010178640551682019,True
transition1x,507,C4H6O1,1,3.008850674179778,0.0002987550185238994,False
transition1x,508,C4H7N1O1,1,4.360878855938828,0.0007416733114507992,False
transition1x,509,C4H6O2,4,2.9958241937167034,0.0003230986535877001,False
transition1x,510,C4H9N1O2,0,3.689012747261003,0.0006532231223738002,False
transition1x,511,C3H3N3O1,0,3.8498608260342735,0.000444642851394999,False
transition1x,512,C5H8O1,1,5.904411251698051,0.001464207033625499,True
transition1x,513,C5H8O2,4,5.3145045360411745,0.0012709781308620999,True
transition1x,514,C5H10O2,4,3.397592897315715,0.0005887255122903999,False
transition1x,515,C7H8,0,4.092511768676483,0.0007536893659539983,False
transition1x,516,C4H7N1O2,2,4.716541573195443,0.0009343221052906001,False
transition1x,517,C3H4N2O1,0,4.193013233060842,0.0005274407991787001,False
transition1x,518,C6H14O1,0,3.7372064063731494,0.0008799028386017001,False
transition1x,519,C4H8O2,4,4.5461921698724455,0.0008680502563072002,False
transition1x,520,C6H14O1,0,4.996010634405104,0.0015724877023225996,False
transition1x,521,C4H4O3,2,2.769930574286415,0.0002531930077501,False
transition1x,522,C3H5N1O2,0,4.728289145219451,0.0007377717019464029,False
transition1x,523,C3H8O3,3,4.175877843579433,0.0007323941421088998,False
transition1x,524,C4H7N1O1,1,2.993678315860581,0.00034952228449529994,False
transition1x,525,C7H10,4,3.6756357860263638,0.0006890252200074,False
transition1x,526,C3H5N1O2,0,2.899522978265194,0.0002774387055490994,False
transition1x,527,C5H9N1O1,3,3.5773330323714387,0.0006142709579757999,False
transition1x,528,C5H8O1,1,4.679770817321081,0.0009198107059113004,False
transition1x,529,C4H10O1,4,3.5754372151876597,0.0005752688075886999,False
transition1x,530,C5H6O1,4,5.606143888269417,0.0011314385746552993,True
transition1x,531,C5H8O2,4,4.131582161836095,0.0007681487022001,False
transition1x,532,C4H7N3,4,3.442433125529853,0.0004977145245972997,False
transition1x,533,C3H5N3,2,3.222748076276274,0.00034274147038370007,False
transition1x,534,C5H6O2,0,3.2394712124088465,0.000409272775705,False
transition1x,535,C4H7N1O1,1,3.4930036355090572,0.00047584190150950026,False
transition1x,536,C4H8O2,4,4.000793730063061,0.0006722667197614999,False
transition1x,537,C4H6N2,4,2.927599565847419,0.00030855021184619986,False
transition1x,538,C5H8N2,3,3.2939922082006614,0.00048826731004590016,False
transition1x,539,C4H6O2,4,3.748215970885359,0.0005057684267184026,False
transition1x,540,C5H8O1,1,4.230977079267636,0.0007518490159021002,False
transition1x,541,C4H7N1O1,1,4.845614325840402,0.0009157191495967999,False
transition1x,542,C4H6O2,4,2.8090285255632104,0.0002840630852674017,False
transition1x,543,C5H8O1,1,3.8682571501646583,0.0006284633619516002,False
transition1x,544,C4H4O3,2,4.893365294000364,0.0007901857887174,False
transition1x,545,C4H7N1O1,1,3.4911073019304824,0.00047532537755010096,False
transition1x,546,C5H8O2,4,4.888138630447522,0.0010752254671713023,False
transition1x,547,C3H8N2O1,3,4.1718402704036865,0.000730978552154,False
transition1x,548,C5H11N1O1,0,3.8073915057137895,0.0007827964242002021,False
transition1x,549,C4H8O2,4,3.814697602229716,0.0006111805474511999,False
transition1x,550,C4H6O2,4,4.342454388165431,0.0006788487640786995,False
transition1x,551,C4H6O2,4,4.354156877180063,0.0006825125559994001,False
transition1x,552,C6H10O1,1,3.7481472354081875,0.0007164789926132,False
transition1x,553,C6H8,0,4.191517360414052,0.0007378903468713999,False
transition1x,554,C4H5N1O1,3,3.8853422391212837,0.0004981641823982997,False
transition1x,555,C6H6O1,1,5.618193663413808,0.0012309999015452996,True
transition1x,556,C5H7N1O1,4,4.022312437612699,0.0006795178885225004,False
transition1x,557,C5H8O2,4,4.972280388748987,0.0011125607518952,False
transition1x,558,C4H10O2,4,3.7538951385358272,0.0006764029781339,False
transition1x,559,C4H7N1,1,3.6742813052917773,0.00048601235197499935,False
transition1x,560,C4H9N1O1,1,4.122386605513041,0.0007647332096390999,False
transition1x,561,C6H6O1,1,6.048797946676086,0.0014269303073888005,True
transition1x,562,C6H8O1,2,3.4956482771596016,0.0005498800594924001,False
transition1x,563,C6H10,0,4.508691573226465,0.0009757583857192001,False
transition1x,564,C5H7N1O1,4,3.627555288924261,0.0005526846097165,False
transition1x,565,C4H8O1,1,3.9920438786117485,0.0006215201588216997,False
transition1x,566,C3H4O3,4,3.191036929339741,0.0003054815005323001,False
transition1x,567,C4H5N1O1,3,3.1355213431175133,0.0003244393050737999,False
transition1x,568,C5H8O2,4,4.277428438627322,0.0008233377321409997,False
transition1x,569,C4H6O2,4,5.511632927037644,0.0010936115108065997,True
transition1x,570,C5H8O1,1,3.0788024256062694,0.00039811902378859994,False
transition1x,571,C4H10O2,4,4.351135355444602,0.0009087541863072009,False
transition1x,572,C3H7N1O1,4,4.9975726386661385,0.0008991263620347995,False
transition1x,573,C4H8O3,3,4.715061232122489,0.0010004311090198999,False
transition1x,574,C3H5N3,2,3.08838752706298,0.00031475853807150017,False
transition1x,575,C5H10O2,4,4.015525570266332,0.0008223467258786003,False
transition1x,576,C3H7N1O1,4,3.3646161234187537,0.00040754309968689997,False
transition1x,577,C3H3N3,1,2.772388419884757,0.00020752571386919972,False
transition1x,578,C4H6O2,4,3.9999495890552588,0.0005759854817393999,False
transition1x,579,C5H10O1,2,4.159442366239076,0.0008304461183070969,False
transition1x,580,C4H5N1O1,3,4.30796102893905,0.0006124314314863008,False
transition1x,581,C4H5N3,2,4.9651060056804885,0.0008874819953152003,False
transition1x,582,C4H7N1O2,2,4.7067146229772225,0.0009304328267702,False
transition1x,583,C5H6O1,4,3.669672795562145,0.0004847939433536,False
transition1x,584,C4H8O2,4,3.379628476373795,0.00047971932280929967,False
transition1x,585,C5H7N1O1,4,4.243334043808062,0.0007562471199083001,False
transition1x,586,C4H8N2O1,4,3.9997211722013284,0.0007198996254910003,False
transition1x,587,C4H6O3,2,4.193972751476295,0.0006859868901649002,False
transition1x,588,C4H7N1O1,1,3.3534358524481447,0.0004385757486429,False
transition1x,589,C5H7N1O1,4,7.227623055898114,0.0021940184716023,True
transition1x,590,C3H7N1O2,1,3.6105729163804443,0.0005084132345954995,False
transition1x,591,C5H9N1O1,3,3.904386213830809,0.0007317231219240998,False
transition1x,592,C5H10O1,2,3.357581903439156,0.000541121099438501,False
transition1x,593,C4H9N1O1,1,3.7384293555511614,0.0006289134320901003,False
transition1x,594,C5H6N2,1,3.826731882962208,0.0005711111992590999,False
transition1x,595,C5H9N1O1,3,3.8341408867999687,0.0007056305443119001,False
transition1x,596,C4H9N1O1,1,3.5172592679231243,0.0005567000741006,False
transition1x,597,C4H6N2,4,4.266745842679757,0.0006553843230968999,False
transition1x,598,C5H8N2,3,3.265974501817863,0.00047999652509359984,False
transition1x,599,C4H6O2,4,3.998865707247494,0.0005756733700056001,False
transition1x,600,C5H9N1O1,3,4.091780057848961,0.0008036478740069017,False
transition1x,601,C4H6O2,4,3.5834240292991217,0.00046227339985530064,False
transition1x,602,C1N2O3,1,8.04525549040724,0.0011650704463067006,True
transition1x,603,C5H7N1O1,4,3.1668463585053463,0.0004212144660519,False
transition1x,604,C4H6N2,4,3.465697227379569,0.0004323980617871915,False
transition1x,605,C5H8O1,1,3.4681082161120957,0.0005051665331438974,False
transition1x,606,C5H8O1,1,5.003423919174177,0.0010514385384285002,False
transition1x,607,C5H6N2,1,4.166235024617725,0.0006769430569337068,False
transition1x,608,C4H7N3,4,4.505441889426598,0.0008525582779979964,False
transition1x,609,C5H11N1O1,0,4.890660651536081,0.0012916023268580996,False
transition1x,610,C6H9N1,2,3.4636366005255232,0.0005758453680240001,False
transition1x,611,C4H6N2,4,3.86157850266212,0.00053682438716,False
transition1x,612,C6H12,1,4.564002633558979,0.0011248264821131979,False
transition1x,613,C5H7N1O1,4,4.302346945689723,0.0007774279481255989,False
transition1x,614,C4H7N1O2,2,3.8843183600996403,0.0006336930231495006,False
transition1x,615,C4H8O1,1,4.272400512342158,0.0007118828393766,False
transition1x,616,C5H9N1O1,3,2.8801919206900664,0.0003981842640004,False
transition1x,617,C4H6O2,4,3.727553952799045,0.0005002077049570002,False
transition1x,618,C5H10O1,2,2.8253017531418214,0.0003831518398227,False
transition1x,619,C4H5N1O2,3,4.842676307413426,0.0008442544974618002,False
transition1x,620,C6H12,1,2.8162568572377924,0.0004282903450407,False
transition1x,621,C6H7N1,0,4.003986886077544,0.0006733402613229998,False
transition1x,622,C3H8N2O2,0,3.087524372800966,0.00042897630386879993,False
transition1x,623,C5H10O1,2,3.0833870460613197,0.0004563492324393,False
transition1x,624,C4H7N3,4,4.624712860521078,0.0008982946997753003,False
transition1x,625,C4H6O1,1,3.8271537609992015,0.000483354495040901,False
transition1x,626,C3H5N1O2,0,4.748488689290643,0.0007440887794665985,False
transition1x,627,C3H5N1O2,0,4.424681135392354,0.0006460675039466,False
transition1x,628,C6H10O1,1,3.081067669910333,0.00048414187731490106,False
transition1x,629,C4H4N2,2,3.5898547970565606,0.0003866117239185,False
transition1x,630,C3H5N3,2,3.024915970950113,0.0003019538488331992,False
transition1x,631,C6H13N1,3,3.8643917292438585,0.0008960114062229004,False
transition1x,632,C5H4N2,1,3.661637246462545,0.00044245038171449963,False
transition1x,633,C5H11N1O1,0,3.7359689050908274,0.0007537030376295,False
transition1x,634,C4H6O2,4,4.24520353279374,0.0006487831092544002,False
transition1x,635,C4H7N1O1,1,3.503325738842074,0.0004786583580649012,False
transition1x,636,C5H8O1,1,3.3976938652376876,0.00048486159127870043,False
transition1x,637,C6H10O1,1,3.263250056029488,0.0005430888473369992,False
transition1x,638,C4H8O2,4,3.19563901286209,0.0004289085654221001,False
transition1x,639,C6H10,0,3.259398612788549,0.0005099366072183001,False
transition1x,640,C7H14,0,3.550252010258487,0.0007940702281896989,False
transition1x,641,C6H14O1,0,3.827549461494977,0.0009229584974520008,False
transition1x,642,C2H3N3,0,3.70833273495426,0.0003300415601552002,False
transition1x,643,C3H4N2O1,0,5.2415237730701945,0.0008242071439098002,True
transition1x,644,C4H6N2,4,3.7508999600051576,0.0005064930183588009,False
transition1x,645,C3H5N1O2,0,3.532685901423323,0.0004118356993777989,False
transition1x,646,C6H11N1,3,3.728727318351695,0.0007507840003896,False
transition1x,647,C5H4O2,4,3.944875890762367,0.0005135475111861,False
transition1x,648,C5H9N1,4,3.773232254595227,0.0006406776741203,False
transition1x,649,C6H6O1,1,5.217850898423552,0.0010618127519289994,True
transition1x,650,C4H8O2,4,3.0438333320302746,0.00038912669683349797,False
transition1x,651,C5H6O2,0,4.360896782647184,0.0007416794092071997,False
transition1x,652,C4H6O2,4,4.025813759246556,0.0005834583512689998,False
transition1x,653,C3H4N2O1,0,7.8078016781325825,0.0018288530113514992,True
transition1x,654,C4H7N1O1,1,4.728494870157428,0.0008719878857470995,False
transition1x,655,C6H4O1,4,5.2675374268829005,0.0009156493679392001,True
transition1x,656,C5H7N1O1,4,4.186275232133999,0.0007360458134054999,False
transition1x,657,C3H3N3O1,0,3.427268985885609,0.00035238518104840113,False
transition1x,658,C5H9N1O1,3,3.6959595416673086,0.0006556856128147979,False
transition1x,659,C4H9N1O2,0,5.071298006761722,0.0012344670467225,True
transition1x,660,C5H7N1,0,4.947932308141323,0.0009547993309119999,False
transition1x,661,C2H4N2,0,3.9177329590939243,0.0003683671569305,False
transition1x,662,C6H10,0,3.876229118848143,0.0007212073047267,False
transition1x,663,C3H6O3,0,3.810489564098764,0.0005227139058518012,False
transition1x,664,C4H9N1O1,1,3.2873520815182276,0.0004863007668538,False
transition1x,665,C5H4O2,4,4.2883117918802025,0.0006068573948045001,False
transition1x,666,C7H10,4,4.373535570031121,0.0009755184824987002,False
transition1x,667,C4H6O2,4,3.6429021351157043,0.00047774649477709996,False
transition1x,668,C4H8O2,4,3.308644944318484,0.0004597795174376991,False
transition1x,669,C3H5N3,2,3.663970982431494,0.00044301455088330017,False
transition1x,670,C5H10O1,2,3.2995385747764057,0.0005225738307090006,False
transition1x,671,C4H8O2,4,3.3215158346278186,0.00046336363246670016,False
transition1x,672,C5H6O2,0,5.9407237997767,0.0013763957713440991,True
transition1x,673,C4H5N1O1,3,3.9113786363215617,0.0005048631336101997,False
transition1x,674,C4H7N1O1,1,4.258519465427584,0.0007072645334595998,False
transition1x,675,C5H10O1,2,3.956574687536188,0.0007514151963864999,False
transition1x,676,C5H9N1O1,3,4.306986571677513,0.0008904063997732996,False
transition1x,677,C5H7N1O1,4,4.2833219289510955,0.0007705675633754,False
transition1x,678,C5H7N1,0,4.029539625738574,0.000633250394220497,False
transition1x,679,C6H12O1,2,4.203687144611285,0.0010072461797569,False
transition1x,680,C5H10O2,4,4.1600001381921645,0.0008825856586377002,False
transition1x,681,C4H9N1O1,1,3.6326563630058186,0.0005938286513258999,False
transition1x,682,C6H8O1,2,4.160195830631588,0.0007788253207142001,False
transition1x,683,C3H3N1O1,1,4.4732400774946335,0.00048023704298170067,False
transition1x,684,C1H4N2O1,2,3.4131401881075702,0.0002795886226481995,False
transition1x,685,C3H4N2O1,0,2.8631793875649287,0.00024593388616130047,False
transition1x,686,C3H4N2O1,0,3.1121484555571364,0.00029056404028280004,False
transition1x,687,C5H8O2,4,4.480064890129011,0.0009031941638895,False
transition1x,688,C5H9N1O1,3,3.0900351280857907,0.0004583192204546001,False
transition1x,689,C5H9N1O1,3,2.9474177949234357,0.00041698903957590363,False
transition1x,690,C4H7N1O2,2,3.4237719223884793,0.0004923329954144995,False
transition1x,691,C5H6O2,0,4.85081506401918,0.0009176858646273006,False
transition1x,692,C5H6O1,4,3.388287001421222,0.0004132975969440006,False
transition1x,693,C5H6O1,4,2.7052669893566472,0.00026346490141330005,False
transition1x,694,C5H7N1,0,3.0254739290381827,0.00035698620731629976,False
transition1x,695,C3H5N1O2,0,5.071114111393346,0.0008486345449155,True
transition1x,696,C3H5N1O2,0,4.689491522091998,0.0007257139142805002,False
transition1x,697,C6H12O1,2,4.262068241275323,0.0010354178645174,False
transition1x,698,C5H9N1O1,3,4.307300143645427,0.0008905360573175,False
transition1x,699,C3H4N2O1,0,3.0294976497834334,0.00027533568030130046,False
transition1x,700,C3H7N1O1,4,3.345646969564414,0.0004029607312183997,False
transition1x,701,C3H5N1O2,0,3.7761880934630527,0.00047056668506800006,False
transition1x,702,C6H9N1,2,4.461481938153837,0.0009554314120547003,False
transition1x,703,C4H8,3,3.569799994427404,0.0004587649920077001,False
transition1x,704,C4H5N1O2,3,5.221093283143227,0.0009813533425661995,True
transition1x,705,C4H6O3,2,3.656839663801423,0.0005215265767433008,False
transition1x,706,C4H5N1O1,3,2.7977973470230255,0.00025831310983529963,False
transition1x,707,C3H3N1O2,1,3.194186036743306,0.0002754762598077995,False
transition1x,708,C4H7N1O1,1,3.464201948083075,0.00046802711034700024,False
transition1x,709,C5H3N1O1,3,4.4389041227912704,0.0005911160943400002,False
transition1x,710,C6H12O1,2,3.2864974973505197,0.0006156607506052,False
transition1x,711,C3H4N2O1,0,4.09881280853493,0.0005040079931823002,False
transition1x,712,C5H8O1,1,5.097549735956483,0.0010913705590431004,True
transition1x,713,C5H8O1,1,3.5172728776696385,0.0005195907568315993,False
transition1x,714,C4H5N1O1,3,3.3103089150607015,0.0003616187887333018,False
transition1x,715,C5H5N1,0,3.725646541242572,0.00045805459095900043,False
transition1x,716,C4H8O3,3,3.9467185569812293,0.0007009464315608998,False
transition1x,717,C6H4O1,4,4.769747755242029,0.0007507662904050003,False
transition1x,718,C4H6N2,4,3.288700774594651,0.0003893599002535004,False
transition1x,719,C6H10O1,1,3.541750428950154,0.0006397438011493987,False
transition1x,720,C4H8O2,4,3.0242871263343862,0.00038414513014549975,False
transition1x,721,C5H10O1,2,3.439729680878518,0.0005679235333207982,False
transition1x,722,C5H10O1,2,2.8339587053121607,0.0003855034532838997,False
transition1x,723,C3H5N3,2,3.5369794960282483,0.0004128373905257,False
transition1x,724,C5H12O1,3,3.8162561301728006,0.0007864457859583999,False
transition1x,725,C5H8N2,3,3.3743951863941484,0.0005123944293282,False
transition1x,726,C7H10,4,4.540173693312305,0.0010512720354376999,False
transition1x,727,C4H6N2O1,1,3.7434013428205613,0.0005465090909238004,False
transition1x,728,C6H8,0,4.128671500824909,0.0007159289911924,False
transition1x,729,C4H6O3,2,3.6182457266800516,0.0005105763834068998,False
transition1x,730,C5H9N1O1,3,4.372335213429053,0.0009176311304924007,False
transition1x,731,C3H7N1O2,1,4.606577481491783,0.0008276016876265,False
transition1x,732,C6H12O1,2,4.177086575620809,0.0009945389788332,False
transition1x,733,C6H10O1,1,3.791170833447939,0.0007330217907077031,False
transition1x,734,C5H10O2,4,4.67125904341288,0.0011128537135839972,False
transition1x,735,C4H6O2,4,4.377725575657601,0.0006899213237676001,False
transition1x,736,C5H10O2,4,3.505528863952755,0.0006267253634163006,False
transition1x,737,C5H6O2,0,3.5526078152736704,0.0004922198692765988,False
transition1x,738,C4H7N1O2,2,3.246210585078575,0.00044259109283239974,False
transition1x,739,C5H6O1,4,4.671765553256844,0.0007857141618455001,False
transition1x,740,C2H6O1,1,5.119409801364914,0.000707625631286401,True
transition1x,741,C5H10O2,4,4.417933521495644,0.0009954249666180995,False
transition1x,742,C3H4N2O1,0,2.7117888235388103,0.0002206139587041001,False
transition1x,743,C4H7N3,4,5.057511102029098,0.0010742935789801982,True
transition1x,744,C4H8O2,4,3.6542382776148683,0.0005608452103625986,False
transition1x,745,C4H8O2,4,3.882834666117624,0.000633209011865,False
transition1x,746,C4H5N1O2,3,3.6654253890389206,0.0004836723581740004,False
transition1x,747,C6H9N1,2,3.530151951707724,0.0005981746945030008,False
transition1x,748,C3H8O1,3,3.2252783952198927,0.00037448714616019946,False
transition1x,749,C7H10,4,3.8795733019192595,0.0007676055392531999,False
transition1x,750,C4H7N1O2,2,4.131385199506048,0.0007168704340013005,False
transition1x,751,C3H6N2O1,0,3.7095364644472606,0.0004953837881182997,False
transition1x,752,C4H7N1O1,1,3.9013622230476193,0.0005936044606214993,False
transition1x,753,C4H5N1O2,3,5.281155928282229,0.0010040618857978993,True
transition1x,754,C5H10O1,2,3.7105709661469213,0.0006608801709509999,False
transition1x,755,C6H12O1,2,4.5959167395835445,0.0012039796885995016,False
transition1x,756,C4H6O2,4,4.93458381475975,0.0008766042272959999,False
transition1x,757,C3H4N2O1,0,4.160826527149785,0.0005193743216710003,False
transition1x,758,C6H10,0,3.2441983851818725,0.0005051915117960001,False
transition1x,759,C6H10O1,1,3.1952916077538696,0.0005207043113876977,False
transition1x,760,C4H9N1O1,1,3.778797119708275,0.0006425688452362,False
transition1x,761,C7H8,0,3.2167520207608313,0.00046563721033810005,False
transition1x,762,C4H5N1O2,3,4.958441833409799,0.0008851012349510996,False
transition1x,763,C5H5N1,0,5.225122038938999,0.0009009627106195996,True
transition1x,764,C4H9N1O1,1,4.331790554763443,0.0008443984234652,False
transition1x,765,C5H4N2,1,5.063693541772437,0.0008461527454046001,True
transition1x,766,C4H7N1O2,2,2.907125787565945,0.0003549579744786985,False
transition1x,767,C4H8O2,4,4.26530816218728,0.0007640998561737002,False
transition1x,768,C6H14O1,0,3.9234836141685627,0.0009698045912509,False
transition1x,769,C4H5N1O1,3,3.1064313571783075,0.00031844722063640186,False
transition1x,770,C3H5N3,2,5.471227583099867,0.0009878329317804025,True
transition1x,771,C5H7N1O1,4,2.7820702287680743,0.00032507641982750104,False
transition1x,772,C5H10O2,4,4.363088737652872,0.0009708637099642999,False
transition1x,773,C7H10,4,2.4193866297262283,0.0002985250148689998,False
transition1x,774,C5H8O1,1,4.297813314577209,0.0007757903700521998,False
transition1x,775,C5H7N1O1,4,4.186329994801675,0.0007360650706658,False
transition1x,776,C4H8O2,4,3.4923120749191687,0.0005122422324023016,False
transition1x,777,C6H8O1,2,4.916557222110472,0.0010877640713228992,False
transition1x,778,C4H6O1,1,4.825908916503487,0.0007685500967227996,False
transition1x,779,C4H8O2,4,4.927817138936635,0.001019902033701501,False
transition1x,780,C4H7N1O2,2,4.089381646362873,0.0007023677744835999,False
transition1x,781,C6H9N1,2,3.93023929970263,0.000741445485740497,False
transition1x,782,C7H8,0,4.783554276712615,0.0010297076183214998,False
transition1x,783,C6H10,0,4.01099609400832,0.0007722283039751998,False
transition1x,784,C4H6O2,4,4.3198491542269135,0.0006717994817498992,False
transition1x,785,C4H9N1O1,1,4.3980454681955665,0.0008704261773142001,False
transition1x,786,C5H12O1,3,3.211095763890853,0.0005568013442634001,False
transition1x,787,C5H3N1O1,3,4.244650132491881,0.0005405116424179002,False
transition1x,788,C5H10,4,3.081135535528708,0.0004272028284733999,False
transition1x,789,C5H8O1,1,5.148490349729205,0.0011132920210126997,True
transition1x,790,C5H7N1O1,4,5.277051886942486,0.0011695856179342967,True
transition1x,791,C3H4N2O1,0,3.4397381212552607,0.00035495395028450004,False
transition1x,792,C5H8N2,3,2.784549355017592,0.0003489171799738,False
transition1x,793,C3H7N1O1,4,3.5471501819539744,0.00045296187888010003,False
transition1x,794,C3H4N2O1,0,5.792490421612567,0.0010065883585341998,True
transition1x,795,C5H7N1,0,3.6466721678767158,0.0005186304980986999,False
transition1x,796,C5H12O1,3,4.404053827543858,0.0010473672662588002,False
transition1x,797,C4H6O2,4,3.3805701935242354,0.00041141717400040157,False
transition1x,798,C6H12O1,2,3.6214036755261123,0.0007475301811235,False
transition1x,799,C6H8O1,2,5.296347293691929,0.001262308259492902,True
transition1x,800,C4H10O2,4,2.619935977444548,0.00032947509724359927,False
transition1x,801,C6H10O1,1,4.289910839887264,0.0009385700857232949,False
transition1x,802,C6H8O1,2,3.4219722001546287,0.0005269452182384,False
transition1x,803,C5H8N2,3,3.983798372212406,0.0007141792261698998,False
transition1x,804,C4H9N1O2,0,3.4841438194934757,0.0005826843914359001,False
transition1x,805,C7H14,0,4.479915684712175,0.0012643876061542,False
transition1x,806,C3H6N2O2,2,4.198376732598643,0.0006874283203642005,False
transition1x,807,C7H14,0,3.3324320303567503,0.0006996215039276997,False
transition1x,808,C5H7N1O1,4,3.8265945888824295,0.0006149986982019001,False
transition1x,809,C4H7N1O1,1,4.199017473267729,0.0006876381618915003,False
transition1x,810,C5H5N1O1,2,3.6153507063845836,0.00047054738628559827,False
transition1x,811,C4H8N2,3,2.440873811064488,0.0002502303283847,False
transition1x,812,C6H10O1,1,5.438595922731974,0.0015084946061485996,True
transition1x,813,C2H5N1O1,3,3.816780768629694,0.0003933310167660999,False
transition1x,814,C5H4N2,1,4.24327064798434,0.0005941764111374997,False
transition1x,815,C5H4,1,2.8057662755449146,0.00021255275861059987,False
transition1x,816,C4H10O2,4,4.705085057304137,0.0010626156190304001,False
transition1x,817,C4H7N1O2,2,3.6689906761601345,0.0005653826884335,False
transition1x,818,C5H7N1O1,4,6.010500504680675,0.0015172968853041993,True
transition1x,819,C5H10O2,4,3.4258551572077107,0.0005985606614665,False
transition1x,820,C5H11N1O1,0,4.954375832701573,0.0013254753541494999,False
transition1x,821,C4H8O2,4,5.321343279026495,0.0011893011603160988,True
transition1x,822,C5H8,4,3.5133068506038594,0.0004813896760335003,False
transition1x,823,C7H10,4,3.706056434215247,0.0007004775689729999,False
transition1x,824,C4H5N1O1,3,4.022017363412033,0.0005338285811624002,False
transition1x,825,C5H5N1O1,2,4.820152028459383,0.0008364191607885998,False
transition1x,826,C6H10O1,1,4.739495756249586,0.0011456038211988997,False
transition1x,827,C3H5N1O2,0,4.096656505519489,0.0005538256192990999,False
transition1x,828,C5H7N1,0,4.331514776922141,0.0007317187902450997,False
transition1x,829,C3H5N1O2,0,4.072290288042448,0.0005472570902728,False
transition1x,830,C3H4N2O1,0,3.068149218751699,0.0002824061888557999,False
transition1x,831,C4H6O1,1,5.182239781676252,0.0008862351021080015,True
transition1x,832,C4H7N1O1,1,2.9256050320303024,0.0003338074273342001,False
transition1x,833,C4H9N1O1,1,3.528584220466712,0.0005602907970417004,False
transition1x,834,C3H5N3,2,2.6193306077270506,0.0002264094634750001,False
transition1x,835,C3H4N2O1,0,3.413496277544476,0.0003495587051042999,False
transition1x,836,C6H9N1,2,3.383609423089306,0.0005495430109448999,False
transition1x,837,C4H7N1O1,1,3.4021537681403737,0.00045141136022079794,False
transition1x,838,C4H4O2,1,3.6817508392661056,0.00040665867727310013,False
transition1x,839,C5H9N1O1,3,4.163362559238726,0.0008320122143842001,False
transition1x,840,C5H10O1,2,4.7483510282662875,0.0010822481994066002,False
transition1x,841,C4H7N1O1,1,3.3222759855919595,0.00043046319125320003,False
transition1x,842,C4H7N1O1,1,4.087880830647387,0.0006517200177374004,False
transition1x,843,C5H8O2,4,2.9910243037936755,0.0004025801873648,False
transition1x,844,C4H7N1O1,1,3.4704930718234195,0.00046972856430139986,False
transition1x,845,C3H2O3,3,4.706638796706019,0.0005316587703037988,False
transition1x,846,C4H10O1,4,3.367209251730925,0.000510214416522405,False
transition1x,847,C3H6N2O1,0,3.6176004678895914,0.0004711331932298997,False
transition1x,848,C5H8N2,3,3.153273365038306,0.00044744098115970005,False
transition1x,849,C5H8O2,4,3.164073798671933,0.0004505113351549007,False
transition1x,850,C4H4O2,1,5.18616974814972,0.0008068906996987,True
transition1x,851,C5H7N1O1,4,3.404923400135527,0.00048692714115320003,False
transition1x,852,C3H3N3O1,0,4.920341597249117,0.0007262928430085998,False
transition1x,853,C5H10N2,4,3.7094284648140268,0.0007017528363142,False
transition1x,854,C3H4N2O1,0,5.87564221112467,0.0010356951417945,True
transition1x,855,C6H12O1,2,4.202728195538428,0.0010067866842777002,False
transition1x,856,C5H12O2,3,3.0812973398166936,0.0005411804178926018,False
transition1x,857,C7H10,4,3.839791871538781,0.0007519440824535,False
transition1x,858,C5H10O1,2,3.347087866822005,0.0005377438650348999,False
transition1x,859,C3H5N1O2,0,4.384540262789039,0.0006343983794285999,False
transition1x,860,C6H10O1,1,4.191237368144331,0.0008958900044826004,False
transition1x,861,C5H9N1O1,3,3.5051545935816093,0.0005897332187955002,False
transition1x,862,C3H5N1O1,2,3.6889155136711036,0.0004082429300101003,False
transition1x,863,C6H8O1,2,5.931687802929843,0.0015833214086142,True
transition1x,864,C6H12,1,2.75168734185247,0.0004088762942748001,False
transition1x,865,C4H7N1O1,1,3.351388770272364,0.00043804046089080057,False
transition1x,866,C5H11N1,3,3.2492820221565566,0.0005384495166349998,False
transition1x,867,C4H9N1O1,1,5.41506304766538,0.0013195308514585983,True
transition1x,868,C5H9N1O1,3,3.4896863188804312,0.0005845397090007002,False
transition1x,869,C4H6,0,4.490376626958679,0.0006049044675581042,False
transition1x,870,C4H6O2,4,4.568579552948838,0.0007513890887383994,False
transition1x,871,C4H8O2,4,3.415975749597135,0.0004900933935170998,False
transition1x,872,C5H8N2,3,3.152562694914867,0.0004472393195416001,False
transition1x,873,C3H3N1O1,1,3.7705739931855797,0.00034121347771409884,False
transition1x,874,C3H7N3O1,3,3.532967855469195,0.0005242381984467012,False
transition1x,875,C3H5N3,2,3.405265899089675,0.0003826625828355995,False
transition1x,876,C4H6N2,4,3.6076672982609725,0.0004685494800578985,False
transition1x,877,C5H10O1,2,4.217203743766172,0.0008536707559889,False
transition1x,878,C4H4O1,2,5.020292458994134,0.0006804900820935008,True
transition1x,879,C6H8O1,2,6.257500368005141,0.0017620339885013017,True
transition1x,880,C4H8O2,4,3.242647304395348,0.00044161998470950147,False
transition1x,881,C4H8N2,3,4.124328494652756,0.0007144235923357961,False
transition1x,882,C4H10O1,4,3.0171065463166267,0.00040963193603219905,False
transition1x,883,C4H8O2,4,3.455872725419035,0.0005016083643603978,False
transition1x,884,C5H8O2,4,4.344307392019533,0.000849285302236,False
transition1x,885,C6H10O1,1,3.616833315430479,0.0006671556448119993,False
transition1x,886,C4H6O2,4,4.124953790278205,0.0006125487757894991,False
transition1x,887,C4H8O2,4,4.016666886172392,0.0006776117407279003,False
transition1x,888,C3H5N3O1,0,3.2745527923981896,0.0003860170556473001,False
transition1x,889,C4H8O2,4,3.6227213804492715,0.0005512126284152996,False
transition1x,890,C5H7N1O1,4,3.17626473927241,0.0004237236231456997,False
transition1x,891,C4H6O3,2,3.4301622562265215,0.0004588745110575998,False
transition1x,892,C5H7N1O1,4,3.9275213332223506,0.0006478678005625002,False
transition1x,893,C4H8N2O1,4,3.345679165568302,0.0005037106085513015,False
transition1x,894,C5H6O1,4,6.806272007796886,0.0016677121911883,True
transition1x,895,C5H11N1O1,0,4.487821415537745,0.0010875892171189972,False
transition1x,896,C6H6,1,5.563435799306287,0.0011142654441481002,True
transition1x,897,C5H10O1,2,3.8348990623447863,0.0007059096392819002,False
transition1x,898,C3H7N1O1,4,3.4102978342697576,0.0004186847274633,False
transition1x,899,C4H5N1O1,3,4.104047280168755,0.0005558257345693983,False
transition1x,900,C6H10,0,3.683284501620689,0.0006511960665542,False
transition1x,901,C6H14O1,0,4.881441039528883,0.0015011933972109996,False
transition1x,902,C6H12O1,2,3.682450186407882,0.0007729450443964002,False
transition1x,903,C5H11N1O1,0,4.409687246931674,0.0010500484472506,False
transition1x,904,C4H7N1O1,1,4.452028778205131,0.0007730018494367003,False
transition1x,905,C4H9N1O2,0,3.9413727952421596,0.0007456521365315999,False
transition1x,906,C5H10O1,2,4.546511656601181,0.0009921968756932999,False
transition1x,907,C3H4N2O2,1,3.314224480755093,0.00036247476899160005,False
transition1x,908,C4H5N1O1,3,3.806221291966381,0.0004780815772728015,False
transition1x,909,C6H10O1,1,3.253760269769033,0.0005399347505495001,False
transition1x,910,C6H7N1,0,3.667498735455353,0.0005649229729317979,False
transition1x,911,C5H8O1,1,4.016693004268623,0.0006776205530027006,False
transition1x,912,C6H6,1,6.712459960285306,0.001622056273863603,True
transition1x,913,C4H9N1O1,1,4.069592892054164,0.0007452713838176,False
transition1x,914,C4H9N1O2,0,4.487857515073544,0.0009667615236289002,False
transition1x,915,C6H10O1,1,3.7926701585674754,0.0007336016935161002,False
transition1x,916,C4H5N1O1,3,3.584188846413868,0.00042393151966299997,False
transition1x,917,C5H8N2,3,4.256540057129602,0.0008153159966076993,False
transition1x,918,C5H8N2,3,3.834663402839358,0.0006617089535883985,False
transition1x,919,C4H8O2,4,4.588279782346319,0.0008841970771656957,False
transition1x,920,C5H9N1O1,3,3.56923178315639,0.0006114919450508998,False
transition1x,921,C4H7N3,4,2.6238665349886485,0.00028915637492420013,False
transition1x,922,C5H10O2,4,4.406662872449125,0.0009903525612425003,False
transition1x,923,C6H8O1,2,3.28664500072541,0.0004860915912356999,False
transition1x,924,C5H9N1O1,3,3.868257004190487,0.0007182437880225005,False
transition1x,925,C5H11N1,3,4.0872570314154375,0.0008519891720836018,False
transition1x,926,C6H8,0,3.8079950386544184,0.0006090347010054999,False
transition1x,927,C5H7N1O1,4,4.148389429902715,0.0007227836642093999,False
transition1x,928,C4H5N1O1,3,5.1529051305797,0.0008762302323969018,True
transition1x,929,C3H2O1,4,5.5239099987136715,0.0005492444701299997,True
transition1x,930,C5H8O2,4,3.052443991230271,0.0004192836443819003,False
transition1x,931,C4H7N1O2,2,3.5260400039181277,0.0005221842405876999,False
transition1x,932,C6H8O1,2,3.643344403865464,0.0005973281300330008,False
transition1x,933,C6H8,0,4.730684082125581,0.0009399336191648068,False
transition1x,934,C6H8,0,3.6498548177652603,0.0005595004880120998,False
transition1x,935,C2H3N3,0,2.9431417833718387,0.00020789000536869997,False
transition1x,936,C5H12O1,3,5.572962123904159,0.0016771269690613996,True
transition1x,937,C6H10O1,1,4.7691338066172575,0.0011599765005364004,False
transition1x,938,C5H8O1,1,3.966619144236539,0.0006608308322878,False
transition1x,939,C3H5N1O2,0,4.510331625390422,0.0006713220152429013,False
transition1x,940,C3H5N1O1,2,3.3204119917624593,0.00033075407385119827,False
transition1x,941,C5H8O1,1,3.8976928168838705,0.000638064390381101,False
transition1x,942,C3H2O3,3,3.6118207018338864,0.0003130859707726999,False
transition1x,943,C7H14,0,3.9728682498742307,0.0009943719742441003,False
transition1x,944,C6H12,1,4.208862552249675,0.0009565842951214014,False
transition1x,945,C5H9N1O1,3,3.1416047834025713,0.0004737446695247,False
transition1x,946,C5H6O2,0,3.784104680495262,0.0005584584810848998,False
transition1x,947,C5H10O2,4,4.793338328843971,0.0011717807090730007,False
transition1x,948,C5H7N1O1,4,3.4607712502734285,0.0005030313811622026,False
transition1x,949,C3H4N2O1,0,3.217062759278511,0.0003104847839141,False
transition1x,950,C6H11N1,3,3.4846360822018894,0.0006557051857707001,False
transition1x,951,C3H5N3O1,0,2.6412039376579757,0.00025113449665079983,False
transition1x,952,C4H9N1O1,1,3.901372839377612,0.0006849319514325,False
transition1x,953,C2H5N1O2,1,2.9289300215106984,0.0002573589321271998,False
transition1x,954,C3H4N2O2,1,3.1044558635154007,0.00031804232488099997,False
transition1x,955,C4H8N2,3,3.023923709846434,0.00038405281332479967,False
transition1x,956,C3H5N1O2,0,4.504124857387198,0.000669475644120797,False
transition1x,957,C4H7N1O1,1,3.9277332530112394,0.0006016564517656,False
transition1x,958,C5H10O1,2,3.517558548375267,0.0005939144707799001,False
transition1x,959,C4H5N1O1,3,5.316687972559662,0.0009328166429194987,True
transition1x,960,C5H6O2,0,3.108918149101107,0.00037694951025459987,False
transition1x,961,C4H8N2O1,4,3.9704320991896527,0.0007093948974423998,False
transition1x,962,C5H11N1O1,0,2.8568812617890007,0.00044073560937390007,False
transition1x,963,C7H10,4,2.5890929815402126,0.0003418735258201002,False
transition1x,964,C3H5N3O1,0,3.487097827015722,0.0004377546451863998,False
transition1x,965,C5H6O2,0,4.45352156487224,0.0007735203188225016,False
transition1x,966,C5H8O1,1,4.685406448664375,0.0009220274107458,False
transition1x,967,C4H7N1O2,2,3.494464978204477,0.0005128739903237,False
transition1x,968,C4H6N2O1,1,3.072380522234367,0.0003681413608627998,False
transition1x,969,C5H8O2,4,4.301072430418046,0.0008324650823265987,False
transition1x,970,C6H12O1,2,3.359557561614588,0.0006433377395587,False
transition1x,971,C5H8N2,3,4.190567893670509,0.0007902386672157941,False
transition1x,972,C5H8O2,4,5.476671303785417,0.0013497267856367996,True
transition1x,973,C4H8O2,4,4.909903482476345,0.0010125003927038002,False
transition1x,974,C4H8O2,4,3.3326645907027324,0.00046647943751320004,False
transition1x,975,C6H14,0,3.7468506722270583,0.0008423333975981014,False
transition1x,976,C3H5N3O1,0,2.836880978939133,0.0002897241727919996,False
transition1x,977,C4H9N1O2,0,4.866564676547385,0.0011368056840488998,False
transition1x,978,C5H5N1O1,2,3.6151015143257803,0.0004704825225196998,False
transition1x,979,C7H10,4,3.7295456925267856,0.0007093850647049,False
transition1x,980,C6H12O1,2,4.212638086522631,0.0010115402199371998,False
transition1x,981,C3H6N2O1,0,2.98900674075157,0.00032162980666529964,False
transition1x,982,C7H10,4,4.483830641384837,0.0010253415982516996,False
transition1x,983,C4H4O1,2,3.5803613595593835,0.00034611266155569974,False
transition1x,984,C4H9N1O2,0,4.04791225972234,0.0007865084957957003,False
transition1x,985,C5H9N1O1,3,3.9740272132584566,0.0007580588300025011,False
transition1x,986,C6H12O1,2,3.73065791058125,0.0007933150814095999,False
transition1x,987,C4H6N2,4,4.107416858304418,0.0006073514369238001,False
transition1x,988,C4H5N3,2,3.107929650130185,0.00034773216156570007,False
transition1x,989,C5H9N1O1,3,3.1903457141592297,0.000488558677241,False
transition1x,990,C5H7N1O1,4,4.0845714221241645,0.0007007163955022036,False
transition1x,991,C5H3N1O1,3,2.97666485904443,0.0002658160104920998,False
transition1x,992,C3H7N3O1,3,4.3054820118575075,0.000778561364886,False
transition1x,993,C4H6N2O1,1,3.5959842083232583,0.0005043129946338998,False
transition1x,994,C5H7N1O1,4,6.1246271506594425,0.001575464424852982,True
transition1x,995,C4H10O1,4,3.2117990952143938,0.0004642044042608999,False
transition1x,996,C6H12O1,2,3.746202333039444,0.0007999398194439998,False
transition1x,997,C5H10O1,2,4.649945915146935,0.0010378558566619999,False
transition1x,998,C4H5N1O1,3,2.76934951250016,0.0002530867918387009,False
transition1x,999,C5H6O2,0,3.293178237496885,0.00042295589325300046,False
