dataset,scenario,endpoint,acquisition_fraction,seed_count,selected_count,total_count,total_fraction,n_bad,method,comparison,recall,impact_fraction,acquisition_recall
aimnet2,0,worst_decile,0.01,201,8,209,0.209,100,net_force,shared_seed,0.35,0.22462933895525353,0.1095890410958904
aimnet2,0,worst_decile,0.01,201,8,209,0.209,100,rigid_force,shared_seed,0.35,0.2296818016716813,0.1095890410958904
aimnet2,0,worst_decile,0.01,201,8,209,0.209,100,force_magnitude,shared_seed,0.28,0.21700836226640555,0.0136986301369863
aimnet2,0,worst_decile,0.01,201,8,209,0.209,100,geometry_novelty,shared_seed,0.32,0.22452538544699369,0.0684931506849315
aimnet2,0,worst_decile,0.01,201,8,209,0.209,100,trees_log,shared_seed,0.35,0.23243080690691426,0.1095890410958904
aimnet2,0,worst_decile,0.01,201,8,209,0.209,100,trees_raw,shared_seed,0.35,0.23243080690691426,0.1095890410958904
aimnet2,0,worst_decile,0.01,201,8,209,0.209,100,trees_physics,shared_seed,0.35,0.229994486088657,0.1095890410958904
aimnet2,0,worst_decile,0.01,201,8,209,0.209,100,ridge,shared_seed,0.35,0.2333601030294366,0.1095890410958904
aimnet2,0,worst_decile,0.01,201,8,209,0.209,100,mp_ridge,shared_seed,0.34,0.23161572819871457,0.0958904109589041
aimnet2,0,worst_decile,0.01,201,8,209,0.209,100,reference_oracle,shared_seed,0.35,0.23409476850054517,0.1095890410958904
aimnet2,0,worst_decile,0.01,201,8,209,0.209,100,random,shared_seed,0.2773091364205257,0.2195914027138663,0.010012515644555695
aimnet2,0,worst_decile,0.01,201,8,209,0.209,100,net_force,total_budget,0.85,0.28620284040017296,
aimnet2,0,worst_decile,0.01,201,8,209,0.209,100,rigid_force,total_budget,0.91,0.2880126920540651,
aimnet2,0,worst_decile,0.01,201,8,209,0.209,100,force_magnitude,total_budget,0.31,0.18814541279178956,
aimnet2,0,worst_decile,0.01,201,8,209,0.209,100,geometry_novelty,total_budget,0.64,0.2670572878255956,
aimnet2,0,worst_decile,0.01,201,8,209,0.209,100,random,total_budget,0.209,0.209,
aimnet2,0,worst_decile,0.01,201,8,209,0.209,100,reference_oracle,total_budget,1.0,0.36279640258699225,
aimnet2,0,above_5mev,0.01,201,8,209,0.209,263,net_force,shared_seed,0.2737642585551331,0.22462933895525353,0.04020100502512563
aimnet2,0,above_5mev,0.01,201,8,209,0.209,263,rigid_force,shared_seed,0.2737642585551331,0.2296818016716813,0.04020100502512563
aimnet2,0,above_5mev,0.01,201,8,209,0.209,263,force_magnitude,shared_seed,0.25475285171102663,0.21700836226640555,0.01507537688442211
aimnet2,0,above_5mev,0.01,201,8,209,0.209,263,geometry_novelty,shared_seed,0.2661596958174905,0.22452538544699369,0.03015075376884422
aimnet2,0,above_5mev,0.01,201,8,209,0.209,263,trees_log,shared_seed,0.2737642585551331,0.23243080690691426,0.04020100502512563
aimnet2,0,above_5mev,0.01,201,8,209,0.209,263,trees_raw,shared_seed,0.2737642585551331,0.23243080690691426,0.04020100502512563
aimnet2,0,above_5mev,0.01,201,8,209,0.209,263,trees_physics,shared_seed,0.2737642585551331,0.229994486088657,0.04020100502512563
aimnet2,0,above_5mev,0.01,201,8,209,0.209,263,ridge,shared_seed,0.2737642585551331,0.2333601030294366,0.04020100502512563
aimnet2,0,above_5mev,0.01,201,8,209,0.209,263,mp_ridge,shared_seed,0.2737642585551331,0.23161572819871457,0.04020100502512563
aimnet2,0,above_5mev,0.01,201,8,209,0.209,263,reference_oracle,shared_seed,0.2737642585551331,0.23409476850054517,0.04020100502512563
aimnet2,0,above_5mev,0.01,201,8,209,0.209,263,random,shared_seed,0.25092201754093757,0.2195914027138663,0.010012515644555695
aimnet2,0,above_5mev,0.01,201,8,209,0.209,263,net_force,total_budget,0.5399239543726235,0.28620284040017296,
aimnet2,0,above_5mev,0.01,201,8,209,0.209,263,rigid_force,total_budget,0.5893536121673004,0.2880126920540651,
aimnet2,0,above_5mev,0.01,201,8,209,0.209,263,force_magnitude,total_budget,0.24714828897338403,0.18814541279178956,
aimnet2,0,above_5mev,0.01,201,8,209,0.209,263,geometry_novelty,total_budget,0.3916349809885932,0.2670572878255956,
aimnet2,0,above_5mev,0.01,201,8,209,0.209,263,random,total_budget,0.209,0.209,
aimnet2,0,above_5mev,0.01,201,8,209,0.209,263,reference_oracle,total_budget,0.7946768060836502,0.36279640258699225,
aimnet2,0,above_10mev,0.01,201,8,209,0.209,14,net_force,shared_seed,0.5,0.22462933895525353,0.3
aimnet2,0,above_10mev,0.01,201,8,209,0.209,14,rigid_force,shared_seed,0.6428571428571429,0.2296818016716813,0.5
aimnet2,0,above_10mev,0.01,201,8,209,0.209,14,force_magnitude,shared_seed,0.2857142857142857,0.21700836226640555,0.0
aimnet2,0,above_10mev,0.01,201,8,209,0.209,14,geometry_novelty,shared_seed,0.5714285714285714,0.22452538544699369,0.4
aimnet2,0,above_10mev,0.01,201,8,209,0.209,14,trees_log,shared_seed,0.6428571428571429,0.23243080690691426,0.5
aimnet2,0,above_10mev,0.01,201,8,209,0.209,14,trees_raw,shared_seed,0.6428571428571429,0.23243080690691426,0.5
aimnet2,0,above_10mev,0.01,201,8,209,0.209,14,trees_physics,shared_seed,0.5714285714285714,0.229994486088657,0.4
aimnet2,0,above_10mev,0.01,201,8,209,0.209,14,ridge,shared_seed,0.7142857142857143,0.2333601030294366,0.6
aimnet2,0,above_10mev,0.01,201,8,209,0.209,14,mp_ridge,shared_seed,0.6428571428571429,0.23161572819871457,0.5
aimnet2,0,above_10mev,0.01,201,8,209,0.209,14,reference_oracle,shared_seed,0.8571428571428571,0.23409476850054517,0.8
aimnet2,0,above_10mev,0.01,201,8,209,0.209,14,random,shared_seed,0.2928660826032541,0.2195914027138663,0.010012515644555695
aimnet2,0,above_10mev,0.01,201,8,209,0.209,14,net_force,total_budget,1.0,0.28620284040017296,
aimnet2,0,above_10mev,0.01,201,8,209,0.209,14,rigid_force,total_budget,1.0,0.2880126920540651,
aimnet2,0,above_10mev,0.01,201,8,209,0.209,14,force_magnitude,total_budget,0.42857142857142855,0.18814541279178956,
aimnet2,0,above_10mev,0.01,201,8,209,0.209,14,geometry_novelty,total_budget,1.0,0.2670572878255956,
aimnet2,0,above_10mev,0.01,201,8,209,0.209,14,random,total_budget,0.209,0.209,
aimnet2,0,above_10mev,0.01,201,8,209,0.209,14,reference_oracle,total_budget,1.0,0.36279640258699225,
aimnet2,0,above_25mev,0.01,201,8,209,0.209,0,net_force,shared_seed,,0.22462933895525353,
aimnet2,0,above_25mev,0.01,201,8,209,0.209,0,rigid_force,shared_seed,,0.2296818016716813,
aimnet2,0,above_25mev,0.01,201,8,209,0.209,0,force_magnitude,shared_seed,,0.21700836226640555,
aimnet2,0,above_25mev,0.01,201,8,209,0.209,0,geometry_novelty,shared_seed,,0.22452538544699369,
aimnet2,0,above_25mev,0.01,201,8,209,0.209,0,trees_log,shared_seed,,0.23243080690691426,
aimnet2,0,above_25mev,0.01,201,8,209,0.209,0,trees_raw,shared_seed,,0.23243080690691426,
aimnet2,0,above_25mev,0.01,201,8,209,0.209,0,trees_physics,shared_seed,,0.229994486088657,
aimnet2,0,above_25mev,0.01,201,8,209,0.209,0,ridge,shared_seed,,0.2333601030294366,
aimnet2,0,above_25mev,0.01,201,8,209,0.209,0,mp_ridge,shared_seed,,0.23161572819871457,
aimnet2,0,above_25mev,0.01,201,8,209,0.209,0,reference_oracle,shared_seed,,0.23409476850054517,
aimnet2,0,above_25mev,0.01,201,8,209,0.209,0,random,shared_seed,,0.2195914027138663,
aimnet2,0,above_25mev,0.01,201,8,209,0.209,0,net_force,total_budget,,0.28620284040017296,
aimnet2,0,above_25mev,0.01,201,8,209,0.209,0,rigid_force,total_budget,,0.2880126920540651,
aimnet2,0,above_25mev,0.01,201,8,209,0.209,0,force_magnitude,total_budget,,0.18814541279178956,
aimnet2,0,above_25mev,0.01,201,8,209,0.209,0,geometry_novelty,total_budget,,0.2670572878255956,
aimnet2,0,above_25mev,0.01,201,8,209,0.209,0,random,total_budget,,0.209,
aimnet2,0,above_25mev,0.01,201,8,209,0.209,0,reference_oracle,total_budget,,0.36279640258699225,
aimnet2,0,worst_decile,0.02,201,16,217,0.217,100,net_force,shared_seed,0.42,0.2438828891985596,0.2054794520547945
aimnet2,0,worst_decile,0.02,201,16,217,0.217,100,rigid_force,shared_seed,0.42,0.24022491267549176,0.2054794520547945
aimnet2,0,worst_decile,0.02,201,16,217,0.217,100,force_magnitude,shared_seed,0.29,0.22116682296208406,0.0273972602739726
aimnet2,0,worst_decile,0.02,201,16,217,0.217,100,geometry_novelty,shared_seed,0.38,0.23674847538299282,0.1506849315068493
aimnet2,0,worst_decile,0.02,201,16,217,0.217,100,trees_log,shared_seed,0.42,0.2466161558593537,0.2054794520547945
aimnet2,0,worst_decile,0.02,201,16,217,0.217,100,trees_raw,shared_seed,0.42,0.2466161558593537,0.2054794520547945
aimnet2,0,worst_decile,0.02,201,16,217,0.217,100,trees_physics,shared_seed,0.43,0.24406468783821206,0.2191780821917808
aimnet2,0,worst_decile,0.02,201,16,217,0.217,100,ridge,shared_seed,0.41,0.2450161989892599,0.1917808219178082
aimnet2,0,worst_decile,0.02,201,16,217,0.217,100,mp_ridge,shared_seed,0.42,0.24572355652603303,0.2054794520547945
aimnet2,0,worst_decile,0.02,201,16,217,0.217,100,reference_oracle,shared_seed,0.43,0.25220745322953503,0.2191780821917808
aimnet2,0,worst_decile,0.02,201,16,217,0.217,100,random,shared_seed,0.2846182728410513,0.22748428359665904,0.02002503128911139
aimnet2,0,worst_decile,0.02,201,16,217,0.217,100,net_force,total_budget,0.85,0.2931451928992899,
aimnet2,0,worst_decile,0.02,201,16,217,0.217,100,rigid_force,total_budget,0.92,0.2966632842373912,
aimnet2,0,worst_decile,0.02,201,16,217,0.217,100,force_magnitude,total_budget,0.31,0.1951997916441441,
aimnet2,0,worst_decile,0.02,201,16,217,0.217,100,geometry_novelty,total_budget,0.65,0.2767548252108436,
aimnet2,0,worst_decile,0.02,201,16,217,0.217,100,random,total_budget,0.217,0.217,
aimnet2,0,worst_decile,0.02,201,16,217,0.217,100,reference_oracle,total_budget,1.0,0.3715355269714099,
aimnet2,0,above_5mev,0.02,201,16,217,0.217,263,net_force,shared_seed,0.3041825095057034,0.2438828891985596,0.08040201005025126
aimnet2,0,above_5mev,0.02,201,16,217,0.217,263,rigid_force,shared_seed,0.3041825095057034,0.24022491267549176,0.08040201005025126
aimnet2,0,above_5mev,0.02,201,16,217,0.217,263,force_magnitude,shared_seed,0.2585551330798479,0.22116682296208406,0.020100502512562814
aimnet2,0,above_5mev,0.02,201,16,217,0.217,263,geometry_novelty,shared_seed,0.29277566539923955,0.23674847538299282,0.06532663316582915
aimnet2,0,above_5mev,0.02,201,16,217,0.217,263,trees_log,shared_seed,0.3041825095057034,0.2466161558593537,0.08040201005025126
aimnet2,0,above_5mev,0.02,201,16,217,0.217,263,trees_raw,shared_seed,0.3041825095057034,0.2466161558593537,0.08040201005025126
aimnet2,0,above_5mev,0.02,201,16,217,0.217,263,trees_physics,shared_seed,0.3041825095057034,0.24406468783821206,0.08040201005025126
aimnet2,0,above_5mev,0.02,201,16,217,0.217,263,ridge,shared_seed,0.3041825095057034,0.2450161989892599,0.08040201005025126
aimnet2,0,above_5mev,0.02,201,16,217,0.217,263,mp_ridge,shared_seed,0.3041825095057034,0.24572355652603303,0.08040201005025126
aimnet2,0,above_5mev,0.02,201,16,217,0.217,263,reference_oracle,shared_seed,0.3041825095057034,0.25220745322953503,0.08040201005025126
aimnet2,0,above_5mev,0.02,201,16,217,0.217,263,random,shared_seed,0.25849802747731243,0.22748428359665904,0.02002503128911139
aimnet2,0,above_5mev,0.02,201,16,217,0.217,263,net_force,total_budget,0.5399239543726235,0.2931451928992899,
aimnet2,0,above_5mev,0.02,201,16,217,0.217,263,rigid_force,total_budget,0.6007604562737643,0.2966632842373912,
aimnet2,0,above_5mev,0.02,201,16,217,0.217,263,force_magnitude,total_budget,0.25475285171102663,0.1951997916441441,
aimnet2,0,above_5mev,0.02,201,16,217,0.217,263,geometry_novelty,total_budget,0.4068441064638783,0.2767548252108436,
aimnet2,0,above_5mev,0.02,201,16,217,0.217,263,random,total_budget,0.217,0.217,
aimnet2,0,above_5mev,0.02,201,16,217,0.217,263,reference_oracle,total_budget,0.8250950570342205,0.3715355269714099,
aimnet2,0,above_10mev,0.02,201,16,217,0.217,14,net_force,shared_seed,0.7142857142857143,0.2438828891985596,0.6
aimnet2,0,above_10mev,0.02,201,16,217,0.217,14,rigid_force,shared_seed,0.7142857142857143,0.24022491267549176,0.6
aimnet2,0,above_10mev,0.02,201,16,217,0.217,14,force_magnitude,shared_seed,0.2857142857142857,0.22116682296208406,0.0
aimnet2,0,above_10mev,0.02,201,16,217,0.217,14,geometry_novelty,shared_seed,0.6428571428571429,0.23674847538299282,0.5
aimnet2,0,above_10mev,0.02,201,16,217,0.217,14,trees_log,shared_seed,0.8571428571428571,0.2466161558593537,0.8
aimnet2,0,above_10mev,0.02,201,16,217,0.217,14,trees_raw,shared_seed,0.8571428571428571,0.2466161558593537,0.8
aimnet2,0,above_10mev,0.02,201,16,217,0.217,14,trees_physics,shared_seed,0.7142857142857143,0.24406468783821206,0.6
aimnet2,0,above_10mev,0.02,201,16,217,0.217,14,ridge,shared_seed,0.7857142857142857,0.2450161989892599,0.7
aimnet2,0,above_10mev,0.02,201,16,217,0.217,14,mp_ridge,shared_seed,0.7857142857142857,0.24572355652603303,0.7
aimnet2,0,above_10mev,0.02,201,16,217,0.217,14,reference_oracle,shared_seed,1.0,0.25220745322953503,1.0
aimnet2,0,above_10mev,0.02,201,16,217,0.217,14,random,shared_seed,0.3000178794922224,0.22748428359665904,0.02002503128911139
aimnet2,0,above_10mev,0.02,201,16,217,0.217,14,net_force,total_budget,1.0,0.2931451928992899,
aimnet2,0,above_10mev,0.02,201,16,217,0.217,14,rigid_force,total_budget,1.0,0.2966632842373912,
aimnet2,0,above_10mev,0.02,201,16,217,0.217,14,force_magnitude,total_budget,0.42857142857142855,0.1951997916441441,
aimnet2,0,above_10mev,0.02,201,16,217,0.217,14,geometry_novelty,total_budget,1.0,0.2767548252108436,
aimnet2,0,above_10mev,0.02,201,16,217,0.217,14,random,total_budget,0.217,0.217,
aimnet2,0,above_10mev,0.02,201,16,217,0.217,14,reference_oracle,total_budget,1.0,0.3715355269714099,
aimnet2,0,above_25mev,0.02,201,16,217,0.217,0,net_force,shared_seed,,0.2438828891985596,
aimnet2,0,above_25mev,0.02,201,16,217,0.217,0,rigid_force,shared_seed,,0.24022491267549176,
aimnet2,0,above_25mev,0.02,201,16,217,0.217,0,force_magnitude,shared_seed,,0.22116682296208406,
aimnet2,0,above_25mev,0.02,201,16,217,0.217,0,geometry_novelty,shared_seed,,0.23674847538299282,
aimnet2,0,above_25mev,0.02,201,16,217,0.217,0,trees_log,shared_seed,,0.2466161558593537,
aimnet2,0,above_25mev,0.02,201,16,217,0.217,0,trees_raw,shared_seed,,0.2466161558593537,
aimnet2,0,above_25mev,0.02,201,16,217,0.217,0,trees_physics,shared_seed,,0.24406468783821206,
aimnet2,0,above_25mev,0.02,201,16,217,0.217,0,ridge,shared_seed,,0.2450161989892599,
aimnet2,0,above_25mev,0.02,201,16,217,0.217,0,mp_ridge,shared_seed,,0.24572355652603303,
aimnet2,0,above_25mev,0.02,201,16,217,0.217,0,reference_oracle,shared_seed,,0.25220745322953503,
aimnet2,0,above_25mev,0.02,201,16,217,0.217,0,random,shared_seed,,0.22748428359665904,
aimnet2,0,above_25mev,0.02,201,16,217,0.217,0,net_force,total_budget,,0.2931451928992899,
aimnet2,0,above_25mev,0.02,201,16,217,0.217,0,rigid_force,total_budget,,0.2966632842373912,
aimnet2,0,above_25mev,0.02,201,16,217,0.217,0,force_magnitude,total_budget,,0.1951997916441441,
aimnet2,0,above_25mev,0.02,201,16,217,0.217,0,geometry_novelty,total_budget,,0.2767548252108436,
aimnet2,0,above_25mev,0.02,201,16,217,0.217,0,random,total_budget,,0.217,
aimnet2,0,above_25mev,0.02,201,16,217,0.217,0,reference_oracle,total_budget,,0.3715355269714099,
aimnet2,0,worst_decile,0.05,201,40,241,0.241,100,net_force,shared_seed,0.57,0.2766430332783615,0.410958904109589
aimnet2,0,worst_decile,0.05,201,40,241,0.241,100,rigid_force,shared_seed,0.62,0.28244567822971933,0.4794520547945205
aimnet2,0,worst_decile,0.05,201,40,241,0.241,100,force_magnitude,shared_seed,0.33,0.2368590333485763,0.0821917808219178
aimnet2,0,worst_decile,0.05,201,40,241,0.241,100,geometry_novelty,shared_seed,0.51,0.2682116494012091,0.3287671232876712
aimnet2,0,worst_decile,0.05,201,40,241,0.241,100,trees_log,shared_seed,0.61,0.28938503321601905,0.4657534246575342
aimnet2,0,worst_decile,0.05,201,40,241,0.241,100,trees_raw,shared_seed,0.61,0.289098178857377,0.4657534246575342
aimnet2,0,worst_decile,0.05,201,40,241,0.241,100,trees_physics,shared_seed,0.6,0.281831988565368,0.4520547945205479
aimnet2,0,worst_decile,0.05,201,40,241,0.241,100,ridge,shared_seed,0.61,0.29407160063017534,0.4657534246575342
aimnet2,0,worst_decile,0.05,201,40,241,0.241,100,mp_ridge,shared_seed,0.63,0.2907246997549088,0.4931506849315068
aimnet2,0,worst_decile,0.05,201,40,241,0.241,100,reference_oracle,shared_seed,0.67,0.31656664075054813,0.547945205479452
aimnet2,0,worst_decile,0.05,201,40,241,0.241,100,random,shared_seed,0.3065456821026283,0.2511629262450373,0.05006257822277847
aimnet2,0,worst_decile,0.05,201,40,241,0.241,100,net_force,total_budget,0.86,0.3144629816943854,
aimnet2,0,worst_decile,0.05,201,40,241,0.241,100,rigid_force,total_budget,0.95,0.32134216197908116,
aimnet2,0,worst_decile,0.05,201,40,241,0.241,100,force_magnitude,total_budget,0.32,0.2198545812612517,
aimnet2,0,worst_decile,0.05,201,40,241,0.241,100,geometry_novelty,total_budget,0.67,0.30668573992798687,
aimnet2,0,worst_decile,0.05,201,40,241,0.241,100,random,total_budget,0.241,0.241,
aimnet2,0,worst_decile,0.05,201,40,241,0.241,100,reference_oracle,total_budget,1.0,0.398201867762108,
aimnet2,0,above_5mev,0.05,201,40,241,0.241,263,net_force,shared_seed,0.3840304182509506,0.2766430332783615,0.18592964824120603
aimnet2,0,above_5mev,0.05,201,40,241,0.241,263,rigid_force,shared_seed,0.39543726235741444,0.28244567822971933,0.20100502512562815
aimnet2,0,above_5mev,0.05,201,40,241,0.241,263,force_magnitude,shared_seed,0.2889733840304182,0.2368590333485763,0.06030150753768844
aimnet2,0,above_5mev,0.05,201,40,241,0.241,263,geometry_novelty,shared_seed,0.34600760456273766,0.2682116494012091,0.135678391959799
aimnet2,0,above_5mev,0.05,201,40,241,0.241,263,trees_log,shared_seed,0.39543726235741444,0.28938503321601905,0.20100502512562815
aimnet2,0,above_5mev,0.05,201,40,241,0.241,263,trees_raw,shared_seed,0.39543726235741444,0.289098178857377,0.20100502512562815
aimnet2,0,above_5mev,0.05,201,40,241,0.241,263,trees_physics,shared_seed,0.3916349809885932,0.281831988565368,0.19597989949748743
aimnet2,0,above_5mev,0.05,201,40,241,0.241,263,ridge,shared_seed,0.39543726235741444,0.29407160063017534,0.20100502512562815
aimnet2,0,above_5mev,0.05,201,40,241,0.241,263,mp_ridge,shared_seed,0.39543726235741444,0.2907246997549088,0.20100502512562815
aimnet2,0,above_5mev,0.05,201,40,241,0.241,263,reference_oracle,shared_seed,0.39543726235741444,0.31656664075054813,0.20100502512562815
aimnet2,0,above_5mev,0.05,201,40,241,0.241,263,random,shared_seed,0.2812260572864369,0.2511629262450373,0.05006257822277847
aimnet2,0,above_5mev,0.05,201,40,241,0.241,263,net_force,total_budget,0.5627376425855514,0.3144629816943854,
aimnet2,0,above_5mev,0.05,201,40,241,0.241,263,rigid_force,total_budget,0.6349809885931559,0.32134216197908116,
aimnet2,0,above_5mev,0.05,201,40,241,0.241,263,force_magnitude,total_budget,0.28517110266159695,0.2198545812612517,
aimnet2,0,above_5mev,0.05,201,40,241,0.241,263,geometry_novelty,total_budget,0.4372623574144487,0.30668573992798687,
aimnet2,0,above_5mev,0.05,201,40,241,0.241,263,random,total_budget,0.241,0.241,
aimnet2,0,above_5mev,0.05,201,40,241,0.241,263,reference_oracle,total_budget,0.9163498098859315,0.398201867762108,
aimnet2,0,above_10mev,0.05,201,40,241,0.241,14,net_force,shared_seed,0.7857142857142857,0.2766430332783615,0.7
aimnet2,0,above_10mev,0.05,201,40,241,0.241,14,rigid_force,shared_seed,0.8571428571428571,0.28244567822971933,0.8
aimnet2,0,above_10mev,0.05,201,40,241,0.241,14,force_magnitude,shared_seed,0.35714285714285715,0.2368590333485763,0.1
aimnet2,0,above_10mev,0.05,201,40,241,0.241,14,geometry_novelty,shared_seed,0.8571428571428571,0.2682116494012091,0.8
aimnet2,0,above_10mev,0.05,201,40,241,0.241,14,trees_log,shared_seed,0.9285714285714286,0.28938503321601905,0.9
aimnet2,0,above_10mev,0.05,201,40,241,0.241,14,trees_raw,shared_seed,0.9285714285714286,0.289098178857377,0.9
aimnet2,0,above_10mev,0.05,201,40,241,0.241,14,trees_physics,shared_seed,0.8571428571428571,0.281831988565368,0.8
aimnet2,0,above_10mev,0.05,201,40,241,0.241,14,ridge,shared_seed,0.9285714285714286,0.29407160063017534,0.9
aimnet2,0,above_10mev,0.05,201,40,241,0.241,14,mp_ridge,shared_seed,0.7857142857142857,0.2907246997549088,0.7
aimnet2,0,above_10mev,0.05,201,40,241,0.241,14,reference_oracle,shared_seed,1.0,0.31656664075054813,1.0
aimnet2,0,above_10mev,0.05,201,40,241,0.241,14,random,shared_seed,0.3214732701591275,0.2511629262450373,0.05006257822277847
aimnet2,0,above_10mev,0.05,201,40,241,0.241,14,net_force,total_budget,1.0,0.3144629816943854,
aimnet2,0,above_10mev,0.05,201,40,241,0.241,14,rigid_force,total_budget,1.0,0.32134216197908116,
aimnet2,0,above_10mev,0.05,201,40,241,0.241,14,force_magnitude,total_budget,0.5,0.2198545812612517,
aimnet2,0,above_10mev,0.05,201,40,241,0.241,14,geometry_novelty,total_budget,1.0,0.30668573992798687,
aimnet2,0,above_10mev,0.05,201,40,241,0.241,14,random,total_budget,0.241,0.241,
aimnet2,0,above_10mev,0.05,201,40,241,0.241,14,reference_oracle,total_budget,1.0,0.398201867762108,
aimnet2,0,above_25mev,0.05,201,40,241,0.241,0,net_force,shared_seed,,0.2766430332783615,
aimnet2,0,above_25mev,0.05,201,40,241,0.241,0,rigid_force,shared_seed,,0.28244567822971933,
aimnet2,0,above_25mev,0.05,201,40,241,0.241,0,force_magnitude,shared_seed,,0.2368590333485763,
aimnet2,0,above_25mev,0.05,201,40,241,0.241,0,geometry_novelty,shared_seed,,0.2682116494012091,
aimnet2,0,above_25mev,0.05,201,40,241,0.241,0,trees_log,shared_seed,,0.28938503321601905,
aimnet2,0,above_25mev,0.05,201,40,241,0.241,0,trees_raw,shared_seed,,0.289098178857377,
aimnet2,0,above_25mev,0.05,201,40,241,0.241,0,trees_physics,shared_seed,,0.281831988565368,
aimnet2,0,above_25mev,0.05,201,40,241,0.241,0,ridge,shared_seed,,0.29407160063017534,
aimnet2,0,above_25mev,0.05,201,40,241,0.241,0,mp_ridge,shared_seed,,0.2907246997549088,
aimnet2,0,above_25mev,0.05,201,40,241,0.241,0,reference_oracle,shared_seed,,0.31656664075054813,
aimnet2,0,above_25mev,0.05,201,40,241,0.241,0,random,shared_seed,,0.2511629262450373,
aimnet2,0,above_25mev,0.05,201,40,241,0.241,0,net_force,total_budget,,0.3144629816943854,
aimnet2,0,above_25mev,0.05,201,40,241,0.241,0,rigid_force,total_budget,,0.32134216197908116,
aimnet2,0,above_25mev,0.05,201,40,241,0.241,0,force_magnitude,total_budget,,0.2198545812612517,
aimnet2,0,above_25mev,0.05,201,40,241,0.241,0,geometry_novelty,total_budget,,0.30668573992798687,
aimnet2,0,above_25mev,0.05,201,40,241,0.241,0,random,total_budget,,0.241,
aimnet2,0,above_25mev,0.05,201,40,241,0.241,0,reference_oracle,total_budget,,0.398201867762108,
aimnet2,0,worst_decile,0.1,201,80,281,0.281,100,net_force,shared_seed,0.76,0.3362636579858535,0.6712328767123288
aimnet2,0,worst_decile,0.1,201,80,281,0.281,100,rigid_force,shared_seed,0.81,0.3416660927062559,0.7397260273972602
aimnet2,0,worst_decile,0.1,201,80,281,0.281,100,force_magnitude,shared_seed,0.37,0.2683888676875446,0.136986301369863
aimnet2,0,worst_decile,0.1,201,80,281,0.281,100,geometry_novelty,shared_seed,0.6,0.3103744120994107,0.4520547945205479
aimnet2,0,worst_decile,0.1,201,80,281,0.281,100,trees_log,shared_seed,0.79,0.3483235797950999,0.7123287671232876
aimnet2,0,worst_decile,0.1,201,80,281,0.281,100,trees_raw,shared_seed,0.8,0.34847779232267617,0.726027397260274
aimnet2,0,worst_decile,0.1,201,80,281,0.281,100,trees_physics,shared_seed,0.78,0.3380403823111627,0.6986301369863014
aimnet2,0,worst_decile,0.1,201,80,281,0.281,100,ridge,shared_seed,0.83,0.3595183991740261,0.7671232876712328
aimnet2,0,worst_decile,0.1,201,80,281,0.281,100,mp_ridge,shared_seed,0.81,0.3554276504311554,0.7397260273972602
aimnet2,0,worst_decile,0.1,201,80,281,0.281,100,reference_oracle,shared_seed,1.0,0.37523565373827195,1.0
aimnet2,0,worst_decile,0.1,201,80,281,0.281,100,random,shared_seed,0.34309136420525654,0.2906273306590011,0.10012515644555695
aimnet2,0,worst_decile,0.1,201,80,281,0.281,100,net_force,total_budget,0.88,0.3492973084368635,
aimnet2,0,worst_decile,0.1,201,80,281,0.281,100,rigid_force,total_budget,0.95,0.35736782116354776,
aimnet2,0,worst_decile,0.1,201,80,281,0.281,100,force_magnitude,total_budget,0.32,0.2550198074794104,
aimnet2,0,worst_decile,0.1,201,80,281,0.281,100,geometry_novelty,total_budget,0.68,0.34346935612884105,
aimnet2,0,worst_decile,0.1,201,80,281,0.281,100,random,total_budget,0.281,0.281,
aimnet2,0,worst_decile,0.1,201,80,281,0.281,100,reference_oracle,total_budget,1.0,0.4469540799433393,
aimnet2,0,above_5mev,0.1,201,80,281,0.281,263,net_force,shared_seed,0.5095057034220533,0.3362636579858535,0.35175879396984927
aimnet2,0,above_5mev,0.1,201,80,281,0.281,263,rigid_force,shared_seed,0.532319391634981,0.3416660927062559,0.38190954773869346
aimnet2,0,above_5mev,0.1,201,80,281,0.281,263,force_magnitude,shared_seed,0.33460076045627374,0.2683888676875446,0.12060301507537688
aimnet2,0,above_5mev,0.1,201,80,281,0.281,263,geometry_novelty,shared_seed,0.4220532319391635,0.3103744120994107,0.23618090452261306
aimnet2,0,above_5mev,0.1,201,80,281,0.281,263,trees_log,shared_seed,0.5285171102661597,0.3483235797950999,0.3768844221105528
aimnet2,0,above_5mev,0.1,201,80,281,0.281,263,trees_raw,shared_seed,0.5285171102661597,0.34847779232267617,0.3768844221105528
aimnet2,0,above_5mev,0.1,201,80,281,0.281,263,trees_physics,shared_seed,0.5209125475285171,0.3380403823111627,0.36683417085427134
aimnet2,0,above_5mev,0.1,201,80,281,0.281,263,ridge,shared_seed,0.532319391634981,0.3595183991740261,0.38190954773869346
aimnet2,0,above_5mev,0.1,201,80,281,0.281,263,mp_ridge,shared_seed,0.5285171102661597,0.3554276504311554,0.3768844221105528
aimnet2,0,above_5mev,0.1,201,80,281,0.281,263,reference_oracle,shared_seed,0.5475285171102662,0.37523565373827195,0.4020100502512563
aimnet2,0,above_5mev,0.1,201,80,281,0.281,263,random,shared_seed,0.3191061069683111,0.2906273306590011,0.10012515644555695
aimnet2,0,above_5mev,0.1,201,80,281,0.281,263,net_force,total_budget,0.6045627376425855,0.3492973084368635,
aimnet2,0,above_5mev,0.1,201,80,281,0.281,263,rigid_force,total_budget,0.6806083650190115,0.35736782116354776,
aimnet2,0,above_5mev,0.1,201,80,281,0.281,263,force_magnitude,total_budget,0.3155893536121673,0.2550198074794104,
aimnet2,0,above_5mev,0.1,201,80,281,0.281,263,geometry_novelty,total_budget,0.45627376425855515,0.34346935612884105,
aimnet2,0,above_5mev,0.1,201,80,281,0.281,263,random,total_budget,0.281,0.281,
aimnet2,0,above_5mev,0.1,201,80,281,0.281,263,reference_oracle,total_budget,1.0,0.4469540799433393,
aimnet2,0,above_10mev,0.1,201,80,281,0.281,14,net_force,shared_seed,0.9285714285714286,0.3362636579858535,0.9
aimnet2,0,above_10mev,0.1,201,80,281,0.281,14,rigid_force,shared_seed,1.0,0.3416660927062559,1.0
aimnet2,0,above_10mev,0.1,201,80,281,0.281,14,force_magnitude,shared_seed,0.35714285714285715,0.2683888676875446,0.1
aimnet2,0,above_10mev,0.1,201,80,281,0.281,14,geometry_novelty,shared_seed,0.9285714285714286,0.3103744120994107,0.9
aimnet2,0,above_10mev,0.1,201,80,281,0.281,14,trees_log,shared_seed,0.9285714285714286,0.3483235797950999,0.9
aimnet2,0,above_10mev,0.1,201,80,281,0.281,14,trees_raw,shared_seed,1.0,0.34847779232267617,1.0
aimnet2,0,above_10mev,0.1,201,80,281,0.281,14,trees_physics,shared_seed,1.0,0.3380403823111627,1.0
aimnet2,0,above_10mev,0.1,201,80,281,0.281,14,ridge,shared_seed,1.0,0.3595183991740261,1.0
aimnet2,0,above_10mev,0.1,201,80,281,0.281,14,mp_ridge,shared_seed,1.0,0.3554276504311554,1.0
aimnet2,0,above_10mev,0.1,201,80,281,0.281,14,reference_oracle,shared_seed,1.0,0.37523565373827195,1.0
aimnet2,0,above_10mev,0.1,201,80,281,0.281,14,random,shared_seed,0.35723225460396923,0.2906273306590011,0.10012515644555695
aimnet2,0,above_10mev,0.1,201,80,281,0.281,14,net_force,total_budget,1.0,0.3492973084368635,
aimnet2,0,above_10mev,0.1,201,80,281,0.281,14,rigid_force,total_budget,1.0,0.35736782116354776,
aimnet2,0,above_10mev,0.1,201,80,281,0.281,14,force_magnitude,total_budget,0.5,0.2550198074794104,
aimnet2,0,above_10mev,0.1,201,80,281,0.281,14,geometry_novelty,total_budget,1.0,0.34346935612884105,
aimnet2,0,above_10mev,0.1,201,80,281,0.281,14,random,total_budget,0.281,0.281,
aimnet2,0,above_10mev,0.1,201,80,281,0.281,14,reference_oracle,total_budget,1.0,0.4469540799433393,
aimnet2,0,above_25mev,0.1,201,80,281,0.281,0,net_force,shared_seed,,0.3362636579858535,
aimnet2,0,above_25mev,0.1,201,80,281,0.281,0,rigid_force,shared_seed,,0.3416660927062559,
aimnet2,0,above_25mev,0.1,201,80,281,0.281,0,force_magnitude,shared_seed,,0.2683888676875446,
aimnet2,0,above_25mev,0.1,201,80,281,0.281,0,geometry_novelty,shared_seed,,0.3103744120994107,
aimnet2,0,above_25mev,0.1,201,80,281,0.281,0,trees_log,shared_seed,,0.3483235797950999,
aimnet2,0,above_25mev,0.1,201,80,281,0.281,0,trees_raw,shared_seed,,0.34847779232267617,
aimnet2,0,above_25mev,0.1,201,80,281,0.281,0,trees_physics,shared_seed,,0.3380403823111627,
aimnet2,0,above_25mev,0.1,201,80,281,0.281,0,ridge,shared_seed,,0.3595183991740261,
aimnet2,0,above_25mev,0.1,201,80,281,0.281,0,mp_ridge,shared_seed,,0.3554276504311554,
aimnet2,0,above_25mev,0.1,201,80,281,0.281,0,reference_oracle,shared_seed,,0.37523565373827195,
aimnet2,0,above_25mev,0.1,201,80,281,0.281,0,random,shared_seed,,0.2906273306590011,
aimnet2,0,above_25mev,0.1,201,80,281,0.281,0,net_force,total_budget,,0.3492973084368635,
aimnet2,0,above_25mev,0.1,201,80,281,0.281,0,rigid_force,total_budget,,0.35736782116354776,
aimnet2,0,above_25mev,0.1,201,80,281,0.281,0,force_magnitude,total_budget,,0.2550198074794104,
aimnet2,0,above_25mev,0.1,201,80,281,0.281,0,geometry_novelty,total_budget,,0.34346935612884105,
aimnet2,0,above_25mev,0.1,201,80,281,0.281,0,random,total_budget,,0.281,
aimnet2,0,above_25mev,0.1,201,80,281,0.281,0,reference_oracle,total_budget,,0.4469540799433393,
aimnet2,0,worst_decile,0.2,201,160,361,0.361,100,net_force,shared_seed,0.88,0.4186506813051955,0.8356164383561644
aimnet2,0,worst_decile,0.2,201,160,361,0.361,100,rigid_force,shared_seed,0.94,0.4233528592209363,0.9178082191780822
aimnet2,0,worst_decile,0.2,201,160,361,0.361,100,force_magnitude,shared_seed,0.49,0.3437860194088424,0.3013698630136986
aimnet2,0,worst_decile,0.2,201,160,361,0.361,100,geometry_novelty,shared_seed,0.74,0.407135703908543,0.6438356164383562
aimnet2,0,worst_decile,0.2,201,160,361,0.361,100,trees_log,shared_seed,0.95,0.43545149190453064,0.9315068493150684
aimnet2,0,worst_decile,0.2,201,160,361,0.361,100,trees_raw,shared_seed,0.96,0.43666462441412773,0.9452054794520548
aimnet2,0,worst_decile,0.2,201,160,361,0.361,100,trees_physics,shared_seed,0.94,0.4258492118120401,0.9178082191780822
aimnet2,0,worst_decile,0.2,201,160,361,0.361,100,ridge,shared_seed,0.95,0.45902870455176936,0.9315068493150684
aimnet2,0,worst_decile,0.2,201,160,361,0.361,100,mp_ridge,shared_seed,0.94,0.44860841880049007,0.9178082191780822
aimnet2,0,worst_decile,0.2,201,160,361,0.361,100,reference_oracle,shared_seed,1.0,0.47986101315387975,1.0
aimnet2,0,worst_decile,0.2,201,160,361,0.361,100,random,shared_seed,0.4161827284105131,0.3695561394869286,0.2002503128911139
aimnet2,0,worst_decile,0.2,201,160,361,0.361,100,net_force,total_budget,0.89,0.42214579318483114,
aimnet2,0,worst_decile,0.2,201,160,361,0.361,100,rigid_force,total_budget,0.96,0.42551868863897113,
aimnet2,0,worst_decile,0.2,201,160,361,0.361,100,force_magnitude,total_budget,0.42,0.33788905142742975,
aimnet2,0,worst_decile,0.2,201,160,361,0.361,100,geometry_novelty,total_budget,0.78,0.42467495686067114,
aimnet2,0,worst_decile,0.2,201,160,361,0.361,100,random,total_budget,0.361,0.361,
aimnet2,0,worst_decile,0.2,201,160,361,0.361,100,reference_oracle,total_budget,1.0,0.536967054873729,
aimnet2,0,above_5mev,0.2,201,160,361,0.361,263,net_force,shared_seed,0.6425855513307985,0.4186506813051955,0.5276381909547738
aimnet2,0,above_5mev,0.2,201,160,361,0.361,263,rigid_force,shared_seed,0.6844106463878327,0.4233528592209363,0.5829145728643216
aimnet2,0,above_5mev,0.2,201,160,361,0.361,263,force_magnitude,shared_seed,0.4220532319391635,0.3437860194088424,0.23618090452261306
aimnet2,0,above_5mev,0.2,201,160,361,0.361,263,geometry_novelty,shared_seed,0.5209125475285171,0.407135703908543,0.36683417085427134
aimnet2,0,above_5mev,0.2,201,160,361,0.361,263,trees_log,shared_seed,0.688212927756654,0.43545149190453064,0.5879396984924623
aimnet2,0,above_5mev,0.2,201,160,361,0.361,263,trees_raw,shared_seed,0.6996197718631179,0.43666462441412773,0.6030150753768844
aimnet2,0,above_5mev,0.2,201,160,361,0.361,263,trees_physics,shared_seed,0.688212927756654,0.4258492118120401,0.5879396984924623
aimnet2,0,above_5mev,0.2,201,160,361,0.361,263,ridge,shared_seed,0.7110266159695817,0.45902870455176936,0.6180904522613065
aimnet2,0,above_5mev,0.2,201,160,361,0.361,263,mp_ridge,shared_seed,0.7034220532319392,0.44860841880049007,0.6080402010050251
aimnet2,0,above_5mev,0.2,201,160,361,0.361,263,reference_oracle,shared_seed,0.8517110266159695,0.47986101315387975,0.8040201005025126
aimnet2,0,above_5mev,0.2,201,160,361,0.361,263,random,shared_seed,0.39486620633205954,0.3695561394869286,0.2002503128911139
aimnet2,0,above_5mev,0.2,201,160,361,0.361,263,net_force,total_budget,0.6730038022813688,0.42214579318483114,
aimnet2,0,above_5mev,0.2,201,160,361,0.361,263,rigid_force,total_budget,0.7452471482889734,0.42551868863897113,
aimnet2,0,above_5mev,0.2,201,160,361,0.361,263,force_magnitude,total_budget,0.4220532319391635,0.33788905142742975,
aimnet2,0,above_5mev,0.2,201,160,361,0.361,263,geometry_novelty,total_budget,0.5703422053231939,0.42467495686067114,
aimnet2,0,above_5mev,0.2,201,160,361,0.361,263,random,total_budget,0.361,0.361,
aimnet2,0,above_5mev,0.2,201,160,361,0.361,263,reference_oracle,total_budget,1.0,0.536967054873729,
aimnet2,0,above_10mev,0.2,201,160,361,0.361,14,net_force,shared_seed,1.0,0.4186506813051955,1.0
aimnet2,0,above_10mev,0.2,201,160,361,0.361,14,rigid_force,shared_seed,1.0,0.4233528592209363,1.0
aimnet2,0,above_10mev,0.2,201,160,361,0.361,14,force_magnitude,shared_seed,0.5,0.3437860194088424,0.3
aimnet2,0,above_10mev,0.2,201,160,361,0.361,14,geometry_novelty,shared_seed,1.0,0.407135703908543,1.0
aimnet2,0,above_10mev,0.2,201,160,361,0.361,14,trees_log,shared_seed,1.0,0.43545149190453064,1.0
aimnet2,0,above_10mev,0.2,201,160,361,0.361,14,trees_raw,shared_seed,1.0,0.43666462441412773,1.0
aimnet2,0,above_10mev,0.2,201,160,361,0.361,14,trees_physics,shared_seed,1.0,0.4258492118120401,1.0
aimnet2,0,above_10mev,0.2,201,160,361,0.361,14,ridge,shared_seed,1.0,0.45902870455176936,1.0
aimnet2,0,above_10mev,0.2,201,160,361,0.361,14,mp_ridge,shared_seed,1.0,0.44860841880049007,1.0
aimnet2,0,above_10mev,0.2,201,160,361,0.361,14,reference_oracle,shared_seed,1.0,0.47986101315387975,1.0
aimnet2,0,above_10mev,0.2,201,160,361,0.361,14,random,shared_seed,0.42875022349365277,0.3695561394869286,0.2002503128911139
aimnet2,0,above_10mev,0.2,201,160,361,0.361,14,net_force,total_budget,1.0,0.42214579318483114,
aimnet2,0,above_10mev,0.2,201,160,361,0.361,14,rigid_force,total_budget,1.0,0.42551868863897113,
aimnet2,0,above_10mev,0.2,201,160,361,0.361,14,force_magnitude,total_budget,0.5714285714285714,0.33788905142742975,
aimnet2,0,above_10mev,0.2,201,160,361,0.361,14,geometry_novelty,total_budget,1.0,0.42467495686067114,
aimnet2,0,above_10mev,0.2,201,160,361,0.361,14,random,total_budget,0.361,0.361,
aimnet2,0,above_10mev,0.2,201,160,361,0.361,14,reference_oracle,total_budget,1.0,0.536967054873729,
aimnet2,0,above_25mev,0.2,201,160,361,0.361,0,net_force,shared_seed,,0.4186506813051955,
aimnet2,0,above_25mev,0.2,201,160,361,0.361,0,rigid_force,shared_seed,,0.4233528592209363,
aimnet2,0,above_25mev,0.2,201,160,361,0.361,0,force_magnitude,shared_seed,,0.3437860194088424,
aimnet2,0,above_25mev,0.2,201,160,361,0.361,0,geometry_novelty,shared_seed,,0.407135703908543,
aimnet2,0,above_25mev,0.2,201,160,361,0.361,0,trees_log,shared_seed,,0.43545149190453064,
aimnet2,0,above_25mev,0.2,201,160,361,0.361,0,trees_raw,shared_seed,,0.43666462441412773,
aimnet2,0,above_25mev,0.2,201,160,361,0.361,0,trees_physics,shared_seed,,0.4258492118120401,
aimnet2,0,above_25mev,0.2,201,160,361,0.361,0,ridge,shared_seed,,0.45902870455176936,
aimnet2,0,above_25mev,0.2,201,160,361,0.361,0,mp_ridge,shared_seed,,0.44860841880049007,
aimnet2,0,above_25mev,0.2,201,160,361,0.361,0,reference_oracle,shared_seed,,0.47986101315387975,
aimnet2,0,above_25mev,0.2,201,160,361,0.361,0,random,shared_seed,,0.3695561394869286,
aimnet2,0,above_25mev,0.2,201,160,361,0.361,0,net_force,total_budget,,0.42214579318483114,
aimnet2,0,above_25mev,0.2,201,160,361,0.361,0,rigid_force,total_budget,,0.42551868863897113,
aimnet2,0,above_25mev,0.2,201,160,361,0.361,0,force_magnitude,total_budget,,0.33788905142742975,
aimnet2,0,above_25mev,0.2,201,160,361,0.361,0,geometry_novelty,total_budget,,0.42467495686067114,
aimnet2,0,above_25mev,0.2,201,160,361,0.361,0,random,total_budget,,0.361,
aimnet2,0,above_25mev,0.2,201,160,361,0.361,0,reference_oracle,total_budget,,0.536967054873729,
aimnet2,0,worst_decile,0.3,201,240,441,0.441,100,net_force,shared_seed,0.92,0.48826750545695313,0.8904109589041096
aimnet2,0,worst_decile,0.3,201,240,441,0.441,100,rigid_force,shared_seed,0.97,0.49338386158727926,0.958904109589041
aimnet2,0,worst_decile,0.3,201,240,441,0.441,100,force_magnitude,shared_seed,0.54,0.42445557141813434,0.3698630136986301
aimnet2,0,worst_decile,0.3,201,240,441,0.441,100,geometry_novelty,shared_seed,0.82,0.49271507376195756,0.7534246575342466
aimnet2,0,worst_decile,0.3,201,240,441,0.441,100,trees_log,shared_seed,1.0,0.5282270208596344,1.0
aimnet2,0,worst_decile,0.3,201,240,441,0.441,100,trees_raw,shared_seed,0.99,0.5189377083594396,0.9863013698630136
aimnet2,0,worst_decile,0.3,201,240,441,0.441,100,trees_physics,shared_seed,0.99,0.5053677251720429,0.9863013698630136
aimnet2,0,worst_decile,0.3,201,240,441,0.441,100,ridge,shared_seed,0.97,0.5407065173388299,0.958904109589041
aimnet2,0,worst_decile,0.3,201,240,441,0.441,100,mp_ridge,shared_seed,0.96,0.5392568454156941,0.9452054794520548
aimnet2,0,worst_decile,0.3,201,240,441,0.441,100,reference_oracle,shared_seed,1.0,0.5753032583748023,1.0
aimnet2,0,worst_decile,0.3,201,240,441,0.441,100,random,shared_seed,0.4892740926157697,0.4484849483148562,0.30037546933667086
aimnet2,0,worst_decile,0.3,201,240,441,0.441,100,net_force,total_budget,0.9,0.4930690205087315,
aimnet2,0,worst_decile,0.3,201,240,441,0.441,100,rigid_force,total_budget,0.97,0.5057951342236606,
aimnet2,0,worst_decile,0.3,201,240,441,0.441,100,force_magnitude,total_budget,0.53,0.4229767159702685,
aimnet2,0,worst_decile,0.3,201,240,441,0.441,100,geometry_novelty,total_budget,0.83,0.5067067031696701,
aimnet2,0,worst_decile,0.3,201,240,441,0.441,100,random,total_budget,0.441,0.441,
aimnet2,0,worst_decile,0.3,201,240,441,0.441,100,reference_oracle,total_budget,1.0,0.6127700532232709,
aimnet2,0,above_5mev,0.3,201,240,441,0.441,263,net_force,shared_seed,0.714828897338403,0.48826750545695313,0.6231155778894473
aimnet2,0,above_5mev,0.3,201,240,441,0.441,263,rigid_force,shared_seed,0.7642585551330798,0.49338386158727926,0.6884422110552764
aimnet2,0,above_5mev,0.3,201,240,441,0.441,263,force_magnitude,shared_seed,0.5247148288973384,0.42445557141813434,0.37185929648241206
aimnet2,0,above_5mev,0.3,201,240,441,0.441,263,geometry_novelty,shared_seed,0.6121673003802282,0.49271507376195756,0.48743718592964824
aimnet2,0,above_5mev,0.3,201,240,441,0.441,263,trees_log,shared_seed,0.8022813688212928,0.5282270208596344,0.7386934673366834
aimnet2,0,above_5mev,0.3,201,240,441,0.441,263,trees_raw,shared_seed,0.7832699619771863,0.5189377083594396,0.7135678391959799
aimnet2,0,above_5mev,0.3,201,240,441,0.441,263,trees_physics,shared_seed,0.7718631178707225,0.5053677251720429,0.6984924623115578
aimnet2,0,above_5mev,0.3,201,240,441,0.441,263,ridge,shared_seed,0.7984790874524715,0.5407065173388299,0.7336683417085427
aimnet2,0,above_5mev,0.3,201,240,441,0.441,263,mp_ridge,shared_seed,0.7946768060836502,0.5392568454156941,0.7286432160804021
aimnet2,0,above_5mev,0.3,201,240,441,0.441,263,reference_oracle,shared_seed,1.0,0.5753032583748023,1.0
aimnet2,0,above_5mev,0.3,201,240,441,0.441,263,random,shared_seed,0.470626305695808,0.4484849483148562,0.30037546933667086
aimnet2,0,above_5mev,0.3,201,240,441,0.441,263,net_force,total_budget,0.7262357414448669,0.4930690205087315,
aimnet2,0,above_5mev,0.3,201,240,441,0.441,263,rigid_force,total_budget,0.8098859315589354,0.5057951342236606,
aimnet2,0,above_5mev,0.3,201,240,441,0.441,263,force_magnitude,total_budget,0.49429657794676807,0.4229767159702685,
aimnet2,0,above_5mev,0.3,201,240,441,0.441,263,geometry_novelty,total_budget,0.6387832699619772,0.5067067031696701,
aimnet2,0,above_5mev,0.3,201,240,441,0.441,263,random,total_budget,0.441,0.441,
aimnet2,0,above_5mev,0.3,201,240,441,0.441,263,reference_oracle,total_budget,1.0,0.6127700532232709,
aimnet2,0,above_10mev,0.3,201,240,441,0.441,14,net_force,shared_seed,1.0,0.48826750545695313,1.0
aimnet2,0,above_10mev,0.3,201,240,441,0.441,14,rigid_force,shared_seed,1.0,0.49338386158727926,1.0
aimnet2,0,above_10mev,0.3,201,240,441,0.441,14,force_magnitude,shared_seed,0.6428571428571429,0.42445557141813434,0.5
aimnet2,0,above_10mev,0.3,201,240,441,0.441,14,geometry_novelty,shared_seed,1.0,0.49271507376195756,1.0
aimnet2,0,above_10mev,0.3,201,240,441,0.441,14,trees_log,shared_seed,1.0,0.5282270208596344,1.0
aimnet2,0,above_10mev,0.3,201,240,441,0.441,14,trees_raw,shared_seed,1.0,0.5189377083594396,1.0
aimnet2,0,above_10mev,0.3,201,240,441,0.441,14,trees_physics,shared_seed,1.0,0.5053677251720429,1.0
aimnet2,0,above_10mev,0.3,201,240,441,0.441,14,ridge,shared_seed,1.0,0.5407065173388299,1.0
aimnet2,0,above_10mev,0.3,201,240,441,0.441,14,mp_ridge,shared_seed,1.0,0.5392568454156941,1.0
aimnet2,0,above_10mev,0.3,201,240,441,0.441,14,reference_oracle,shared_seed,1.0,0.5753032583748023,1.0
aimnet2,0,above_10mev,0.3,201,240,441,0.441,14,random,shared_seed,0.5002681923833363,0.4484849483148562,0.30037546933667086
aimnet2,0,above_10mev,0.3,201,240,441,0.441,14,net_force,total_budget,1.0,0.4930690205087315,
aimnet2,0,above_10mev,0.3,201,240,441,0.441,14,rigid_force,total_budget,1.0,0.5057951342236606,
aimnet2,0,above_10mev,0.3,201,240,441,0.441,14,force_magnitude,total_budget,0.5714285714285714,0.4229767159702685,
aimnet2,0,above_10mev,0.3,201,240,441,0.441,14,geometry_novelty,total_budget,1.0,0.5067067031696701,
aimnet2,0,above_10mev,0.3,201,240,441,0.441,14,random,total_budget,0.441,0.441,
aimnet2,0,above_10mev,0.3,201,240,441,0.441,14,reference_oracle,total_budget,1.0,0.6127700532232709,
aimnet2,0,above_25mev,0.3,201,240,441,0.441,0,net_force,shared_seed,,0.48826750545695313,
aimnet2,0,above_25mev,0.3,201,240,441,0.441,0,rigid_force,shared_seed,,0.49338386158727926,
aimnet2,0,above_25mev,0.3,201,240,441,0.441,0,force_magnitude,shared_seed,,0.42445557141813434,
aimnet2,0,above_25mev,0.3,201,240,441,0.441,0,geometry_novelty,shared_seed,,0.49271507376195756,
aimnet2,0,above_25mev,0.3,201,240,441,0.441,0,trees_log,shared_seed,,0.5282270208596344,
aimnet2,0,above_25mev,0.3,201,240,441,0.441,0,trees_raw,shared_seed,,0.5189377083594396,
aimnet2,0,above_25mev,0.3,201,240,441,0.441,0,trees_physics,shared_seed,,0.5053677251720429,
aimnet2,0,above_25mev,0.3,201,240,441,0.441,0,ridge,shared_seed,,0.5407065173388299,
aimnet2,0,above_25mev,0.3,201,240,441,0.441,0,mp_ridge,shared_seed,,0.5392568454156941,
aimnet2,0,above_25mev,0.3,201,240,441,0.441,0,reference_oracle,shared_seed,,0.5753032583748023,
aimnet2,0,above_25mev,0.3,201,240,441,0.441,0,random,shared_seed,,0.4484849483148562,
aimnet2,0,above_25mev,0.3,201,240,441,0.441,0,net_force,total_budget,,0.4930690205087315,
aimnet2,0,above_25mev,0.3,201,240,441,0.441,0,rigid_force,total_budget,,0.5057951342236606,
aimnet2,0,above_25mev,0.3,201,240,441,0.441,0,force_magnitude,total_budget,,0.4229767159702685,
aimnet2,0,above_25mev,0.3,201,240,441,0.441,0,geometry_novelty,total_budget,,0.5067067031696701,
aimnet2,0,above_25mev,0.3,201,240,441,0.441,0,random,total_budget,,0.441,
aimnet2,0,above_25mev,0.3,201,240,441,0.441,0,reference_oracle,total_budget,,0.6127700532232709,
aimnet2,0,worst_decile,0.5,201,400,601,0.601,100,net_force,shared_seed,0.92,0.6307923506776717,0.8904109589041096
aimnet2,0,worst_decile,0.5,201,400,601,0.601,100,rigid_force,shared_seed,1.0,0.6437032361802452,1.0
aimnet2,0,worst_decile,0.5,201,400,601,0.601,100,force_magnitude,shared_seed,0.71,0.5904573875860951,0.6027397260273972
aimnet2,0,worst_decile,0.5,201,400,601,0.601,100,geometry_novelty,shared_seed,0.91,0.6522728959441859,0.8767123287671232
aimnet2,0,worst_decile,0.5,201,400,601,0.601,100,trees_log,shared_seed,1.0,0.6734355347009122,1.0
aimnet2,0,worst_decile,0.5,201,400,601,0.601,100,trees_raw,shared_seed,1.0,0.6662150747561896,1.0
aimnet2,0,worst_decile,0.5,201,400,601,0.601,100,trees_physics,shared_seed,1.0,0.6462311098309208,1.0
aimnet2,0,worst_decile,0.5,201,400,601,0.601,100,ridge,shared_seed,1.0,0.6963423916084976,1.0
aimnet2,0,worst_decile,0.5,201,400,601,0.601,100,mp_ridge,shared_seed,0.98,0.6862643335680016,0.9726027397260274
aimnet2,0,worst_decile,0.5,201,400,601,0.601,100,reference_oracle,shared_seed,1.0,0.7373590588390623,1.0
aimnet2,0,worst_decile,0.5,201,400,601,0.601,100,random,shared_seed,0.6354568210262829,0.6063425659707113,0.5006257822277848
aimnet2,0,worst_decile,0.5,201,400,601,0.601,100,net_force,total_budget,0.93,0.6349957553702312,
aimnet2,0,worst_decile,0.5,201,400,601,0.601,100,rigid_force,total_budget,0.99,0.647452589289803,
aimnet2,0,worst_decile,0.5,201,400,601,0.601,100,force_magnitude,total_budget,0.72,0.5866199331940456,
aimnet2,0,worst_decile,0.5,201,400,601,0.601,100,geometry_novelty,total_budget,0.89,0.6566647355028249,
aimnet2,0,worst_decile,0.5,201,400,601,0.601,100,random,total_budget,0.601,0.601,
aimnet2,0,worst_decile,0.5,201,400,601,0.601,100,reference_oracle,total_budget,1.0,0.7622869117320873,
aimnet2,0,above_5mev,0.5,201,400,601,0.601,263,net_force,shared_seed,0.8098859315589354,0.6307923506776717,0.7487437185929648
aimnet2,0,above_5mev,0.5,201,400,601,0.601,263,rigid_force,shared_seed,0.8783269961977186,0.6437032361802452,0.8391959798994975
aimnet2,0,above_5mev,0.5,201,400,601,0.601,263,force_magnitude,shared_seed,0.6692015209125475,0.5904573875860951,0.5628140703517588
aimnet2,0,above_5mev,0.5,201,400,601,0.601,263,geometry_novelty,shared_seed,0.7756653992395437,0.6522728959441859,0.7035175879396985
aimnet2,0,above_5mev,0.5,201,400,601,0.601,263,trees_log,shared_seed,0.9011406844106464,0.6734355347009122,0.8693467336683417
aimnet2,0,above_5mev,0.5,201,400,601,0.601,263,trees_raw,shared_seed,0.9049429657794676,0.6662150747561896,0.8743718592964824
aimnet2,0,above_5mev,0.5,201,400,601,0.601,263,trees_physics,shared_seed,0.8745247148288974,0.6462311098309208,0.8341708542713567
aimnet2,0,above_5mev,0.5,201,400,601,0.601,263,ridge,shared_seed,0.9049429657794676,0.6963423916084976,0.8743718592964824
aimnet2,0,above_5mev,0.5,201,400,601,0.601,263,mp_ridge,shared_seed,0.8935361216730038,0.6862643335680016,0.8592964824120602
aimnet2,0,above_5mev,0.5,201,400,601,0.601,263,reference_oracle,shared_seed,1.0,0.7373590588390623,1.0
aimnet2,0,above_5mev,0.5,201,400,601,0.601,263,random,shared_seed,0.6221465044233048,0.6063425659707113,0.5006257822277848
aimnet2,0,above_5mev,0.5,201,400,601,0.601,263,net_force,total_budget,0.8136882129277566,0.6349957553702312,
aimnet2,0,above_5mev,0.5,201,400,601,0.601,263,rigid_force,total_budget,0.8897338403041825,0.647452589289803,
aimnet2,0,above_5mev,0.5,201,400,601,0.601,263,force_magnitude,total_budget,0.688212927756654,0.5866199331940456,
aimnet2,0,above_5mev,0.5,201,400,601,0.601,263,geometry_novelty,total_budget,0.779467680608365,0.6566647355028249,
aimnet2,0,above_5mev,0.5,201,400,601,0.601,263,random,total_budget,0.601,0.601,
aimnet2,0,above_5mev,0.5,201,400,601,0.601,263,reference_oracle,total_budget,1.0,0.7622869117320873,
aimnet2,0,above_10mev,0.5,201,400,601,0.601,14,net_force,shared_seed,1.0,0.6307923506776717,1.0
aimnet2,0,above_10mev,0.5,201,400,601,0.601,14,rigid_force,shared_seed,1.0,0.6437032361802452,1.0
aimnet2,0,above_10mev,0.5,201,400,601,0.601,14,force_magnitude,shared_seed,0.7142857142857143,0.5904573875860951,0.6
aimnet2,0,above_10mev,0.5,201,400,601,0.601,14,geometry_novelty,shared_seed,1.0,0.6522728959441859,1.0
aimnet2,0,above_10mev,0.5,201,400,601,0.601,14,trees_log,shared_seed,1.0,0.6734355347009122,1.0
aimnet2,0,above_10mev,0.5,201,400,601,0.601,14,trees_raw,shared_seed,1.0,0.6662150747561896,1.0
aimnet2,0,above_10mev,0.5,201,400,601,0.601,14,trees_physics,shared_seed,1.0,0.6462311098309208,1.0
aimnet2,0,above_10mev,0.5,201,400,601,0.601,14,ridge,shared_seed,1.0,0.6963423916084976,1.0
aimnet2,0,above_10mev,0.5,201,400,601,0.601,14,mp_ridge,shared_seed,1.0,0.6862643335680016,1.0
aimnet2,0,above_10mev,0.5,201,400,601,0.601,14,reference_oracle,shared_seed,1.0,0.7373590588390623,1.0
aimnet2,0,above_10mev,0.5,201,400,601,0.601,14,random,shared_seed,0.6433041301627034,0.6063425659707113,0.5006257822277848
aimnet2,0,above_10mev,0.5,201,400,601,0.601,14,net_force,total_budget,1.0,0.6349957553702312,
aimnet2,0,above_10mev,0.5,201,400,601,0.601,14,rigid_force,total_budget,1.0,0.647452589289803,
aimnet2,0,above_10mev,0.5,201,400,601,0.601,14,force_magnitude,total_budget,0.7142857142857143,0.5866199331940456,
aimnet2,0,above_10mev,0.5,201,400,601,0.601,14,geometry_novelty,total_budget,1.0,0.6566647355028249,
aimnet2,0,above_10mev,0.5,201,400,601,0.601,14,random,total_budget,0.601,0.601,
aimnet2,0,above_10mev,0.5,201,400,601,0.601,14,reference_oracle,total_budget,1.0,0.7622869117320873,
aimnet2,0,above_25mev,0.5,201,400,601,0.601,0,net_force,shared_seed,,0.6307923506776717,
aimnet2,0,above_25mev,0.5,201,400,601,0.601,0,rigid_force,shared_seed,,0.6437032361802452,
aimnet2,0,above_25mev,0.5,201,400,601,0.601,0,force_magnitude,shared_seed,,0.5904573875860951,
aimnet2,0,above_25mev,0.5,201,400,601,0.601,0,geometry_novelty,shared_seed,,0.6522728959441859,
aimnet2,0,above_25mev,0.5,201,400,601,0.601,0,trees_log,shared_seed,,0.6734355347009122,
aimnet2,0,above_25mev,0.5,201,400,601,0.601,0,trees_raw,shared_seed,,0.6662150747561896,
aimnet2,0,above_25mev,0.5,201,400,601,0.601,0,trees_physics,shared_seed,,0.6462311098309208,
aimnet2,0,above_25mev,0.5,201,400,601,0.601,0,ridge,shared_seed,,0.6963423916084976,
aimnet2,0,above_25mev,0.5,201,400,601,0.601,0,mp_ridge,shared_seed,,0.6862643335680016,
aimnet2,0,above_25mev,0.5,201,400,601,0.601,0,reference_oracle,shared_seed,,0.7373590588390623,
aimnet2,0,above_25mev,0.5,201,400,601,0.601,0,random,shared_seed,,0.6063425659707113,
aimnet2,0,above_25mev,0.5,201,400,601,0.601,0,net_force,total_budget,,0.6349957553702312,
aimnet2,0,above_25mev,0.5,201,400,601,0.601,0,rigid_force,total_budget,,0.647452589289803,
aimnet2,0,above_25mev,0.5,201,400,601,0.601,0,force_magnitude,total_budget,,0.5866199331940456,
aimnet2,0,above_25mev,0.5,201,400,601,0.601,0,geometry_novelty,total_budget,,0.6566647355028249,
aimnet2,0,above_25mev,0.5,201,400,601,0.601,0,random,total_budget,,0.601,
aimnet2,0,above_25mev,0.5,201,400,601,0.601,0,reference_oracle,total_budget,,0.7622869117320873,
aimnet2,1,worst_decile,0.01,202,8,210,0.21,100,net_force,shared_seed,0.32,0.2180681468726378,0.10526315789473684
aimnet2,1,worst_decile,0.01,202,8,210,0.21,100,rigid_force,shared_seed,0.32,0.22357216260580345,0.10526315789473684
aimnet2,1,worst_decile,0.01,202,8,210,0.21,100,force_magnitude,shared_seed,0.26,0.20854842482378716,0.02631578947368421
aimnet2,1,worst_decile,0.01,202,8,210,0.21,100,geometry_novelty,shared_seed,0.3,0.21386603773193325,0.07894736842105263
aimnet2,1,worst_decile,0.01,202,8,210,0.21,100,trees_log,shared_seed,0.32,0.22801505772670436,0.10526315789473684
aimnet2,1,worst_decile,0.01,202,8,210,0.21,100,trees_raw,shared_seed,0.32,0.2280150577267043,0.10526315789473684
aimnet2,1,worst_decile,0.01,202,8,210,0.21,100,trees_physics,shared_seed,0.32,0.21672970907589284,0.10526315789473684
aimnet2,1,worst_decile,0.01,202,8,210,0.21,100,ridge,shared_seed,0.32,0.22824172277281574,0.10526315789473684
aimnet2,1,worst_decile,0.01,202,8,210,0.21,100,mp_ridge,shared_seed,0.32,0.23196834582153916,0.10526315789473684
aimnet2,1,worst_decile,0.01,202,8,210,0.21,100,reference_oracle,shared_seed,0.32,0.23118266419156636,0.10526315789473684
aimnet2,1,worst_decile,0.01,202,8,210,0.21,100,random,shared_seed,0.24761904761904763,0.21052255610735993,0.010025062656641603
aimnet2,1,worst_decile,0.01,202,8,210,0.21,100,net_force,total_budget,0.85,0.2876965401154099,
aimnet2,1,worst_decile,0.01,202,8,210,0.21,100,rigid_force,total_budget,0.91,0.28919538975040376,
aimnet2,1,worst_decile,0.01,202,8,210,0.21,100,force_magnitude,total_budget,0.31,0.18924191726814266,
aimnet2,1,worst_decile,0.01,202,8,210,0.21,100,geometry_novelty,total_budget,0.64,0.26815534996605483,
aimnet2,1,worst_decile,0.01,202,8,210,0.21,100,random,total_budget,0.21,0.21,
aimnet2,1,worst_decile,0.01,202,8,210,0.21,100,reference_oracle,total_budget,1.0,0.3640457013592862,
aimnet2,1,above_5mev,0.01,202,8,210,0.21,263,net_force,shared_seed,0.25475285171102663,0.2180681468726378,0.0392156862745098
aimnet2,1,above_5mev,0.01,202,8,210,0.21,263,rigid_force,shared_seed,0.25475285171102663,0.22357216260580345,0.0392156862745098
aimnet2,1,above_5mev,0.01,202,8,210,0.21,263,force_magnitude,shared_seed,0.23954372623574144,0.20854842482378716,0.0196078431372549
aimnet2,1,above_5mev,0.01,202,8,210,0.21,263,geometry_novelty,shared_seed,0.24714828897338403,0.21386603773193325,0.029411764705882353
aimnet2,1,above_5mev,0.01,202,8,210,0.21,263,trees_log,shared_seed,0.25475285171102663,0.22801505772670436,0.0392156862745098
aimnet2,1,above_5mev,0.01,202,8,210,0.21,263,trees_raw,shared_seed,0.25475285171102663,0.2280150577267043,0.0392156862745098
aimnet2,1,above_5mev,0.01,202,8,210,0.21,263,trees_physics,shared_seed,0.25475285171102663,0.21672970907589284,0.0392156862745098
aimnet2,1,above_5mev,0.01,202,8,210,0.21,263,ridge,shared_seed,0.25475285171102663,0.22824172277281574,0.0392156862745098
aimnet2,1,above_5mev,0.01,202,8,210,0.21,263,mp_ridge,shared_seed,0.25475285171102663,0.23196834582153916,0.0392156862745098
aimnet2,1,above_5mev,0.01,202,8,210,0.21,263,reference_oracle,shared_seed,0.25475285171102663,0.23118266419156636,0.0392156862745098
aimnet2,1,above_5mev,0.01,202,8,210,0.21,263,random,shared_seed,0.2321106949884216,0.21052255610735993,0.010025062656641603
aimnet2,1,above_5mev,0.01,202,8,210,0.21,263,net_force,total_budget,0.5399239543726235,0.2876965401154099,
aimnet2,1,above_5mev,0.01,202,8,210,0.21,263,rigid_force,total_budget,0.5931558935361216,0.28919538975040376,
aimnet2,1,above_5mev,0.01,202,8,210,0.21,263,force_magnitude,total_budget,0.24714828897338403,0.18924191726814266,
aimnet2,1,above_5mev,0.01,202,8,210,0.21,263,geometry_novelty,total_budget,0.39543726235741444,0.26815534996605483,
aimnet2,1,above_5mev,0.01,202,8,210,0.21,263,random,total_budget,0.21,0.21,
aimnet2,1,above_5mev,0.01,202,8,210,0.21,263,reference_oracle,total_budget,0.7984790874524715,0.3640457013592862,
aimnet2,1,above_10mev,0.01,202,8,210,0.21,14,net_force,shared_seed,0.5,0.2180681468726378,0.36363636363636365
aimnet2,1,above_10mev,0.01,202,8,210,0.21,14,rigid_force,shared_seed,0.6428571428571429,0.22357216260580345,0.5454545454545454
aimnet2,1,above_10mev,0.01,202,8,210,0.21,14,force_magnitude,shared_seed,0.21428571428571427,0.20854842482378716,0.0
aimnet2,1,above_10mev,0.01,202,8,210,0.21,14,geometry_novelty,shared_seed,0.5,0.21386603773193325,0.36363636363636365
aimnet2,1,above_10mev,0.01,202,8,210,0.21,14,trees_log,shared_seed,0.6428571428571429,0.22801505772670436,0.5454545454545454
aimnet2,1,above_10mev,0.01,202,8,210,0.21,14,trees_raw,shared_seed,0.6428571428571429,0.2280150577267043,0.5454545454545454
aimnet2,1,above_10mev,0.01,202,8,210,0.21,14,trees_physics,shared_seed,0.5,0.21672970907589284,0.36363636363636365
aimnet2,1,above_10mev,0.01,202,8,210,0.21,14,ridge,shared_seed,0.7142857142857143,0.22824172277281574,0.6363636363636364
aimnet2,1,above_10mev,0.01,202,8,210,0.21,14,mp_ridge,shared_seed,0.7857142857142857,0.23196834582153916,0.7272727272727273
aimnet2,1,above_10mev,0.01,202,8,210,0.21,14,reference_oracle,shared_seed,0.7857142857142857,0.23118266419156636,0.7272727272727273
aimnet2,1,above_10mev,0.01,202,8,210,0.21,14,random,shared_seed,0.22216254923021841,0.21052255610735993,0.010025062656641603
aimnet2,1,above_10mev,0.01,202,8,210,0.21,14,net_force,total_budget,1.0,0.2876965401154099,
aimnet2,1,above_10mev,0.01,202,8,210,0.21,14,rigid_force,total_budget,1.0,0.28919538975040376,
aimnet2,1,above_10mev,0.01,202,8,210,0.21,14,force_magnitude,total_budget,0.42857142857142855,0.18924191726814266,
aimnet2,1,above_10mev,0.01,202,8,210,0.21,14,geometry_novelty,total_budget,1.0,0.26815534996605483,
aimnet2,1,above_10mev,0.01,202,8,210,0.21,14,random,total_budget,0.21,0.21,
aimnet2,1,above_10mev,0.01,202,8,210,0.21,14,reference_oracle,total_budget,1.0,0.3640457013592862,
aimnet2,1,above_25mev,0.01,202,8,210,0.21,0,net_force,shared_seed,,0.2180681468726378,
aimnet2,1,above_25mev,0.01,202,8,210,0.21,0,rigid_force,shared_seed,,0.22357216260580345,
aimnet2,1,above_25mev,0.01,202,8,210,0.21,0,force_magnitude,shared_seed,,0.20854842482378716,
aimnet2,1,above_25mev,0.01,202,8,210,0.21,0,geometry_novelty,shared_seed,,0.21386603773193325,
aimnet2,1,above_25mev,0.01,202,8,210,0.21,0,trees_log,shared_seed,,0.22801505772670436,
aimnet2,1,above_25mev,0.01,202,8,210,0.21,0,trees_raw,shared_seed,,0.2280150577267043,
aimnet2,1,above_25mev,0.01,202,8,210,0.21,0,trees_physics,shared_seed,,0.21672970907589284,
aimnet2,1,above_25mev,0.01,202,8,210,0.21,0,ridge,shared_seed,,0.22824172277281574,
aimnet2,1,above_25mev,0.01,202,8,210,0.21,0,mp_ridge,shared_seed,,0.23196834582153916,
aimnet2,1,above_25mev,0.01,202,8,210,0.21,0,reference_oracle,shared_seed,,0.23118266419156636,
aimnet2,1,above_25mev,0.01,202,8,210,0.21,0,random,shared_seed,,0.21052255610735993,
aimnet2,1,above_25mev,0.01,202,8,210,0.21,0,net_force,total_budget,,0.2876965401154099,
aimnet2,1,above_25mev,0.01,202,8,210,0.21,0,rigid_force,total_budget,,0.28919538975040376,
aimnet2,1,above_25mev,0.01,202,8,210,0.21,0,force_magnitude,total_budget,,0.18924191726814266,
aimnet2,1,above_25mev,0.01,202,8,210,0.21,0,geometry_novelty,total_budget,,0.26815534996605483,
aimnet2,1,above_25mev,0.01,202,8,210,0.21,0,random,total_budget,,0.21,
aimnet2,1,above_25mev,0.01,202,8,210,0.21,0,reference_oracle,total_budget,,0.3640457013592862,
aimnet2,1,worst_decile,0.02,202,16,218,0.218,100,net_force,shared_seed,0.39,0.23976981837058892,0.19736842105263158
aimnet2,1,worst_decile,0.02,202,16,218,0.218,100,rigid_force,shared_seed,0.4,0.23955631254530463,0.21052631578947367
aimnet2,1,worst_decile,0.02,202,16,218,0.218,100,force_magnitude,shared_seed,0.27,0.21242217677801453,0.039473684210526314
aimnet2,1,worst_decile,0.02,202,16,218,0.218,100,geometry_novelty,shared_seed,0.35,0.22909358549455258,0.14473684210526316
aimnet2,1,worst_decile,0.02,202,16,218,0.218,100,trees_log,shared_seed,0.4,0.2434163701752938,0.21052631578947367
aimnet2,1,worst_decile,0.02,202,16,218,0.218,100,trees_raw,shared_seed,0.4,0.24161737412380158,0.21052631578947367
aimnet2,1,worst_decile,0.02,202,16,218,0.218,100,trees_physics,shared_seed,0.39,0.2412845030706779,0.19736842105263158
aimnet2,1,worst_decile,0.02,202,16,218,0.218,100,ridge,shared_seed,0.4,0.24330224797218838,0.21052631578947367
aimnet2,1,worst_decile,0.02,202,16,218,0.218,100,mp_ridge,shared_seed,0.4,0.2466546863473099,0.21052631578947367
aimnet2,1,worst_decile,0.02,202,16,218,0.218,100,reference_oracle,shared_seed,0.4,0.2511178835269944,0.21052631578947367
aimnet2,1,worst_decile,0.02,202,16,218,0.218,100,random,shared_seed,0.25523809523809526,0.21851726439994365,0.020050125313283207
aimnet2,1,worst_decile,0.02,202,16,218,0.218,100,net_force,total_budget,0.85,0.29383937999486853,
aimnet2,1,worst_decile,0.02,202,16,218,0.218,100,rigid_force,total_budget,0.92,0.29768586064885943,
aimnet2,1,worst_decile,0.02,202,16,218,0.218,100,force_magnitude,total_budget,0.31,0.1957294449552349,
aimnet2,1,worst_decile,0.02,202,16,218,0.218,100,geometry_novelty,total_budget,0.66,0.2818016660004893,
aimnet2,1,worst_decile,0.02,202,16,218,0.218,100,random,total_budget,0.218,0.218,
aimnet2,1,worst_decile,0.02,202,16,218,0.218,100,reference_oracle,total_budget,1.0,0.3722061848082808,
aimnet2,1,above_5mev,0.02,202,16,218,0.218,263,net_force,shared_seed,0.28517110266159695,0.23976981837058892,0.0784313725490196
aimnet2,1,above_5mev,0.02,202,16,218,0.218,263,rigid_force,shared_seed,0.28517110266159695,0.23955631254530463,0.0784313725490196
aimnet2,1,above_5mev,0.02,202,16,218,0.218,263,force_magnitude,shared_seed,0.24334600760456274,0.21242217677801453,0.024509803921568627
aimnet2,1,above_5mev,0.02,202,16,218,0.218,263,geometry_novelty,shared_seed,0.26996197718631176,0.22909358549455258,0.058823529411764705
aimnet2,1,above_5mev,0.02,202,16,218,0.218,263,trees_log,shared_seed,0.28517110266159695,0.2434163701752938,0.0784313725490196
aimnet2,1,above_5mev,0.02,202,16,218,0.218,263,trees_raw,shared_seed,0.28517110266159695,0.24161737412380158,0.0784313725490196
aimnet2,1,above_5mev,0.02,202,16,218,0.218,263,trees_physics,shared_seed,0.28517110266159695,0.2412845030706779,0.0784313725490196
aimnet2,1,above_5mev,0.02,202,16,218,0.218,263,ridge,shared_seed,0.28517110266159695,0.24330224797218838,0.0784313725490196
aimnet2,1,above_5mev,0.02,202,16,218,0.218,263,mp_ridge,shared_seed,0.28517110266159695,0.2466546863473099,0.0784313725490196
aimnet2,1,above_5mev,0.02,202,16,218,0.218,263,reference_oracle,shared_seed,0.28517110266159695,0.2511178835269944,0.0784313725490196
aimnet2,1,above_5mev,0.02,202,16,218,0.218,263,random,shared_seed,0.23988678921638698,0.21851726439994365,0.020050125313283207
aimnet2,1,above_5mev,0.02,202,16,218,0.218,263,net_force,total_budget,0.5399239543726235,0.29383937999486853,
aimnet2,1,above_5mev,0.02,202,16,218,0.218,263,rigid_force,total_budget,0.6007604562737643,0.29768586064885943,
aimnet2,1,above_5mev,0.02,202,16,218,0.218,263,force_magnitude,total_budget,0.25475285171102663,0.1957294449552349,
aimnet2,1,above_5mev,0.02,202,16,218,0.218,263,geometry_novelty,total_budget,0.41064638783269963,0.2818016660004893,
aimnet2,1,above_5mev,0.02,202,16,218,0.218,263,random,total_budget,0.218,0.218,
aimnet2,1,above_5mev,0.02,202,16,218,0.218,263,reference_oracle,total_budget,0.8288973384030418,0.3722061848082808,
aimnet2,1,above_10mev,0.02,202,16,218,0.218,14,net_force,shared_seed,0.7142857142857143,0.23976981837058892,0.6363636363636364
aimnet2,1,above_10mev,0.02,202,16,218,0.218,14,rigid_force,shared_seed,0.7857142857142857,0.23955631254530463,0.7272727272727273
aimnet2,1,above_10mev,0.02,202,16,218,0.218,14,force_magnitude,shared_seed,0.21428571428571427,0.21242217677801453,0.0
aimnet2,1,above_10mev,0.02,202,16,218,0.218,14,geometry_novelty,shared_seed,0.6428571428571429,0.22909358549455258,0.5454545454545454
aimnet2,1,above_10mev,0.02,202,16,218,0.218,14,trees_log,shared_seed,0.7857142857142857,0.2434163701752938,0.7272727272727273
aimnet2,1,above_10mev,0.02,202,16,218,0.218,14,trees_raw,shared_seed,0.7857142857142857,0.24161737412380158,0.7272727272727273
aimnet2,1,above_10mev,0.02,202,16,218,0.218,14,trees_physics,shared_seed,0.7142857142857143,0.2412845030706779,0.6363636363636364
aimnet2,1,above_10mev,0.02,202,16,218,0.218,14,ridge,shared_seed,0.8571428571428571,0.24330224797218838,0.8181818181818182
aimnet2,1,above_10mev,0.02,202,16,218,0.218,14,mp_ridge,shared_seed,0.9285714285714286,0.2466546863473099,0.9090909090909091
aimnet2,1,above_10mev,0.02,202,16,218,0.218,14,reference_oracle,shared_seed,1.0,0.2511178835269944,1.0
aimnet2,1,above_10mev,0.02,202,16,218,0.218,14,random,shared_seed,0.23003938417472253,0.21851726439994365,0.020050125313283207
aimnet2,1,above_10mev,0.02,202,16,218,0.218,14,net_force,total_budget,1.0,0.29383937999486853,
aimnet2,1,above_10mev,0.02,202,16,218,0.218,14,rigid_force,total_budget,1.0,0.29768586064885943,
aimnet2,1,above_10mev,0.02,202,16,218,0.218,14,force_magnitude,total_budget,0.42857142857142855,0.1957294449552349,
aimnet2,1,above_10mev,0.02,202,16,218,0.218,14,geometry_novelty,total_budget,1.0,0.2818016660004893,
aimnet2,1,above_10mev,0.02,202,16,218,0.218,14,random,total_budget,0.218,0.218,
aimnet2,1,above_10mev,0.02,202,16,218,0.218,14,reference_oracle,total_budget,1.0,0.3722061848082808,
aimnet2,1,above_25mev,0.02,202,16,218,0.218,0,net_force,shared_seed,,0.23976981837058892,
aimnet2,1,above_25mev,0.02,202,16,218,0.218,0,rigid_force,shared_seed,,0.23955631254530463,
aimnet2,1,above_25mev,0.02,202,16,218,0.218,0,force_magnitude,shared_seed,,0.21242217677801453,
aimnet2,1,above_25mev,0.02,202,16,218,0.218,0,geometry_novelty,shared_seed,,0.22909358549455258,
aimnet2,1,above_25mev,0.02,202,16,218,0.218,0,trees_log,shared_seed,,0.2434163701752938,
aimnet2,1,above_25mev,0.02,202,16,218,0.218,0,trees_raw,shared_seed,,0.24161737412380158,
aimnet2,1,above_25mev,0.02,202,16,218,0.218,0,trees_physics,shared_seed,,0.2412845030706779,
aimnet2,1,above_25mev,0.02,202,16,218,0.218,0,ridge,shared_seed,,0.24330224797218838,
aimnet2,1,above_25mev,0.02,202,16,218,0.218,0,mp_ridge,shared_seed,,0.2466546863473099,
aimnet2,1,above_25mev,0.02,202,16,218,0.218,0,reference_oracle,shared_seed,,0.2511178835269944,
aimnet2,1,above_25mev,0.02,202,16,218,0.218,0,random,shared_seed,,0.21851726439994365,
aimnet2,1,above_25mev,0.02,202,16,218,0.218,0,net_force,total_budget,,0.29383937999486853,
aimnet2,1,above_25mev,0.02,202,16,218,0.218,0,rigid_force,total_budget,,0.29768586064885943,
aimnet2,1,above_25mev,0.02,202,16,218,0.218,0,force_magnitude,total_budget,,0.1957294449552349,
aimnet2,1,above_25mev,0.02,202,16,218,0.218,0,geometry_novelty,total_budget,,0.2818016660004893,
aimnet2,1,above_25mev,0.02,202,16,218,0.218,0,random,total_budget,,0.218,
aimnet2,1,above_25mev,0.02,202,16,218,0.218,0,reference_oracle,total_budget,,0.3722061848082808,
aimnet2,1,worst_decile,0.05,202,40,242,0.242,100,net_force,shared_seed,0.55,0.2752303205497999,0.40789473684210525
aimnet2,1,worst_decile,0.05,202,40,242,0.242,100,rigid_force,shared_seed,0.58,0.2784832546516623,0.4473684210526316
aimnet2,1,worst_decile,0.05,202,40,242,0.242,100,force_magnitude,shared_seed,0.29,0.2271010519058287,0.06578947368421052
aimnet2,1,worst_decile,0.05,202,40,242,0.242,100,geometry_novelty,shared_seed,0.48,0.2598182897416542,0.3157894736842105
aimnet2,1,worst_decile,0.05,202,40,242,0.242,100,trees_log,shared_seed,0.58,0.2808469227211592,0.4473684210526316
aimnet2,1,worst_decile,0.05,202,40,242,0.242,100,trees_raw,shared_seed,0.59,0.2836038393996318,0.4605263157894737
aimnet2,1,worst_decile,0.05,202,40,242,0.242,100,trees_physics,shared_seed,0.57,0.27848938626428205,0.4342105263157895
aimnet2,1,worst_decile,0.05,202,40,242,0.242,100,ridge,shared_seed,0.58,0.29048322013680794,0.4473684210526316
aimnet2,1,worst_decile,0.05,202,40,242,0.242,100,mp_ridge,shared_seed,0.61,0.2980528199951342,0.4868421052631579
aimnet2,1,worst_decile,0.05,202,40,242,0.242,100,reference_oracle,shared_seed,0.64,0.31740460208805316,0.5263157894736842
aimnet2,1,worst_decile,0.05,202,40,242,0.242,100,random,shared_seed,0.2780952380952381,0.24250138927769468,0.05012531328320802
aimnet2,1,worst_decile,0.05,202,40,242,0.242,100,net_force,total_budget,0.86,0.3153230821949292,
aimnet2,1,worst_decile,0.05,202,40,242,0.242,100,rigid_force,total_budget,0.95,0.3224635105783786,
aimnet2,1,worst_decile,0.05,202,40,242,0.242,100,force_magnitude,total_budget,0.32,0.22120542818065989,
aimnet2,1,worst_decile,0.05,202,40,242,0.242,100,geometry_novelty,total_budget,0.67,0.3078456021423018,
aimnet2,1,worst_decile,0.05,202,40,242,0.242,100,random,total_budget,0.242,0.242,
aimnet2,1,worst_decile,0.05,202,40,242,0.242,100,reference_oracle,total_budget,1.0,0.40022661282976557,
aimnet2,1,above_5mev,0.05,202,40,242,0.242,263,net_force,shared_seed,0.3650190114068441,0.2752303205497999,0.18137254901960784
aimnet2,1,above_5mev,0.05,202,40,242,0.242,263,rigid_force,shared_seed,0.376425855513308,0.2784832546516623,0.19607843137254902
aimnet2,1,above_5mev,0.05,202,40,242,0.242,263,force_magnitude,shared_seed,0.26996197718631176,0.2271010519058287,0.058823529411764705
aimnet2,1,above_5mev,0.05,202,40,242,0.242,263,geometry_novelty,shared_seed,0.3231939163498099,0.2598182897416542,0.12745098039215685
aimnet2,1,above_5mev,0.05,202,40,242,0.242,263,trees_log,shared_seed,0.376425855513308,0.2808469227211592,0.19607843137254902
aimnet2,1,above_5mev,0.05,202,40,242,0.242,263,trees_raw,shared_seed,0.376425855513308,0.2836038393996318,0.19607843137254902
aimnet2,1,above_5mev,0.05,202,40,242,0.242,263,trees_physics,shared_seed,0.376425855513308,0.27848938626428205,0.19607843137254902
aimnet2,1,above_5mev,0.05,202,40,242,0.242,263,ridge,shared_seed,0.3688212927756654,0.29048322013680794,0.18627450980392157
aimnet2,1,above_5mev,0.05,202,40,242,0.242,263,mp_ridge,shared_seed,0.376425855513308,0.2980528199951342,0.19607843137254902
aimnet2,1,above_5mev,0.05,202,40,242,0.242,263,reference_oracle,shared_seed,0.376425855513308,0.31740460208805316,0.19607843137254902
aimnet2,1,above_5mev,0.05,202,40,242,0.242,263,random,shared_seed,0.26321507190028304,0.24250138927769468,0.05012531328320802
aimnet2,1,above_5mev,0.05,202,40,242,0.242,263,net_force,total_budget,0.5627376425855514,0.3153230821949292,
aimnet2,1,above_5mev,0.05,202,40,242,0.242,263,rigid_force,total_budget,0.6387832699619772,0.3224635105783786,
aimnet2,1,above_5mev,0.05,202,40,242,0.242,263,force_magnitude,total_budget,0.28517110266159695,0.22120542818065989,
aimnet2,1,above_5mev,0.05,202,40,242,0.242,263,geometry_novelty,total_budget,0.4372623574144487,0.3078456021423018,
aimnet2,1,above_5mev,0.05,202,40,242,0.242,263,random,total_budget,0.242,0.242,
aimnet2,1,above_5mev,0.05,202,40,242,0.242,263,reference_oracle,total_budget,0.9201520912547528,0.40022661282976557,
aimnet2,1,above_10mev,0.05,202,40,242,0.242,14,net_force,shared_seed,0.7857142857142857,0.2752303205497999,0.7272727272727273
aimnet2,1,above_10mev,0.05,202,40,242,0.242,14,rigid_force,shared_seed,0.9285714285714286,0.2784832546516623,0.9090909090909091
aimnet2,1,above_10mev,0.05,202,40,242,0.242,14,force_magnitude,shared_seed,0.21428571428571427,0.2271010519058287,0.0
aimnet2,1,above_10mev,0.05,202,40,242,0.242,14,geometry_novelty,shared_seed,0.7857142857142857,0.2598182897416542,0.7272727272727273
aimnet2,1,above_10mev,0.05,202,40,242,0.242,14,trees_log,shared_seed,0.9285714285714286,0.2808469227211592,0.9090909090909091
aimnet2,1,above_10mev,0.05,202,40,242,0.242,14,trees_raw,shared_seed,0.9285714285714286,0.2836038393996318,0.9090909090909091
aimnet2,1,above_10mev,0.05,202,40,242,0.242,14,trees_physics,shared_seed,0.9285714285714286,0.27848938626428205,0.9090909090909091
aimnet2,1,above_10mev,0.05,202,40,242,0.242,14,ridge,shared_seed,1.0,0.29048322013680794,1.0
aimnet2,1,above_10mev,0.05,202,40,242,0.242,14,mp_ridge,shared_seed,1.0,0.2980528199951342,1.0
aimnet2,1,above_10mev,0.05,202,40,242,0.242,14,reference_oracle,shared_seed,1.0,0.31740460208805316,1.0
aimnet2,1,above_10mev,0.05,202,40,242,0.242,14,random,shared_seed,0.2536698890082349,0.24250138927769468,0.05012531328320802
aimnet2,1,above_10mev,0.05,202,40,242,0.242,14,net_force,total_budget,1.0,0.3153230821949292,
aimnet2,1,above_10mev,0.05,202,40,242,0.242,14,rigid_force,total_budget,1.0,0.3224635105783786,
aimnet2,1,above_10mev,0.05,202,40,242,0.242,14,force_magnitude,total_budget,0.5,0.22120542818065989,
aimnet2,1,above_10mev,0.05,202,40,242,0.242,14,geometry_novelty,total_budget,1.0,0.3078456021423018,
aimnet2,1,above_10mev,0.05,202,40,242,0.242,14,random,total_budget,0.242,0.242,
aimnet2,1,above_10mev,0.05,202,40,242,0.242,14,reference_oracle,total_budget,1.0,0.40022661282976557,
aimnet2,1,above_25mev,0.05,202,40,242,0.242,0,net_force,shared_seed,,0.2752303205497999,
aimnet2,1,above_25mev,0.05,202,40,242,0.242,0,rigid_force,shared_seed,,0.2784832546516623,
aimnet2,1,above_25mev,0.05,202,40,242,0.242,0,force_magnitude,shared_seed,,0.2271010519058287,
aimnet2,1,above_25mev,0.05,202,40,242,0.242,0,geometry_novelty,shared_seed,,0.2598182897416542,
aimnet2,1,above_25mev,0.05,202,40,242,0.242,0,trees_log,shared_seed,,0.2808469227211592,
aimnet2,1,above_25mev,0.05,202,40,242,0.242,0,trees_raw,shared_seed,,0.2836038393996318,
aimnet2,1,above_25mev,0.05,202,40,242,0.242,0,trees_physics,shared_seed,,0.27848938626428205,
aimnet2,1,above_25mev,0.05,202,40,242,0.242,0,ridge,shared_seed,,0.29048322013680794,
aimnet2,1,above_25mev,0.05,202,40,242,0.242,0,mp_ridge,shared_seed,,0.2980528199951342,
aimnet2,1,above_25mev,0.05,202,40,242,0.242,0,reference_oracle,shared_seed,,0.31740460208805316,
aimnet2,1,above_25mev,0.05,202,40,242,0.242,0,random,shared_seed,,0.24250138927769468,
aimnet2,1,above_25mev,0.05,202,40,242,0.242,0,net_force,total_budget,,0.3153230821949292,
aimnet2,1,above_25mev,0.05,202,40,242,0.242,0,rigid_force,total_budget,,0.3224635105783786,
aimnet2,1,above_25mev,0.05,202,40,242,0.242,0,force_magnitude,total_budget,,0.22120542818065989,
aimnet2,1,above_25mev,0.05,202,40,242,0.242,0,geometry_novelty,total_budget,,0.3078456021423018,
aimnet2,1,above_25mev,0.05,202,40,242,0.242,0,random,total_budget,,0.242,
aimnet2,1,above_25mev,0.05,202,40,242,0.242,0,reference_oracle,total_budget,,0.40022661282976557,
aimnet2,1,worst_decile,0.1,202,80,282,0.282,100,net_force,shared_seed,0.76,0.33476231367429,0.6842105263157895
aimnet2,1,worst_decile,0.1,202,80,282,0.282,100,rigid_force,shared_seed,0.8,0.3459834137401946,0.7368421052631579
aimnet2,1,worst_decile,0.1,202,80,282,0.282,100,force_magnitude,shared_seed,0.34,0.2612900590527059,0.13157894736842105
aimnet2,1,worst_decile,0.1,202,80,282,0.282,100,geometry_novelty,shared_seed,0.58,0.3095988407840857,0.4473684210526316
aimnet2,1,worst_decile,0.1,202,80,282,0.282,100,trees_log,shared_seed,0.79,0.34836239300579014,0.7236842105263158
aimnet2,1,worst_decile,0.1,202,80,282,0.282,100,trees_raw,shared_seed,0.77,0.34518795469167923,0.6973684210526315
aimnet2,1,worst_decile,0.1,202,80,282,0.282,100,trees_physics,shared_seed,0.8,0.34576386151322924,0.7368421052631579
aimnet2,1,worst_decile,0.1,202,80,282,0.282,100,ridge,shared_seed,0.79,0.34567179868640646,0.7236842105263158
aimnet2,1,worst_decile,0.1,202,80,282,0.282,100,mp_ridge,shared_seed,0.81,0.3523522379868777,0.75
aimnet2,1,worst_decile,0.1,202,80,282,0.282,100,reference_oracle,shared_seed,1.0,0.3797250853050864,1.0
aimnet2,1,worst_decile,0.1,202,80,282,0.282,100,random,shared_seed,0.3161904761904762,0.2824749307406132,0.10025062656641603
aimnet2,1,worst_decile,0.1,202,80,282,0.282,100,net_force,total_budget,0.88,0.3497249579028745,
aimnet2,1,worst_decile,0.1,202,80,282,0.282,100,rigid_force,total_budget,0.95,0.3581000058359741,
aimnet2,1,worst_decile,0.1,202,80,282,0.282,100,force_magnitude,total_budget,0.32,0.25659370603971193,
aimnet2,1,worst_decile,0.1,202,80,282,0.282,100,geometry_novelty,total_budget,0.68,0.34379008496001184,
aimnet2,1,worst_decile,0.1,202,80,282,0.282,100,random,total_budget,0.282,0.282,
aimnet2,1,worst_decile,0.1,202,80,282,0.282,100,reference_oracle,total_budget,1.0,0.4484035720433536,
aimnet2,1,above_5mev,0.1,202,80,282,0.282,263,net_force,shared_seed,0.49429657794676807,0.33476231367429,0.3480392156862745
aimnet2,1,above_5mev,0.1,202,80,282,0.282,263,rigid_force,shared_seed,0.5133079847908745,0.3459834137401946,0.37254901960784315
aimnet2,1,above_5mev,0.1,202,80,282,0.282,263,force_magnitude,shared_seed,0.3231939163498099,0.2612900590527059,0.12745098039215685
aimnet2,1,above_5mev,0.1,202,80,282,0.282,263,geometry_novelty,shared_seed,0.40304182509505704,0.3095988407840857,0.23039215686274508
aimnet2,1,above_5mev,0.1,202,80,282,0.282,263,trees_log,shared_seed,0.5133079847908745,0.34836239300579014,0.37254901960784315
aimnet2,1,above_5mev,0.1,202,80,282,0.282,263,trees_raw,shared_seed,0.5133079847908745,0.34518795469167923,0.37254901960784315
aimnet2,1,above_5mev,0.1,202,80,282,0.282,263,trees_physics,shared_seed,0.5095057034220533,0.34576386151322924,0.36764705882352944
aimnet2,1,above_5mev,0.1,202,80,282,0.282,263,ridge,shared_seed,0.49809885931558934,0.34567179868640646,0.35294117647058826
aimnet2,1,above_5mev,0.1,202,80,282,0.282,263,mp_ridge,shared_seed,0.5133079847908745,0.3523522379868777,0.37254901960784315
aimnet2,1,above_5mev,0.1,202,80,282,0.282,263,reference_oracle,shared_seed,0.5285171102661597,0.3797250853050864,0.39215686274509803
aimnet2,1,above_5mev,0.1,202,80,282,0.282,263,random,shared_seed,0.30209554304010977,0.2824749307406132,0.10025062656641603
aimnet2,1,above_5mev,0.1,202,80,282,0.282,263,net_force,total_budget,0.6045627376425855,0.3497249579028745,
aimnet2,1,above_5mev,0.1,202,80,282,0.282,263,rigid_force,total_budget,0.6806083650190115,0.3581000058359741,
aimnet2,1,above_5mev,0.1,202,80,282,0.282,263,force_magnitude,total_budget,0.3193916349809886,0.25659370603971193,
aimnet2,1,above_5mev,0.1,202,80,282,0.282,263,geometry_novelty,total_budget,0.45627376425855515,0.34379008496001184,
aimnet2,1,above_5mev,0.1,202,80,282,0.282,263,random,total_budget,0.282,0.282,
aimnet2,1,above_5mev,0.1,202,80,282,0.282,263,reference_oracle,total_budget,1.0,0.4484035720433536,
aimnet2,1,above_10mev,0.1,202,80,282,0.282,14,net_force,shared_seed,0.9285714285714286,0.33476231367429,0.9090909090909091
aimnet2,1,above_10mev,0.1,202,80,282,0.282,14,rigid_force,shared_seed,1.0,0.3459834137401946,1.0
aimnet2,1,above_10mev,0.1,202,80,282,0.282,14,force_magnitude,shared_seed,0.21428571428571427,0.2612900590527059,0.0
aimnet2,1,above_10mev,0.1,202,80,282,0.282,14,geometry_novelty,shared_seed,0.9285714285714286,0.3095988407840857,0.9090909090909091
aimnet2,1,above_10mev,0.1,202,80,282,0.282,14,trees_log,shared_seed,1.0,0.34836239300579014,1.0
aimnet2,1,above_10mev,0.1,202,80,282,0.282,14,trees_raw,shared_seed,1.0,0.34518795469167923,1.0
aimnet2,1,above_10mev,0.1,202,80,282,0.282,14,trees_physics,shared_seed,1.0,0.34576386151322924,1.0
aimnet2,1,above_10mev,0.1,202,80,282,0.282,14,ridge,shared_seed,1.0,0.34567179868640646,1.0
aimnet2,1,above_10mev,0.1,202,80,282,0.282,14,mp_ridge,shared_seed,1.0,0.3523522379868777,1.0
aimnet2,1,above_10mev,0.1,202,80,282,0.282,14,reference_oracle,shared_seed,1.0,0.3797250853050864,1.0
aimnet2,1,above_10mev,0.1,202,80,282,0.282,14,random,shared_seed,0.2930540637307555,0.2824749307406132,0.10025062656641603
aimnet2,1,above_10mev,0.1,202,80,282,0.282,14,net_force,total_budget,1.0,0.3497249579028745,
aimnet2,1,above_10mev,0.1,202,80,282,0.282,14,rigid_force,total_budget,1.0,0.3581000058359741,
aimnet2,1,above_10mev,0.1,202,80,282,0.282,14,force_magnitude,total_budget,0.5,0.25659370603971193,
aimnet2,1,above_10mev,0.1,202,80,282,0.282,14,geometry_novelty,total_budget,1.0,0.34379008496001184,
aimnet2,1,above_10mev,0.1,202,80,282,0.282,14,random,total_budget,0.282,0.282,
aimnet2,1,above_10mev,0.1,202,80,282,0.282,14,reference_oracle,total_budget,1.0,0.4484035720433536,
aimnet2,1,above_25mev,0.1,202,80,282,0.282,0,net_force,shared_seed,,0.33476231367429,
aimnet2,1,above_25mev,0.1,202,80,282,0.282,0,rigid_force,shared_seed,,0.3459834137401946,
aimnet2,1,above_25mev,0.1,202,80,282,0.282,0,force_magnitude,shared_seed,,0.2612900590527059,
aimnet2,1,above_25mev,0.1,202,80,282,0.282,0,geometry_novelty,shared_seed,,0.3095988407840857,
aimnet2,1,above_25mev,0.1,202,80,282,0.282,0,trees_log,shared_seed,,0.34836239300579014,
aimnet2,1,above_25mev,0.1,202,80,282,0.282,0,trees_raw,shared_seed,,0.34518795469167923,
aimnet2,1,above_25mev,0.1,202,80,282,0.282,0,trees_physics,shared_seed,,0.34576386151322924,
aimnet2,1,above_25mev,0.1,202,80,282,0.282,0,ridge,shared_seed,,0.34567179868640646,
aimnet2,1,above_25mev,0.1,202,80,282,0.282,0,mp_ridge,shared_seed,,0.3523522379868777,
aimnet2,1,above_25mev,0.1,202,80,282,0.282,0,reference_oracle,shared_seed,,0.3797250853050864,
aimnet2,1,above_25mev,0.1,202,80,282,0.282,0,random,shared_seed,,0.2824749307406132,
aimnet2,1,above_25mev,0.1,202,80,282,0.282,0,net_force,total_budget,,0.3497249579028745,
aimnet2,1,above_25mev,0.1,202,80,282,0.282,0,rigid_force,total_budget,,0.3581000058359741,
aimnet2,1,above_25mev,0.1,202,80,282,0.282,0,force_magnitude,total_budget,,0.25659370603971193,
aimnet2,1,above_25mev,0.1,202,80,282,0.282,0,geometry_novelty,total_budget,,0.34379008496001184,
aimnet2,1,above_25mev,0.1,202,80,282,0.282,0,random,total_budget,,0.282,
aimnet2,1,above_25mev,0.1,202,80,282,0.282,0,reference_oracle,total_budget,,0.4484035720433536,
aimnet2,1,worst_decile,0.2,202,160,362,0.362,100,net_force,shared_seed,0.89,0.4253312168638763,0.8552631578947368
aimnet2,1,worst_decile,0.2,202,160,362,0.362,100,rigid_force,shared_seed,0.92,0.42559299323096084,0.8947368421052632
aimnet2,1,worst_decile,0.2,202,160,362,0.362,100,force_magnitude,shared_seed,0.46,0.34864405874858634,0.2894736842105263
aimnet2,1,worst_decile,0.2,202,160,362,0.362,100,geometry_novelty,shared_seed,0.73,0.4134197164393444,0.6447368421052632
aimnet2,1,worst_decile,0.2,202,160,362,0.362,100,trees_log,shared_seed,0.94,0.43685871067775184,0.9210526315789473
aimnet2,1,worst_decile,0.2,202,160,362,0.362,100,trees_raw,shared_seed,0.94,0.4368664134980005,0.9210526315789473
aimnet2,1,worst_decile,0.2,202,160,362,0.362,100,trees_physics,shared_seed,0.92,0.4273543245466834,0.8947368421052632
aimnet2,1,worst_decile,0.2,202,160,362,0.362,100,ridge,shared_seed,0.94,0.44302841288998734,0.9210526315789473
aimnet2,1,worst_decile,0.2,202,160,362,0.362,100,mp_ridge,shared_seed,0.97,0.45704053160372643,0.9605263157894737
aimnet2,1,worst_decile,0.2,202,160,362,0.362,100,reference_oracle,shared_seed,1.0,0.4869609878141054,1.0
aimnet2,1,worst_decile,0.2,202,160,362,0.362,100,random,shared_seed,0.3923809523809524,0.36242201366645016,0.20050125313283207
aimnet2,1,worst_decile,0.2,202,160,362,0.362,100,net_force,total_budget,0.89,0.4225130848422129,
aimnet2,1,worst_decile,0.2,202,160,362,0.362,100,rigid_force,total_budget,0.96,0.427145001491032,
aimnet2,1,worst_decile,0.2,202,160,362,0.362,100,force_magnitude,total_budget,0.42,0.3387366322929908,
aimnet2,1,worst_decile,0.2,202,160,362,0.362,100,geometry_novelty,total_budget,0.78,0.42528002262876907,
aimnet2,1,worst_decile,0.2,202,160,362,0.362,100,random,total_budget,0.362,0.362,
aimnet2,1,worst_decile,0.2,202,160,362,0.362,100,reference_oracle,total_budget,1.0,0.5374236556038824,
aimnet2,1,above_5mev,0.2,202,160,362,0.362,263,net_force,shared_seed,0.6425855513307985,0.4253312168638763,0.5392156862745098
aimnet2,1,above_5mev,0.2,202,160,362,0.362,263,rigid_force,shared_seed,0.6768060836501901,0.42559299323096084,0.5833333333333334
aimnet2,1,above_5mev,0.2,202,160,362,0.362,263,force_magnitude,shared_seed,0.40304182509505704,0.34864405874858634,0.23039215686274508
aimnet2,1,above_5mev,0.2,202,160,362,0.362,263,geometry_novelty,shared_seed,0.5209125475285171,0.4134197164393444,0.38235294117647056
aimnet2,1,above_5mev,0.2,202,160,362,0.362,263,trees_log,shared_seed,0.6730038022813688,0.43685871067775184,0.5784313725490197
aimnet2,1,above_5mev,0.2,202,160,362,0.362,263,trees_raw,shared_seed,0.6768060836501901,0.4368664134980005,0.5833333333333334
aimnet2,1,above_5mev,0.2,202,160,362,0.362,263,trees_physics,shared_seed,0.6768060836501901,0.4273543245466834,0.5833333333333334
aimnet2,1,above_5mev,0.2,202,160,362,0.362,263,ridge,shared_seed,0.6920152091254753,0.44302841288998734,0.6029411764705882
aimnet2,1,above_5mev,0.2,202,160,362,0.362,263,mp_ridge,shared_seed,0.7110266159695817,0.45704053160372643,0.6274509803921569
aimnet2,1,above_5mev,0.2,202,160,362,0.362,263,reference_oracle,shared_seed,0.8326996197718631,0.4869609878141054,0.7843137254901961
aimnet2,1,above_5mev,0.2,202,160,362,0.362,263,random,shared_seed,0.3798564853197633,0.36242201366645016,0.20050125313283207
aimnet2,1,above_5mev,0.2,202,160,362,0.362,263,net_force,total_budget,0.6730038022813688,0.4225130848422129,
aimnet2,1,above_5mev,0.2,202,160,362,0.362,263,rigid_force,total_budget,0.7490494296577946,0.427145001491032,
aimnet2,1,above_5mev,0.2,202,160,362,0.362,263,force_magnitude,total_budget,0.4220532319391635,0.3387366322929908,
aimnet2,1,above_5mev,0.2,202,160,362,0.362,263,geometry_novelty,total_budget,0.5703422053231939,0.42528002262876907,
aimnet2,1,above_5mev,0.2,202,160,362,0.362,263,random,total_budget,0.362,0.362,
aimnet2,1,above_5mev,0.2,202,160,362,0.362,263,reference_oracle,total_budget,1.0,0.5374236556038824,
aimnet2,1,above_10mev,0.2,202,160,362,0.362,14,net_force,shared_seed,1.0,0.4253312168638763,1.0
aimnet2,1,above_10mev,0.2,202,160,362,0.362,14,rigid_force,shared_seed,1.0,0.42559299323096084,1.0
aimnet2,1,above_10mev,0.2,202,160,362,0.362,14,force_magnitude,shared_seed,0.5,0.34864405874858634,0.36363636363636365
aimnet2,1,above_10mev,0.2,202,160,362,0.362,14,geometry_novelty,shared_seed,1.0,0.4134197164393444,1.0
aimnet2,1,above_10mev,0.2,202,160,362,0.362,14,trees_log,shared_seed,1.0,0.43685871067775184,1.0
aimnet2,1,above_10mev,0.2,202,160,362,0.362,14,trees_raw,shared_seed,1.0,0.4368664134980005,1.0
aimnet2,1,above_10mev,0.2,202,160,362,0.362,14,trees_physics,shared_seed,1.0,0.4273543245466834,1.0
aimnet2,1,above_10mev,0.2,202,160,362,0.362,14,ridge,shared_seed,1.0,0.44302841288998734,1.0
aimnet2,1,above_10mev,0.2,202,160,362,0.362,14,mp_ridge,shared_seed,1.0,0.45704053160372643,1.0
aimnet2,1,above_10mev,0.2,202,160,362,0.362,14,reference_oracle,shared_seed,1.0,0.4869609878141054,1.0
aimnet2,1,above_10mev,0.2,202,160,362,0.362,14,random,shared_seed,0.3718224131757966,0.36242201366645016,0.20050125313283207
aimnet2,1,above_10mev,0.2,202,160,362,0.362,14,net_force,total_budget,1.0,0.4225130848422129,
aimnet2,1,above_10mev,0.2,202,160,362,0.362,14,rigid_force,total_budget,1.0,0.427145001491032,
aimnet2,1,above_10mev,0.2,202,160,362,0.362,14,force_magnitude,total_budget,0.5714285714285714,0.3387366322929908,
aimnet2,1,above_10mev,0.2,202,160,362,0.362,14,geometry_novelty,total_budget,1.0,0.42528002262876907,
aimnet2,1,above_10mev,0.2,202,160,362,0.362,14,random,total_budget,0.362,0.362,
aimnet2,1,above_10mev,0.2,202,160,362,0.362,14,reference_oracle,total_budget,1.0,0.5374236556038824,
aimnet2,1,above_25mev,0.2,202,160,362,0.362,0,net_force,shared_seed,,0.4253312168638763,
aimnet2,1,above_25mev,0.2,202,160,362,0.362,0,rigid_force,shared_seed,,0.42559299323096084,
aimnet2,1,above_25mev,0.2,202,160,362,0.362,0,force_magnitude,shared_seed,,0.34864405874858634,
aimnet2,1,above_25mev,0.2,202,160,362,0.362,0,geometry_novelty,shared_seed,,0.4134197164393444,
aimnet2,1,above_25mev,0.2,202,160,362,0.362,0,trees_log,shared_seed,,0.43685871067775184,
aimnet2,1,above_25mev,0.2,202,160,362,0.362,0,trees_raw,shared_seed,,0.4368664134980005,
aimnet2,1,above_25mev,0.2,202,160,362,0.362,0,trees_physics,shared_seed,,0.4273543245466834,
aimnet2,1,above_25mev,0.2,202,160,362,0.362,0,ridge,shared_seed,,0.44302841288998734,
aimnet2,1,above_25mev,0.2,202,160,362,0.362,0,mp_ridge,shared_seed,,0.45704053160372643,
aimnet2,1,above_25mev,0.2,202,160,362,0.362,0,reference_oracle,shared_seed,,0.4869609878141054,
aimnet2,1,above_25mev,0.2,202,160,362,0.362,0,random,shared_seed,,0.36242201366645016,
aimnet2,1,above_25mev,0.2,202,160,362,0.362,0,net_force,total_budget,,0.4225130848422129,
aimnet2,1,above_25mev,0.2,202,160,362,0.362,0,rigid_force,total_budget,,0.427145001491032,
aimnet2,1,above_25mev,0.2,202,160,362,0.362,0,force_magnitude,total_budget,,0.3387366322929908,
aimnet2,1,above_25mev,0.2,202,160,362,0.362,0,geometry_novelty,total_budget,,0.42528002262876907,
aimnet2,1,above_25mev,0.2,202,160,362,0.362,0,random,total_budget,,0.362,
aimnet2,1,above_25mev,0.2,202,160,362,0.362,0,reference_oracle,total_budget,,0.5374236556038824,
aimnet2,1,worst_decile,0.3,202,240,442,0.442,100,net_force,shared_seed,0.92,0.49358670796858806,0.8947368421052632
aimnet2,1,worst_decile,0.3,202,240,442,0.442,100,rigid_force,shared_seed,0.95,0.49984454534275075,0.9342105263157895
aimnet2,1,worst_decile,0.3,202,240,442,0.442,100,force_magnitude,shared_seed,0.5,0.42225741230507013,0.34210526315789475
aimnet2,1,worst_decile,0.3,202,240,442,0.442,100,geometry_novelty,shared_seed,0.82,0.49801277394131194,0.7631578947368421
aimnet2,1,worst_decile,0.3,202,240,442,0.442,100,trees_log,shared_seed,0.98,0.5373151006816518,0.9736842105263158
aimnet2,1,worst_decile,0.3,202,240,442,0.442,100,trees_raw,shared_seed,0.98,0.5315172246831434,0.9736842105263158
aimnet2,1,worst_decile,0.3,202,240,442,0.442,100,trees_physics,shared_seed,0.95,0.5029072626445248,0.9342105263157895
aimnet2,1,worst_decile,0.3,202,240,442,0.442,100,ridge,shared_seed,0.99,0.5372491344708186,0.9868421052631579
aimnet2,1,worst_decile,0.3,202,240,442,0.442,100,mp_ridge,shared_seed,0.98,0.5510673086983817,0.9736842105263158
aimnet2,1,worst_decile,0.3,202,240,442,0.442,100,reference_oracle,shared_seed,1.0,0.5778837067772818,1.0
aimnet2,1,worst_decile,0.3,202,240,442,0.442,100,random,shared_seed,0.4685714285714285,0.4423690965922872,0.3007518796992481
aimnet2,1,worst_decile,0.3,202,240,442,0.442,100,net_force,total_budget,0.9,0.49375882544453065,
aimnet2,1,worst_decile,0.3,202,240,442,0.442,100,rigid_force,total_budget,0.97,0.5064161554945278,
aimnet2,1,worst_decile,0.3,202,240,442,0.442,100,force_magnitude,total_budget,0.54,0.424563670853433,
aimnet2,1,worst_decile,0.3,202,240,442,0.442,100,geometry_novelty,total_budget,0.83,0.5069994188660577,
aimnet2,1,worst_decile,0.3,202,240,442,0.442,100,random,total_budget,0.442,0.442,
aimnet2,1,worst_decile,0.3,202,240,442,0.442,100,reference_oracle,total_budget,1.0,0.6140631182775257,
aimnet2,1,above_5mev,0.3,202,240,442,0.442,263,net_force,shared_seed,0.7224334600760456,0.49358670796858806,0.6421568627450981
aimnet2,1,above_5mev,0.3,202,240,442,0.442,263,rigid_force,shared_seed,0.7718631178707225,0.49984454534275075,0.7058823529411765
aimnet2,1,above_5mev,0.3,202,240,442,0.442,263,force_magnitude,shared_seed,0.4752851711026616,0.42225741230507013,0.3235294117647059
aimnet2,1,above_5mev,0.3,202,240,442,0.442,263,geometry_novelty,shared_seed,0.6121673003802282,0.49801277394131194,0.5
aimnet2,1,above_5mev,0.3,202,240,442,0.442,263,trees_log,shared_seed,0.8060836501901141,0.5373151006816518,0.75
aimnet2,1,above_5mev,0.3,202,240,442,0.442,263,trees_raw,shared_seed,0.8060836501901141,0.5315172246831434,0.75
aimnet2,1,above_5mev,0.3,202,240,442,0.442,263,trees_physics,shared_seed,0.7642585551330798,0.5029072626445248,0.696078431372549
aimnet2,1,above_5mev,0.3,202,240,442,0.442,263,ridge,shared_seed,0.8022813688212928,0.5372491344708186,0.7450980392156863
aimnet2,1,above_5mev,0.3,202,240,442,0.442,263,mp_ridge,shared_seed,0.8288973384030418,0.5510673086983817,0.7794117647058824
aimnet2,1,above_5mev,0.3,202,240,442,0.442,263,reference_oracle,shared_seed,1.0,0.5778837067772818,1.0
aimnet2,1,above_5mev,0.3,202,240,442,0.442,263,random,shared_seed,0.4576174275994168,0.4423690965922872,0.3007518796992481
aimnet2,1,above_5mev,0.3,202,240,442,0.442,263,net_force,total_budget,0.7262357414448669,0.49375882544453065,
aimnet2,1,above_5mev,0.3,202,240,442,0.442,263,rigid_force,total_budget,0.8098859315589354,0.5064161554945278,
aimnet2,1,above_5mev,0.3,202,240,442,0.442,263,force_magnitude,total_budget,0.49809885931558934,0.424563670853433,
aimnet2,1,above_5mev,0.3,202,240,442,0.442,263,geometry_novelty,total_budget,0.6387832699619772,0.5069994188660577,
aimnet2,1,above_5mev,0.3,202,240,442,0.442,263,random,total_budget,0.442,0.442,
aimnet2,1,above_5mev,0.3,202,240,442,0.442,263,reference_oracle,total_budget,1.0,0.6140631182775257,
aimnet2,1,above_10mev,0.3,202,240,442,0.442,14,net_force,shared_seed,1.0,0.49358670796858806,1.0
aimnet2,1,above_10mev,0.3,202,240,442,0.442,14,rigid_force,shared_seed,1.0,0.49984454534275075,1.0
aimnet2,1,above_10mev,0.3,202,240,442,0.442,14,force_magnitude,shared_seed,0.5714285714285714,0.42225741230507013,0.45454545454545453
aimnet2,1,above_10mev,0.3,202,240,442,0.442,14,geometry_novelty,shared_seed,1.0,0.49801277394131194,1.0
aimnet2,1,above_10mev,0.3,202,240,442,0.442,14,trees_log,shared_seed,1.0,0.5373151006816518,1.0
aimnet2,1,above_10mev,0.3,202,240,442,0.442,14,trees_raw,shared_seed,1.0,0.5315172246831434,1.0
aimnet2,1,above_10mev,0.3,202,240,442,0.442,14,trees_physics,shared_seed,1.0,0.5029072626445248,1.0
aimnet2,1,above_10mev,0.3,202,240,442,0.442,14,ridge,shared_seed,1.0,0.5372491344708186,1.0
aimnet2,1,above_10mev,0.3,202,240,442,0.442,14,mp_ridge,shared_seed,1.0,0.5510673086983817,1.0
aimnet2,1,above_10mev,0.3,202,240,442,0.442,14,reference_oracle,shared_seed,1.0,0.5778837067772818,1.0
aimnet2,1,above_10mev,0.3,202,240,442,0.442,14,random,shared_seed,0.45059076262083775,0.4423690965922872,0.3007518796992481
aimnet2,1,above_10mev,0.3,202,240,442,0.442,14,net_force,total_budget,1.0,0.49375882544453065,
aimnet2,1,above_10mev,0.3,202,240,442,0.442,14,rigid_force,total_budget,1.0,0.5064161554945278,
aimnet2,1,above_10mev,0.3,202,240,442,0.442,14,force_magnitude,total_budget,0.5714285714285714,0.424563670853433,
aimnet2,1,above_10mev,0.3,202,240,442,0.442,14,geometry_novelty,total_budget,1.0,0.5069994188660577,
aimnet2,1,above_10mev,0.3,202,240,442,0.442,14,random,total_budget,0.442,0.442,
aimnet2,1,above_10mev,0.3,202,240,442,0.442,14,reference_oracle,total_budget,1.0,0.6140631182775257,
aimnet2,1,above_25mev,0.3,202,240,442,0.442,0,net_force,shared_seed,,0.49358670796858806,
aimnet2,1,above_25mev,0.3,202,240,442,0.442,0,rigid_force,shared_seed,,0.49984454534275075,
aimnet2,1,above_25mev,0.3,202,240,442,0.442,0,force_magnitude,shared_seed,,0.42225741230507013,
aimnet2,1,above_25mev,0.3,202,240,442,0.442,0,geometry_novelty,shared_seed,,0.49801277394131194,
aimnet2,1,above_25mev,0.3,202,240,442,0.442,0,trees_log,shared_seed,,0.5373151006816518,
aimnet2,1,above_25mev,0.3,202,240,442,0.442,0,trees_raw,shared_seed,,0.5315172246831434,
aimnet2,1,above_25mev,0.3,202,240,442,0.442,0,trees_physics,shared_seed,,0.5029072626445248,
aimnet2,1,above_25mev,0.3,202,240,442,0.442,0,ridge,shared_seed,,0.5372491344708186,
aimnet2,1,above_25mev,0.3,202,240,442,0.442,0,mp_ridge,shared_seed,,0.5510673086983817,
aimnet2,1,above_25mev,0.3,202,240,442,0.442,0,reference_oracle,shared_seed,,0.5778837067772818,
aimnet2,1,above_25mev,0.3,202,240,442,0.442,0,random,shared_seed,,0.4423690965922872,
aimnet2,1,above_25mev,0.3,202,240,442,0.442,0,net_force,total_budget,,0.49375882544453065,
aimnet2,1,above_25mev,0.3,202,240,442,0.442,0,rigid_force,total_budget,,0.5064161554945278,
aimnet2,1,above_25mev,0.3,202,240,442,0.442,0,force_magnitude,total_budget,,0.424563670853433,
aimnet2,1,above_25mev,0.3,202,240,442,0.442,0,geometry_novelty,total_budget,,0.5069994188660577,
aimnet2,1,above_25mev,0.3,202,240,442,0.442,0,random,total_budget,,0.442,
aimnet2,1,above_25mev,0.3,202,240,442,0.442,0,reference_oracle,total_budget,,0.6140631182775257,
aimnet2,1,worst_decile,0.5,202,399,601,0.601,100,net_force,shared_seed,0.93,0.638062002093204,0.9078947368421053
aimnet2,1,worst_decile,0.5,202,399,601,0.601,100,rigid_force,shared_seed,0.98,0.6539035288383295,0.9736842105263158
aimnet2,1,worst_decile,0.5,202,399,601,0.601,100,force_magnitude,shared_seed,0.7,0.58430662336618,0.6052631578947368
aimnet2,1,worst_decile,0.5,202,399,601,0.601,100,geometry_novelty,shared_seed,0.9,0.6582924844591217,0.868421052631579
aimnet2,1,worst_decile,0.5,202,399,601,0.601,100,trees_log,shared_seed,0.99,0.7191782147175794,0.9868421052631579
aimnet2,1,worst_decile,0.5,202,399,601,0.601,100,trees_raw,shared_seed,1.0,0.7174350091642027,1.0
aimnet2,1,worst_decile,0.5,202,399,601,0.601,100,trees_physics,shared_seed,0.98,0.6528367673419733,0.9736842105263158
aimnet2,1,worst_decile,0.5,202,399,601,0.601,100,ridge,shared_seed,1.0,0.6858388965529622,1.0
aimnet2,1,worst_decile,0.5,202,399,601,0.601,100,mp_ridge,shared_seed,1.0,0.6966714353363784,1.0
aimnet2,1,worst_decile,0.5,202,399,601,0.601,100,reference_oracle,shared_seed,1.0,0.7382180793200175,1.0
aimnet2,1,worst_decile,0.5,202,399,601,0.601,100,random,shared_seed,0.62,0.6012639239073881,0.5
aimnet2,1,worst_decile,0.5,202,399,601,0.601,100,net_force,total_budget,0.93,0.6349957553702312,
aimnet2,1,worst_decile,0.5,202,399,601,0.601,100,rigid_force,total_budget,0.99,0.647452589289803,
aimnet2,1,worst_decile,0.5,202,399,601,0.601,100,force_magnitude,total_budget,0.72,0.5866199331940456,
aimnet2,1,worst_decile,0.5,202,399,601,0.601,100,geometry_novelty,total_budget,0.89,0.6566647355028249,
aimnet2,1,worst_decile,0.5,202,399,601,0.601,100,random,total_budget,0.601,0.601,
aimnet2,1,worst_decile,0.5,202,399,601,0.601,100,reference_oracle,total_budget,1.0,0.7622869117320873,
aimnet2,1,above_5mev,0.5,202,399,601,0.601,263,net_force,shared_seed,0.8250950570342205,0.638062002093204,0.7745098039215687
aimnet2,1,above_5mev,0.5,202,399,601,0.601,263,rigid_force,shared_seed,0.8859315589353612,0.6539035288383295,0.8529411764705882
aimnet2,1,above_5mev,0.5,202,399,601,0.601,263,force_magnitude,shared_seed,0.6349809885931559,0.58430662336618,0.5294117647058824
aimnet2,1,above_5mev,0.5,202,399,601,0.601,263,geometry_novelty,shared_seed,0.7642585551330798,0.6582924844591217,0.696078431372549
aimnet2,1,above_5mev,0.5,202,399,601,0.601,263,trees_log,shared_seed,0.8935361216730038,0.7191782147175794,0.8627450980392157
aimnet2,1,above_5mev,0.5,202,399,601,0.601,263,trees_raw,shared_seed,0.8973384030418251,0.7174350091642027,0.8676470588235294
aimnet2,1,above_5mev,0.5,202,399,601,0.601,263,trees_physics,shared_seed,0.8821292775665399,0.6528367673419733,0.8480392156862745
aimnet2,1,above_5mev,0.5,202,399,601,0.601,263,ridge,shared_seed,0.9163498098859315,0.6858388965529622,0.8921568627450981
aimnet2,1,above_5mev,0.5,202,399,601,0.601,263,mp_ridge,shared_seed,0.9049429657794676,0.6966714353363784,0.8774509803921569
aimnet2,1,above_5mev,0.5,202,399,601,0.601,263,reference_oracle,shared_seed,1.0,0.7382180793200175,1.0
aimnet2,1,above_5mev,0.5,202,399,601,0.601,263,random,shared_seed,0.6121673003802282,0.6012639239073881,0.5
aimnet2,1,above_5mev,0.5,202,399,601,0.601,263,net_force,total_budget,0.8136882129277566,0.6349957553702312,
aimnet2,1,above_5mev,0.5,202,399,601,0.601,263,rigid_force,total_budget,0.8897338403041825,0.647452589289803,
aimnet2,1,above_5mev,0.5,202,399,601,0.601,263,force_magnitude,total_budget,0.688212927756654,0.5866199331940456,
aimnet2,1,above_5mev,0.5,202,399,601,0.601,263,geometry_novelty,total_budget,0.779467680608365,0.6566647355028249,
aimnet2,1,above_5mev,0.5,202,399,601,0.601,263,random,total_budget,0.601,0.601,
aimnet2,1,above_5mev,0.5,202,399,601,0.601,263,reference_oracle,total_budget,1.0,0.7622869117320873,
aimnet2,1,above_10mev,0.5,202,399,601,0.601,14,net_force,shared_seed,1.0,0.638062002093204,1.0
aimnet2,1,above_10mev,0.5,202,399,601,0.601,14,rigid_force,shared_seed,1.0,0.6539035288383295,1.0
aimnet2,1,above_10mev,0.5,202,399,601,0.601,14,force_magnitude,shared_seed,0.5714285714285714,0.58430662336618,0.45454545454545453
aimnet2,1,above_10mev,0.5,202,399,601,0.601,14,geometry_novelty,shared_seed,1.0,0.6582924844591217,1.0
aimnet2,1,above_10mev,0.5,202,399,601,0.601,14,trees_log,shared_seed,1.0,0.7191782147175794,1.0
aimnet2,1,above_10mev,0.5,202,399,601,0.601,14,trees_raw,shared_seed,1.0,0.7174350091642027,1.0
aimnet2,1,above_10mev,0.5,202,399,601,0.601,14,trees_physics,shared_seed,1.0,0.6528367673419733,1.0
aimnet2,1,above_10mev,0.5,202,399,601,0.601,14,ridge,shared_seed,1.0,0.6858388965529622,1.0
aimnet2,1,above_10mev,0.5,202,399,601,0.601,14,mp_ridge,shared_seed,1.0,0.6966714353363784,1.0
aimnet2,1,above_10mev,0.5,202,399,601,0.601,14,reference_oracle,shared_seed,1.0,0.7382180793200175,1.0
aimnet2,1,above_10mev,0.5,202,399,601,0.601,14,random,shared_seed,0.6071428571428571,0.6012639239073881,0.5
aimnet2,1,above_10mev,0.5,202,399,601,0.601,14,net_force,total_budget,1.0,0.6349957553702312,
aimnet2,1,above_10mev,0.5,202,399,601,0.601,14,rigid_force,total_budget,1.0,0.647452589289803,
aimnet2,1,above_10mev,0.5,202,399,601,0.601,14,force_magnitude,total_budget,0.7142857142857143,0.5866199331940456,
aimnet2,1,above_10mev,0.5,202,399,601,0.601,14,geometry_novelty,total_budget,1.0,0.6566647355028249,
aimnet2,1,above_10mev,0.5,202,399,601,0.601,14,random,total_budget,0.601,0.601,
aimnet2,1,above_10mev,0.5,202,399,601,0.601,14,reference_oracle,total_budget,1.0,0.7622869117320873,
aimnet2,1,above_25mev,0.5,202,399,601,0.601,0,net_force,shared_seed,,0.638062002093204,
aimnet2,1,above_25mev,0.5,202,399,601,0.601,0,rigid_force,shared_seed,,0.6539035288383295,
aimnet2,1,above_25mev,0.5,202,399,601,0.601,0,force_magnitude,shared_seed,,0.58430662336618,
aimnet2,1,above_25mev,0.5,202,399,601,0.601,0,geometry_novelty,shared_seed,,0.6582924844591217,
aimnet2,1,above_25mev,0.5,202,399,601,0.601,0,trees_log,shared_seed,,0.7191782147175794,
aimnet2,1,above_25mev,0.5,202,399,601,0.601,0,trees_raw,shared_seed,,0.7174350091642027,
aimnet2,1,above_25mev,0.5,202,399,601,0.601,0,trees_physics,shared_seed,,0.6528367673419733,
aimnet2,1,above_25mev,0.5,202,399,601,0.601,0,ridge,shared_seed,,0.6858388965529622,
aimnet2,1,above_25mev,0.5,202,399,601,0.601,0,mp_ridge,shared_seed,,0.6966714353363784,
aimnet2,1,above_25mev,0.5,202,399,601,0.601,0,reference_oracle,shared_seed,,0.7382180793200175,
aimnet2,1,above_25mev,0.5,202,399,601,0.601,0,random,shared_seed,,0.6012639239073881,
aimnet2,1,above_25mev,0.5,202,399,601,0.601,0,net_force,total_budget,,0.6349957553702312,
aimnet2,1,above_25mev,0.5,202,399,601,0.601,0,rigid_force,total_budget,,0.647452589289803,
aimnet2,1,above_25mev,0.5,202,399,601,0.601,0,force_magnitude,total_budget,,0.5866199331940456,
aimnet2,1,above_25mev,0.5,202,399,601,0.601,0,geometry_novelty,total_budget,,0.6566647355028249,
aimnet2,1,above_25mev,0.5,202,399,601,0.601,0,random,total_budget,,0.601,
aimnet2,1,above_25mev,0.5,202,399,601,0.601,0,reference_oracle,total_budget,,0.7622869117320873,
aimnet2,2,worst_decile,0.01,224,8,232,0.232,100,net_force,shared_seed,0.26,0.22813968940308474,0.0975609756097561
aimnet2,2,worst_decile,0.01,224,8,232,0.232,100,rigid_force,shared_seed,0.26,0.2339047843066881,0.0975609756097561
aimnet2,2,worst_decile,0.01,224,8,232,0.232,100,force_magnitude,shared_seed,0.19,0.21862131597541581,0.012195121951219513
aimnet2,2,worst_decile,0.01,224,8,232,0.232,100,geometry_novelty,shared_seed,0.24,0.22441697260399274,0.07317073170731707
aimnet2,2,worst_decile,0.01,224,8,232,0.232,100,trees_log,shared_seed,0.26,0.22580606344694285,0.0975609756097561
aimnet2,2,worst_decile,0.01,224,8,232,0.232,100,trees_raw,shared_seed,0.26,0.22368081257642514,0.0975609756097561
aimnet2,2,worst_decile,0.01,224,8,232,0.232,100,trees_physics,shared_seed,0.26,0.22489646454953174,0.0975609756097561
aimnet2,2,worst_decile,0.01,224,8,232,0.232,100,ridge,shared_seed,0.25,0.23986605226817323,0.08536585365853659
aimnet2,2,worst_decile,0.01,224,8,232,0.232,100,mp_ridge,shared_seed,0.26,0.24120221868029837,0.0975609756097561
aimnet2,2,worst_decile,0.01,224,8,232,0.232,100,reference_oracle,shared_seed,0.26,0.24101160686395356,0.0975609756097561
aimnet2,2,worst_decile,0.01,224,8,232,0.232,100,random,shared_seed,0.1884536082474227,0.2212825763693202,0.010309278350515464
aimnet2,2,worst_decile,0.01,224,8,232,0.232,100,net_force,total_budget,0.86,0.3061548256466148,
aimnet2,2,worst_decile,0.01,224,8,232,0.232,100,rigid_force,total_budget,0.94,0.3138953496139186,
aimnet2,2,worst_decile,0.01,224,8,232,0.232,100,force_magnitude,total_budget,0.31,0.20922232610978575,
aimnet2,2,worst_decile,0.01,224,8,232,0.232,100,geometry_novelty,total_budget,0.66,0.29600161637824074,
aimnet2,2,worst_decile,0.01,224,8,232,0.232,100,random,total_budget,0.232,0.232,
aimnet2,2,worst_decile,0.01,224,8,232,0.232,100,reference_oracle,total_budget,1.0,0.3882088158664345,
aimnet2,2,above_5mev,0.01,224,8,232,0.232,263,net_force,shared_seed,0.23193916349809887,0.22813968940308474,0.0380952380952381
aimnet2,2,above_5mev,0.01,224,8,232,0.232,263,rigid_force,shared_seed,0.23193916349809887,0.2339047843066881,0.0380952380952381
aimnet2,2,above_5mev,0.01,224,8,232,0.232,263,force_magnitude,shared_seed,0.21292775665399238,0.21862131597541581,0.014285714285714285
aimnet2,2,above_5mev,0.01,224,8,232,0.232,263,geometry_novelty,shared_seed,0.22813688212927757,0.22441697260399274,0.03333333333333333
aimnet2,2,above_5mev,0.01,224,8,232,0.232,263,trees_log,shared_seed,0.23193916349809887,0.22580606344694285,0.0380952380952381
aimnet2,2,above_5mev,0.01,224,8,232,0.232,263,trees_raw,shared_seed,0.23193916349809887,0.22368081257642514,0.0380952380952381
aimnet2,2,above_5mev,0.01,224,8,232,0.232,263,trees_physics,shared_seed,0.23193916349809887,0.22489646454953174,0.0380952380952381
aimnet2,2,above_5mev,0.01,224,8,232,0.232,263,ridge,shared_seed,0.23193916349809887,0.23986605226817323,0.0380952380952381
aimnet2,2,above_5mev,0.01,224,8,232,0.232,263,mp_ridge,shared_seed,0.23193916349809887,0.24120221868029837,0.0380952380952381
aimnet2,2,above_5mev,0.01,224,8,232,0.232,263,reference_oracle,shared_seed,0.23193916349809887,0.24101160686395356,0.0380952380952381
aimnet2,2,above_5mev,0.01,224,8,232,0.232,263,random,shared_seed,0.20975265571714163,0.2212825763693202,0.010309278350515464
aimnet2,2,above_5mev,0.01,224,8,232,0.232,263,net_force,total_budget,0.5551330798479087,0.3061548256466148,
aimnet2,2,above_5mev,0.01,224,8,232,0.232,263,rigid_force,total_budget,0.6273764258555133,0.3138953496139186,
aimnet2,2,above_5mev,0.01,224,8,232,0.232,263,force_magnitude,total_budget,0.2661596958174905,0.20922232610978575,
aimnet2,2,above_5mev,0.01,224,8,232,0.232,263,geometry_novelty,total_budget,0.42585551330798477,0.29600161637824074,
aimnet2,2,above_5mev,0.01,224,8,232,0.232,263,random,total_budget,0.232,0.232,
aimnet2,2,above_5mev,0.01,224,8,232,0.232,263,reference_oracle,total_budget,0.8821292775665399,0.3882088158664345,
aimnet2,2,above_10mev,0.01,224,8,232,0.232,14,net_force,shared_seed,0.5,0.22813968940308474,0.4166666666666667
aimnet2,2,above_10mev,0.01,224,8,232,0.232,14,rigid_force,shared_seed,0.5714285714285714,0.2339047843066881,0.5
aimnet2,2,above_10mev,0.01,224,8,232,0.232,14,force_magnitude,shared_seed,0.14285714285714285,0.21862131597541581,0.0
aimnet2,2,above_10mev,0.01,224,8,232,0.232,14,geometry_novelty,shared_seed,0.35714285714285715,0.22441697260399274,0.25
aimnet2,2,above_10mev,0.01,224,8,232,0.232,14,trees_log,shared_seed,0.42857142857142855,0.22580606344694285,0.3333333333333333
aimnet2,2,above_10mev,0.01,224,8,232,0.232,14,trees_raw,shared_seed,0.35714285714285715,0.22368081257642514,0.25
aimnet2,2,above_10mev,0.01,224,8,232,0.232,14,trees_physics,shared_seed,0.35714285714285715,0.22489646454953174,0.25
aimnet2,2,above_10mev,0.01,224,8,232,0.232,14,ridge,shared_seed,0.5,0.23986605226817323,0.4166666666666667
aimnet2,2,above_10mev,0.01,224,8,232,0.232,14,mp_ridge,shared_seed,0.5,0.24120221868029837,0.4166666666666667
aimnet2,2,above_10mev,0.01,224,8,232,0.232,14,reference_oracle,shared_seed,0.7142857142857143,0.24101160686395356,0.6666666666666666
aimnet2,2,above_10mev,0.01,224,8,232,0.232,14,random,shared_seed,0.15169366715758467,0.2212825763693202,0.010309278350515464
aimnet2,2,above_10mev,0.01,224,8,232,0.232,14,net_force,total_budget,1.0,0.3061548256466148,
aimnet2,2,above_10mev,0.01,224,8,232,0.232,14,rigid_force,total_budget,1.0,0.3138953496139186,
aimnet2,2,above_10mev,0.01,224,8,232,0.232,14,force_magnitude,total_budget,0.42857142857142855,0.20922232610978575,
aimnet2,2,above_10mev,0.01,224,8,232,0.232,14,geometry_novelty,total_budget,1.0,0.29600161637824074,
aimnet2,2,above_10mev,0.01,224,8,232,0.232,14,random,total_budget,0.232,0.232,
aimnet2,2,above_10mev,0.01,224,8,232,0.232,14,reference_oracle,total_budget,1.0,0.3882088158664345,
aimnet2,2,above_25mev,0.01,224,8,232,0.232,0,net_force,shared_seed,,0.22813968940308474,
aimnet2,2,above_25mev,0.01,224,8,232,0.232,0,rigid_force,shared_seed,,0.2339047843066881,
aimnet2,2,above_25mev,0.01,224,8,232,0.232,0,force_magnitude,shared_seed,,0.21862131597541581,
aimnet2,2,above_25mev,0.01,224,8,232,0.232,0,geometry_novelty,shared_seed,,0.22441697260399274,
aimnet2,2,above_25mev,0.01,224,8,232,0.232,0,trees_log,shared_seed,,0.22580606344694285,
aimnet2,2,above_25mev,0.01,224,8,232,0.232,0,trees_raw,shared_seed,,0.22368081257642514,
aimnet2,2,above_25mev,0.01,224,8,232,0.232,0,trees_physics,shared_seed,,0.22489646454953174,
aimnet2,2,above_25mev,0.01,224,8,232,0.232,0,ridge,shared_seed,,0.23986605226817323,
aimnet2,2,above_25mev,0.01,224,8,232,0.232,0,mp_ridge,shared_seed,,0.24120221868029837,
aimnet2,2,above_25mev,0.01,224,8,232,0.232,0,reference_oracle,shared_seed,,0.24101160686395356,
aimnet2,2,above_25mev,0.01,224,8,232,0.232,0,random,shared_seed,,0.2212825763693202,
aimnet2,2,above_25mev,0.01,224,8,232,0.232,0,net_force,total_budget,,0.3061548256466148,
aimnet2,2,above_25mev,0.01,224,8,232,0.232,0,rigid_force,total_budget,,0.3138953496139186,
aimnet2,2,above_25mev,0.01,224,8,232,0.232,0,force_magnitude,total_budget,,0.20922232610978575,
aimnet2,2,above_25mev,0.01,224,8,232,0.232,0,geometry_novelty,total_budget,,0.29600161637824074,
aimnet2,2,above_25mev,0.01,224,8,232,0.232,0,random,total_budget,,0.232,
aimnet2,2,above_25mev,0.01,224,8,232,0.232,0,reference_oracle,total_budget,,0.3882088158664345,
aimnet2,2,worst_decile,0.02,224,16,240,0.24,100,net_force,shared_seed,0.34,0.2515987293230802,0.1951219512195122
aimnet2,2,worst_decile,0.02,224,16,240,0.24,100,rigid_force,shared_seed,0.34,0.2498504589071685,0.1951219512195122
aimnet2,2,worst_decile,0.02,224,16,240,0.24,100,force_magnitude,shared_seed,0.2,0.22303715619122516,0.024390243902439025
aimnet2,2,worst_decile,0.02,224,16,240,0.24,100,geometry_novelty,shared_seed,0.28,0.239404909081759,0.12195121951219512
aimnet2,2,worst_decile,0.02,224,16,240,0.24,100,trees_log,shared_seed,0.34,0.2542000022171005,0.1951219512195122
aimnet2,2,worst_decile,0.02,224,16,240,0.24,100,trees_raw,shared_seed,0.34,0.2524440265371456,0.1951219512195122
aimnet2,2,worst_decile,0.02,224,16,240,0.24,100,trees_physics,shared_seed,0.34,0.2498504589071685,0.1951219512195122
aimnet2,2,worst_decile,0.02,224,16,240,0.24,100,ridge,shared_seed,0.32,0.25225118625038967,0.17073170731707318
aimnet2,2,worst_decile,0.02,224,16,240,0.24,100,mp_ridge,shared_seed,0.32,0.25924192314907224,0.17073170731707318
aimnet2,2,worst_decile,0.02,224,16,240,0.24,100,reference_oracle,shared_seed,0.34,0.2624992794795371,0.1951219512195122
aimnet2,2,worst_decile,0.02,224,16,240,0.24,100,random,shared_seed,0.19690721649484538,0.22939421619880646,0.020618556701030927
aimnet2,2,worst_decile,0.02,224,16,240,0.24,100,net_force,total_budget,0.86,0.31171948867268445,
aimnet2,2,worst_decile,0.02,224,16,240,0.24,100,rigid_force,total_budget,0.95,0.32051153795501053,
aimnet2,2,worst_decile,0.02,224,16,240,0.24,100,force_magnitude,total_budget,0.31,0.21763970658754742,
aimnet2,2,worst_decile,0.02,224,16,240,0.24,100,geometry_novelty,total_budget,0.67,0.305768251057313,
aimnet2,2,worst_decile,0.02,224,16,240,0.24,100,random,total_budget,0.24,0.24,
aimnet2,2,worst_decile,0.02,224,16,240,0.24,100,reference_oracle,total_budget,1.0,0.3969229191969109,
aimnet2,2,above_5mev,0.02,224,16,240,0.24,263,net_force,shared_seed,0.2623574144486692,0.2515987293230802,0.0761904761904762
aimnet2,2,above_5mev,0.02,224,16,240,0.24,263,rigid_force,shared_seed,0.2623574144486692,0.2498504589071685,0.0761904761904762
aimnet2,2,above_5mev,0.02,224,16,240,0.24,263,force_magnitude,shared_seed,0.21673003802281368,0.22303715619122516,0.01904761904761905
aimnet2,2,above_5mev,0.02,224,16,240,0.24,263,geometry_novelty,shared_seed,0.2509505703422053,0.239404909081759,0.06190476190476191
aimnet2,2,above_5mev,0.02,224,16,240,0.24,263,trees_log,shared_seed,0.2623574144486692,0.2542000022171005,0.0761904761904762
aimnet2,2,above_5mev,0.02,224,16,240,0.24,263,trees_raw,shared_seed,0.2623574144486692,0.2524440265371456,0.0761904761904762
aimnet2,2,above_5mev,0.02,224,16,240,0.24,263,trees_physics,shared_seed,0.2623574144486692,0.2498504589071685,0.0761904761904762
aimnet2,2,above_5mev,0.02,224,16,240,0.24,263,ridge,shared_seed,0.2623574144486692,0.25225118625038967,0.0761904761904762
aimnet2,2,above_5mev,0.02,224,16,240,0.24,263,mp_ridge,shared_seed,0.2623574144486692,0.25924192314907224,0.0761904761904762
aimnet2,2,above_5mev,0.02,224,16,240,0.24,263,reference_oracle,shared_seed,0.2623574144486692,0.2624992794795371,0.0761904761904762
aimnet2,2,above_5mev,0.02,224,16,240,0.24,263,random,shared_seed,0.21798439888675472,0.22939421619880646,0.020618556701030927
aimnet2,2,above_5mev,0.02,224,16,240,0.24,263,net_force,total_budget,0.55893536121673,0.31171948867268445,
aimnet2,2,above_5mev,0.02,224,16,240,0.24,263,rigid_force,total_budget,0.6349809885931559,0.32051153795501053,
aimnet2,2,above_5mev,0.02,224,16,240,0.24,263,force_magnitude,total_budget,0.2813688212927757,0.21763970658754742,
aimnet2,2,above_5mev,0.02,224,16,240,0.24,263,geometry_novelty,total_budget,0.4372623574144487,0.305768251057313,
aimnet2,2,above_5mev,0.02,224,16,240,0.24,263,random,total_budget,0.24,0.24,
aimnet2,2,above_5mev,0.02,224,16,240,0.24,263,reference_oracle,total_budget,0.9125475285171103,0.3969229191969109,
aimnet2,2,above_10mev,0.02,224,16,240,0.24,14,net_force,shared_seed,0.7142857142857143,0.2515987293230802,0.6666666666666666
aimnet2,2,above_10mev,0.02,224,16,240,0.24,14,rigid_force,shared_seed,0.6428571428571429,0.2498504589071685,0.5833333333333334
aimnet2,2,above_10mev,0.02,224,16,240,0.24,14,force_magnitude,shared_seed,0.14285714285714285,0.22303715619122516,0.0
aimnet2,2,above_10mev,0.02,224,16,240,0.24,14,geometry_novelty,shared_seed,0.5,0.239404909081759,0.4166666666666667
aimnet2,2,above_10mev,0.02,224,16,240,0.24,14,trees_log,shared_seed,0.7857142857142857,0.2542000022171005,0.75
aimnet2,2,above_10mev,0.02,224,16,240,0.24,14,trees_raw,shared_seed,0.7142857142857143,0.2524440265371456,0.6666666666666666
aimnet2,2,above_10mev,0.02,224,16,240,0.24,14,trees_physics,shared_seed,0.6428571428571429,0.2498504589071685,0.5833333333333334
aimnet2,2,above_10mev,0.02,224,16,240,0.24,14,ridge,shared_seed,0.7142857142857143,0.25225118625038967,0.6666666666666666
aimnet2,2,above_10mev,0.02,224,16,240,0.24,14,mp_ridge,shared_seed,0.6428571428571429,0.25924192314907224,0.5833333333333334
aimnet2,2,above_10mev,0.02,224,16,240,0.24,14,reference_oracle,shared_seed,1.0,0.2624992794795371,1.0
aimnet2,2,above_10mev,0.02,224,16,240,0.24,14,random,shared_seed,0.16053019145802652,0.22939421619880646,0.020618556701030927
aimnet2,2,above_10mev,0.02,224,16,240,0.24,14,net_force,total_budget,1.0,0.31171948867268445,
aimnet2,2,above_10mev,0.02,224,16,240,0.24,14,rigid_force,total_budget,1.0,0.32051153795501053,
aimnet2,2,above_10mev,0.02,224,16,240,0.24,14,force_magnitude,total_budget,0.42857142857142855,0.21763970658754742,
aimnet2,2,above_10mev,0.02,224,16,240,0.24,14,geometry_novelty,total_budget,1.0,0.305768251057313,
aimnet2,2,above_10mev,0.02,224,16,240,0.24,14,random,total_budget,0.24,0.24,
aimnet2,2,above_10mev,0.02,224,16,240,0.24,14,reference_oracle,total_budget,1.0,0.3969229191969109,
aimnet2,2,above_25mev,0.02,224,16,240,0.24,0,net_force,shared_seed,,0.2515987293230802,
aimnet2,2,above_25mev,0.02,224,16,240,0.24,0,rigid_force,shared_seed,,0.2498504589071685,
aimnet2,2,above_25mev,0.02,224,16,240,0.24,0,force_magnitude,shared_seed,,0.22303715619122516,
aimnet2,2,above_25mev,0.02,224,16,240,0.24,0,geometry_novelty,shared_seed,,0.239404909081759,
aimnet2,2,above_25mev,0.02,224,16,240,0.24,0,trees_log,shared_seed,,0.2542000022171005,
aimnet2,2,above_25mev,0.02,224,16,240,0.24,0,trees_raw,shared_seed,,0.2524440265371456,
aimnet2,2,above_25mev,0.02,224,16,240,0.24,0,trees_physics,shared_seed,,0.2498504589071685,
aimnet2,2,above_25mev,0.02,224,16,240,0.24,0,ridge,shared_seed,,0.25225118625038967,
aimnet2,2,above_25mev,0.02,224,16,240,0.24,0,mp_ridge,shared_seed,,0.25924192314907224,
aimnet2,2,above_25mev,0.02,224,16,240,0.24,0,reference_oracle,shared_seed,,0.2624992794795371,
aimnet2,2,above_25mev,0.02,224,16,240,0.24,0,random,shared_seed,,0.22939421619880646,
aimnet2,2,above_25mev,0.02,224,16,240,0.24,0,net_force,total_budget,,0.31171948867268445,
aimnet2,2,above_25mev,0.02,224,16,240,0.24,0,rigid_force,total_budget,,0.32051153795501053,
aimnet2,2,above_25mev,0.02,224,16,240,0.24,0,force_magnitude,total_budget,,0.21763970658754742,
aimnet2,2,above_25mev,0.02,224,16,240,0.24,0,geometry_novelty,total_budget,,0.305768251057313,
aimnet2,2,above_25mev,0.02,224,16,240,0.24,0,random,total_budget,,0.24,
aimnet2,2,above_25mev,0.02,224,16,240,0.24,0,reference_oracle,total_budget,,0.3969229191969109,
aimnet2,2,worst_decile,0.05,224,39,263,0.263,100,net_force,shared_seed,0.5,0.28435849525006296,0.3902439024390244
aimnet2,2,worst_decile,0.05,224,39,263,0.263,100,rigid_force,shared_seed,0.51,0.28836557132535373,0.4024390243902439
aimnet2,2,worst_decile,0.05,224,39,263,0.263,100,force_magnitude,shared_seed,0.24,0.23755486659527925,0.07317073170731707
aimnet2,2,worst_decile,0.05,224,39,263,0.263,100,geometry_novelty,shared_seed,0.43,0.2717941540380528,0.3048780487804878
aimnet2,2,worst_decile,0.05,224,39,263,0.263,100,trees_log,shared_seed,0.51,0.2958043750301496,0.4024390243902439
aimnet2,2,worst_decile,0.05,224,39,263,0.263,100,trees_raw,shared_seed,0.51,0.2958212837975059,0.4024390243902439
aimnet2,2,worst_decile,0.05,224,39,263,0.263,100,trees_physics,shared_seed,0.5,0.28860153819690243,0.3902439024390244
aimnet2,2,worst_decile,0.05,224,39,263,0.263,100,ridge,shared_seed,0.52,0.30150505125255694,0.4146341463414634
aimnet2,2,worst_decile,0.05,224,39,263,0.263,100,mp_ridge,shared_seed,0.51,0.2991231833276529,0.4024390243902439
aimnet2,2,worst_decile,0.05,224,39,263,0.263,100,reference_oracle,shared_seed,0.57,0.3212629958128642,0.47560975609756095
aimnet2,2,worst_decile,0.05,224,39,263,0.263,100,random,shared_seed,0.22121134020618555,0.2527151807085794,0.05025773195876289
aimnet2,2,worst_decile,0.05,224,39,263,0.263,100,net_force,total_budget,0.88,0.3332995871358079,
aimnet2,2,worst_decile,0.05,224,39,263,0.263,100,rigid_force,total_budget,0.95,0.33905445459662736,
aimnet2,2,worst_decile,0.05,224,39,263,0.263,100,force_magnitude,total_budget,0.32,0.2374522609718245,
aimnet2,2,worst_decile,0.05,224,39,263,0.263,100,geometry_novelty,total_budget,0.67,0.3289796234534868,
aimnet2,2,worst_decile,0.05,224,39,263,0.263,100,random,total_budget,0.263,0.263,
aimnet2,2,worst_decile,0.05,224,39,263,0.263,100,reference_oracle,total_budget,1.0,0.42511916045799286,
aimnet2,2,above_5mev,0.05,224,39,263,0.263,263,net_force,shared_seed,0.33840304182509506,0.28435849525006296,0.17142857142857143
aimnet2,2,above_5mev,0.05,224,39,263,0.263,263,rigid_force,shared_seed,0.34980988593155893,0.28836557132535373,0.18571428571428572
aimnet2,2,above_5mev,0.05,224,39,263,0.263,263,force_magnitude,shared_seed,0.23954372623574144,0.23755486659527925,0.047619047619047616
aimnet2,2,above_5mev,0.05,224,39,263,0.263,263,geometry_novelty,shared_seed,0.30798479087452474,0.2717941540380528,0.13333333333333333
aimnet2,2,above_5mev,0.05,224,39,263,0.263,263,trees_log,shared_seed,0.34980988593155893,0.2958043750301496,0.18571428571428572
aimnet2,2,above_5mev,0.05,224,39,263,0.263,263,trees_raw,shared_seed,0.34980988593155893,0.2958212837975059,0.18571428571428572
aimnet2,2,above_5mev,0.05,224,39,263,0.263,263,trees_physics,shared_seed,0.34980988593155893,0.28860153819690243,0.18571428571428572
aimnet2,2,above_5mev,0.05,224,39,263,0.263,263,ridge,shared_seed,0.34600760456273766,0.30150505125255694,0.18095238095238095
aimnet2,2,above_5mev,0.05,224,39,263,0.263,263,mp_ridge,shared_seed,0.34600760456273766,0.2991231833276529,0.18095238095238095
aimnet2,2,above_5mev,0.05,224,39,263,0.263,263,reference_oracle,shared_seed,0.34980988593155893,0.3212629958128642,0.18571428571428572
aimnet2,2,above_5mev,0.05,224,39,263,0.263,263,random,shared_seed,0.24165066049939243,0.2527151807085794,0.05025773195876289
aimnet2,2,above_5mev,0.05,224,39,263,0.263,263,net_force,total_budget,0.5893536121673004,0.3332995871358079,
aimnet2,2,above_5mev,0.05,224,39,263,0.263,263,rigid_force,total_budget,0.6501901140684411,0.33905445459662736,
aimnet2,2,above_5mev,0.05,224,39,263,0.263,263,force_magnitude,total_budget,0.3041825095057034,0.2374522609718245,
aimnet2,2,above_5mev,0.05,224,39,263,0.263,263,geometry_novelty,total_budget,0.44866920152091255,0.3289796234534868,
aimnet2,2,above_5mev,0.05,224,39,263,0.263,263,random,total_budget,0.263,0.263,
aimnet2,2,above_5mev,0.05,224,39,263,0.263,263,reference_oracle,total_budget,1.0,0.42511916045799286,
aimnet2,2,above_10mev,0.05,224,39,263,0.263,14,net_force,shared_seed,0.7857142857142857,0.28435849525006296,0.75
aimnet2,2,above_10mev,0.05,224,39,263,0.263,14,rigid_force,shared_seed,0.8571428571428571,0.28836557132535373,0.8333333333333334
aimnet2,2,above_10mev,0.05,224,39,263,0.263,14,force_magnitude,shared_seed,0.21428571428571427,0.23755486659527925,0.08333333333333333
aimnet2,2,above_10mev,0.05,224,39,263,0.263,14,geometry_novelty,shared_seed,0.7857142857142857,0.2717941540380528,0.75
aimnet2,2,above_10mev,0.05,224,39,263,0.263,14,trees_log,shared_seed,0.9285714285714286,0.2958043750301496,0.9166666666666666
aimnet2,2,above_10mev,0.05,224,39,263,0.263,14,trees_raw,shared_seed,0.9285714285714286,0.2958212837975059,0.9166666666666666
aimnet2,2,above_10mev,0.05,224,39,263,0.263,14,trees_physics,shared_seed,0.8571428571428571,0.28860153819690243,0.8333333333333334
aimnet2,2,above_10mev,0.05,224,39,263,0.263,14,ridge,shared_seed,0.9285714285714286,0.30150505125255694,0.9166666666666666
aimnet2,2,above_10mev,0.05,224,39,263,0.263,14,mp_ridge,shared_seed,0.7857142857142857,0.2991231833276529,0.75
aimnet2,2,above_10mev,0.05,224,39,263,0.263,14,reference_oracle,shared_seed,1.0,0.3212629958128642,1.0
aimnet2,2,above_10mev,0.05,224,39,263,0.263,14,random,shared_seed,0.18593519882179677,0.2527151807085794,0.05025773195876289
aimnet2,2,above_10mev,0.05,224,39,263,0.263,14,net_force,total_budget,1.0,0.3332995871358079,
aimnet2,2,above_10mev,0.05,224,39,263,0.263,14,rigid_force,total_budget,1.0,0.33905445459662736,
aimnet2,2,above_10mev,0.05,224,39,263,0.263,14,force_magnitude,total_budget,0.5,0.2374522609718245,
aimnet2,2,above_10mev,0.05,224,39,263,0.263,14,geometry_novelty,total_budget,1.0,0.3289796234534868,
aimnet2,2,above_10mev,0.05,224,39,263,0.263,14,random,total_budget,0.263,0.263,
aimnet2,2,above_10mev,0.05,224,39,263,0.263,14,reference_oracle,total_budget,1.0,0.42511916045799286,
aimnet2,2,above_25mev,0.05,224,39,263,0.263,0,net_force,shared_seed,,0.28435849525006296,
aimnet2,2,above_25mev,0.05,224,39,263,0.263,0,rigid_force,shared_seed,,0.28836557132535373,
aimnet2,2,above_25mev,0.05,224,39,263,0.263,0,force_magnitude,shared_seed,,0.23755486659527925,
aimnet2,2,above_25mev,0.05,224,39,263,0.263,0,geometry_novelty,shared_seed,,0.2717941540380528,
aimnet2,2,above_25mev,0.05,224,39,263,0.263,0,trees_log,shared_seed,,0.2958043750301496,
aimnet2,2,above_25mev,0.05,224,39,263,0.263,0,trees_raw,shared_seed,,0.2958212837975059,
aimnet2,2,above_25mev,0.05,224,39,263,0.263,0,trees_physics,shared_seed,,0.28860153819690243,
aimnet2,2,above_25mev,0.05,224,39,263,0.263,0,ridge,shared_seed,,0.30150505125255694,
aimnet2,2,above_25mev,0.05,224,39,263,0.263,0,mp_ridge,shared_seed,,0.2991231833276529,
aimnet2,2,above_25mev,0.05,224,39,263,0.263,0,reference_oracle,shared_seed,,0.3212629958128642,
aimnet2,2,above_25mev,0.05,224,39,263,0.263,0,random,shared_seed,,0.2527151807085794,
aimnet2,2,above_25mev,0.05,224,39,263,0.263,0,net_force,total_budget,,0.3332995871358079,
aimnet2,2,above_25mev,0.05,224,39,263,0.263,0,rigid_force,total_budget,,0.33905445459662736,
aimnet2,2,above_25mev,0.05,224,39,263,0.263,0,force_magnitude,total_budget,,0.2374522609718245,
aimnet2,2,above_25mev,0.05,224,39,263,0.263,0,geometry_novelty,total_budget,,0.3289796234534868,
aimnet2,2,above_25mev,0.05,224,39,263,0.263,0,random,total_budget,,0.263,
aimnet2,2,above_25mev,0.05,224,39,263,0.263,0,reference_oracle,total_budget,,0.42511916045799286,
aimnet2,2,worst_decile,0.1,224,78,302,0.302,100,net_force,shared_seed,0.68,0.33972013355801184,0.6097560975609756
aimnet2,2,worst_decile,0.1,224,78,302,0.302,100,rigid_force,shared_seed,0.74,0.34754075320616923,0.6829268292682927
aimnet2,2,worst_decile,0.1,224,78,302,0.302,100,force_magnitude,shared_seed,0.3,0.26982228570846833,0.14634146341463414
aimnet2,2,worst_decile,0.1,224,78,302,0.302,100,geometry_novelty,shared_seed,0.51,0.3154567568924981,0.4024390243902439
aimnet2,2,worst_decile,0.1,224,78,302,0.302,100,trees_log,shared_seed,0.75,0.35789707096452555,0.6951219512195121
aimnet2,2,worst_decile,0.1,224,78,302,0.302,100,trees_raw,shared_seed,0.75,0.35442680877562177,0.6951219512195121
aimnet2,2,worst_decile,0.1,224,78,302,0.302,100,trees_physics,shared_seed,0.75,0.348126739897824,0.6951219512195121
aimnet2,2,worst_decile,0.1,224,78,302,0.302,100,ridge,shared_seed,0.73,0.3611531962529369,0.6707317073170732
aimnet2,2,worst_decile,0.1,224,78,302,0.302,100,mp_ridge,shared_seed,0.74,0.3648686673158043,0.6829268292682927
aimnet2,2,worst_decile,0.1,224,78,302,0.302,100,reference_oracle,shared_seed,0.96,0.3866135876708872,0.9512195121951219
aimnet2,2,worst_decile,0.1,224,78,302,0.302,100,random,shared_seed,0.26242268041237116,0.29225942487732487,0.10051546391752578
aimnet2,2,worst_decile,0.1,224,78,302,0.302,100,net_force,total_budget,0.88,0.3661025022186173,
aimnet2,2,worst_decile,0.1,224,78,302,0.302,100,rigid_force,total_budget,0.95,0.37309979158542605,
aimnet2,2,worst_decile,0.1,224,78,302,0.302,100,force_magnitude,total_budget,0.35,0.2750668324105624,
aimnet2,2,worst_decile,0.1,224,78,302,0.302,100,geometry_novelty,total_budget,0.72,0.3651462481944483,
aimnet2,2,worst_decile,0.1,224,78,302,0.302,100,random,total_budget,0.302,0.302,
aimnet2,2,worst_decile,0.1,224,78,302,0.302,100,reference_oracle,total_budget,1.0,0.46962429270573175,
aimnet2,2,above_5mev,0.1,224,78,302,0.302,263,net_force,shared_seed,0.467680608365019,0.33972013355801184,0.3333333333333333
aimnet2,2,above_5mev,0.1,224,78,302,0.302,263,rigid_force,shared_seed,0.4828897338403042,0.34754075320616923,0.3523809523809524
aimnet2,2,above_5mev,0.1,224,78,302,0.302,263,force_magnitude,shared_seed,0.2813688212927757,0.26982228570846833,0.1
aimnet2,2,above_5mev,0.1,224,78,302,0.302,263,geometry_novelty,shared_seed,0.3688212927756654,0.3154567568924981,0.20952380952380953
aimnet2,2,above_5mev,0.1,224,78,302,0.302,263,trees_log,shared_seed,0.4828897338403042,0.35789707096452555,0.3523809523809524
aimnet2,2,above_5mev,0.1,224,78,302,0.302,263,trees_raw,shared_seed,0.4790874524714829,0.35442680877562177,0.3476190476190476
aimnet2,2,above_5mev,0.1,224,78,302,0.302,263,trees_physics,shared_seed,0.4790874524714829,0.348126739897824,0.3476190476190476
aimnet2,2,above_5mev,0.1,224,78,302,0.302,263,ridge,shared_seed,0.4752851711026616,0.3611531962529369,0.34285714285714286
aimnet2,2,above_5mev,0.1,224,78,302,0.302,263,mp_ridge,shared_seed,0.4828897338403042,0.3648686673158043,0.3523809523809524
aimnet2,2,above_5mev,0.1,224,78,302,0.302,263,reference_oracle,shared_seed,0.49809885931558934,0.3866135876708872,0.37142857142857144
aimnet2,2,above_5mev,0.1,224,78,302,0.302,263,random,shared_seed,0.28178040845125635,0.29225942487732487,0.10051546391752578
aimnet2,2,above_5mev,0.1,224,78,302,0.302,263,net_force,total_budget,0.6273764258555133,0.3661025022186173,
aimnet2,2,above_5mev,0.1,224,78,302,0.302,263,rigid_force,total_budget,0.6958174904942965,0.37309979158542605,
aimnet2,2,above_5mev,0.1,224,78,302,0.302,263,force_magnitude,total_budget,0.34980988593155893,0.2750668324105624,
aimnet2,2,above_5mev,0.1,224,78,302,0.302,263,geometry_novelty,total_budget,0.49049429657794674,0.3651462481944483,
aimnet2,2,above_5mev,0.1,224,78,302,0.302,263,random,total_budget,0.302,0.302,
aimnet2,2,above_5mev,0.1,224,78,302,0.302,263,reference_oracle,total_budget,1.0,0.46962429270573175,
aimnet2,2,above_10mev,0.1,224,78,302,0.302,14,net_force,shared_seed,0.9285714285714286,0.33972013355801184,0.9166666666666666
aimnet2,2,above_10mev,0.1,224,78,302,0.302,14,rigid_force,shared_seed,1.0,0.34754075320616923,1.0
aimnet2,2,above_10mev,0.1,224,78,302,0.302,14,force_magnitude,shared_seed,0.21428571428571427,0.26982228570846833,0.08333333333333333
aimnet2,2,above_10mev,0.1,224,78,302,0.302,14,geometry_novelty,shared_seed,0.8571428571428571,0.3154567568924981,0.8333333333333334
aimnet2,2,above_10mev,0.1,224,78,302,0.302,14,trees_log,shared_seed,1.0,0.35789707096452555,1.0
aimnet2,2,above_10mev,0.1,224,78,302,0.302,14,trees_raw,shared_seed,1.0,0.35442680877562177,1.0
aimnet2,2,above_10mev,0.1,224,78,302,0.302,14,trees_physics,shared_seed,1.0,0.348126739897824,1.0
aimnet2,2,above_10mev,0.1,224,78,302,0.302,14,ridge,shared_seed,1.0,0.3611531962529369,1.0
aimnet2,2,above_10mev,0.1,224,78,302,0.302,14,mp_ridge,shared_seed,1.0,0.3648686673158043,1.0
aimnet2,2,above_10mev,0.1,224,78,302,0.302,14,reference_oracle,shared_seed,1.0,0.3866135876708872,1.0
aimnet2,2,above_10mev,0.1,224,78,302,0.302,14,random,shared_seed,0.22901325478645068,0.29225942487732487,0.10051546391752578
aimnet2,2,above_10mev,0.1,224,78,302,0.302,14,net_force,total_budget,1.0,0.3661025022186173,
aimnet2,2,above_10mev,0.1,224,78,302,0.302,14,rigid_force,total_budget,1.0,0.37309979158542605,
aimnet2,2,above_10mev,0.1,224,78,302,0.302,14,force_magnitude,total_budget,0.5,0.2750668324105624,
aimnet2,2,above_10mev,0.1,224,78,302,0.302,14,geometry_novelty,total_budget,1.0,0.3651462481944483,
aimnet2,2,above_10mev,0.1,224,78,302,0.302,14,random,total_budget,0.302,0.302,
aimnet2,2,above_10mev,0.1,224,78,302,0.302,14,reference_oracle,total_budget,1.0,0.46962429270573175,
aimnet2,2,above_25mev,0.1,224,78,302,0.302,0,net_force,shared_seed,,0.33972013355801184,
aimnet2,2,above_25mev,0.1,224,78,302,0.302,0,rigid_force,shared_seed,,0.34754075320616923,
aimnet2,2,above_25mev,0.1,224,78,302,0.302,0,force_magnitude,shared_seed,,0.26982228570846833,
aimnet2,2,above_25mev,0.1,224,78,302,0.302,0,geometry_novelty,shared_seed,,0.3154567568924981,
aimnet2,2,above_25mev,0.1,224,78,302,0.302,0,trees_log,shared_seed,,0.35789707096452555,
aimnet2,2,above_25mev,0.1,224,78,302,0.302,0,trees_raw,shared_seed,,0.35442680877562177,
aimnet2,2,above_25mev,0.1,224,78,302,0.302,0,trees_physics,shared_seed,,0.348126739897824,
aimnet2,2,above_25mev,0.1,224,78,302,0.302,0,ridge,shared_seed,,0.3611531962529369,
aimnet2,2,above_25mev,0.1,224,78,302,0.302,0,mp_ridge,shared_seed,,0.3648686673158043,
aimnet2,2,above_25mev,0.1,224,78,302,0.302,0,reference_oracle,shared_seed,,0.3866135876708872,
aimnet2,2,above_25mev,0.1,224,78,302,0.302,0,random,shared_seed,,0.29225942487732487,
aimnet2,2,above_25mev,0.1,224,78,302,0.302,0,net_force,total_budget,,0.3661025022186173,
aimnet2,2,above_25mev,0.1,224,78,302,0.302,0,rigid_force,total_budget,,0.37309979158542605,
aimnet2,2,above_25mev,0.1,224,78,302,0.302,0,force_magnitude,total_budget,,0.2750668324105624,
aimnet2,2,above_25mev,0.1,224,78,302,0.302,0,geometry_novelty,total_budget,,0.3651462481944483,
aimnet2,2,above_25mev,0.1,224,78,302,0.302,0,random,total_budget,,0.302,
aimnet2,2,above_25mev,0.1,224,78,302,0.302,0,reference_oracle,total_budget,,0.46962429270573175,
aimnet2,2,worst_decile,0.2,224,156,380,0.38,100,net_force,shared_seed,0.89,0.4301512271980892,0.8658536585365854
aimnet2,2,worst_decile,0.2,224,156,380,0.38,100,rigid_force,shared_seed,0.91,0.4341187912032548,0.8902439024390244
aimnet2,2,worst_decile,0.2,224,156,380,0.38,100,force_magnitude,shared_seed,0.43,0.35709342903210395,0.3048780487804878
aimnet2,2,worst_decile,0.2,224,156,380,0.38,100,geometry_novelty,shared_seed,0.68,0.4186097626881666,0.6097560975609756
aimnet2,2,worst_decile,0.2,224,156,380,0.38,100,trees_log,shared_seed,0.92,0.4467583989889124,0.9024390243902439
aimnet2,2,worst_decile,0.2,224,156,380,0.38,100,trees_raw,shared_seed,0.92,0.4475293267476121,0.9024390243902439
aimnet2,2,worst_decile,0.2,224,156,380,0.38,100,trees_physics,shared_seed,0.93,0.4377230058865627,0.9146341463414634
aimnet2,2,worst_decile,0.2,224,156,380,0.38,100,ridge,shared_seed,0.92,0.4639401192736884,0.9024390243902439
aimnet2,2,worst_decile,0.2,224,156,380,0.38,100,mp_ridge,shared_seed,0.88,0.4670719938141231,0.8536585365853658
aimnet2,2,worst_decile,0.2,224,156,380,0.38,100,reference_oracle,shared_seed,1.0,0.4952809598309476,1.0
aimnet2,2,worst_decile,0.2,224,156,380,0.38,100,random,shared_seed,0.34484536082474226,0.37134791321481575,0.20103092783505155
aimnet2,2,worst_decile,0.2,224,156,380,0.38,100,net_force,total_budget,0.89,0.44028724910669603,
aimnet2,2,worst_decile,0.2,224,156,380,0.38,100,rigid_force,total_budget,0.96,0.4415327880174081,
aimnet2,2,worst_decile,0.2,224,156,380,0.38,100,force_magnitude,total_budget,0.45,0.3577337913308286,
aimnet2,2,worst_decile,0.2,224,156,380,0.38,100,geometry_novelty,total_budget,0.8,0.44540132918830805,
aimnet2,2,worst_decile,0.2,224,156,380,0.38,100,random,total_budget,0.38,0.38,
aimnet2,2,worst_decile,0.2,224,156,380,0.38,100,reference_oracle,total_budget,1.0,0.5546463599439045,
aimnet2,2,above_5mev,0.2,224,156,380,0.38,263,net_force,shared_seed,0.6121673003802282,0.4301512271980892,0.5142857142857142
aimnet2,2,above_5mev,0.2,224,156,380,0.38,263,rigid_force,shared_seed,0.6615969581749049,0.4341187912032548,0.5761904761904761
aimnet2,2,above_5mev,0.2,224,156,380,0.38,263,force_magnitude,shared_seed,0.38783269961977185,0.35709342903210395,0.23333333333333334
aimnet2,2,above_5mev,0.2,224,156,380,0.38,263,geometry_novelty,shared_seed,0.5057034220532319,0.4186097626881666,0.38095238095238093
aimnet2,2,above_5mev,0.2,224,156,380,0.38,263,trees_log,shared_seed,0.6730038022813688,0.4467583989889124,0.5904761904761905
aimnet2,2,above_5mev,0.2,224,156,380,0.38,263,trees_raw,shared_seed,0.6768060836501901,0.4475293267476121,0.5952380952380952
aimnet2,2,above_5mev,0.2,224,156,380,0.38,263,trees_physics,shared_seed,0.6577946768060836,0.4377230058865627,0.5714285714285714
aimnet2,2,above_5mev,0.2,224,156,380,0.38,263,ridge,shared_seed,0.6577946768060836,0.4639401192736884,0.5714285714285714
aimnet2,2,above_5mev,0.2,224,156,380,0.38,263,mp_ridge,shared_seed,0.6387832699619772,0.4670719938141231,0.5476190476190477
aimnet2,2,above_5mev,0.2,224,156,380,0.38,263,reference_oracle,shared_seed,0.7946768060836502,0.4952809598309476,0.7428571428571429
aimnet2,2,above_5mev,0.2,224,156,380,0.38,263,random,shared_seed,0.3620399043549841,0.37134791321481575,0.20103092783505155
aimnet2,2,above_5mev,0.2,224,156,380,0.38,263,net_force,total_budget,0.688212927756654,0.44028724910669603,
aimnet2,2,above_5mev,0.2,224,156,380,0.38,263,rigid_force,total_budget,0.7566539923954373,0.4415327880174081,
aimnet2,2,above_5mev,0.2,224,156,380,0.38,263,force_magnitude,total_budget,0.4372623574144487,0.3577337913308286,
aimnet2,2,above_5mev,0.2,224,156,380,0.38,263,geometry_novelty,total_budget,0.5893536121673004,0.44540132918830805,
aimnet2,2,above_5mev,0.2,224,156,380,0.38,263,random,total_budget,0.38,0.38,
aimnet2,2,above_5mev,0.2,224,156,380,0.38,263,reference_oracle,total_budget,1.0,0.5546463599439045,
aimnet2,2,above_10mev,0.2,224,156,380,0.38,14,net_force,shared_seed,1.0,0.4301512271980892,1.0
aimnet2,2,above_10mev,0.2,224,156,380,0.38,14,rigid_force,shared_seed,1.0,0.4341187912032548,1.0
aimnet2,2,above_10mev,0.2,224,156,380,0.38,14,force_magnitude,shared_seed,0.42857142857142855,0.35709342903210395,0.3333333333333333
aimnet2,2,above_10mev,0.2,224,156,380,0.38,14,geometry_novelty,shared_seed,1.0,0.4186097626881666,1.0
aimnet2,2,above_10mev,0.2,224,156,380,0.38,14,trees_log,shared_seed,1.0,0.4467583989889124,1.0
aimnet2,2,above_10mev,0.2,224,156,380,0.38,14,trees_raw,shared_seed,1.0,0.4475293267476121,1.0
aimnet2,2,above_10mev,0.2,224,156,380,0.38,14,trees_physics,shared_seed,1.0,0.4377230058865627,1.0
aimnet2,2,above_10mev,0.2,224,156,380,0.38,14,ridge,shared_seed,1.0,0.4639401192736884,1.0
aimnet2,2,above_10mev,0.2,224,156,380,0.38,14,mp_ridge,shared_seed,1.0,0.4670719938141231,1.0
aimnet2,2,above_10mev,0.2,224,156,380,0.38,14,reference_oracle,shared_seed,1.0,0.4952809598309476,1.0
aimnet2,2,above_10mev,0.2,224,156,380,0.38,14,random,shared_seed,0.3151693667157585,0.37134791321481575,0.20103092783505155
aimnet2,2,above_10mev,0.2,224,156,380,0.38,14,net_force,total_budget,1.0,0.44028724910669603,
aimnet2,2,above_10mev,0.2,224,156,380,0.38,14,rigid_force,total_budget,1.0,0.4415327880174081,
aimnet2,2,above_10mev,0.2,224,156,380,0.38,14,force_magnitude,total_budget,0.5714285714285714,0.3577337913308286,
aimnet2,2,above_10mev,0.2,224,156,380,0.38,14,geometry_novelty,total_budget,1.0,0.44540132918830805,
aimnet2,2,above_10mev,0.2,224,156,380,0.38,14,random,total_budget,0.38,0.38,
aimnet2,2,above_10mev,0.2,224,156,380,0.38,14,reference_oracle,total_budget,1.0,0.5546463599439045,
aimnet2,2,above_25mev,0.2,224,156,380,0.38,0,net_force,shared_seed,,0.4301512271980892,
aimnet2,2,above_25mev,0.2,224,156,380,0.38,0,rigid_force,shared_seed,,0.4341187912032548,
aimnet2,2,above_25mev,0.2,224,156,380,0.38,0,force_magnitude,shared_seed,,0.35709342903210395,
aimnet2,2,above_25mev,0.2,224,156,380,0.38,0,geometry_novelty,shared_seed,,0.4186097626881666,
aimnet2,2,above_25mev,0.2,224,156,380,0.38,0,trees_log,shared_seed,,0.4467583989889124,
aimnet2,2,above_25mev,0.2,224,156,380,0.38,0,trees_raw,shared_seed,,0.4475293267476121,
aimnet2,2,above_25mev,0.2,224,156,380,0.38,0,trees_physics,shared_seed,,0.4377230058865627,
aimnet2,2,above_25mev,0.2,224,156,380,0.38,0,ridge,shared_seed,,0.4639401192736884,
aimnet2,2,above_25mev,0.2,224,156,380,0.38,0,mp_ridge,shared_seed,,0.4670719938141231,
aimnet2,2,above_25mev,0.2,224,156,380,0.38,0,reference_oracle,shared_seed,,0.4952809598309476,
aimnet2,2,above_25mev,0.2,224,156,380,0.38,0,random,shared_seed,,0.37134791321481575,
aimnet2,2,above_25mev,0.2,224,156,380,0.38,0,net_force,total_budget,,0.44028724910669603,
aimnet2,2,above_25mev,0.2,224,156,380,0.38,0,rigid_force,total_budget,,0.4415327880174081,
aimnet2,2,above_25mev,0.2,224,156,380,0.38,0,force_magnitude,total_budget,,0.3577337913308286,
aimnet2,2,above_25mev,0.2,224,156,380,0.38,0,geometry_novelty,total_budget,,0.44540132918830805,
aimnet2,2,above_25mev,0.2,224,156,380,0.38,0,random,total_budget,,0.38,
aimnet2,2,above_25mev,0.2,224,156,380,0.38,0,reference_oracle,total_budget,,0.5546463599439045,
aimnet2,2,worst_decile,0.3,224,233,457,0.457,100,net_force,shared_seed,0.89,0.5003492672139722,0.8658536585365854
aimnet2,2,worst_decile,0.3,224,233,457,0.457,100,rigid_force,shared_seed,0.96,0.5057197122038365,0.9512195121951219
aimnet2,2,worst_decile,0.3,224,233,457,0.457,100,force_magnitude,shared_seed,0.46,0.4301615486819702,0.34146341463414637
aimnet2,2,worst_decile,0.3,224,233,457,0.457,100,geometry_novelty,shared_seed,0.72,0.49612554084342936,0.6585365853658537
aimnet2,2,worst_decile,0.3,224,233,457,0.457,100,trees_log,shared_seed,0.98,0.5328960116540721,0.975609756097561
aimnet2,2,worst_decile,0.3,224,233,457,0.457,100,trees_raw,shared_seed,0.98,0.5314117010744301,0.975609756097561
aimnet2,2,worst_decile,0.3,224,233,457,0.457,100,trees_physics,shared_seed,0.96,0.506054699421552,0.9512195121951219
aimnet2,2,worst_decile,0.3,224,233,457,0.457,100,ridge,shared_seed,0.95,0.5457322143170746,0.9390243902439024
aimnet2,2,worst_decile,0.3,224,233,457,0.457,100,mp_ridge,shared_seed,0.94,0.5518759484215928,0.926829268292683
aimnet2,2,worst_decile,0.3,224,233,457,0.457,100,reference_oracle,shared_seed,1.0,0.5856734530060335,1.0
aimnet2,2,worst_decile,0.3,224,233,457,0.457,100,random,shared_seed,0.42621134020618556,0.4494224465736209,0.3002577319587629
aimnet2,2,worst_decile,0.3,224,233,457,0.457,100,net_force,total_budget,0.9,0.5062299645219752,
aimnet2,2,worst_decile,0.3,224,233,457,0.457,100,rigid_force,total_budget,0.97,0.521016629528008,
aimnet2,2,worst_decile,0.3,224,233,457,0.457,100,force_magnitude,total_budget,0.56,0.4415372978879077,
aimnet2,2,worst_decile,0.3,224,233,457,0.457,100,geometry_novelty,total_budget,0.84,0.5219377805355812,
aimnet2,2,worst_decile,0.3,224,233,457,0.457,100,random,total_budget,0.457,0.457,
aimnet2,2,worst_decile,0.3,224,233,457,0.457,100,reference_oracle,total_budget,1.0,0.6283724084364237,
aimnet2,2,above_5mev,0.3,224,233,457,0.457,263,net_force,shared_seed,0.6844106463878327,0.5003492672139722,0.6047619047619047
aimnet2,2,above_5mev,0.3,224,233,457,0.457,263,rigid_force,shared_seed,0.7414448669201521,0.5057197122038365,0.6761904761904762
aimnet2,2,above_5mev,0.3,224,233,457,0.457,263,force_magnitude,shared_seed,0.4752851711026616,0.4301615486819702,0.34285714285714286
aimnet2,2,above_5mev,0.3,224,233,457,0.457,263,geometry_novelty,shared_seed,0.5741444866920152,0.49612554084342936,0.4666666666666667
aimnet2,2,above_5mev,0.3,224,233,457,0.457,263,trees_log,shared_seed,0.7832699619771863,0.5328960116540721,0.7285714285714285
aimnet2,2,above_5mev,0.3,224,233,457,0.457,263,trees_raw,shared_seed,0.779467680608365,0.5314117010744301,0.7238095238095238
aimnet2,2,above_5mev,0.3,224,233,457,0.457,263,trees_physics,shared_seed,0.7376425855513308,0.506054699421552,0.6714285714285714
aimnet2,2,above_5mev,0.3,224,233,457,0.457,263,ridge,shared_seed,0.7642585551330798,0.5457322143170746,0.7047619047619048
aimnet2,2,above_5mev,0.3,224,233,457,0.457,263,mp_ridge,shared_seed,0.7490494296577946,0.5518759484215928,0.6857142857142857
aimnet2,2,above_5mev,0.3,224,233,457,0.457,263,reference_oracle,shared_seed,1.0,0.5856734530060335,1.0
aimnet2,2,above_5mev,0.3,224,233,457,0.457,263,random,shared_seed,0.44127043236251023,0.4494224465736209,0.3002577319587629
aimnet2,2,above_5mev,0.3,224,233,457,0.457,263,net_force,total_budget,0.7300380228136882,0.5062299645219752,
aimnet2,2,above_5mev,0.3,224,233,457,0.457,263,rigid_force,total_budget,0.8212927756653993,0.521016629528008,
aimnet2,2,above_5mev,0.3,224,233,457,0.457,263,force_magnitude,total_budget,0.5171102661596958,0.4415372978879077,
aimnet2,2,above_5mev,0.3,224,233,457,0.457,263,geometry_novelty,total_budget,0.6539923954372624,0.5219377805355812,
aimnet2,2,above_5mev,0.3,224,233,457,0.457,263,random,total_budget,0.457,0.457,
aimnet2,2,above_5mev,0.3,224,233,457,0.457,263,reference_oracle,total_budget,1.0,0.6283724084364237,
aimnet2,2,above_10mev,0.3,224,233,457,0.457,14,net_force,shared_seed,1.0,0.5003492672139722,1.0
aimnet2,2,above_10mev,0.3,224,233,457,0.457,14,rigid_force,shared_seed,1.0,0.5057197122038365,1.0
aimnet2,2,above_10mev,0.3,224,233,457,0.457,14,force_magnitude,shared_seed,0.5714285714285714,0.4301615486819702,0.5
aimnet2,2,above_10mev,0.3,224,233,457,0.457,14,geometry_novelty,shared_seed,1.0,0.49612554084342936,1.0
aimnet2,2,above_10mev,0.3,224,233,457,0.457,14,trees_log,shared_seed,1.0,0.5328960116540721,1.0
aimnet2,2,above_10mev,0.3,224,233,457,0.457,14,trees_raw,shared_seed,1.0,0.5314117010744301,1.0
aimnet2,2,above_10mev,0.3,224,233,457,0.457,14,trees_physics,shared_seed,1.0,0.506054699421552,1.0
aimnet2,2,above_10mev,0.3,224,233,457,0.457,14,ridge,shared_seed,1.0,0.5457322143170746,1.0
aimnet2,2,above_10mev,0.3,224,233,457,0.457,14,mp_ridge,shared_seed,1.0,0.5518759484215928,1.0
aimnet2,2,above_10mev,0.3,224,233,457,0.457,14,reference_oracle,shared_seed,1.0,0.5856734530060335,1.0
aimnet2,2,above_10mev,0.3,224,233,457,0.457,14,random,shared_seed,0.400220913107511,0.4494224465736209,0.3002577319587629
aimnet2,2,above_10mev,0.3,224,233,457,0.457,14,net_force,total_budget,1.0,0.5062299645219752,
aimnet2,2,above_10mev,0.3,224,233,457,0.457,14,rigid_force,total_budget,1.0,0.521016629528008,
aimnet2,2,above_10mev,0.3,224,233,457,0.457,14,force_magnitude,total_budget,0.5714285714285714,0.4415372978879077,
aimnet2,2,above_10mev,0.3,224,233,457,0.457,14,geometry_novelty,total_budget,1.0,0.5219377805355812,
aimnet2,2,above_10mev,0.3,224,233,457,0.457,14,random,total_budget,0.457,0.457,
aimnet2,2,above_10mev,0.3,224,233,457,0.457,14,reference_oracle,total_budget,1.0,0.6283724084364237,
aimnet2,2,above_25mev,0.3,224,233,457,0.457,0,net_force,shared_seed,,0.5003492672139722,
aimnet2,2,above_25mev,0.3,224,233,457,0.457,0,rigid_force,shared_seed,,0.5057197122038365,
aimnet2,2,above_25mev,0.3,224,233,457,0.457,0,force_magnitude,shared_seed,,0.4301615486819702,
aimnet2,2,above_25mev,0.3,224,233,457,0.457,0,geometry_novelty,shared_seed,,0.49612554084342936,
aimnet2,2,above_25mev,0.3,224,233,457,0.457,0,trees_log,shared_seed,,0.5328960116540721,
aimnet2,2,above_25mev,0.3,224,233,457,0.457,0,trees_raw,shared_seed,,0.5314117010744301,
aimnet2,2,above_25mev,0.3,224,233,457,0.457,0,trees_physics,shared_seed,,0.506054699421552,
aimnet2,2,above_25mev,0.3,224,233,457,0.457,0,ridge,shared_seed,,0.5457322143170746,
aimnet2,2,above_25mev,0.3,224,233,457,0.457,0,mp_ridge,shared_seed,,0.5518759484215928,
aimnet2,2,above_25mev,0.3,224,233,457,0.457,0,reference_oracle,shared_seed,,0.5856734530060335,
aimnet2,2,above_25mev,0.3,224,233,457,0.457,0,random,shared_seed,,0.4494224465736209,
aimnet2,2,above_25mev,0.3,224,233,457,0.457,0,net_force,total_budget,,0.5062299645219752,
aimnet2,2,above_25mev,0.3,224,233,457,0.457,0,rigid_force,total_budget,,0.521016629528008,
aimnet2,2,above_25mev,0.3,224,233,457,0.457,0,force_magnitude,total_budget,,0.4415372978879077,
aimnet2,2,above_25mev,0.3,224,233,457,0.457,0,geometry_novelty,total_budget,,0.5219377805355812,
aimnet2,2,above_25mev,0.3,224,233,457,0.457,0,random,total_budget,,0.457,
aimnet2,2,above_25mev,0.3,224,233,457,0.457,0,reference_oracle,total_budget,,0.6283724084364237,
aimnet2,2,worst_decile,0.5,224,388,612,0.612,100,net_force,shared_seed,0.91,0.6420693583647209,0.8902439024390244
aimnet2,2,worst_decile,0.5,224,388,612,0.612,100,rigid_force,shared_seed,0.98,0.6593531157172049,0.975609756097561
aimnet2,2,worst_decile,0.5,224,388,612,0.612,100,force_magnitude,shared_seed,0.65,0.5887096341777854,0.573170731707317
aimnet2,2,worst_decile,0.5,224,388,612,0.612,100,geometry_novelty,shared_seed,0.85,0.6540062437793218,0.8170731707317073
aimnet2,2,worst_decile,0.5,224,388,612,0.612,100,trees_log,shared_seed,1.0,0.7037077055906247,1.0
aimnet2,2,worst_decile,0.5,224,388,612,0.612,100,trees_raw,shared_seed,1.0,0.7020418337567784,1.0
aimnet2,2,worst_decile,0.5,224,388,612,0.612,100,trees_physics,shared_seed,0.98,0.642361104334826,0.975609756097561
aimnet2,2,worst_decile,0.5,224,388,612,0.612,100,ridge,shared_seed,1.0,0.7016990943757812,1.0
aimnet2,2,worst_decile,0.5,224,388,612,0.612,100,mp_ridge,shared_seed,0.99,0.7012628379056414,0.9878048780487805
aimnet2,2,worst_decile,0.5,224,388,612,0.612,100,reference_oracle,shared_seed,1.0,0.7459769664894547,1.0
aimnet2,2,worst_decile,0.5,224,388,612,0.612,100,random,shared_seed,0.59,0.6065854682699169,0.5
aimnet2,2,worst_decile,0.5,224,388,612,0.612,100,net_force,total_budget,0.93,0.6440364837104932,
aimnet2,2,worst_decile,0.5,224,388,612,0.612,100,rigid_force,total_budget,0.99,0.6543644828883861,
aimnet2,2,worst_decile,0.5,224,388,612,0.612,100,force_magnitude,total_budget,0.73,0.6016755379905934,
aimnet2,2,worst_decile,0.5,224,388,612,0.612,100,geometry_novelty,total_budget,0.9,0.6682017813344159,
aimnet2,2,worst_decile,0.5,224,388,612,0.612,100,random,total_budget,0.612,0.612,
aimnet2,2,worst_decile,0.5,224,388,612,0.612,100,reference_oracle,total_budget,1.0,0.7704357249382905,
aimnet2,2,above_5mev,0.5,224,388,612,0.612,263,net_force,shared_seed,0.8098859315589354,0.6420693583647209,0.7619047619047619
aimnet2,2,above_5mev,0.5,224,388,612,0.612,263,rigid_force,shared_seed,0.870722433460076,0.6593531157172049,0.8380952380952381
aimnet2,2,above_5mev,0.5,224,388,612,0.612,263,force_magnitude,shared_seed,0.6349809885931559,0.5887096341777854,0.5428571428571428
aimnet2,2,above_5mev,0.5,224,388,612,0.612,263,geometry_novelty,shared_seed,0.7452471482889734,0.6540062437793218,0.680952380952381
aimnet2,2,above_5mev,0.5,224,388,612,0.612,263,trees_log,shared_seed,0.8935361216730038,0.7037077055906247,0.8666666666666667
aimnet2,2,above_5mev,0.5,224,388,612,0.612,263,trees_raw,shared_seed,0.8973384030418251,0.7020418337567784,0.8714285714285714
aimnet2,2,above_5mev,0.5,224,388,612,0.612,263,trees_physics,shared_seed,0.844106463878327,0.642361104334826,0.8047619047619048
aimnet2,2,above_5mev,0.5,224,388,612,0.612,263,ridge,shared_seed,0.9049429657794676,0.7016990943757812,0.8809523809523809
aimnet2,2,above_5mev,0.5,224,388,612,0.612,263,mp_ridge,shared_seed,0.8935361216730038,0.7012628379056414,0.8666666666666667
aimnet2,2,above_5mev,0.5,224,388,612,0.612,263,reference_oracle,shared_seed,1.0,0.7459769664894547,1.0
aimnet2,2,above_5mev,0.5,224,388,612,0.612,263,random,shared_seed,0.6007604562737643,0.6065854682699169,0.5
aimnet2,2,above_5mev,0.5,224,388,612,0.612,263,net_force,total_budget,0.8212927756653993,0.6440364837104932,
aimnet2,2,above_5mev,0.5,224,388,612,0.612,263,rigid_force,total_budget,0.8897338403041825,0.6543644828883861,
aimnet2,2,above_5mev,0.5,224,388,612,0.612,263,force_magnitude,total_budget,0.7034220532319392,0.6016755379905934,
aimnet2,2,above_5mev,0.5,224,388,612,0.612,263,geometry_novelty,total_budget,0.7870722433460076,0.6682017813344159,
aimnet2,2,above_5mev,0.5,224,388,612,0.612,263,random,total_budget,0.612,0.612,
aimnet2,2,above_5mev,0.5,224,388,612,0.612,263,reference_oracle,total_budget,1.0,0.7704357249382905,
aimnet2,2,above_10mev,0.5,224,388,612,0.612,14,net_force,shared_seed,1.0,0.6420693583647209,1.0
aimnet2,2,above_10mev,0.5,224,388,612,0.612,14,rigid_force,shared_seed,1.0,0.6593531157172049,1.0
aimnet2,2,above_10mev,0.5,224,388,612,0.612,14,force_magnitude,shared_seed,0.6428571428571429,0.5887096341777854,0.5833333333333334
aimnet2,2,above_10mev,0.5,224,388,612,0.612,14,geometry_novelty,shared_seed,1.0,0.6540062437793218,1.0
aimnet2,2,above_10mev,0.5,224,388,612,0.612,14,trees_log,shared_seed,1.0,0.7037077055906247,1.0
aimnet2,2,above_10mev,0.5,224,388,612,0.612,14,trees_raw,shared_seed,1.0,0.7020418337567784,1.0
aimnet2,2,above_10mev,0.5,224,388,612,0.612,14,trees_physics,shared_seed,1.0,0.642361104334826,1.0
aimnet2,2,above_10mev,0.5,224,388,612,0.612,14,ridge,shared_seed,1.0,0.7016990943757812,1.0
aimnet2,2,above_10mev,0.5,224,388,612,0.612,14,mp_ridge,shared_seed,1.0,0.7012628379056414,1.0
aimnet2,2,above_10mev,0.5,224,388,612,0.612,14,reference_oracle,shared_seed,1.0,0.7459769664894547,1.0
aimnet2,2,above_10mev,0.5,224,388,612,0.612,14,random,shared_seed,0.5714285714285714,0.6065854682699169,0.5
aimnet2,2,above_10mev,0.5,224,388,612,0.612,14,net_force,total_budget,1.0,0.6440364837104932,
aimnet2,2,above_10mev,0.5,224,388,612,0.612,14,rigid_force,total_budget,1.0,0.6543644828883861,
aimnet2,2,above_10mev,0.5,224,388,612,0.612,14,force_magnitude,total_budget,0.7142857142857143,0.6016755379905934,
aimnet2,2,above_10mev,0.5,224,388,612,0.612,14,geometry_novelty,total_budget,1.0,0.6682017813344159,
aimnet2,2,above_10mev,0.5,224,388,612,0.612,14,random,total_budget,0.612,0.612,
aimnet2,2,above_10mev,0.5,224,388,612,0.612,14,reference_oracle,total_budget,1.0,0.7704357249382905,
aimnet2,2,above_25mev,0.5,224,388,612,0.612,0,net_force,shared_seed,,0.6420693583647209,
aimnet2,2,above_25mev,0.5,224,388,612,0.612,0,rigid_force,shared_seed,,0.6593531157172049,
aimnet2,2,above_25mev,0.5,224,388,612,0.612,0,force_magnitude,shared_seed,,0.5887096341777854,
aimnet2,2,above_25mev,0.5,224,388,612,0.612,0,geometry_novelty,shared_seed,,0.6540062437793218,
aimnet2,2,above_25mev,0.5,224,388,612,0.612,0,trees_log,shared_seed,,0.7037077055906247,
aimnet2,2,above_25mev,0.5,224,388,612,0.612,0,trees_raw,shared_seed,,0.7020418337567784,
aimnet2,2,above_25mev,0.5,224,388,612,0.612,0,trees_physics,shared_seed,,0.642361104334826,
aimnet2,2,above_25mev,0.5,224,388,612,0.612,0,ridge,shared_seed,,0.7016990943757812,
aimnet2,2,above_25mev,0.5,224,388,612,0.612,0,mp_ridge,shared_seed,,0.7012628379056414,
aimnet2,2,above_25mev,0.5,224,388,612,0.612,0,reference_oracle,shared_seed,,0.7459769664894547,
aimnet2,2,above_25mev,0.5,224,388,612,0.612,0,random,shared_seed,,0.6065854682699169,
aimnet2,2,above_25mev,0.5,224,388,612,0.612,0,net_force,total_budget,,0.6440364837104932,
aimnet2,2,above_25mev,0.5,224,388,612,0.612,0,rigid_force,total_budget,,0.6543644828883861,
aimnet2,2,above_25mev,0.5,224,388,612,0.612,0,force_magnitude,total_budget,,0.6016755379905934,
aimnet2,2,above_25mev,0.5,224,388,612,0.612,0,geometry_novelty,total_budget,,0.6682017813344159,
aimnet2,2,above_25mev,0.5,224,388,612,0.612,0,random,total_budget,,0.612,
aimnet2,2,above_25mev,0.5,224,388,612,0.612,0,reference_oracle,total_budget,,0.7704357249382905,
aimnet2,3,worst_decile,0.01,169,9,178,0.178,100,net_force,shared_seed,0.2,0.18819898190709022,0.10112359550561797
aimnet2,3,worst_decile,0.01,169,9,178,0.178,100,rigid_force,shared_seed,0.2,0.18532398743579126,0.10112359550561797
aimnet2,3,worst_decile,0.01,169,9,178,0.178,100,force_magnitude,shared_seed,0.13,0.1711920561861293,0.02247191011235955
aimnet2,3,worst_decile,0.01,169,9,178,0.178,100,geometry_novelty,shared_seed,0.18,0.17954989156531995,0.07865168539325842
aimnet2,3,worst_decile,0.01,169,9,178,0.178,100,trees_log,shared_seed,0.2,0.19175111991899144,0.10112359550561797
aimnet2,3,worst_decile,0.01,169,9,178,0.178,100,trees_raw,shared_seed,0.2,0.19033048310088013,0.10112359550561797
aimnet2,3,worst_decile,0.01,169,9,178,0.178,100,trees_physics,shared_seed,0.19,0.18219449658862846,0.0898876404494382
aimnet2,3,worst_decile,0.01,169,9,178,0.178,100,ridge,shared_seed,0.2,0.18871344966597808,0.10112359550561797
aimnet2,3,worst_decile,0.01,169,9,178,0.178,100,mp_ridge,shared_seed,0.2,0.19359605429218346,0.10112359550561797
aimnet2,3,worst_decile,0.01,169,9,178,0.178,100,reference_oracle,shared_seed,0.2,0.1924372230668806,0.10112359550561797
aimnet2,3,worst_decile,0.01,169,9,178,0.178,100,random,shared_seed,0.11963898916967508,0.17533696610992,0.010830324909747292
aimnet2,3,worst_decile,0.01,169,9,178,0.178,100,net_force,total_budget,0.82,0.25157238011265587,
aimnet2,3,worst_decile,0.01,169,9,178,0.178,100,rigid_force,total_budget,0.85,0.25760336582994986,
aimnet2,3,worst_decile,0.01,169,9,178,0.178,100,force_magnitude,total_budget,0.28,0.15881478964415002,
aimnet2,3,worst_decile,0.01,169,9,178,0.178,100,geometry_novelty,total_budget,0.6,0.23801404319675684,
aimnet2,3,worst_decile,0.01,169,9,178,0.178,100,random,total_budget,0.178,0.178,
aimnet2,3,worst_decile,0.01,169,9,178,0.178,100,reference_oracle,total_budget,1.0,0.3261359061831677,
aimnet2,3,above_5mev,0.01,169,9,178,0.178,263,net_force,shared_seed,0.20152091254752852,0.18819898190709022,0.0410958904109589
aimnet2,3,above_5mev,0.01,169,9,178,0.178,263,rigid_force,shared_seed,0.20152091254752852,0.18532398743579126,0.0410958904109589
aimnet2,3,above_5mev,0.01,169,9,178,0.178,263,force_magnitude,shared_seed,0.17490494296577946,0.1711920561861293,0.0091324200913242
aimnet2,3,above_5mev,0.01,169,9,178,0.178,263,geometry_novelty,shared_seed,0.19771863117870722,0.17954989156531995,0.0365296803652968
aimnet2,3,above_5mev,0.01,169,9,178,0.178,263,trees_log,shared_seed,0.20152091254752852,0.19175111991899144,0.0410958904109589
aimnet2,3,above_5mev,0.01,169,9,178,0.178,263,trees_raw,shared_seed,0.20152091254752852,0.19033048310088013,0.0410958904109589
aimnet2,3,above_5mev,0.01,169,9,178,0.178,263,trees_physics,shared_seed,0.20152091254752852,0.18219449658862846,0.0410958904109589
aimnet2,3,above_5mev,0.01,169,9,178,0.178,263,ridge,shared_seed,0.20152091254752852,0.18871344966597808,0.0410958904109589
aimnet2,3,above_5mev,0.01,169,9,178,0.178,263,mp_ridge,shared_seed,0.20152091254752852,0.19359605429218346,0.0410958904109589
aimnet2,3,above_5mev,0.01,169,9,178,0.178,263,reference_oracle,shared_seed,0.20152091254752852,0.1924372230668806,0.0410958904109589
aimnet2,3,above_5mev,0.01,169,9,178,0.178,263,random,shared_seed,0.17631878766248918,0.17533696610992,0.010830324909747292
aimnet2,3,above_5mev,0.01,169,9,178,0.178,263,net_force,total_budget,0.4790874524714829,0.25157238011265587,
aimnet2,3,above_5mev,0.01,169,9,178,0.178,263,rigid_force,total_budget,0.532319391634981,0.25760336582994986,
aimnet2,3,above_5mev,0.01,169,9,178,0.178,263,force_magnitude,total_budget,0.20912547528517111,0.15881478964415002,
aimnet2,3,above_5mev,0.01,169,9,178,0.178,263,geometry_novelty,total_budget,0.35361216730038025,0.23801404319675684,
aimnet2,3,above_5mev,0.01,169,9,178,0.178,263,random,total_budget,0.178,0.178,
aimnet2,3,above_5mev,0.01,169,9,178,0.178,263,reference_oracle,total_budget,0.6768060836501901,0.3261359061831677,
aimnet2,3,above_10mev,0.01,169,9,178,0.178,14,net_force,shared_seed,0.5,0.18819898190709022,0.4166666666666667
aimnet2,3,above_10mev,0.01,169,9,178,0.178,14,rigid_force,shared_seed,0.5714285714285714,0.18532398743579126,0.5
aimnet2,3,above_10mev,0.01,169,9,178,0.178,14,force_magnitude,shared_seed,0.14285714285714285,0.1711920561861293,0.0
aimnet2,3,above_10mev,0.01,169,9,178,0.178,14,geometry_novelty,shared_seed,0.42857142857142855,0.17954989156531995,0.3333333333333333
aimnet2,3,above_10mev,0.01,169,9,178,0.178,14,trees_log,shared_seed,0.5714285714285714,0.19175111991899144,0.5
aimnet2,3,above_10mev,0.01,169,9,178,0.178,14,trees_raw,shared_seed,0.6428571428571429,0.19033048310088013,0.5833333333333334
aimnet2,3,above_10mev,0.01,169,9,178,0.178,14,trees_physics,shared_seed,0.2857142857142857,0.18219449658862846,0.16666666666666666
aimnet2,3,above_10mev,0.01,169,9,178,0.178,14,ridge,shared_seed,0.5,0.18871344966597808,0.4166666666666667
aimnet2,3,above_10mev,0.01,169,9,178,0.178,14,mp_ridge,shared_seed,0.5,0.19359605429218346,0.4166666666666667
aimnet2,3,above_10mev,0.01,169,9,178,0.178,14,reference_oracle,shared_seed,0.7857142857142857,0.1924372230668806,0.75
aimnet2,3,above_10mev,0.01,169,9,178,0.178,14,random,shared_seed,0.1521402784940691,0.17533696610992,0.010830324909747292
aimnet2,3,above_10mev,0.01,169,9,178,0.178,14,net_force,total_budget,1.0,0.25157238011265587,
aimnet2,3,above_10mev,0.01,169,9,178,0.178,14,rigid_force,total_budget,1.0,0.25760336582994986,
aimnet2,3,above_10mev,0.01,169,9,178,0.178,14,force_magnitude,total_budget,0.35714285714285715,0.15881478964415002,
aimnet2,3,above_10mev,0.01,169,9,178,0.178,14,geometry_novelty,total_budget,1.0,0.23801404319675684,
aimnet2,3,above_10mev,0.01,169,9,178,0.178,14,random,total_budget,0.178,0.178,
aimnet2,3,above_10mev,0.01,169,9,178,0.178,14,reference_oracle,total_budget,1.0,0.3261359061831677,
aimnet2,3,above_25mev,0.01,169,9,178,0.178,0,net_force,shared_seed,,0.18819898190709022,
aimnet2,3,above_25mev,0.01,169,9,178,0.178,0,rigid_force,shared_seed,,0.18532398743579126,
aimnet2,3,above_25mev,0.01,169,9,178,0.178,0,force_magnitude,shared_seed,,0.1711920561861293,
aimnet2,3,above_25mev,0.01,169,9,178,0.178,0,geometry_novelty,shared_seed,,0.17954989156531995,
aimnet2,3,above_25mev,0.01,169,9,178,0.178,0,trees_log,shared_seed,,0.19175111991899144,
aimnet2,3,above_25mev,0.01,169,9,178,0.178,0,trees_raw,shared_seed,,0.19033048310088013,
aimnet2,3,above_25mev,0.01,169,9,178,0.178,0,trees_physics,shared_seed,,0.18219449658862846,
aimnet2,3,above_25mev,0.01,169,9,178,0.178,0,ridge,shared_seed,,0.18871344966597808,
aimnet2,3,above_25mev,0.01,169,9,178,0.178,0,mp_ridge,shared_seed,,0.19359605429218346,
aimnet2,3,above_25mev,0.01,169,9,178,0.178,0,reference_oracle,shared_seed,,0.1924372230668806,
aimnet2,3,above_25mev,0.01,169,9,178,0.178,0,random,shared_seed,,0.17533696610992,
aimnet2,3,above_25mev,0.01,169,9,178,0.178,0,net_force,total_budget,,0.25157238011265587,
aimnet2,3,above_25mev,0.01,169,9,178,0.178,0,rigid_force,total_budget,,0.25760336582994986,
aimnet2,3,above_25mev,0.01,169,9,178,0.178,0,force_magnitude,total_budget,,0.15881478964415002,
aimnet2,3,above_25mev,0.01,169,9,178,0.178,0,geometry_novelty,total_budget,,0.23801404319675684,
aimnet2,3,above_25mev,0.01,169,9,178,0.178,0,random,total_budget,,0.178,
aimnet2,3,above_25mev,0.01,169,9,178,0.178,0,reference_oracle,total_budget,,0.3261359061831677,
aimnet2,3,worst_decile,0.02,169,17,186,0.186,100,net_force,shared_seed,0.27,0.20154744882699674,0.1797752808988764
aimnet2,3,worst_decile,0.02,169,17,186,0.186,100,rigid_force,shared_seed,0.27,0.19875087597577157,0.1797752808988764
aimnet2,3,worst_decile,0.02,169,17,186,0.186,100,force_magnitude,shared_seed,0.14,0.1758706841983745,0.033707865168539325
aimnet2,3,worst_decile,0.02,169,17,186,0.186,100,geometry_novelty,shared_seed,0.23,0.19321186434623175,0.1348314606741573
aimnet2,3,worst_decile,0.02,169,17,186,0.186,100,trees_log,shared_seed,0.27,0.20630719007389503,0.1797752808988764
aimnet2,3,worst_decile,0.02,169,17,186,0.186,100,trees_raw,shared_seed,0.27,0.20631572028169554,0.1797752808988764
aimnet2,3,worst_decile,0.02,169,17,186,0.186,100,trees_physics,shared_seed,0.27,0.1979827364899657,0.1797752808988764
aimnet2,3,worst_decile,0.02,169,17,186,0.186,100,ridge,shared_seed,0.27,0.2048734580092974,0.1797752808988764
aimnet2,3,worst_decile,0.02,169,17,186,0.186,100,mp_ridge,shared_seed,0.27,0.2046829374858922,0.1797752808988764
aimnet2,3,worst_decile,0.02,169,17,186,0.186,100,reference_oracle,shared_seed,0.28,0.21330551357642288,0.19101123595505617
aimnet2,3,worst_decile,0.02,169,17,186,0.186,100,random,shared_seed,0.12820697954271962,0.18336288371468962,0.02045728038507822
aimnet2,3,worst_decile,0.02,169,17,186,0.186,100,net_force,total_budget,0.84,0.26122803717518117,
aimnet2,3,worst_decile,0.02,169,17,186,0.186,100,rigid_force,total_budget,0.85,0.26279041410311127,
aimnet2,3,worst_decile,0.02,169,17,186,0.186,100,force_magnitude,total_budget,0.29,0.164035652713029,
aimnet2,3,worst_decile,0.02,169,17,186,0.186,100,geometry_novelty,total_budget,0.62,0.24481366343292138,
aimnet2,3,worst_decile,0.02,169,17,186,0.186,100,random,total_budget,0.186,0.186,
aimnet2,3,worst_decile,0.02,169,17,186,0.186,100,reference_oracle,total_budget,1.0,0.3331837092859679,
aimnet2,3,above_5mev,0.02,169,17,186,0.186,263,net_force,shared_seed,0.23193916349809887,0.20154744882699674,0.0776255707762557
aimnet2,3,above_5mev,0.02,169,17,186,0.186,263,rigid_force,shared_seed,0.23193916349809887,0.19875087597577157,0.0776255707762557
aimnet2,3,above_5mev,0.02,169,17,186,0.186,263,force_magnitude,shared_seed,0.18631178707224336,0.1758706841983745,0.0228310502283105
aimnet2,3,above_5mev,0.02,169,17,186,0.186,263,geometry_novelty,shared_seed,0.22433460076045628,0.19321186434623175,0.0684931506849315
aimnet2,3,above_5mev,0.02,169,17,186,0.186,263,trees_log,shared_seed,0.23193916349809887,0.20630719007389503,0.0776255707762557
aimnet2,3,above_5mev,0.02,169,17,186,0.186,263,trees_raw,shared_seed,0.23193916349809887,0.20631572028169554,0.0776255707762557
aimnet2,3,above_5mev,0.02,169,17,186,0.186,263,trees_physics,shared_seed,0.23193916349809887,0.1979827364899657,0.0776255707762557
aimnet2,3,above_5mev,0.02,169,17,186,0.186,263,ridge,shared_seed,0.23193916349809887,0.2048734580092974,0.0776255707762557
aimnet2,3,above_5mev,0.02,169,17,186,0.186,263,mp_ridge,shared_seed,0.23193916349809887,0.2046829374858922,0.0776255707762557
aimnet2,3,above_5mev,0.02,169,17,186,0.186,263,reference_oracle,shared_seed,0.23193916349809887,0.21330551357642288,0.0776255707762557
aimnet2,3,above_5mev,0.02,169,17,186,0.186,263,random,shared_seed,0.1843351498263579,0.18336288371468962,0.02045728038507822
aimnet2,3,above_5mev,0.02,169,17,186,0.186,263,net_force,total_budget,0.5019011406844106,0.26122803717518117,
aimnet2,3,above_5mev,0.02,169,17,186,0.186,263,rigid_force,total_budget,0.5399239543726235,0.26279041410311127,
aimnet2,3,above_5mev,0.02,169,17,186,0.186,263,force_magnitude,total_budget,0.21292775665399238,0.164035652713029,
aimnet2,3,above_5mev,0.02,169,17,186,0.186,263,geometry_novelty,total_budget,0.3688212927756654,0.24481366343292138,
aimnet2,3,above_5mev,0.02,169,17,186,0.186,263,random,total_budget,0.186,0.186,
aimnet2,3,above_5mev,0.02,169,17,186,0.186,263,reference_oracle,total_budget,0.7072243346007605,0.3331837092859679,
aimnet2,3,above_10mev,0.02,169,17,186,0.186,14,net_force,shared_seed,0.6428571428571429,0.20154744882699674,0.5833333333333334
aimnet2,3,above_10mev,0.02,169,17,186,0.186,14,rigid_force,shared_seed,0.6428571428571429,0.19875087597577157,0.5833333333333334
aimnet2,3,above_10mev,0.02,169,17,186,0.186,14,force_magnitude,shared_seed,0.14285714285714285,0.1758706841983745,0.0
aimnet2,3,above_10mev,0.02,169,17,186,0.186,14,geometry_novelty,shared_seed,0.6428571428571429,0.19321186434623175,0.5833333333333334
aimnet2,3,above_10mev,0.02,169,17,186,0.186,14,trees_log,shared_seed,0.7142857142857143,0.20630719007389503,0.6666666666666666
aimnet2,3,above_10mev,0.02,169,17,186,0.186,14,trees_raw,shared_seed,0.7142857142857143,0.20631572028169554,0.6666666666666666
aimnet2,3,above_10mev,0.02,169,17,186,0.186,14,trees_physics,shared_seed,0.42857142857142855,0.1979827364899657,0.3333333333333333
aimnet2,3,above_10mev,0.02,169,17,186,0.186,14,ridge,shared_seed,0.5714285714285714,0.2048734580092974,0.5
aimnet2,3,above_10mev,0.02,169,17,186,0.186,14,mp_ridge,shared_seed,0.5714285714285714,0.2046829374858922,0.5
aimnet2,3,above_10mev,0.02,169,17,186,0.186,14,reference_oracle,shared_seed,1.0,0.21330551357642288,1.0
aimnet2,3,above_10mev,0.02,169,17,186,0.186,14,random,shared_seed,0.16039195461578132,0.18336288371468962,0.02045728038507822
aimnet2,3,above_10mev,0.02,169,17,186,0.186,14,net_force,total_budget,1.0,0.26122803717518117,
aimnet2,3,above_10mev,0.02,169,17,186,0.186,14,rigid_force,total_budget,1.0,0.26279041410311127,
aimnet2,3,above_10mev,0.02,169,17,186,0.186,14,force_magnitude,total_budget,0.35714285714285715,0.164035652713029,
aimnet2,3,above_10mev,0.02,169,17,186,0.186,14,geometry_novelty,total_budget,1.0,0.24481366343292138,
aimnet2,3,above_10mev,0.02,169,17,186,0.186,14,random,total_budget,0.186,0.186,
aimnet2,3,above_10mev,0.02,169,17,186,0.186,14,reference_oracle,total_budget,1.0,0.3331837092859679,
aimnet2,3,above_25mev,0.02,169,17,186,0.186,0,net_force,shared_seed,,0.20154744882699674,
aimnet2,3,above_25mev,0.02,169,17,186,0.186,0,rigid_force,shared_seed,,0.19875087597577157,
aimnet2,3,above_25mev,0.02,169,17,186,0.186,0,force_magnitude,shared_seed,,0.1758706841983745,
aimnet2,3,above_25mev,0.02,169,17,186,0.186,0,geometry_novelty,shared_seed,,0.19321186434623175,
aimnet2,3,above_25mev,0.02,169,17,186,0.186,0,trees_log,shared_seed,,0.20630719007389503,
aimnet2,3,above_25mev,0.02,169,17,186,0.186,0,trees_raw,shared_seed,,0.20631572028169554,
aimnet2,3,above_25mev,0.02,169,17,186,0.186,0,trees_physics,shared_seed,,0.1979827364899657,
aimnet2,3,above_25mev,0.02,169,17,186,0.186,0,ridge,shared_seed,,0.2048734580092974,
aimnet2,3,above_25mev,0.02,169,17,186,0.186,0,mp_ridge,shared_seed,,0.2046829374858922,
aimnet2,3,above_25mev,0.02,169,17,186,0.186,0,reference_oracle,shared_seed,,0.21330551357642288,
aimnet2,3,above_25mev,0.02,169,17,186,0.186,0,random,shared_seed,,0.18336288371468962,
aimnet2,3,above_25mev,0.02,169,17,186,0.186,0,net_force,total_budget,,0.26122803717518117,
aimnet2,3,above_25mev,0.02,169,17,186,0.186,0,rigid_force,total_budget,,0.26279041410311127,
aimnet2,3,above_25mev,0.02,169,17,186,0.186,0,force_magnitude,total_budget,,0.164035652713029,
aimnet2,3,above_25mev,0.02,169,17,186,0.186,0,geometry_novelty,total_budget,,0.24481366343292138,
aimnet2,3,above_25mev,0.02,169,17,186,0.186,0,random,total_budget,,0.186,
aimnet2,3,above_25mev,0.02,169,17,186,0.186,0,reference_oracle,total_budget,,0.3331837092859679,
aimnet2,3,worst_decile,0.05,169,42,211,0.211,100,net_force,shared_seed,0.45,0.23867257744573853,0.38202247191011235
aimnet2,3,worst_decile,0.05,169,42,211,0.211,100,rigid_force,shared_seed,0.48,0.2430230784146149,0.4157303370786517
aimnet2,3,worst_decile,0.05,169,42,211,0.211,100,force_magnitude,shared_seed,0.17,0.19048302975257095,0.06741573033707865
aimnet2,3,worst_decile,0.05,169,42,211,0.211,100,geometry_novelty,shared_seed,0.39,0.22770400758064463,0.3146067415730337
aimnet2,3,worst_decile,0.05,169,42,211,0.211,100,trees_log,shared_seed,0.49,0.24804934505251192,0.42696629213483145
aimnet2,3,worst_decile,0.05,169,42,211,0.211,100,trees_raw,shared_seed,0.49,0.24865186111880233,0.42696629213483145
aimnet2,3,worst_decile,0.05,169,42,211,0.211,100,trees_physics,shared_seed,0.47,0.24434735685097744,0.4044943820224719
aimnet2,3,worst_decile,0.05,169,42,211,0.211,100,ridge,shared_seed,0.46,0.25524102200526466,0.39325842696629215
aimnet2,3,worst_decile,0.05,169,42,211,0.211,100,mp_ridge,shared_seed,0.48,0.24896923714437566,0.4157303370786517
aimnet2,3,worst_decile,0.05,169,42,211,0.211,100,reference_oracle,shared_seed,0.53,0.2837847209286423,0.47191011235955055
aimnet2,3,worst_decile,0.05,169,42,211,0.211,100,random,shared_seed,0.15498194945848376,0.2084438762295947,0.05054151624548736
aimnet2,3,worst_decile,0.05,169,42,211,0.211,100,net_force,total_budget,0.85,0.28818981325956544,
aimnet2,3,worst_decile,0.05,169,42,211,0.211,100,rigid_force,total_budget,0.91,0.29022691725076094,
aimnet2,3,worst_decile,0.05,169,42,211,0.211,100,force_magnitude,total_budget,0.31,0.19010816305644507,
aimnet2,3,worst_decile,0.05,169,42,211,0.211,100,geometry_novelty,total_budget,0.64,0.2690233217079044,
aimnet2,3,worst_decile,0.05,169,42,211,0.211,100,random,total_budget,0.211,0.211,
aimnet2,3,worst_decile,0.05,169,42,211,0.211,100,reference_oracle,total_budget,1.0,0.3647829269209469,
aimnet2,3,above_5mev,0.05,169,42,211,0.211,263,net_force,shared_seed,0.3155893536121673,0.23867257744573853,0.1780821917808219
aimnet2,3,above_5mev,0.05,169,42,211,0.211,263,rigid_force,shared_seed,0.3269961977186312,0.2430230784146149,0.1917808219178082
aimnet2,3,above_5mev,0.05,169,42,211,0.211,263,force_magnitude,shared_seed,0.21292775665399238,0.19048302975257095,0.0547945205479452
aimnet2,3,above_5mev,0.05,169,42,211,0.211,263,geometry_novelty,shared_seed,0.2889733840304182,0.22770400758064463,0.1461187214611872
aimnet2,3,above_5mev,0.05,169,42,211,0.211,263,trees_log,shared_seed,0.3269961977186312,0.24804934505251192,0.1917808219178082
aimnet2,3,above_5mev,0.05,169,42,211,0.211,263,trees_raw,shared_seed,0.3269961977186312,0.24865186111880233,0.1917808219178082
aimnet2,3,above_5mev,0.05,169,42,211,0.211,263,trees_physics,shared_seed,0.3269961977186312,0.24434735685097744,0.1917808219178082
aimnet2,3,above_5mev,0.05,169,42,211,0.211,263,ridge,shared_seed,0.3269961977186312,0.25524102200526466,0.1917808219178082
aimnet2,3,above_5mev,0.05,169,42,211,0.211,263,mp_ridge,shared_seed,0.3269961977186312,0.24896923714437566,0.1917808219178082
aimnet2,3,above_5mev,0.05,169,42,211,0.211,263,reference_oracle,shared_seed,0.3269961977186312,0.2837847209286423,0.1917808219178082
aimnet2,3,above_5mev,0.05,169,42,211,0.211,263,random,shared_seed,0.20938628158844766,0.2084438762295947,0.05054151624548736
aimnet2,3,above_5mev,0.05,169,42,211,0.211,263,net_force,total_budget,0.5399239543726235,0.28818981325956544,
aimnet2,3,above_5mev,0.05,169,42,211,0.211,263,rigid_force,total_budget,0.5931558935361216,0.29022691725076094,
aimnet2,3,above_5mev,0.05,169,42,211,0.211,263,force_magnitude,total_budget,0.24714828897338403,0.19010816305644507,
aimnet2,3,above_5mev,0.05,169,42,211,0.211,263,geometry_novelty,total_budget,0.39543726235741444,0.2690233217079044,
aimnet2,3,above_5mev,0.05,169,42,211,0.211,263,random,total_budget,0.211,0.211,
aimnet2,3,above_5mev,0.05,169,42,211,0.211,263,reference_oracle,total_budget,0.8022813688212928,0.3647829269209469,
aimnet2,3,above_10mev,0.05,169,42,211,0.211,14,net_force,shared_seed,0.7142857142857143,0.23867257744573853,0.6666666666666666
aimnet2,3,above_10mev,0.05,169,42,211,0.211,14,rigid_force,shared_seed,0.8571428571428571,0.2430230784146149,0.8333333333333334
aimnet2,3,above_10mev,0.05,169,42,211,0.211,14,force_magnitude,shared_seed,0.21428571428571427,0.19048302975257095,0.08333333333333333
aimnet2,3,above_10mev,0.05,169,42,211,0.211,14,geometry_novelty,shared_seed,0.7857142857142857,0.22770400758064463,0.75
aimnet2,3,above_10mev,0.05,169,42,211,0.211,14,trees_log,shared_seed,0.8571428571428571,0.24804934505251192,0.8333333333333334
aimnet2,3,above_10mev,0.05,169,42,211,0.211,14,trees_raw,shared_seed,0.8571428571428571,0.24865186111880233,0.8333333333333334
aimnet2,3,above_10mev,0.05,169,42,211,0.211,14,trees_physics,shared_seed,0.7857142857142857,0.24434735685097744,0.75
aimnet2,3,above_10mev,0.05,169,42,211,0.211,14,ridge,shared_seed,0.7857142857142857,0.25524102200526466,0.75
aimnet2,3,above_10mev,0.05,169,42,211,0.211,14,mp_ridge,shared_seed,0.7142857142857143,0.24896923714437566,0.6666666666666666
aimnet2,3,above_10mev,0.05,169,42,211,0.211,14,reference_oracle,shared_seed,1.0,0.2837847209286423,1.0
aimnet2,3,above_10mev,0.05,169,42,211,0.211,14,random,shared_seed,0.186178442496132,0.2084438762295947,0.05054151624548736
aimnet2,3,above_10mev,0.05,169,42,211,0.211,14,net_force,total_budget,1.0,0.28818981325956544,
aimnet2,3,above_10mev,0.05,169,42,211,0.211,14,rigid_force,total_budget,1.0,0.29022691725076094,
aimnet2,3,above_10mev,0.05,169,42,211,0.211,14,force_magnitude,total_budget,0.42857142857142855,0.19010816305644507,
aimnet2,3,above_10mev,0.05,169,42,211,0.211,14,geometry_novelty,total_budget,1.0,0.2690233217079044,
aimnet2,3,above_10mev,0.05,169,42,211,0.211,14,random,total_budget,0.211,0.211,
aimnet2,3,above_10mev,0.05,169,42,211,0.211,14,reference_oracle,total_budget,1.0,0.3647829269209469,
aimnet2,3,above_25mev,0.05,169,42,211,0.211,0,net_force,shared_seed,,0.23867257744573853,
aimnet2,3,above_25mev,0.05,169,42,211,0.211,0,rigid_force,shared_seed,,0.2430230784146149,
aimnet2,3,above_25mev,0.05,169,42,211,0.211,0,force_magnitude,shared_seed,,0.19048302975257095,
aimnet2,3,above_25mev,0.05,169,42,211,0.211,0,geometry_novelty,shared_seed,,0.22770400758064463,
aimnet2,3,above_25mev,0.05,169,42,211,0.211,0,trees_log,shared_seed,,0.24804934505251192,
aimnet2,3,above_25mev,0.05,169,42,211,0.211,0,trees_raw,shared_seed,,0.24865186111880233,
aimnet2,3,above_25mev,0.05,169,42,211,0.211,0,trees_physics,shared_seed,,0.24434735685097744,
aimnet2,3,above_25mev,0.05,169,42,211,0.211,0,ridge,shared_seed,,0.25524102200526466,
aimnet2,3,above_25mev,0.05,169,42,211,0.211,0,mp_ridge,shared_seed,,0.24896923714437566,
aimnet2,3,above_25mev,0.05,169,42,211,0.211,0,reference_oracle,shared_seed,,0.2837847209286423,
aimnet2,3,above_25mev,0.05,169,42,211,0.211,0,random,shared_seed,,0.2084438762295947,
aimnet2,3,above_25mev,0.05,169,42,211,0.211,0,net_force,total_budget,,0.28818981325956544,
aimnet2,3,above_25mev,0.05,169,42,211,0.211,0,rigid_force,total_budget,,0.29022691725076094,
aimnet2,3,above_25mev,0.05,169,42,211,0.211,0,force_magnitude,total_budget,,0.19010816305644507,
aimnet2,3,above_25mev,0.05,169,42,211,0.211,0,geometry_novelty,total_budget,,0.2690233217079044,
aimnet2,3,above_25mev,0.05,169,42,211,0.211,0,random,total_budget,,0.211,
aimnet2,3,above_25mev,0.05,169,42,211,0.211,0,reference_oracle,total_budget,,0.3647829269209469,
aimnet2,3,worst_decile,0.1,169,84,253,0.253,100,net_force,shared_seed,0.65,0.3006547919199623,0.6067415730337079
aimnet2,3,worst_decile,0.1,169,84,253,0.253,100,rigid_force,shared_seed,0.71,0.30474996945971433,0.6741573033707865
aimnet2,3,worst_decile,0.1,169,84,253,0.253,100,force_magnitude,shared_seed,0.23,0.22421044021582034,0.1348314606741573
aimnet2,3,worst_decile,0.1,169,84,253,0.253,100,geometry_novelty,shared_seed,0.5,0.27422226409308087,0.43820224719101125
aimnet2,3,worst_decile,0.1,169,84,253,0.253,100,trees_log,shared_seed,0.72,0.31005228093173776,0.6853932584269663
aimnet2,3,worst_decile,0.1,169,84,253,0.253,100,trees_raw,shared_seed,0.72,0.3076922778847821,0.6853932584269663
aimnet2,3,worst_decile,0.1,169,84,253,0.253,100,trees_physics,shared_seed,0.71,0.3075575930607463,0.6741573033707865
aimnet2,3,worst_decile,0.1,169,84,253,0.253,100,ridge,shared_seed,0.77,0.32941369058140013,0.7415730337078652
aimnet2,3,worst_decile,0.1,169,84,253,0.253,100,mp_ridge,shared_seed,0.76,0.32820416166595706,0.7303370786516854
aimnet2,3,worst_decile,0.1,169,84,253,0.253,100,reference_oracle,shared_seed,0.95,0.3522449501304422,0.9438202247191011
aimnet2,3,worst_decile,0.1,169,84,253,0.253,100,random,shared_seed,0.1999638989169675,0.2505799436546353,0.10108303249097472
aimnet2,3,worst_decile,0.1,169,84,253,0.253,100,net_force,total_budget,0.87,0.32396132993199633,
aimnet2,3,worst_decile,0.1,169,84,253,0.253,100,rigid_force,total_budget,0.95,0.33085643180101426,
aimnet2,3,worst_decile,0.1,169,84,253,0.253,100,force_magnitude,total_budget,0.32,0.22957658246959534,
aimnet2,3,worst_decile,0.1,169,84,253,0.253,100,geometry_novelty,total_budget,0.67,0.31970229045243126,
aimnet2,3,worst_decile,0.1,169,84,253,0.253,100,random,total_budget,0.253,0.253,
aimnet2,3,worst_decile,0.1,169,84,253,0.253,100,reference_oracle,total_budget,1.0,0.4140492940405573,
aimnet2,3,above_5mev,0.1,169,84,253,0.253,263,net_force,shared_seed,0.4448669201520912,0.3006547919199623,0.3333333333333333
aimnet2,3,above_5mev,0.1,169,84,253,0.253,263,rigid_force,shared_seed,0.4752851711026616,0.30474996945971433,0.3698630136986301
aimnet2,3,above_5mev,0.1,169,84,253,0.253,263,force_magnitude,shared_seed,0.25475285171102663,0.22421044021582034,0.1050228310502283
aimnet2,3,above_5mev,0.1,169,84,253,0.253,263,geometry_novelty,shared_seed,0.3612167300380228,0.27422226409308087,0.2328767123287671
aimnet2,3,above_5mev,0.1,169,84,253,0.253,263,trees_log,shared_seed,0.467680608365019,0.31005228093173776,0.3607305936073059
aimnet2,3,above_5mev,0.1,169,84,253,0.253,263,trees_raw,shared_seed,0.46387832699619774,0.3076922778847821,0.3561643835616438
aimnet2,3,above_5mev,0.1,169,84,253,0.253,263,trees_physics,shared_seed,0.4600760456273764,0.3075575930607463,0.3515981735159817
aimnet2,3,above_5mev,0.1,169,84,253,0.253,263,ridge,shared_seed,0.4714828897338403,0.32941369058140013,0.365296803652968
aimnet2,3,above_5mev,0.1,169,84,253,0.253,263,mp_ridge,shared_seed,0.4714828897338403,0.32820416166595706,0.365296803652968
aimnet2,3,above_5mev,0.1,169,84,253,0.253,263,reference_oracle,shared_seed,0.4866920152091255,0.3522449501304422,0.3835616438356164
aimnet2,3,above_5mev,0.1,169,84,253,0.253,263,random,shared_seed,0.25147218294875845,0.2505799436546353,0.10108303249097472
aimnet2,3,above_5mev,0.1,169,84,253,0.253,263,net_force,total_budget,0.5741444866920152,0.32396132993199633,
aimnet2,3,above_5mev,0.1,169,84,253,0.253,263,rigid_force,total_budget,0.6425855513307985,0.33085643180101426,
aimnet2,3,above_5mev,0.1,169,84,253,0.253,263,force_magnitude,total_budget,0.30038022813688214,0.22957658246959534,
aimnet2,3,above_5mev,0.1,169,84,253,0.253,263,geometry_novelty,total_budget,0.44866920152091255,0.31970229045243126,
aimnet2,3,above_5mev,0.1,169,84,253,0.253,263,random,total_budget,0.253,0.253,
aimnet2,3,above_5mev,0.1,169,84,253,0.253,263,reference_oracle,total_budget,0.9619771863117871,0.4140492940405573,
aimnet2,3,above_10mev,0.1,169,84,253,0.253,14,net_force,shared_seed,0.9285714285714286,0.3006547919199623,0.9166666666666666
aimnet2,3,above_10mev,0.1,169,84,253,0.253,14,rigid_force,shared_seed,1.0,0.30474996945971433,1.0
aimnet2,3,above_10mev,0.1,169,84,253,0.253,14,force_magnitude,shared_seed,0.21428571428571427,0.22421044021582034,0.08333333333333333
aimnet2,3,above_10mev,0.1,169,84,253,0.253,14,geometry_novelty,shared_seed,0.9285714285714286,0.27422226409308087,0.9166666666666666
aimnet2,3,above_10mev,0.1,169,84,253,0.253,14,trees_log,shared_seed,1.0,0.31005228093173776,1.0
aimnet2,3,above_10mev,0.1,169,84,253,0.253,14,trees_raw,shared_seed,1.0,0.3076922778847821,1.0
aimnet2,3,above_10mev,0.1,169,84,253,0.253,14,trees_physics,shared_seed,1.0,0.3075575930607463,1.0
aimnet2,3,above_10mev,0.1,169,84,253,0.253,14,ridge,shared_seed,1.0,0.32941369058140013,1.0
aimnet2,3,above_10mev,0.1,169,84,253,0.253,14,mp_ridge,shared_seed,1.0,0.32820416166595706,1.0
aimnet2,3,above_10mev,0.1,169,84,253,0.253,14,reference_oracle,shared_seed,1.0,0.3522449501304422,1.0
aimnet2,3,above_10mev,0.1,169,84,253,0.253,14,random,shared_seed,0.2294997421351212,0.2505799436546353,0.10108303249097472
aimnet2,3,above_10mev,0.1,169,84,253,0.253,14,net_force,total_budget,1.0,0.32396132993199633,
aimnet2,3,above_10mev,0.1,169,84,253,0.253,14,rigid_force,total_budget,1.0,0.33085643180101426,
aimnet2,3,above_10mev,0.1,169,84,253,0.253,14,force_magnitude,total_budget,0.5,0.22957658246959534,
aimnet2,3,above_10mev,0.1,169,84,253,0.253,14,geometry_novelty,total_budget,1.0,0.31970229045243126,
aimnet2,3,above_10mev,0.1,169,84,253,0.253,14,random,total_budget,0.253,0.253,
aimnet2,3,above_10mev,0.1,169,84,253,0.253,14,reference_oracle,total_budget,1.0,0.4140492940405573,
aimnet2,3,above_25mev,0.1,169,84,253,0.253,0,net_force,shared_seed,,0.3006547919199623,
aimnet2,3,above_25mev,0.1,169,84,253,0.253,0,rigid_force,shared_seed,,0.30474996945971433,
aimnet2,3,above_25mev,0.1,169,84,253,0.253,0,force_magnitude,shared_seed,,0.22421044021582034,
aimnet2,3,above_25mev,0.1,169,84,253,0.253,0,geometry_novelty,shared_seed,,0.27422226409308087,
aimnet2,3,above_25mev,0.1,169,84,253,0.253,0,trees_log,shared_seed,,0.31005228093173776,
aimnet2,3,above_25mev,0.1,169,84,253,0.253,0,trees_raw,shared_seed,,0.3076922778847821,
aimnet2,3,above_25mev,0.1,169,84,253,0.253,0,trees_physics,shared_seed,,0.3075575930607463,
aimnet2,3,above_25mev,0.1,169,84,253,0.253,0,ridge,shared_seed,,0.32941369058140013,
aimnet2,3,above_25mev,0.1,169,84,253,0.253,0,mp_ridge,shared_seed,,0.32820416166595706,
aimnet2,3,above_25mev,0.1,169,84,253,0.253,0,reference_oracle,shared_seed,,0.3522449501304422,
aimnet2,3,above_25mev,0.1,169,84,253,0.253,0,random,shared_seed,,0.2505799436546353,
aimnet2,3,above_25mev,0.1,169,84,253,0.253,0,net_force,total_budget,,0.32396132993199633,
aimnet2,3,above_25mev,0.1,169,84,253,0.253,0,rigid_force,total_budget,,0.33085643180101426,
aimnet2,3,above_25mev,0.1,169,84,253,0.253,0,force_magnitude,total_budget,,0.22957658246959534,
aimnet2,3,above_25mev,0.1,169,84,253,0.253,0,geometry_novelty,total_budget,,0.31970229045243126,
aimnet2,3,above_25mev,0.1,169,84,253,0.253,0,random,total_budget,,0.253,
aimnet2,3,above_25mev,0.1,169,84,253,0.253,0,reference_oracle,total_budget,,0.4140492940405573,
aimnet2,3,worst_decile,0.2,169,167,336,0.336,100,net_force,shared_seed,0.85,0.40034488975007854,0.8314606741573034
aimnet2,3,worst_decile,0.2,169,167,336,0.336,100,rigid_force,shared_seed,0.9,0.40352361642457546,0.8876404494382022
aimnet2,3,worst_decile,0.2,169,167,336,0.336,100,force_magnitude,shared_seed,0.39,0.31848429083923574,0.3146067415730337
aimnet2,3,worst_decile,0.2,169,167,336,0.336,100,geometry_novelty,shared_seed,0.69,0.3836271057985396,0.651685393258427
aimnet2,3,worst_decile,0.2,169,167,336,0.336,100,trees_log,shared_seed,0.92,0.4193481125532993,0.9101123595505618
aimnet2,3,worst_decile,0.2,169,167,336,0.336,100,trees_raw,shared_seed,0.92,0.4163230984600297,0.9101123595505618
aimnet2,3,worst_decile,0.2,169,167,336,0.336,100,trees_physics,shared_seed,0.88,0.39955327816498404,0.8651685393258427
aimnet2,3,worst_decile,0.2,169,167,336,0.336,100,ridge,shared_seed,0.92,0.4450731871540143,0.9101123595505618
aimnet2,3,worst_decile,0.2,169,167,336,0.336,100,mp_ridge,shared_seed,0.91,0.4358199763212272,0.898876404494382
aimnet2,3,worst_decile,0.2,169,167,336,0.336,100,reference_oracle,shared_seed,1.0,0.4602351433294465,1.0
aimnet2,3,worst_decile,0.2,169,167,336,0.336,100,random,shared_seed,0.28885679903730443,0.33384883880412025,0.2009626955475331
aimnet2,3,worst_decile,0.2,169,167,336,0.336,100,net_force,total_budget,0.89,0.4017535158221294,
aimnet2,3,worst_decile,0.2,169,167,336,0.336,100,rigid_force,total_budget,0.95,0.4020599538118824,
aimnet2,3,worst_decile,0.2,169,167,336,0.336,100,force_magnitude,total_budget,0.39,0.3099177629246221,
aimnet2,3,worst_decile,0.2,169,167,336,0.336,100,geometry_novelty,total_budget,0.76,0.40375075743265515,
aimnet2,3,worst_decile,0.2,169,167,336,0.336,100,random,total_budget,0.336,0.336,
aimnet2,3,worst_decile,0.2,169,167,336,0.336,100,reference_oracle,total_budget,1.0,0.5082247937418533,
aimnet2,3,above_5mev,0.2,169,167,336,0.336,263,net_force,shared_seed,0.6159695817490495,0.40034488975007854,0.5388127853881278
aimnet2,3,above_5mev,0.2,169,167,336,0.336,263,rigid_force,shared_seed,0.6425855513307985,0.40352361642457546,0.5707762557077626
aimnet2,3,above_5mev,0.2,169,167,336,0.336,263,force_magnitude,shared_seed,0.3650190114068441,0.31848429083923574,0.2374429223744292
aimnet2,3,above_5mev,0.2,169,167,336,0.336,263,geometry_novelty,shared_seed,0.49809885931558934,0.3836271057985396,0.3972602739726027
aimnet2,3,above_5mev,0.2,169,167,336,0.336,263,trees_log,shared_seed,0.6692015209125475,0.4193481125532993,0.6027397260273972
aimnet2,3,above_5mev,0.2,169,167,336,0.336,263,trees_raw,shared_seed,0.6615969581749049,0.4163230984600297,0.593607305936073
aimnet2,3,above_5mev,0.2,169,167,336,0.336,263,trees_physics,shared_seed,0.6349809885931559,0.39955327816498404,0.5616438356164384
aimnet2,3,above_5mev,0.2,169,167,336,0.336,263,ridge,shared_seed,0.6768060836501901,0.4450731871540143,0.6118721461187214
aimnet2,3,above_5mev,0.2,169,167,336,0.336,263,mp_ridge,shared_seed,0.6730038022813688,0.4358199763212272,0.6073059360730594
aimnet2,3,above_5mev,0.2,169,167,336,0.336,263,reference_oracle,shared_seed,0.8022813688212928,0.4602351433294465,0.7625570776255708
aimnet2,3,above_5mev,0.2,169,167,336,0.336,263,random,shared_seed,0.3346419403988964,0.33384883880412025,0.2009626955475331
aimnet2,3,above_5mev,0.2,169,167,336,0.336,263,net_force,total_budget,0.6501901140684411,0.4017535158221294,
aimnet2,3,above_5mev,0.2,169,167,336,0.336,263,rigid_force,total_budget,0.7186311787072244,0.4020599538118824,
aimnet2,3,above_5mev,0.2,169,167,336,0.336,263,force_magnitude,total_budget,0.3840304182509506,0.3099177629246221,
aimnet2,3,above_5mev,0.2,169,167,336,0.336,263,geometry_novelty,total_budget,0.5437262357414449,0.40375075743265515,
aimnet2,3,above_5mev,0.2,169,167,336,0.336,263,random,total_budget,0.336,0.336,
aimnet2,3,above_5mev,0.2,169,167,336,0.336,263,reference_oracle,total_budget,1.0,0.5082247937418533,
aimnet2,3,above_10mev,0.2,169,167,336,0.336,14,net_force,shared_seed,1.0,0.40034488975007854,1.0
aimnet2,3,above_10mev,0.2,169,167,336,0.336,14,rigid_force,shared_seed,1.0,0.40352361642457546,1.0
aimnet2,3,above_10mev,0.2,169,167,336,0.336,14,force_magnitude,shared_seed,0.5714285714285714,0.31848429083923574,0.5
aimnet2,3,above_10mev,0.2,169,167,336,0.336,14,geometry_novelty,shared_seed,1.0,0.3836271057985396,1.0
aimnet2,3,above_10mev,0.2,169,167,336,0.336,14,trees_log,shared_seed,1.0,0.4193481125532993,1.0
aimnet2,3,above_10mev,0.2,169,167,336,0.336,14,trees_raw,shared_seed,1.0,0.4163230984600297,1.0
aimnet2,3,above_10mev,0.2,169,167,336,0.336,14,trees_physics,shared_seed,1.0,0.39955327816498404,1.0
aimnet2,3,above_10mev,0.2,169,167,336,0.336,14,ridge,shared_seed,1.0,0.4450731871540143,1.0
aimnet2,3,above_10mev,0.2,169,167,336,0.336,14,mp_ridge,shared_seed,1.0,0.4358199763212272,1.0
aimnet2,3,above_10mev,0.2,169,167,336,0.336,14,reference_oracle,shared_seed,1.0,0.4602351433294465,1.0
aimnet2,3,above_10mev,0.2,169,167,336,0.336,14,random,shared_seed,0.31511088189788555,0.33384883880412025,0.2009626955475331
aimnet2,3,above_10mev,0.2,169,167,336,0.336,14,net_force,total_budget,1.0,0.4017535158221294,
aimnet2,3,above_10mev,0.2,169,167,336,0.336,14,rigid_force,total_budget,1.0,0.4020599538118824,
aimnet2,3,above_10mev,0.2,169,167,336,0.336,14,force_magnitude,total_budget,0.5,0.3099177629246221,
aimnet2,3,above_10mev,0.2,169,167,336,0.336,14,geometry_novelty,total_budget,1.0,0.40375075743265515,
aimnet2,3,above_10mev,0.2,169,167,336,0.336,14,random,total_budget,0.336,0.336,
aimnet2,3,above_10mev,0.2,169,167,336,0.336,14,reference_oracle,total_budget,1.0,0.5082247937418533,
aimnet2,3,above_25mev,0.2,169,167,336,0.336,0,net_force,shared_seed,,0.40034488975007854,
aimnet2,3,above_25mev,0.2,169,167,336,0.336,0,rigid_force,shared_seed,,0.40352361642457546,
aimnet2,3,above_25mev,0.2,169,167,336,0.336,0,force_magnitude,shared_seed,,0.31848429083923574,
aimnet2,3,above_25mev,0.2,169,167,336,0.336,0,geometry_novelty,shared_seed,,0.3836271057985396,
aimnet2,3,above_25mev,0.2,169,167,336,0.336,0,trees_log,shared_seed,,0.4193481125532993,
aimnet2,3,above_25mev,0.2,169,167,336,0.336,0,trees_raw,shared_seed,,0.4163230984600297,
aimnet2,3,above_25mev,0.2,169,167,336,0.336,0,trees_physics,shared_seed,,0.39955327816498404,
aimnet2,3,above_25mev,0.2,169,167,336,0.336,0,ridge,shared_seed,,0.4450731871540143,
aimnet2,3,above_25mev,0.2,169,167,336,0.336,0,mp_ridge,shared_seed,,0.4358199763212272,
aimnet2,3,above_25mev,0.2,169,167,336,0.336,0,reference_oracle,shared_seed,,0.4602351433294465,
aimnet2,3,above_25mev,0.2,169,167,336,0.336,0,random,shared_seed,,0.33384883880412025,
aimnet2,3,above_25mev,0.2,169,167,336,0.336,0,net_force,total_budget,,0.4017535158221294,
aimnet2,3,above_25mev,0.2,169,167,336,0.336,0,rigid_force,total_budget,,0.4020599538118824,
aimnet2,3,above_25mev,0.2,169,167,336,0.336,0,force_magnitude,total_budget,,0.3099177629246221,
aimnet2,3,above_25mev,0.2,169,167,336,0.336,0,geometry_novelty,total_budget,,0.40375075743265515,
aimnet2,3,above_25mev,0.2,169,167,336,0.336,0,random,total_budget,,0.336,
aimnet2,3,above_25mev,0.2,169,167,336,0.336,0,reference_oracle,total_budget,,0.5082247937418533,
aimnet2,3,worst_decile,0.3,169,250,419,0.419,100,net_force,shared_seed,0.89,0.47276323789006375,0.8764044943820225
aimnet2,3,worst_decile,0.3,169,250,419,0.419,100,rigid_force,shared_seed,0.95,0.480082033539088,0.9438202247191011
aimnet2,3,worst_decile,0.3,169,250,419,0.419,100,force_magnitude,shared_seed,0.44,0.3941989611843447,0.3707865168539326
aimnet2,3,worst_decile,0.3,169,250,419,0.419,100,geometry_novelty,shared_seed,0.76,0.47532881051959286,0.7303370786516854
aimnet2,3,worst_decile,0.3,169,250,419,0.419,100,trees_log,shared_seed,0.97,0.5171775801974362,0.9662921348314607
aimnet2,3,worst_decile,0.3,169,250,419,0.419,100,trees_raw,shared_seed,0.98,0.5096751798908521,0.9775280898876404
aimnet2,3,worst_decile,0.3,169,250,419,0.419,100,trees_physics,shared_seed,0.95,0.4791497347762284,0.9438202247191011
aimnet2,3,worst_decile,0.3,169,250,419,0.419,100,ridge,shared_seed,0.97,0.5345981425867321,0.9662921348314607
aimnet2,3,worst_decile,0.3,169,250,419,0.419,100,mp_ridge,shared_seed,0.94,0.5288431448076782,0.9325842696629213
aimnet2,3,worst_decile,0.3,169,250,419,0.419,100,reference_oracle,shared_seed,1.0,0.5599947785487096,1.0
aimnet2,3,worst_decile,0.3,169,250,419,0.419,100,random,shared_seed,0.37774969915764145,0.41711773395360524,0.3008423586040915
aimnet2,3,worst_decile,0.3,169,250,419,0.419,100,net_force,total_budget,0.89,0.47187298581448184,
aimnet2,3,worst_decile,0.3,169,250,419,0.419,100,rigid_force,total_budget,0.97,0.4839617512974782,
aimnet2,3,worst_decile,0.3,169,250,419,0.419,100,force_magnitude,total_budget,0.48,0.392849371033045,
aimnet2,3,worst_decile,0.3,169,250,419,0.419,100,geometry_novelty,total_budget,0.82,0.4855915543408803,
aimnet2,3,worst_decile,0.3,169,250,419,0.419,100,random,total_budget,0.419,0.419,
aimnet2,3,worst_decile,0.3,169,250,419,0.419,100,reference_oracle,total_budget,1.0,0.5910099000070892,
aimnet2,3,above_5mev,0.3,169,250,419,0.419,263,net_force,shared_seed,0.688212927756654,0.47276323789006375,0.6255707762557078
aimnet2,3,above_5mev,0.3,169,250,419,0.419,263,rigid_force,shared_seed,0.752851711026616,0.480082033539088,0.7031963470319634
aimnet2,3,above_5mev,0.3,169,250,419,0.419,263,force_magnitude,shared_seed,0.45627376425855515,0.3941989611843447,0.3470319634703196
aimnet2,3,above_5mev,0.3,169,250,419,0.419,263,geometry_novelty,shared_seed,0.5931558935361216,0.47532881051959286,0.5114155251141552
aimnet2,3,above_5mev,0.3,169,250,419,0.419,263,trees_log,shared_seed,0.7756653992395437,0.5171775801974362,0.730593607305936
aimnet2,3,above_5mev,0.3,169,250,419,0.419,263,trees_raw,shared_seed,0.7756653992395437,0.5096751798908521,0.730593607305936
aimnet2,3,above_5mev,0.3,169,250,419,0.419,263,trees_physics,shared_seed,0.7186311787072244,0.4791497347762284,0.6621004566210046
aimnet2,3,above_5mev,0.3,169,250,419,0.419,263,ridge,shared_seed,0.779467680608365,0.5345981425867321,0.7351598173515982
aimnet2,3,above_5mev,0.3,169,250,419,0.419,263,mp_ridge,shared_seed,0.7908745247148289,0.5288431448076782,0.7488584474885844
aimnet2,3,above_5mev,0.3,169,250,419,0.419,263,reference_oracle,shared_seed,1.0,0.5599947785487096,1.0
aimnet2,3,above_5mev,0.3,169,250,419,0.419,263,random,shared_seed,0.4178116978490343,0.41711773395360524,0.3008423586040915
aimnet2,3,above_5mev,0.3,169,250,419,0.419,263,net_force,total_budget,0.7072243346007605,0.47187298581448184,
aimnet2,3,above_5mev,0.3,169,250,419,0.419,263,rigid_force,total_budget,0.7870722433460076,0.4839617512974782,
aimnet2,3,above_5mev,0.3,169,250,419,0.419,263,force_magnitude,total_budget,0.467680608365019,0.392849371033045,
aimnet2,3,above_5mev,0.3,169,250,419,0.419,263,geometry_novelty,total_budget,0.6273764258555133,0.4855915543408803,
aimnet2,3,above_5mev,0.3,169,250,419,0.419,263,random,total_budget,0.419,0.419,
aimnet2,3,above_5mev,0.3,169,250,419,0.419,263,reference_oracle,total_budget,1.0,0.5910099000070892,
aimnet2,3,above_10mev,0.3,169,250,419,0.419,14,net_force,shared_seed,1.0,0.47276323789006375,1.0
aimnet2,3,above_10mev,0.3,169,250,419,0.419,14,rigid_force,shared_seed,1.0,0.480082033539088,1.0
aimnet2,3,above_10mev,0.3,169,250,419,0.419,14,force_magnitude,shared_seed,0.6428571428571429,0.3941989611843447,0.5833333333333334
aimnet2,3,above_10mev,0.3,169,250,419,0.419,14,geometry_novelty,shared_seed,1.0,0.47532881051959286,1.0
aimnet2,3,above_10mev,0.3,169,250,419,0.419,14,trees_log,shared_seed,1.0,0.5171775801974362,1.0
aimnet2,3,above_10mev,0.3,169,250,419,0.419,14,trees_raw,shared_seed,1.0,0.5096751798908521,1.0
aimnet2,3,above_10mev,0.3,169,250,419,0.419,14,trees_physics,shared_seed,1.0,0.4791497347762284,1.0
aimnet2,3,above_10mev,0.3,169,250,419,0.419,14,ridge,shared_seed,1.0,0.5345981425867321,1.0
aimnet2,3,above_10mev,0.3,169,250,419,0.419,14,mp_ridge,shared_seed,1.0,0.5288431448076782,1.0
aimnet2,3,above_10mev,0.3,169,250,419,0.419,14,reference_oracle,shared_seed,1.0,0.5599947785487096,1.0
aimnet2,3,above_10mev,0.3,169,250,419,0.419,14,random,shared_seed,0.4007220216606498,0.41711773395360524,0.3008423586040915
aimnet2,3,above_10mev,0.3,169,250,419,0.419,14,net_force,total_budget,1.0,0.47187298581448184,
aimnet2,3,above_10mev,0.3,169,250,419,0.419,14,rigid_force,total_budget,1.0,0.4839617512974782,
aimnet2,3,above_10mev,0.3,169,250,419,0.419,14,force_magnitude,total_budget,0.5714285714285714,0.392849371033045,
aimnet2,3,above_10mev,0.3,169,250,419,0.419,14,geometry_novelty,total_budget,1.0,0.4855915543408803,
aimnet2,3,above_10mev,0.3,169,250,419,0.419,14,random,total_budget,0.419,0.419,
aimnet2,3,above_10mev,0.3,169,250,419,0.419,14,reference_oracle,total_budget,1.0,0.5910099000070892,
aimnet2,3,above_25mev,0.3,169,250,419,0.419,0,net_force,shared_seed,,0.47276323789006375,
aimnet2,3,above_25mev,0.3,169,250,419,0.419,0,rigid_force,shared_seed,,0.480082033539088,
aimnet2,3,above_25mev,0.3,169,250,419,0.419,0,force_magnitude,shared_seed,,0.3941989611843447,
aimnet2,3,above_25mev,0.3,169,250,419,0.419,0,geometry_novelty,shared_seed,,0.47532881051959286,
aimnet2,3,above_25mev,0.3,169,250,419,0.419,0,trees_log,shared_seed,,0.5171775801974362,
aimnet2,3,above_25mev,0.3,169,250,419,0.419,0,trees_raw,shared_seed,,0.5096751798908521,
aimnet2,3,above_25mev,0.3,169,250,419,0.419,0,trees_physics,shared_seed,,0.4791497347762284,
aimnet2,3,above_25mev,0.3,169,250,419,0.419,0,ridge,shared_seed,,0.5345981425867321,
aimnet2,3,above_25mev,0.3,169,250,419,0.419,0,mp_ridge,shared_seed,,0.5288431448076782,
aimnet2,3,above_25mev,0.3,169,250,419,0.419,0,reference_oracle,shared_seed,,0.5599947785487096,
aimnet2,3,above_25mev,0.3,169,250,419,0.419,0,random,shared_seed,,0.41711773395360524,
aimnet2,3,above_25mev,0.3,169,250,419,0.419,0,net_force,total_budget,,0.47187298581448184,
aimnet2,3,above_25mev,0.3,169,250,419,0.419,0,rigid_force,total_budget,,0.4839617512974782,
aimnet2,3,above_25mev,0.3,169,250,419,0.419,0,force_magnitude,total_budget,,0.392849371033045,
aimnet2,3,above_25mev,0.3,169,250,419,0.419,0,geometry_novelty,total_budget,,0.4855915543408803,
aimnet2,3,above_25mev,0.3,169,250,419,0.419,0,random,total_budget,,0.419,
aimnet2,3,above_25mev,0.3,169,250,419,0.419,0,reference_oracle,total_budget,,0.5910099000070892,
aimnet2,3,worst_decile,0.5,169,416,585,0.585,100,net_force,shared_seed,0.91,0.6204891301901067,0.898876404494382
aimnet2,3,worst_decile,0.5,169,416,585,0.585,100,rigid_force,shared_seed,0.98,0.6354799627261356,0.9775280898876404
aimnet2,3,worst_decile,0.5,169,416,585,0.585,100,force_magnitude,shared_seed,0.68,0.5715193066581497,0.6404494382022472
aimnet2,3,worst_decile,0.5,169,416,585,0.585,100,geometry_novelty,shared_seed,0.86,0.6389115751205738,0.8426966292134831
aimnet2,3,worst_decile,0.5,169,416,585,0.585,100,trees_log,shared_seed,0.99,0.683143826963237,0.9887640449438202
aimnet2,3,worst_decile,0.5,169,416,585,0.585,100,trees_raw,shared_seed,1.0,0.6764806691832211,1.0
aimnet2,3,worst_decile,0.5,169,416,585,0.585,100,trees_physics,shared_seed,0.97,0.6313391695339274,0.9662921348314607
aimnet2,3,worst_decile,0.5,169,416,585,0.585,100,ridge,shared_seed,0.98,0.6966000214318039,0.9775280898876404
aimnet2,3,worst_decile,0.5,169,416,585,0.585,100,mp_ridge,shared_seed,0.99,0.6872620789369193,0.9887640449438202
aimnet2,3,worst_decile,0.5,169,416,585,0.585,100,reference_oracle,shared_seed,1.0,0.7284976386775035,1.0
aimnet2,3,worst_decile,0.5,169,416,585,0.585,100,random,shared_seed,0.5555354993983154,0.5836555242525752,0.5006016847172082
aimnet2,3,worst_decile,0.5,169,416,585,0.585,100,net_force,total_budget,0.93,0.6181742412185903,
aimnet2,3,worst_decile,0.5,169,416,585,0.585,100,rigid_force,total_budget,0.99,0.6348968039203408,
aimnet2,3,worst_decile,0.5,169,416,585,0.585,100,force_magnitude,total_budget,0.7,0.5738868193134143,
aimnet2,3,worst_decile,0.5,169,416,585,0.585,100,geometry_novelty,total_budget,0.89,0.6428198311186829,
aimnet2,3,worst_decile,0.5,169,416,585,0.585,100,random,total_budget,0.585,0.585,
aimnet2,3,worst_decile,0.5,169,416,585,0.585,100,reference_oracle,total_budget,1.0,0.7494699494474647,
aimnet2,3,above_5mev,0.5,169,416,585,0.585,263,net_force,shared_seed,0.8098859315589354,0.6204891301901067,0.771689497716895
aimnet2,3,above_5mev,0.5,169,416,585,0.585,263,rigid_force,shared_seed,0.8593155893536122,0.6354799627261356,0.8310502283105022
aimnet2,3,above_5mev,0.5,169,416,585,0.585,263,force_magnitude,shared_seed,0.623574144486692,0.5715193066581497,0.547945205479452
aimnet2,3,above_5mev,0.5,169,416,585,0.585,263,geometry_novelty,shared_seed,0.7566539923954373,0.6389115751205738,0.7077625570776256
aimnet2,3,above_5mev,0.5,169,416,585,0.585,263,trees_log,shared_seed,0.9011406844106464,0.683143826963237,0.8812785388127854
aimnet2,3,above_5mev,0.5,169,416,585,0.585,263,trees_raw,shared_seed,0.9049429657794676,0.6764806691832211,0.8858447488584474
aimnet2,3,above_5mev,0.5,169,416,585,0.585,263,trees_physics,shared_seed,0.844106463878327,0.6313391695339274,0.8127853881278538
aimnet2,3,above_5mev,0.5,169,416,585,0.585,263,ridge,shared_seed,0.9049429657794676,0.6966000214318039,0.8858447488584474
aimnet2,3,above_5mev,0.5,169,416,585,0.585,263,mp_ridge,shared_seed,0.8897338403041825,0.6872620789369193,0.867579908675799
aimnet2,3,above_5mev,0.5,169,416,585,0.585,263,reference_oracle,shared_seed,1.0,0.7284976386775035,1.0
aimnet2,3,above_5mev,0.5,169,416,585,0.585,263,random,shared_seed,0.5841512127493104,0.5836555242525752,0.5006016847172082
aimnet2,3,above_5mev,0.5,169,416,585,0.585,263,net_force,total_budget,0.8060836501901141,0.6181742412185903,
aimnet2,3,above_5mev,0.5,169,416,585,0.585,263,rigid_force,total_budget,0.8783269961977186,0.6348968039203408,
aimnet2,3,above_5mev,0.5,169,416,585,0.585,263,force_magnitude,total_budget,0.6653992395437263,0.5738868193134143,
aimnet2,3,above_5mev,0.5,169,416,585,0.585,263,geometry_novelty,total_budget,0.7680608365019012,0.6428198311186829,
aimnet2,3,above_5mev,0.5,169,416,585,0.585,263,random,total_budget,0.585,0.585,
aimnet2,3,above_5mev,0.5,169,416,585,0.585,263,reference_oracle,total_budget,1.0,0.7494699494474647,
aimnet2,3,above_10mev,0.5,169,416,585,0.585,14,net_force,shared_seed,1.0,0.6204891301901067,1.0
aimnet2,3,above_10mev,0.5,169,416,585,0.585,14,rigid_force,shared_seed,1.0,0.6354799627261356,1.0
aimnet2,3,above_10mev,0.5,169,416,585,0.585,14,force_magnitude,shared_seed,0.7142857142857143,0.5715193066581497,0.6666666666666666
aimnet2,3,above_10mev,0.5,169,416,585,0.585,14,geometry_novelty,shared_seed,1.0,0.6389115751205738,1.0
aimnet2,3,above_10mev,0.5,169,416,585,0.585,14,trees_log,shared_seed,1.0,0.683143826963237,1.0
aimnet2,3,above_10mev,0.5,169,416,585,0.585,14,trees_raw,shared_seed,1.0,0.6764806691832211,1.0
aimnet2,3,above_10mev,0.5,169,416,585,0.585,14,trees_physics,shared_seed,1.0,0.6313391695339274,1.0
aimnet2,3,above_10mev,0.5,169,416,585,0.585,14,ridge,shared_seed,1.0,0.6966000214318039,1.0
aimnet2,3,above_10mev,0.5,169,416,585,0.585,14,mp_ridge,shared_seed,1.0,0.6872620789369193,1.0
aimnet2,3,above_10mev,0.5,169,416,585,0.585,14,reference_oracle,shared_seed,1.0,0.7284976386775035,1.0
aimnet2,3,above_10mev,0.5,169,416,585,0.585,14,random,shared_seed,0.5719443011861784,0.5836555242525752,0.5006016847172082
aimnet2,3,above_10mev,0.5,169,416,585,0.585,14,net_force,total_budget,1.0,0.6181742412185903,
aimnet2,3,above_10mev,0.5,169,416,585,0.585,14,rigid_force,total_budget,1.0,0.6348968039203408,
aimnet2,3,above_10mev,0.5,169,416,585,0.585,14,force_magnitude,total_budget,0.7142857142857143,0.5738868193134143,
aimnet2,3,above_10mev,0.5,169,416,585,0.585,14,geometry_novelty,total_budget,1.0,0.6428198311186829,
aimnet2,3,above_10mev,0.5,169,416,585,0.585,14,random,total_budget,0.585,0.585,
aimnet2,3,above_10mev,0.5,169,416,585,0.585,14,reference_oracle,total_budget,1.0,0.7494699494474647,
aimnet2,3,above_25mev,0.5,169,416,585,0.585,0,net_force,shared_seed,,0.6204891301901067,
aimnet2,3,above_25mev,0.5,169,416,585,0.585,0,rigid_force,shared_seed,,0.6354799627261356,
aimnet2,3,above_25mev,0.5,169,416,585,0.585,0,force_magnitude,shared_seed,,0.5715193066581497,
aimnet2,3,above_25mev,0.5,169,416,585,0.585,0,geometry_novelty,shared_seed,,0.6389115751205738,
aimnet2,3,above_25mev,0.5,169,416,585,0.585,0,trees_log,shared_seed,,0.683143826963237,
aimnet2,3,above_25mev,0.5,169,416,585,0.585,0,trees_raw,shared_seed,,0.6764806691832211,
aimnet2,3,above_25mev,0.5,169,416,585,0.585,0,trees_physics,shared_seed,,0.6313391695339274,
aimnet2,3,above_25mev,0.5,169,416,585,0.585,0,ridge,shared_seed,,0.6966000214318039,
aimnet2,3,above_25mev,0.5,169,416,585,0.585,0,mp_ridge,shared_seed,,0.6872620789369193,
aimnet2,3,above_25mev,0.5,169,416,585,0.585,0,reference_oracle,shared_seed,,0.7284976386775035,
aimnet2,3,above_25mev,0.5,169,416,585,0.585,0,random,shared_seed,,0.5836555242525752,
aimnet2,3,above_25mev,0.5,169,416,585,0.585,0,net_force,total_budget,,0.6181742412185903,
aimnet2,3,above_25mev,0.5,169,416,585,0.585,0,rigid_force,total_budget,,0.6348968039203408,
aimnet2,3,above_25mev,0.5,169,416,585,0.585,0,force_magnitude,total_budget,,0.5738868193134143,
aimnet2,3,above_25mev,0.5,169,416,585,0.585,0,geometry_novelty,total_budget,,0.6428198311186829,
aimnet2,3,above_25mev,0.5,169,416,585,0.585,0,random,total_budget,,0.585,
aimnet2,3,above_25mev,0.5,169,416,585,0.585,0,reference_oracle,total_budget,,0.7494699494474647,
aimnet2,4,worst_decile,0.01,204,8,212,0.212,100,net_force,shared_seed,0.28,0.22393709907930107,0.1
aimnet2,4,worst_decile,0.01,204,8,212,0.212,100,rigid_force,shared_seed,0.28,0.22656223435642553,0.1
aimnet2,4,worst_decile,0.01,204,8,212,0.212,100,force_magnitude,shared_seed,0.22,0.21266993553471397,0.025
aimnet2,4,worst_decile,0.01,204,8,212,0.212,100,geometry_novelty,shared_seed,0.25,0.219413501894401,0.0625
aimnet2,4,worst_decile,0.01,204,8,212,0.212,100,trees_log,shared_seed,0.28,0.2316240835426516,0.1
aimnet2,4,worst_decile,0.01,204,8,212,0.212,100,trees_raw,shared_seed,0.28,0.22857587695667828,0.1
aimnet2,4,worst_decile,0.01,204,8,212,0.212,100,trees_physics,shared_seed,0.28,0.22393117111282976,0.1
aimnet2,4,worst_decile,0.01,204,8,212,0.212,100,ridge,shared_seed,0.28,0.231345158638379,0.1
aimnet2,4,worst_decile,0.01,204,8,212,0.212,100,mp_ridge,shared_seed,0.27,0.2311343551306142,0.0875
aimnet2,4,worst_decile,0.01,204,8,212,0.212,100,reference_oracle,shared_seed,0.28,0.2321875338145371,0.1
aimnet2,4,worst_decile,0.01,204,8,212,0.212,100,random,shared_seed,0.20804020100502513,0.2142718208388097,0.010050251256281407
aimnet2,4,worst_decile,0.01,204,8,212,0.212,100,net_force,total_budget,0.85,0.2887861170700591,
aimnet2,4,worst_decile,0.01,204,8,212,0.212,100,rigid_force,total_budget,0.91,0.2908003742178117,
aimnet2,4,worst_decile,0.01,204,8,212,0.212,100,force_magnitude,total_budget,0.31,0.1905527145563967,
aimnet2,4,worst_decile,0.01,204,8,212,0.212,100,geometry_novelty,total_budget,0.64,0.2706420624883053,
aimnet2,4,worst_decile,0.01,204,8,212,0.212,100,random,total_budget,0.212,0.212,
aimnet2,4,worst_decile,0.01,204,8,212,0.212,100,reference_oracle,total_budget,1.0,0.3660260601524292,
aimnet2,4,above_5mev,0.01,204,8,212,0.212,263,net_force,shared_seed,0.19391634980988592,0.22393709907930107,0.03636363636363636
aimnet2,4,above_5mev,0.01,204,8,212,0.212,263,rigid_force,shared_seed,0.19391634980988592,0.22656223435642553,0.03636363636363636
aimnet2,4,above_5mev,0.01,204,8,212,0.212,263,force_magnitude,shared_seed,0.17870722433460076,0.21266993553471397,0.01818181818181818
aimnet2,4,above_5mev,0.01,204,8,212,0.212,263,geometry_novelty,shared_seed,0.18631178707224336,0.219413501894401,0.02727272727272727
aimnet2,4,above_5mev,0.01,204,8,212,0.212,263,trees_log,shared_seed,0.19391634980988592,0.2316240835426516,0.03636363636363636
aimnet2,4,above_5mev,0.01,204,8,212,0.212,263,trees_raw,shared_seed,0.19391634980988592,0.22857587695667828,0.03636363636363636
aimnet2,4,above_5mev,0.01,204,8,212,0.212,263,trees_physics,shared_seed,0.19391634980988592,0.22393117111282976,0.03636363636363636
aimnet2,4,above_5mev,0.01,204,8,212,0.212,263,ridge,shared_seed,0.19391634980988592,0.231345158638379,0.03636363636363636
aimnet2,4,above_5mev,0.01,204,8,212,0.212,263,mp_ridge,shared_seed,0.19391634980988592,0.2311343551306142,0.03636363636363636
aimnet2,4,above_5mev,0.01,204,8,212,0.212,263,reference_oracle,shared_seed,0.19391634980988592,0.2321875338145371,0.03636363636363636
aimnet2,4,above_5mev,0.01,204,8,212,0.212,263,random,shared_seed,0.17190515314213656,0.2142718208388097,0.010050251256281407
aimnet2,4,above_5mev,0.01,204,8,212,0.212,263,net_force,total_budget,0.5399239543726235,0.2887861170700591,
aimnet2,4,above_5mev,0.01,204,8,212,0.212,263,rigid_force,total_budget,0.596958174904943,0.2908003742178117,
aimnet2,4,above_5mev,0.01,204,8,212,0.212,263,force_magnitude,total_budget,0.24714828897338403,0.1905527145563967,
aimnet2,4,above_5mev,0.01,204,8,212,0.212,263,geometry_novelty,total_budget,0.39923954372623577,0.2706420624883053,
aimnet2,4,above_5mev,0.01,204,8,212,0.212,263,random,total_budget,0.212,0.212,
aimnet2,4,above_5mev,0.01,204,8,212,0.212,263,reference_oracle,total_budget,0.8060836501901141,0.3660260601524292,
aimnet2,4,above_10mev,0.01,204,8,212,0.212,14,net_force,shared_seed,0.5714285714285714,0.22393709907930107,0.45454545454545453
aimnet2,4,above_10mev,0.01,204,8,212,0.212,14,rigid_force,shared_seed,0.7142857142857143,0.22656223435642553,0.6363636363636364
aimnet2,4,above_10mev,0.01,204,8,212,0.212,14,force_magnitude,shared_seed,0.21428571428571427,0.21266993553471397,0.0
aimnet2,4,above_10mev,0.01,204,8,212,0.212,14,geometry_novelty,shared_seed,0.5714285714285714,0.219413501894401,0.45454545454545453
aimnet2,4,above_10mev,0.01,204,8,212,0.212,14,trees_log,shared_seed,0.7142857142857143,0.2316240835426516,0.6363636363636364
aimnet2,4,above_10mev,0.01,204,8,212,0.212,14,trees_raw,shared_seed,0.7142857142857143,0.22857587695667828,0.6363636363636364
aimnet2,4,above_10mev,0.01,204,8,212,0.212,14,trees_physics,shared_seed,0.5714285714285714,0.22393117111282976,0.45454545454545453
aimnet2,4,above_10mev,0.01,204,8,212,0.212,14,ridge,shared_seed,0.7142857142857143,0.231345158638379,0.6363636363636364
aimnet2,4,above_10mev,0.01,204,8,212,0.212,14,mp_ridge,shared_seed,0.6428571428571429,0.2311343551306142,0.5454545454545454
aimnet2,4,above_10mev,0.01,204,8,212,0.212,14,reference_oracle,shared_seed,0.7857142857142857,0.2321875338145371,0.7272727272727273
aimnet2,4,above_10mev,0.01,204,8,212,0.212,14,random,shared_seed,0.22218234027279252,0.2142718208388097,0.010050251256281407
aimnet2,4,above_10mev,0.01,204,8,212,0.212,14,net_force,total_budget,1.0,0.2887861170700591,
aimnet2,4,above_10mev,0.01,204,8,212,0.212,14,rigid_force,total_budget,1.0,0.2908003742178117,
aimnet2,4,above_10mev,0.01,204,8,212,0.212,14,force_magnitude,total_budget,0.42857142857142855,0.1905527145563967,
aimnet2,4,above_10mev,0.01,204,8,212,0.212,14,geometry_novelty,total_budget,1.0,0.2706420624883053,
aimnet2,4,above_10mev,0.01,204,8,212,0.212,14,random,total_budget,0.212,0.212,
aimnet2,4,above_10mev,0.01,204,8,212,0.212,14,reference_oracle,total_budget,1.0,0.3660260601524292,
aimnet2,4,above_25mev,0.01,204,8,212,0.212,0,net_force,shared_seed,,0.22393709907930107,
aimnet2,4,above_25mev,0.01,204,8,212,0.212,0,rigid_force,shared_seed,,0.22656223435642553,
aimnet2,4,above_25mev,0.01,204,8,212,0.212,0,force_magnitude,shared_seed,,0.21266993553471397,
aimnet2,4,above_25mev,0.01,204,8,212,0.212,0,geometry_novelty,shared_seed,,0.219413501894401,
aimnet2,4,above_25mev,0.01,204,8,212,0.212,0,trees_log,shared_seed,,0.2316240835426516,
aimnet2,4,above_25mev,0.01,204,8,212,0.212,0,trees_raw,shared_seed,,0.22857587695667828,
aimnet2,4,above_25mev,0.01,204,8,212,0.212,0,trees_physics,shared_seed,,0.22393117111282976,
aimnet2,4,above_25mev,0.01,204,8,212,0.212,0,ridge,shared_seed,,0.231345158638379,
aimnet2,4,above_25mev,0.01,204,8,212,0.212,0,mp_ridge,shared_seed,,0.2311343551306142,
aimnet2,4,above_25mev,0.01,204,8,212,0.212,0,reference_oracle,shared_seed,,0.2321875338145371,
aimnet2,4,above_25mev,0.01,204,8,212,0.212,0,random,shared_seed,,0.2142718208388097,
aimnet2,4,above_25mev,0.01,204,8,212,0.212,0,net_force,total_budget,,0.2887861170700591,
aimnet2,4,above_25mev,0.01,204,8,212,0.212,0,rigid_force,total_budget,,0.2908003742178117,
aimnet2,4,above_25mev,0.01,204,8,212,0.212,0,force_magnitude,total_budget,,0.1905527145563967,
aimnet2,4,above_25mev,0.01,204,8,212,0.212,0,geometry_novelty,total_budget,,0.2706420624883053,
aimnet2,4,above_25mev,0.01,204,8,212,0.212,0,random,total_budget,,0.212,
aimnet2,4,above_25mev,0.01,204,8,212,0.212,0,reference_oracle,total_budget,,0.3660260601524292,
aimnet2,4,worst_decile,0.02,204,16,220,0.22,100,net_force,shared_seed,0.35,0.24423261926884615,0.1875
aimnet2,4,worst_decile,0.02,204,16,220,0.22,100,rigid_force,shared_seed,0.35,0.24077889323908025,0.1875
aimnet2,4,worst_decile,0.02,204,16,220,0.22,100,force_magnitude,shared_seed,0.22,0.21520795527658765,0.025
aimnet2,4,worst_decile,0.02,204,16,220,0.22,100,geometry_novelty,shared_seed,0.3,0.23445842474533582,0.125
aimnet2,4,worst_decile,0.02,204,16,220,0.22,100,trees_log,shared_seed,0.35,0.2455311784430447,0.1875
aimnet2,4,worst_decile,0.02,204,16,220,0.22,100,trees_raw,shared_seed,0.35,0.24495713670105732,0.1875
aimnet2,4,worst_decile,0.02,204,16,220,0.22,100,trees_physics,shared_seed,0.35,0.2442326192688461,0.1875
aimnet2,4,worst_decile,0.02,204,16,220,0.22,100,ridge,shared_seed,0.34,0.24571831466552913,0.175
aimnet2,4,worst_decile,0.02,204,16,220,0.22,100,mp_ridge,shared_seed,0.35,0.24841735772492426,0.1875
aimnet2,4,worst_decile,0.02,204,16,220,0.22,100,reference_oracle,shared_seed,0.36,0.2523435729477427,0.2
aimnet2,4,worst_decile,0.02,204,16,220,0.22,100,random,shared_seed,0.21608040201005024,0.2222487566678573,0.020100502512562814
aimnet2,4,worst_decile,0.02,204,16,220,0.22,100,net_force,total_budget,0.85,0.2949036163764863,
aimnet2,4,worst_decile,0.02,204,16,220,0.22,100,rigid_force,total_budget,0.93,0.29968697803262806,
aimnet2,4,worst_decile,0.02,204,16,220,0.22,100,force_magnitude,total_budget,0.31,0.19931667537088846,
aimnet2,4,worst_decile,0.02,204,16,220,0.22,100,geometry_novelty,total_budget,0.66,0.28234815449029926,
aimnet2,4,worst_decile,0.02,204,16,220,0.22,100,random,total_budget,0.22,0.22,
aimnet2,4,worst_decile,0.02,204,16,220,0.22,100,reference_oracle,total_budget,1.0,0.37388268164095584,
aimnet2,4,above_5mev,0.02,204,16,220,0.22,263,net_force,shared_seed,0.22433460076045628,0.24423261926884615,0.07272727272727272
aimnet2,4,above_5mev,0.02,204,16,220,0.22,263,rigid_force,shared_seed,0.22433460076045628,0.24077889323908025,0.07272727272727272
aimnet2,4,above_5mev,0.02,204,16,220,0.22,263,force_magnitude,shared_seed,0.17870722433460076,0.21520795527658765,0.01818181818181818
aimnet2,4,above_5mev,0.02,204,16,220,0.22,263,geometry_novelty,shared_seed,0.21292775665399238,0.23445842474533582,0.05909090909090909
aimnet2,4,above_5mev,0.02,204,16,220,0.22,263,trees_log,shared_seed,0.22433460076045628,0.2455311784430447,0.07272727272727272
aimnet2,4,above_5mev,0.02,204,16,220,0.22,263,trees_raw,shared_seed,0.22433460076045628,0.24495713670105732,0.07272727272727272
aimnet2,4,above_5mev,0.02,204,16,220,0.22,263,trees_physics,shared_seed,0.22433460076045628,0.2442326192688461,0.07272727272727272
aimnet2,4,above_5mev,0.02,204,16,220,0.22,263,ridge,shared_seed,0.22433460076045628,0.24571831466552913,0.07272727272727272
aimnet2,4,above_5mev,0.02,204,16,220,0.22,263,mp_ridge,shared_seed,0.22433460076045628,0.24841735772492426,0.07272727272727272
aimnet2,4,above_5mev,0.02,204,16,220,0.22,263,reference_oracle,shared_seed,0.22433460076045628,0.2523435729477427,0.07272727272727272
aimnet2,4,above_5mev,0.02,204,16,220,0.22,263,random,shared_seed,0.1803122074249575,0.2222487566678573,0.020100502512562814
aimnet2,4,above_5mev,0.02,204,16,220,0.22,263,net_force,total_budget,0.5399239543726235,0.2949036163764863,
aimnet2,4,above_5mev,0.02,204,16,220,0.22,263,rigid_force,total_budget,0.6045627376425855,0.29968697803262806,
aimnet2,4,above_5mev,0.02,204,16,220,0.22,263,force_magnitude,total_budget,0.2585551330798479,0.19931667537088846,
aimnet2,4,above_5mev,0.02,204,16,220,0.22,263,geometry_novelty,total_budget,0.41064638783269963,0.28234815449029926,
aimnet2,4,above_5mev,0.02,204,16,220,0.22,263,random,total_budget,0.22,0.22,
aimnet2,4,above_5mev,0.02,204,16,220,0.22,263,reference_oracle,total_budget,0.8365019011406845,0.37388268164095584,
aimnet2,4,above_10mev,0.02,204,16,220,0.22,14,net_force,shared_seed,0.7857142857142857,0.24423261926884615,0.7272727272727273
aimnet2,4,above_10mev,0.02,204,16,220,0.22,14,rigid_force,shared_seed,0.7857142857142857,0.24077889323908025,0.7272727272727273
aimnet2,4,above_10mev,0.02,204,16,220,0.22,14,force_magnitude,shared_seed,0.21428571428571427,0.21520795527658765,0.0
aimnet2,4,above_10mev,0.02,204,16,220,0.22,14,geometry_novelty,shared_seed,0.7142857142857143,0.23445842474533582,0.6363636363636364
aimnet2,4,above_10mev,0.02,204,16,220,0.22,14,trees_log,shared_seed,0.8571428571428571,0.2455311784430447,0.8181818181818182
aimnet2,4,above_10mev,0.02,204,16,220,0.22,14,trees_raw,shared_seed,0.8571428571428571,0.24495713670105732,0.8181818181818182
aimnet2,4,above_10mev,0.02,204,16,220,0.22,14,trees_physics,shared_seed,0.7857142857142857,0.2442326192688461,0.7272727272727273
aimnet2,4,above_10mev,0.02,204,16,220,0.22,14,ridge,shared_seed,0.8571428571428571,0.24571831466552913,0.8181818181818182
aimnet2,4,above_10mev,0.02,204,16,220,0.22,14,mp_ridge,shared_seed,0.8571428571428571,0.24841735772492426,0.8181818181818182
aimnet2,4,above_10mev,0.02,204,16,220,0.22,14,reference_oracle,shared_seed,1.0,0.2523435729477427,1.0
aimnet2,4,above_10mev,0.02,204,16,220,0.22,14,random,shared_seed,0.2300789662598708,0.2222487566678573,0.020100502512562814
aimnet2,4,above_10mev,0.02,204,16,220,0.22,14,net_force,total_budget,1.0,0.2949036163764863,
aimnet2,4,above_10mev,0.02,204,16,220,0.22,14,rigid_force,total_budget,1.0,0.29968697803262806,
aimnet2,4,above_10mev,0.02,204,16,220,0.22,14,force_magnitude,total_budget,0.42857142857142855,0.19931667537088846,
aimnet2,4,above_10mev,0.02,204,16,220,0.22,14,geometry_novelty,total_budget,1.0,0.28234815449029926,
aimnet2,4,above_10mev,0.02,204,16,220,0.22,14,random,total_budget,0.22,0.22,
aimnet2,4,above_10mev,0.02,204,16,220,0.22,14,reference_oracle,total_budget,1.0,0.37388268164095584,
aimnet2,4,above_25mev,0.02,204,16,220,0.22,0,net_force,shared_seed,,0.24423261926884615,
aimnet2,4,above_25mev,0.02,204,16,220,0.22,0,rigid_force,shared_seed,,0.24077889323908025,
aimnet2,4,above_25mev,0.02,204,16,220,0.22,0,force_magnitude,shared_seed,,0.21520795527658765,
aimnet2,4,above_25mev,0.02,204,16,220,0.22,0,geometry_novelty,shared_seed,,0.23445842474533582,
aimnet2,4,above_25mev,0.02,204,16,220,0.22,0,trees_log,shared_seed,,0.2455311784430447,
aimnet2,4,above_25mev,0.02,204,16,220,0.22,0,trees_raw,shared_seed,,0.24495713670105732,
aimnet2,4,above_25mev,0.02,204,16,220,0.22,0,trees_physics,shared_seed,,0.2442326192688461,
aimnet2,4,above_25mev,0.02,204,16,220,0.22,0,ridge,shared_seed,,0.24571831466552913,
aimnet2,4,above_25mev,0.02,204,16,220,0.22,0,mp_ridge,shared_seed,,0.24841735772492426,
aimnet2,4,above_25mev,0.02,204,16,220,0.22,0,reference_oracle,shared_seed,,0.2523435729477427,
aimnet2,4,above_25mev,0.02,204,16,220,0.22,0,random,shared_seed,,0.2222487566678573,
aimnet2,4,above_25mev,0.02,204,16,220,0.22,0,net_force,total_budget,,0.2949036163764863,
aimnet2,4,above_25mev,0.02,204,16,220,0.22,0,rigid_force,total_budget,,0.29968697803262806,
aimnet2,4,above_25mev,0.02,204,16,220,0.22,0,force_magnitude,total_budget,,0.19931667537088846,
aimnet2,4,above_25mev,0.02,204,16,220,0.22,0,geometry_novelty,total_budget,,0.28234815449029926,
aimnet2,4,above_25mev,0.02,204,16,220,0.22,0,random,total_budget,,0.22,
aimnet2,4,above_25mev,0.02,204,16,220,0.22,0,reference_oracle,total_budget,,0.37388268164095584,
aimnet2,4,worst_decile,0.05,204,40,244,0.244,100,net_force,shared_seed,0.48,0.27981000297429526,0.35
aimnet2,4,worst_decile,0.05,204,40,244,0.244,100,rigid_force,shared_seed,0.53,0.28088878249031396,0.4125
aimnet2,4,worst_decile,0.05,204,40,244,0.244,100,force_magnitude,shared_seed,0.24,0.2298501806000146,0.05
aimnet2,4,worst_decile,0.05,204,40,244,0.244,100,geometry_novelty,shared_seed,0.45,0.2676637251786711,0.3125
aimnet2,4,worst_decile,0.05,204,40,244,0.244,100,trees_log,shared_seed,0.54,0.2834298601592791,0.425
aimnet2,4,worst_decile,0.05,204,40,244,0.244,100,trees_raw,shared_seed,0.54,0.28146101961829245,0.425
aimnet2,4,worst_decile,0.05,204,40,244,0.244,100,trees_physics,shared_seed,0.51,0.2791278628716964,0.3875
aimnet2,4,worst_decile,0.05,204,40,244,0.244,100,ridge,shared_seed,0.55,0.2896886016718493,0.4375
aimnet2,4,worst_decile,0.05,204,40,244,0.244,100,mp_ridge,shared_seed,0.55,0.29103471248464496,0.4375
aimnet2,4,worst_decile,0.05,204,40,244,0.244,100,reference_oracle,shared_seed,0.6,0.31454713205594703,0.5
aimnet2,4,worst_decile,0.05,204,40,244,0.244,100,random,shared_seed,0.24020100502512562,0.24617956415500017,0.05025125628140704
aimnet2,4,worst_decile,0.05,204,40,244,0.244,100,net_force,total_budget,0.87,0.3172318901445843,
aimnet2,4,worst_decile,0.05,204,40,244,0.244,100,rigid_force,total_budget,0.95,0.32429276014453995,
aimnet2,4,worst_decile,0.05,204,40,244,0.244,100,force_magnitude,total_budget,0.32,0.22224383463121028,
aimnet2,4,worst_decile,0.05,204,40,244,0.244,100,geometry_novelty,total_budget,0.67,0.3104507577285765,
aimnet2,4,worst_decile,0.05,204,40,244,0.244,100,random,total_budget,0.244,0.244,
aimnet2,4,worst_decile,0.05,204,40,244,0.244,100,reference_oracle,total_budget,1.0,0.4035232879553451,
aimnet2,4,above_5mev,0.05,204,40,244,0.244,263,net_force,shared_seed,0.3041825095057034,0.27981000297429526,0.16818181818181818
aimnet2,4,above_5mev,0.05,204,40,244,0.244,263,rigid_force,shared_seed,0.3155893536121673,0.28088878249031396,0.18181818181818182
aimnet2,4,above_5mev,0.05,204,40,244,0.244,263,force_magnitude,shared_seed,0.20532319391634982,0.2298501806000146,0.05
aimnet2,4,above_5mev,0.05,204,40,244,0.244,263,geometry_novelty,shared_seed,0.2737642585551331,0.2676637251786711,0.1318181818181818
aimnet2,4,above_5mev,0.05,204,40,244,0.244,263,trees_log,shared_seed,0.3155893536121673,0.2834298601592791,0.18181818181818182
aimnet2,4,above_5mev,0.05,204,40,244,0.244,263,trees_raw,shared_seed,0.3155893536121673,0.28146101961829245,0.18181818181818182
aimnet2,4,above_5mev,0.05,204,40,244,0.244,263,trees_physics,shared_seed,0.3155893536121673,0.2791278628716964,0.18181818181818182
aimnet2,4,above_5mev,0.05,204,40,244,0.244,263,ridge,shared_seed,0.3155893536121673,0.2896886016718493,0.18181818181818182
aimnet2,4,above_5mev,0.05,204,40,244,0.244,263,mp_ridge,shared_seed,0.3155893536121673,0.29103471248464496,0.18181818181818182
aimnet2,4,above_5mev,0.05,204,40,244,0.244,263,reference_oracle,shared_seed,0.3155893536121673,0.31454713205594703,0.18181818181818182
aimnet2,4,above_5mev,0.05,204,40,244,0.244,263,random,shared_seed,0.20553337027342033,0.24617956415500017,0.05025125628140704
aimnet2,4,above_5mev,0.05,204,40,244,0.244,263,net_force,total_budget,0.5703422053231939,0.3172318901445843,
aimnet2,4,above_5mev,0.05,204,40,244,0.244,263,rigid_force,total_budget,0.6425855513307985,0.32429276014453995,
aimnet2,4,above_5mev,0.05,204,40,244,0.244,263,force_magnitude,total_budget,0.2889733840304182,0.22224383463121028,
aimnet2,4,above_5mev,0.05,204,40,244,0.244,263,geometry_novelty,total_budget,0.4372623574144487,0.3104507577285765,
aimnet2,4,above_5mev,0.05,204,40,244,0.244,263,random,total_budget,0.244,0.244,
aimnet2,4,above_5mev,0.05,204,40,244,0.244,263,reference_oracle,total_budget,0.9277566539923955,0.4035232879553451,
aimnet2,4,above_10mev,0.05,204,40,244,0.244,14,net_force,shared_seed,0.9285714285714286,0.27981000297429526,0.9090909090909091
aimnet2,4,above_10mev,0.05,204,40,244,0.244,14,rigid_force,shared_seed,0.9285714285714286,0.28088878249031396,0.9090909090909091
aimnet2,4,above_10mev,0.05,204,40,244,0.244,14,force_magnitude,shared_seed,0.21428571428571427,0.2298501806000146,0.0
aimnet2,4,above_10mev,0.05,204,40,244,0.244,14,geometry_novelty,shared_seed,0.9285714285714286,0.2676637251786711,0.9090909090909091
aimnet2,4,above_10mev,0.05,204,40,244,0.244,14,trees_log,shared_seed,0.9285714285714286,0.2834298601592791,0.9090909090909091
aimnet2,4,above_10mev,0.05,204,40,244,0.244,14,trees_raw,shared_seed,0.9285714285714286,0.28146101961829245,0.9090909090909091
aimnet2,4,above_10mev,0.05,204,40,244,0.244,14,trees_physics,shared_seed,0.9285714285714286,0.2791278628716964,0.9090909090909091
aimnet2,4,above_10mev,0.05,204,40,244,0.244,14,ridge,shared_seed,0.9285714285714286,0.2896886016718493,0.9090909090909091
aimnet2,4,above_10mev,0.05,204,40,244,0.244,14,mp_ridge,shared_seed,0.8571428571428571,0.29103471248464496,0.8181818181818182
aimnet2,4,above_10mev,0.05,204,40,244,0.244,14,reference_oracle,shared_seed,1.0,0.31454713205594703,1.0
aimnet2,4,above_10mev,0.05,204,40,244,0.244,14,random,shared_seed,0.2537688442211055,0.24617956415500017,0.05025125628140704
aimnet2,4,above_10mev,0.05,204,40,244,0.244,14,net_force,total_budget,1.0,0.3172318901445843,
aimnet2,4,above_10mev,0.05,204,40,244,0.244,14,rigid_force,total_budget,1.0,0.32429276014453995,
aimnet2,4,above_10mev,0.05,204,40,244,0.244,14,force_magnitude,total_budget,0.5,0.22224383463121028,
aimnet2,4,above_10mev,0.05,204,40,244,0.244,14,geometry_novelty,total_budget,1.0,0.3104507577285765,
aimnet2,4,above_10mev,0.05,204,40,244,0.244,14,random,total_budget,0.244,0.244,
aimnet2,4,above_10mev,0.05,204,40,244,0.244,14,reference_oracle,total_budget,1.0,0.4035232879553451,
aimnet2,4,above_25mev,0.05,204,40,244,0.244,0,net_force,shared_seed,,0.27981000297429526,
aimnet2,4,above_25mev,0.05,204,40,244,0.244,0,rigid_force,shared_seed,,0.28088878249031396,
aimnet2,4,above_25mev,0.05,204,40,244,0.244,0,force_magnitude,shared_seed,,0.2298501806000146,
aimnet2,4,above_25mev,0.05,204,40,244,0.244,0,geometry_novelty,shared_seed,,0.2676637251786711,
aimnet2,4,above_25mev,0.05,204,40,244,0.244,0,trees_log,shared_seed,,0.2834298601592791,
aimnet2,4,above_25mev,0.05,204,40,244,0.244,0,trees_raw,shared_seed,,0.28146101961829245,
aimnet2,4,above_25mev,0.05,204,40,244,0.244,0,trees_physics,shared_seed,,0.2791278628716964,
aimnet2,4,above_25mev,0.05,204,40,244,0.244,0,ridge,shared_seed,,0.2896886016718493,
aimnet2,4,above_25mev,0.05,204,40,244,0.244,0,mp_ridge,shared_seed,,0.29103471248464496,
aimnet2,4,above_25mev,0.05,204,40,244,0.244,0,reference_oracle,shared_seed,,0.31454713205594703,
aimnet2,4,above_25mev,0.05,204,40,244,0.244,0,random,shared_seed,,0.24617956415500017,
aimnet2,4,above_25mev,0.05,204,40,244,0.244,0,net_force,total_budget,,0.3172318901445843,
aimnet2,4,above_25mev,0.05,204,40,244,0.244,0,rigid_force,total_budget,,0.32429276014453995,
aimnet2,4,above_25mev,0.05,204,40,244,0.244,0,force_magnitude,total_budget,,0.22224383463121028,
aimnet2,4,above_25mev,0.05,204,40,244,0.244,0,geometry_novelty,total_budget,,0.3104507577285765,
aimnet2,4,above_25mev,0.05,204,40,244,0.244,0,random,total_budget,,0.244,
aimnet2,4,above_25mev,0.05,204,40,244,0.244,0,reference_oracle,total_budget,,0.4035232879553451,
aimnet2,4,worst_decile,0.1,204,80,284,0.284,100,net_force,shared_seed,0.69,0.33649372057519944,0.6125
aimnet2,4,worst_decile,0.1,204,80,284,0.284,100,rigid_force,shared_seed,0.74,0.33758058796772494,0.675
aimnet2,4,worst_decile,0.1,204,80,284,0.284,100,force_magnitude,shared_seed,0.29,0.2628695808415637,0.1125
aimnet2,4,worst_decile,0.1,204,80,284,0.284,100,geometry_novelty,shared_seed,0.54,0.3086042173856059,0.425
aimnet2,4,worst_decile,0.1,204,80,284,0.284,100,trees_log,shared_seed,0.75,0.3436601052609946,0.6875
aimnet2,4,worst_decile,0.1,204,80,284,0.284,100,trees_raw,shared_seed,0.76,0.3432565904755123,0.7
aimnet2,4,worst_decile,0.1,204,80,284,0.284,100,trees_physics,shared_seed,0.74,0.3402804733465341,0.675
aimnet2,4,worst_decile,0.1,204,80,284,0.284,100,ridge,shared_seed,0.76,0.35733108832586424,0.7
aimnet2,4,worst_decile,0.1,204,80,284,0.284,100,mp_ridge,shared_seed,0.76,0.3586918855405721,0.7
aimnet2,4,worst_decile,0.1,204,80,284,0.284,100,reference_oracle,shared_seed,1.0,0.37925448339697265,1.0
aimnet2,4,worst_decile,0.1,204,80,284,0.284,100,random,shared_seed,0.2804020100502512,0.2860642433002382,0.10050251256281408
aimnet2,4,worst_decile,0.1,204,80,284,0.284,100,net_force,total_budget,0.88,0.3503153787616301,
aimnet2,4,worst_decile,0.1,204,80,284,0.284,100,rigid_force,total_budget,0.95,0.3589738426674865,
aimnet2,4,worst_decile,0.1,204,80,284,0.284,100,force_magnitude,total_budget,0.33,0.25775220607832877,
aimnet2,4,worst_decile,0.1,204,80,284,0.284,100,geometry_novelty,total_budget,0.68,0.3458429001809397,
aimnet2,4,worst_decile,0.1,204,80,284,0.284,100,random,total_budget,0.284,0.284,
aimnet2,4,worst_decile,0.1,204,80,284,0.284,100,reference_oracle,total_budget,1.0,0.44959773857447716,
aimnet2,4,above_5mev,0.1,204,80,284,0.284,263,net_force,shared_seed,0.44106463878326996,0.33649372057519944,0.33181818181818185
aimnet2,4,above_5mev,0.1,204,80,284,0.284,263,rigid_force,shared_seed,0.4524714828897338,0.33758058796772494,0.34545454545454546
aimnet2,4,above_5mev,0.1,204,80,284,0.284,263,force_magnitude,shared_seed,0.2509505703422053,0.2628695808415637,0.10454545454545454
aimnet2,4,above_5mev,0.1,204,80,284,0.284,263,geometry_novelty,shared_seed,0.34220532319391633,0.3086042173856059,0.21363636363636362
aimnet2,4,above_5mev,0.1,204,80,284,0.284,263,trees_log,shared_seed,0.4524714828897338,0.3436601052609946,0.34545454545454546
aimnet2,4,above_5mev,0.1,204,80,284,0.284,263,trees_raw,shared_seed,0.4448669201520912,0.3432565904755123,0.33636363636363636
aimnet2,4,above_5mev,0.1,204,80,284,0.284,263,trees_physics,shared_seed,0.44866920152091255,0.3402804733465341,0.3409090909090909
aimnet2,4,above_5mev,0.1,204,80,284,0.284,263,ridge,shared_seed,0.44866920152091255,0.35733108832586424,0.3409090909090909
aimnet2,4,above_5mev,0.1,204,80,284,0.284,263,mp_ridge,shared_seed,0.45627376425855515,0.3586918855405721,0.35
aimnet2,4,above_5mev,0.1,204,80,284,0.284,263,reference_oracle,shared_seed,0.467680608365019,0.37925448339697265,0.36363636363636365
aimnet2,4,above_5mev,0.1,204,80,284,0.284,263,random,shared_seed,0.2475686416875251,0.2860642433002382,0.10050251256281408
aimnet2,4,above_5mev,0.1,204,80,284,0.284,263,net_force,total_budget,0.6045627376425855,0.3503153787616301,
aimnet2,4,above_5mev,0.1,204,80,284,0.284,263,rigid_force,total_budget,0.6806083650190115,0.3589738426674865,
aimnet2,4,above_5mev,0.1,204,80,284,0.284,263,force_magnitude,total_budget,0.3231939163498099,0.25775220607832877,
aimnet2,4,above_5mev,0.1,204,80,284,0.284,263,geometry_novelty,total_budget,0.4600760456273764,0.3458429001809397,
aimnet2,4,above_5mev,0.1,204,80,284,0.284,263,random,total_budget,0.284,0.284,
aimnet2,4,above_5mev,0.1,204,80,284,0.284,263,reference_oracle,total_budget,1.0,0.44959773857447716,
aimnet2,4,above_10mev,0.1,204,80,284,0.284,14,net_force,shared_seed,1.0,0.33649372057519944,1.0
aimnet2,4,above_10mev,0.1,204,80,284,0.284,14,rigid_force,shared_seed,1.0,0.33758058796772494,1.0
aimnet2,4,above_10mev,0.1,204,80,284,0.284,14,force_magnitude,shared_seed,0.2857142857142857,0.2628695808415637,0.09090909090909091
aimnet2,4,above_10mev,0.1,204,80,284,0.284,14,geometry_novelty,shared_seed,1.0,0.3086042173856059,1.0
aimnet2,4,above_10mev,0.1,204,80,284,0.284,14,trees_log,shared_seed,1.0,0.3436601052609946,1.0
aimnet2,4,above_10mev,0.1,204,80,284,0.284,14,trees_raw,shared_seed,1.0,0.3432565904755123,1.0
aimnet2,4,above_10mev,0.1,204,80,284,0.284,14,trees_physics,shared_seed,1.0,0.3402804733465341,1.0
aimnet2,4,above_10mev,0.1,204,80,284,0.284,14,ridge,shared_seed,1.0,0.35733108832586424,1.0
aimnet2,4,above_10mev,0.1,204,80,284,0.284,14,mp_ridge,shared_seed,0.9285714285714286,0.3586918855405721,0.9090909090909091
aimnet2,4,above_10mev,0.1,204,80,284,0.284,14,reference_oracle,shared_seed,1.0,0.37925448339697265,1.0
aimnet2,4,above_10mev,0.1,204,80,284,0.284,14,random,shared_seed,0.2932519741564968,0.2860642433002382,0.10050251256281408
aimnet2,4,above_10mev,0.1,204,80,284,0.284,14,net_force,total_budget,1.0,0.3503153787616301,
aimnet2,4,above_10mev,0.1,204,80,284,0.284,14,rigid_force,total_budget,1.0,0.3589738426674865,
aimnet2,4,above_10mev,0.1,204,80,284,0.284,14,force_magnitude,total_budget,0.5,0.25775220607832877,
aimnet2,4,above_10mev,0.1,204,80,284,0.284,14,geometry_novelty,total_budget,1.0,0.3458429001809397,
aimnet2,4,above_10mev,0.1,204,80,284,0.284,14,random,total_budget,0.284,0.284,
aimnet2,4,above_10mev,0.1,204,80,284,0.284,14,reference_oracle,total_budget,1.0,0.44959773857447716,
aimnet2,4,above_25mev,0.1,204,80,284,0.284,0,net_force,shared_seed,,0.33649372057519944,
aimnet2,4,above_25mev,0.1,204,80,284,0.284,0,rigid_force,shared_seed,,0.33758058796772494,
aimnet2,4,above_25mev,0.1,204,80,284,0.284,0,force_magnitude,shared_seed,,0.2628695808415637,
aimnet2,4,above_25mev,0.1,204,80,284,0.284,0,geometry_novelty,shared_seed,,0.3086042173856059,
aimnet2,4,above_25mev,0.1,204,80,284,0.284,0,trees_log,shared_seed,,0.3436601052609946,
aimnet2,4,above_25mev,0.1,204,80,284,0.284,0,trees_raw,shared_seed,,0.3432565904755123,
aimnet2,4,above_25mev,0.1,204,80,284,0.284,0,trees_physics,shared_seed,,0.3402804733465341,
aimnet2,4,above_25mev,0.1,204,80,284,0.284,0,ridge,shared_seed,,0.35733108832586424,
aimnet2,4,above_25mev,0.1,204,80,284,0.284,0,mp_ridge,shared_seed,,0.3586918855405721,
aimnet2,4,above_25mev,0.1,204,80,284,0.284,0,reference_oracle,shared_seed,,0.37925448339697265,
aimnet2,4,above_25mev,0.1,204,80,284,0.284,0,random,shared_seed,,0.2860642433002382,
aimnet2,4,above_25mev,0.1,204,80,284,0.284,0,net_force,total_budget,,0.3503153787616301,
aimnet2,4,above_25mev,0.1,204,80,284,0.284,0,rigid_force,total_budget,,0.3589738426674865,
aimnet2,4,above_25mev,0.1,204,80,284,0.284,0,force_magnitude,total_budget,,0.25775220607832877,
aimnet2,4,above_25mev,0.1,204,80,284,0.284,0,geometry_novelty,total_budget,,0.3458429001809397,
aimnet2,4,above_25mev,0.1,204,80,284,0.284,0,random,total_budget,,0.284,
aimnet2,4,above_25mev,0.1,204,80,284,0.284,0,reference_oracle,total_budget,,0.44959773857447716,
aimnet2,4,worst_decile,0.2,204,160,364,0.364,100,net_force,shared_seed,0.88,0.4339128908099929,0.85
aimnet2,4,worst_decile,0.2,204,160,364,0.364,100,rigid_force,shared_seed,0.91,0.43180889545160095,0.8875
aimnet2,4,worst_decile,0.2,204,160,364,0.364,100,force_magnitude,shared_seed,0.43,0.35082928742500663,0.2875
aimnet2,4,worst_decile,0.2,204,160,364,0.364,100,geometry_novelty,shared_seed,0.7,0.40985957614770335,0.625
aimnet2,4,worst_decile,0.2,204,160,364,0.364,100,trees_log,shared_seed,0.91,0.46123079231719755,0.8875
aimnet2,4,worst_decile,0.2,204,160,364,0.364,100,trees_raw,shared_seed,0.92,0.4563813833071892,0.9
aimnet2,4,worst_decile,0.2,204,160,364,0.364,100,trees_physics,shared_seed,0.91,0.4353425723111016,0.8875
aimnet2,4,worst_decile,0.2,204,160,364,0.364,100,ridge,shared_seed,0.92,0.46043605160514933,0.9
aimnet2,4,worst_decile,0.2,204,160,364,0.364,100,mp_ridge,shared_seed,0.91,0.46351957538950306,0.8875
aimnet2,4,worst_decile,0.2,204,160,364,0.364,100,reference_oracle,shared_seed,1.0,0.48290027199671953,1.0
aimnet2,4,worst_decile,0.2,204,160,364,0.364,100,random,shared_seed,0.3608040201005025,0.36583360159071443,0.20100502512562815
aimnet2,4,worst_decile,0.2,204,160,364,0.364,100,net_force,total_budget,0.89,0.4250502664943142,
aimnet2,4,worst_decile,0.2,204,160,364,0.364,100,rigid_force,total_budget,0.96,0.42821697628866995,
aimnet2,4,worst_decile,0.2,204,160,364,0.364,100,force_magnitude,total_budget,0.43,0.3413971319266684,
aimnet2,4,worst_decile,0.2,204,160,364,0.364,100,geometry_novelty,total_budget,0.78,0.42705254316417846,
aimnet2,4,worst_decile,0.2,204,160,364,0.364,100,random,total_budget,0.364,0.364,
aimnet2,4,worst_decile,0.2,204,160,364,0.364,100,reference_oracle,total_budget,1.0,0.5387887124105434,
aimnet2,4,above_5mev,0.2,204,160,364,0.364,263,net_force,shared_seed,0.6121673003802282,0.4339128908099929,0.5363636363636364
aimnet2,4,above_5mev,0.2,204,160,364,0.364,263,rigid_force,shared_seed,0.6387832699619772,0.43180889545160095,0.5681818181818182
aimnet2,4,above_5mev,0.2,204,160,364,0.364,263,force_magnitude,shared_seed,0.3688212927756654,0.35082928742500663,0.24545454545454545
aimnet2,4,above_5mev,0.2,204,160,364,0.364,263,geometry_novelty,shared_seed,0.4828897338403042,0.40985957614770335,0.38181818181818183
aimnet2,4,above_5mev,0.2,204,160,364,0.364,263,trees_log,shared_seed,0.6577946768060836,0.46123079231719755,0.5909090909090909
aimnet2,4,above_5mev,0.2,204,160,364,0.364,263,trees_raw,shared_seed,0.6501901140684411,0.4563813833071892,0.5818181818181818
aimnet2,4,above_5mev,0.2,204,160,364,0.364,263,trees_physics,shared_seed,0.6463878326996197,0.4353425723111016,0.5772727272727273
aimnet2,4,above_5mev,0.2,204,160,364,0.364,263,ridge,shared_seed,0.6387832699619772,0.46043605160514933,0.5681818181818182
aimnet2,4,above_5mev,0.2,204,160,364,0.364,263,mp_ridge,shared_seed,0.6349809885931559,0.46351957538950306,0.5636363636363636
aimnet2,4,above_5mev,0.2,204,160,364,0.364,263,reference_oracle,shared_seed,0.7718631178707225,0.48290027199671953,0.7272727272727273
aimnet2,4,above_5mev,0.2,204,160,364,0.364,263,random,shared_seed,0.3316391845157346,0.36583360159071443,0.20100502512562815
aimnet2,4,above_5mev,0.2,204,160,364,0.364,263,net_force,total_budget,0.6768060836501901,0.4250502664943142,
aimnet2,4,above_5mev,0.2,204,160,364,0.364,263,rigid_force,total_budget,0.7490494296577946,0.42821697628866995,
aimnet2,4,above_5mev,0.2,204,160,364,0.364,263,force_magnitude,total_budget,0.42585551330798477,0.3413971319266684,
aimnet2,4,above_5mev,0.2,204,160,364,0.364,263,geometry_novelty,total_budget,0.5703422053231939,0.42705254316417846,
aimnet2,4,above_5mev,0.2,204,160,364,0.364,263,random,total_budget,0.364,0.364,
aimnet2,4,above_5mev,0.2,204,160,364,0.364,263,reference_oracle,total_budget,1.0,0.5387887124105434,
aimnet2,4,above_10mev,0.2,204,160,364,0.364,14,net_force,shared_seed,1.0,0.4339128908099929,1.0
aimnet2,4,above_10mev,0.2,204,160,364,0.364,14,rigid_force,shared_seed,1.0,0.43180889545160095,1.0
aimnet2,4,above_10mev,0.2,204,160,364,0.364,14,force_magnitude,shared_seed,0.5,0.35082928742500663,0.36363636363636365
aimnet2,4,above_10mev,0.2,204,160,364,0.364,14,geometry_novelty,shared_seed,1.0,0.40985957614770335,1.0
aimnet2,4,above_10mev,0.2,204,160,364,0.364,14,trees_log,shared_seed,1.0,0.46123079231719755,1.0
aimnet2,4,above_10mev,0.2,204,160,364,0.364,14,trees_raw,shared_seed,1.0,0.4563813833071892,1.0
aimnet2,4,above_10mev,0.2,204,160,364,0.364,14,trees_physics,shared_seed,1.0,0.4353425723111016,1.0
aimnet2,4,above_10mev,0.2,204,160,364,0.364,14,ridge,shared_seed,1.0,0.46043605160514933,1.0
aimnet2,4,above_10mev,0.2,204,160,364,0.364,14,mp_ridge,shared_seed,1.0,0.46351957538950306,1.0
aimnet2,4,above_10mev,0.2,204,160,364,0.364,14,reference_oracle,shared_seed,1.0,0.48290027199671953,1.0
aimnet2,4,above_10mev,0.2,204,160,364,0.364,14,random,shared_seed,0.3722182340272792,0.36583360159071443,0.20100502512562815
aimnet2,4,above_10mev,0.2,204,160,364,0.364,14,net_force,total_budget,1.0,0.4250502664943142,
aimnet2,4,above_10mev,0.2,204,160,364,0.364,14,rigid_force,total_budget,1.0,0.42821697628866995,
aimnet2,4,above_10mev,0.2,204,160,364,0.364,14,force_magnitude,total_budget,0.5714285714285714,0.3413971319266684,
aimnet2,4,above_10mev,0.2,204,160,364,0.364,14,geometry_novelty,total_budget,1.0,0.42705254316417846,
aimnet2,4,above_10mev,0.2,204,160,364,0.364,14,random,total_budget,0.364,0.364,
aimnet2,4,above_10mev,0.2,204,160,364,0.364,14,reference_oracle,total_budget,1.0,0.5387887124105434,
aimnet2,4,above_25mev,0.2,204,160,364,0.364,0,net_force,shared_seed,,0.4339128908099929,
aimnet2,4,above_25mev,0.2,204,160,364,0.364,0,rigid_force,shared_seed,,0.43180889545160095,
aimnet2,4,above_25mev,0.2,204,160,364,0.364,0,force_magnitude,shared_seed,,0.35082928742500663,
aimnet2,4,above_25mev,0.2,204,160,364,0.364,0,geometry_novelty,shared_seed,,0.40985957614770335,
aimnet2,4,above_25mev,0.2,204,160,364,0.364,0,trees_log,shared_seed,,0.46123079231719755,
aimnet2,4,above_25mev,0.2,204,160,364,0.364,0,trees_raw,shared_seed,,0.4563813833071892,
aimnet2,4,above_25mev,0.2,204,160,364,0.364,0,trees_physics,shared_seed,,0.4353425723111016,
aimnet2,4,above_25mev,0.2,204,160,364,0.364,0,ridge,shared_seed,,0.46043605160514933,
aimnet2,4,above_25mev,0.2,204,160,364,0.364,0,mp_ridge,shared_seed,,0.46351957538950306,
aimnet2,4,above_25mev,0.2,204,160,364,0.364,0,reference_oracle,shared_seed,,0.48290027199671953,
aimnet2,4,above_25mev,0.2,204,160,364,0.364,0,random,shared_seed,,0.36583360159071443,
aimnet2,4,above_25mev,0.2,204,160,364,0.364,0,net_force,total_budget,,0.4250502664943142,
aimnet2,4,above_25mev,0.2,204,160,364,0.364,0,rigid_force,total_budget,,0.42821697628866995,
aimnet2,4,above_25mev,0.2,204,160,364,0.364,0,force_magnitude,total_budget,,0.3413971319266684,
aimnet2,4,above_25mev,0.2,204,160,364,0.364,0,geometry_novelty,total_budget,,0.42705254316417846,
aimnet2,4,above_25mev,0.2,204,160,364,0.364,0,random,total_budget,,0.364,
aimnet2,4,above_25mev,0.2,204,160,364,0.364,0,reference_oracle,total_budget,,0.5387887124105434,
aimnet2,4,worst_decile,0.3,204,239,443,0.443,100,net_force,shared_seed,0.91,0.5015199936725726,0.8875
aimnet2,4,worst_decile,0.3,204,239,443,0.443,100,rigid_force,shared_seed,0.97,0.5084391780974715,0.9625
aimnet2,4,worst_decile,0.3,204,239,443,0.443,100,force_magnitude,shared_seed,0.46,0.42323415883187926,0.325
aimnet2,4,worst_decile,0.3,204,239,443,0.443,100,geometry_novelty,shared_seed,0.76,0.49102174605464805,0.7
aimnet2,4,worst_decile,0.3,204,239,443,0.443,100,trees_log,shared_seed,0.96,0.5554742243633644,0.95
aimnet2,4,worst_decile,0.3,204,239,443,0.443,100,trees_raw,shared_seed,0.98,0.5462761382026238,0.975
aimnet2,4,worst_decile,0.3,204,239,443,0.443,100,trees_physics,shared_seed,0.99,0.5088005620593128,0.9875
aimnet2,4,worst_decile,0.3,204,239,443,0.443,100,ridge,shared_seed,0.98,0.5479337312655874,0.975
aimnet2,4,worst_decile,0.3,204,239,443,0.443,100,mp_ridge,shared_seed,0.95,0.5511543161039267,0.9375
aimnet2,4,worst_decile,0.3,204,239,443,0.443,100,reference_oracle,shared_seed,1.0,0.5754977428725353,1.0
aimnet2,4,worst_decile,0.3,204,239,443,0.443,100,random,shared_seed,0.4402010050251256,0.4446058429025596,0.30025125628140703
aimnet2,4,worst_decile,0.3,204,239,443,0.443,100,net_force,total_budget,0.9,0.49496685482845887,
aimnet2,4,worst_decile,0.3,204,239,443,0.443,100,rigid_force,total_budget,0.97,0.5091596485162289,
aimnet2,4,worst_decile,0.3,204,239,443,0.443,100,force_magnitude,total_budget,0.54,0.4263453074372262,
aimnet2,4,worst_decile,0.3,204,239,443,0.443,100,geometry_novelty,total_budget,0.83,0.5082388868293192,
aimnet2,4,worst_decile,0.3,204,239,443,0.443,100,random,total_budget,0.443,0.443,
aimnet2,4,worst_decile,0.3,204,239,443,0.443,100,reference_oracle,total_budget,1.0,0.6149806071481996,
aimnet2,4,above_5mev,0.3,204,239,443,0.443,263,net_force,shared_seed,0.6806083650190115,0.5015199936725726,0.6181818181818182
aimnet2,4,above_5mev,0.3,204,239,443,0.443,263,rigid_force,shared_seed,0.7452471482889734,0.5084391780974715,0.6954545454545454
aimnet2,4,above_5mev,0.3,204,239,443,0.443,263,force_magnitude,shared_seed,0.45627376425855515,0.42323415883187926,0.35
aimnet2,4,above_5mev,0.3,204,239,443,0.443,263,geometry_novelty,shared_seed,0.5741444866920152,0.49102174605464805,0.4909090909090909
aimnet2,4,above_5mev,0.3,204,239,443,0.443,263,trees_log,shared_seed,0.7642585551330798,0.5554742243633644,0.7181818181818181
aimnet2,4,above_5mev,0.3,204,239,443,0.443,263,trees_raw,shared_seed,0.7642585551330798,0.5462761382026238,0.7181818181818181
aimnet2,4,above_5mev,0.3,204,239,443,0.443,263,trees_physics,shared_seed,0.7300380228136882,0.5088005620593128,0.6772727272727272
aimnet2,4,above_5mev,0.3,204,239,443,0.443,263,ridge,shared_seed,0.7870722433460076,0.5479337312655874,0.7454545454545455
aimnet2,4,above_5mev,0.3,204,239,443,0.443,263,mp_ridge,shared_seed,0.7490494296577946,0.5511543161039267,0.7
aimnet2,4,above_5mev,0.3,204,239,443,0.443,263,reference_oracle,shared_seed,1.0,0.5754977428725353,1.0
aimnet2,4,above_5mev,0.3,204,239,443,0.443,263,random,shared_seed,0.41465884555859145,0.4446058429025596,0.30025125628140703
aimnet2,4,above_5mev,0.3,204,239,443,0.443,263,net_force,total_budget,0.7262357414448669,0.49496685482845887,
aimnet2,4,above_5mev,0.3,204,239,443,0.443,263,rigid_force,total_budget,0.8136882129277566,0.5091596485162289,
aimnet2,4,above_5mev,0.3,204,239,443,0.443,263,force_magnitude,total_budget,0.49809885931558934,0.4263453074372262,
aimnet2,4,above_5mev,0.3,204,239,443,0.443,263,geometry_novelty,total_budget,0.6387832699619772,0.5082388868293192,
aimnet2,4,above_5mev,0.3,204,239,443,0.443,263,random,total_budget,0.443,0.443,
aimnet2,4,above_5mev,0.3,204,239,443,0.443,263,reference_oracle,total_budget,1.0,0.6149806071481996,
aimnet2,4,above_10mev,0.3,204,239,443,0.443,14,net_force,shared_seed,1.0,0.5015199936725726,1.0
aimnet2,4,above_10mev,0.3,204,239,443,0.443,14,rigid_force,shared_seed,1.0,0.5084391780974715,1.0
aimnet2,4,above_10mev,0.3,204,239,443,0.443,14,force_magnitude,shared_seed,0.5714285714285714,0.42323415883187926,0.45454545454545453
aimnet2,4,above_10mev,0.3,204,239,443,0.443,14,geometry_novelty,shared_seed,1.0,0.49102174605464805,1.0
aimnet2,4,above_10mev,0.3,204,239,443,0.443,14,trees_log,shared_seed,1.0,0.5554742243633644,1.0
aimnet2,4,above_10mev,0.3,204,239,443,0.443,14,trees_raw,shared_seed,1.0,0.5462761382026238,1.0
aimnet2,4,above_10mev,0.3,204,239,443,0.443,14,trees_physics,shared_seed,1.0,0.5088005620593128,1.0
aimnet2,4,above_10mev,0.3,204,239,443,0.443,14,ridge,shared_seed,1.0,0.5479337312655874,1.0
aimnet2,4,above_10mev,0.3,204,239,443,0.443,14,mp_ridge,shared_seed,1.0,0.5511543161039267,1.0
aimnet2,4,above_10mev,0.3,204,239,443,0.443,14,reference_oracle,shared_seed,1.0,0.5754977428725353,1.0
aimnet2,4,above_10mev,0.3,204,239,443,0.443,14,random,shared_seed,0.45019741564967697,0.4446058429025596,0.30025125628140703
aimnet2,4,above_10mev,0.3,204,239,443,0.443,14,net_force,total_budget,1.0,0.49496685482845887,
aimnet2,4,above_10mev,0.3,204,239,443,0.443,14,rigid_force,total_budget,1.0,0.5091596485162289,
aimnet2,4,above_10mev,0.3,204,239,443,0.443,14,force_magnitude,total_budget,0.5714285714285714,0.4263453074372262,
aimnet2,4,above_10mev,0.3,204,239,443,0.443,14,geometry_novelty,total_budget,1.0,0.5082388868293192,
aimnet2,4,above_10mev,0.3,204,239,443,0.443,14,random,total_budget,0.443,0.443,
aimnet2,4,above_10mev,0.3,204,239,443,0.443,14,reference_oracle,total_budget,1.0,0.6149806071481996,
aimnet2,4,above_25mev,0.3,204,239,443,0.443,0,net_force,shared_seed,,0.5015199936725726,
aimnet2,4,above_25mev,0.3,204,239,443,0.443,0,rigid_force,shared_seed,,0.5084391780974715,
aimnet2,4,above_25mev,0.3,204,239,443,0.443,0,force_magnitude,shared_seed,,0.42323415883187926,
aimnet2,4,above_25mev,0.3,204,239,443,0.443,0,geometry_novelty,shared_seed,,0.49102174605464805,
aimnet2,4,above_25mev,0.3,204,239,443,0.443,0,trees_log,shared_seed,,0.5554742243633644,
aimnet2,4,above_25mev,0.3,204,239,443,0.443,0,trees_raw,shared_seed,,0.5462761382026238,
aimnet2,4,above_25mev,0.3,204,239,443,0.443,0,trees_physics,shared_seed,,0.5088005620593128,
aimnet2,4,above_25mev,0.3,204,239,443,0.443,0,ridge,shared_seed,,0.5479337312655874,
aimnet2,4,above_25mev,0.3,204,239,443,0.443,0,mp_ridge,shared_seed,,0.5511543161039267,
aimnet2,4,above_25mev,0.3,204,239,443,0.443,0,reference_oracle,shared_seed,,0.5754977428725353,
aimnet2,4,above_25mev,0.3,204,239,443,0.443,0,random,shared_seed,,0.4446058429025596,
aimnet2,4,above_25mev,0.3,204,239,443,0.443,0,net_force,total_budget,,0.49496685482845887,
aimnet2,4,above_25mev,0.3,204,239,443,0.443,0,rigid_force,total_budget,,0.5091596485162289,
aimnet2,4,above_25mev,0.3,204,239,443,0.443,0,force_magnitude,total_budget,,0.4263453074372262,
aimnet2,4,above_25mev,0.3,204,239,443,0.443,0,geometry_novelty,total_budget,,0.5082388868293192,
aimnet2,4,above_25mev,0.3,204,239,443,0.443,0,random,total_budget,,0.443,
aimnet2,4,above_25mev,0.3,204,239,443,0.443,0,reference_oracle,total_budget,,0.6149806071481996,
aimnet2,4,worst_decile,0.5,204,398,602,0.602,100,net_force,shared_seed,0.93,0.644082794836167,0.9125
aimnet2,4,worst_decile,0.5,204,398,602,0.602,100,rigid_force,shared_seed,0.98,0.6540686151356015,0.975
aimnet2,4,worst_decile,0.5,204,398,602,0.602,100,force_magnitude,shared_seed,0.68,0.5893520940139083,0.6
aimnet2,4,worst_decile,0.5,204,398,602,0.602,100,geometry_novelty,shared_seed,0.88,0.6533365179175284,0.85
aimnet2,4,worst_decile,0.5,204,398,602,0.602,100,trees_log,shared_seed,0.99,0.7190917346019727,0.9875
aimnet2,4,worst_decile,0.5,204,398,602,0.602,100,trees_raw,shared_seed,1.0,0.7113457678537516,1.0
aimnet2,4,worst_decile,0.5,204,398,602,0.602,100,trees_physics,shared_seed,0.99,0.6518696507523182,0.9875
aimnet2,4,worst_decile,0.5,204,398,602,0.602,100,ridge,shared_seed,1.0,0.7007040468187784,1.0
aimnet2,4,worst_decile,0.5,204,398,602,0.602,100,mp_ridge,shared_seed,0.96,0.7011940157326175,0.95
aimnet2,4,worst_decile,0.5,204,398,602,0.602,100,reference_oracle,shared_seed,1.0,0.7347774161755437,1.0
aimnet2,4,worst_decile,0.5,204,398,602,0.602,100,random,shared_seed,0.6,0.6031474425048811,0.5
aimnet2,4,worst_decile,0.5,204,398,602,0.602,100,net_force,total_budget,0.93,0.6362240344680983,
aimnet2,4,worst_decile,0.5,204,398,602,0.602,100,rigid_force,total_budget,0.99,0.6479357889752239,
aimnet2,4,worst_decile,0.5,204,398,602,0.602,100,force_magnitude,total_budget,0.72,0.5880595735115611,
aimnet2,4,worst_decile,0.5,204,398,602,0.602,100,geometry_novelty,total_budget,0.9,0.6597383876662655,
aimnet2,4,worst_decile,0.5,204,398,602,0.602,100,random,total_budget,0.602,0.602,
aimnet2,4,worst_decile,0.5,204,398,602,0.602,100,reference_oracle,total_budget,1.0,0.7628149398604552,
aimnet2,4,above_5mev,0.5,204,398,602,0.602,263,net_force,shared_seed,0.7984790874524715,0.644082794836167,0.759090909090909
aimnet2,4,above_5mev,0.5,204,398,602,0.602,263,rigid_force,shared_seed,0.8669201520912547,0.6540686151356015,0.8409090909090909
aimnet2,4,above_5mev,0.5,204,398,602,0.602,263,force_magnitude,shared_seed,0.6349809885931559,0.5893520940139083,0.5636363636363636
aimnet2,4,above_5mev,0.5,204,398,602,0.602,263,geometry_novelty,shared_seed,0.7376425855513308,0.6533365179175284,0.6863636363636364
aimnet2,4,above_5mev,0.5,204,398,602,0.602,263,trees_log,shared_seed,0.870722433460076,0.7190917346019727,0.8454545454545455
aimnet2,4,above_5mev,0.5,204,398,602,0.602,263,trees_raw,shared_seed,0.8935361216730038,0.7113457678537516,0.8727272727272727
aimnet2,4,above_5mev,0.5,204,398,602,0.602,263,trees_physics,shared_seed,0.8593155893536122,0.6518696507523182,0.8318181818181818
aimnet2,4,above_5mev,0.5,204,398,602,0.602,263,ridge,shared_seed,0.8897338403041825,0.7007040468187784,0.8681818181818182
aimnet2,4,above_5mev,0.5,204,398,602,0.602,263,mp_ridge,shared_seed,0.8517110266159695,0.7011940157326175,0.8227272727272728
aimnet2,4,above_5mev,0.5,204,398,602,0.602,263,reference_oracle,shared_seed,1.0,0.7347774161755437,1.0
aimnet2,4,above_5mev,0.5,204,398,602,0.602,263,random,shared_seed,0.5817490494296578,0.6031474425048811,0.5
aimnet2,4,above_5mev,0.5,204,398,602,0.602,263,net_force,total_budget,0.8136882129277566,0.6362240344680983,
aimnet2,4,above_5mev,0.5,204,398,602,0.602,263,rigid_force,total_budget,0.8897338403041825,0.6479357889752239,
aimnet2,4,above_5mev,0.5,204,398,602,0.602,263,force_magnitude,total_budget,0.6920152091254753,0.5880595735115611,
aimnet2,4,above_5mev,0.5,204,398,602,0.602,263,geometry_novelty,total_budget,0.7832699619771863,0.6597383876662655,
aimnet2,4,above_5mev,0.5,204,398,602,0.602,263,random,total_budget,0.602,0.602,
aimnet2,4,above_5mev,0.5,204,398,602,0.602,263,reference_oracle,total_budget,1.0,0.7628149398604552,
aimnet2,4,above_10mev,0.5,204,398,602,0.602,14,net_force,shared_seed,1.0,0.644082794836167,1.0
aimnet2,4,above_10mev,0.5,204,398,602,0.602,14,rigid_force,shared_seed,1.0,0.6540686151356015,1.0
aimnet2,4,above_10mev,0.5,204,398,602,0.602,14,force_magnitude,shared_seed,0.6428571428571429,0.5893520940139083,0.5454545454545454
aimnet2,4,above_10mev,0.5,204,398,602,0.602,14,geometry_novelty,shared_seed,1.0,0.6533365179175284,1.0
aimnet2,4,above_10mev,0.5,204,398,602,0.602,14,trees_log,shared_seed,1.0,0.7190917346019727,1.0
aimnet2,4,above_10mev,0.5,204,398,602,0.602,14,trees_raw,shared_seed,1.0,0.7113457678537516,1.0
aimnet2,4,above_10mev,0.5,204,398,602,0.602,14,trees_physics,shared_seed,1.0,0.6518696507523182,1.0
aimnet2,4,above_10mev,0.5,204,398,602,0.602,14,ridge,shared_seed,1.0,0.7007040468187784,1.0
aimnet2,4,above_10mev,0.5,204,398,602,0.602,14,mp_ridge,shared_seed,1.0,0.7011940157326175,1.0
aimnet2,4,above_10mev,0.5,204,398,602,0.602,14,reference_oracle,shared_seed,1.0,0.7347774161755437,1.0
aimnet2,4,above_10mev,0.5,204,398,602,0.602,14,random,shared_seed,0.6071428571428571,0.6031474425048811,0.5
aimnet2,4,above_10mev,0.5,204,398,602,0.602,14,net_force,total_budget,1.0,0.6362240344680983,
aimnet2,4,above_10mev,0.5,204,398,602,0.602,14,rigid_force,total_budget,1.0,0.6479357889752239,
aimnet2,4,above_10mev,0.5,204,398,602,0.602,14,force_magnitude,total_budget,0.7142857142857143,0.5880595735115611,
aimnet2,4,above_10mev,0.5,204,398,602,0.602,14,geometry_novelty,total_budget,1.0,0.6597383876662655,
aimnet2,4,above_10mev,0.5,204,398,602,0.602,14,random,total_budget,0.602,0.602,
aimnet2,4,above_10mev,0.5,204,398,602,0.602,14,reference_oracle,total_budget,1.0,0.7628149398604552,
aimnet2,4,above_25mev,0.5,204,398,602,0.602,0,net_force,shared_seed,,0.644082794836167,
aimnet2,4,above_25mev,0.5,204,398,602,0.602,0,rigid_force,shared_seed,,0.6540686151356015,
aimnet2,4,above_25mev,0.5,204,398,602,0.602,0,force_magnitude,shared_seed,,0.5893520940139083,
aimnet2,4,above_25mev,0.5,204,398,602,0.602,0,geometry_novelty,shared_seed,,0.6533365179175284,
aimnet2,4,above_25mev,0.5,204,398,602,0.602,0,trees_log,shared_seed,,0.7190917346019727,
aimnet2,4,above_25mev,0.5,204,398,602,0.602,0,trees_raw,shared_seed,,0.7113457678537516,
aimnet2,4,above_25mev,0.5,204,398,602,0.602,0,trees_physics,shared_seed,,0.6518696507523182,
aimnet2,4,above_25mev,0.5,204,398,602,0.602,0,ridge,shared_seed,,0.7007040468187784,
aimnet2,4,above_25mev,0.5,204,398,602,0.602,0,mp_ridge,shared_seed,,0.7011940157326175,
aimnet2,4,above_25mev,0.5,204,398,602,0.602,0,reference_oracle,shared_seed,,0.7347774161755437,
aimnet2,4,above_25mev,0.5,204,398,602,0.602,0,random,shared_seed,,0.6031474425048811,
aimnet2,4,above_25mev,0.5,204,398,602,0.602,0,net_force,total_budget,,0.6362240344680983,
aimnet2,4,above_25mev,0.5,204,398,602,0.602,0,rigid_force,total_budget,,0.6479357889752239,
aimnet2,4,above_25mev,0.5,204,398,602,0.602,0,force_magnitude,total_budget,,0.5880595735115611,
aimnet2,4,above_25mev,0.5,204,398,602,0.602,0,geometry_novelty,total_budget,,0.6597383876662655,
aimnet2,4,above_25mev,0.5,204,398,602,0.602,0,random,total_budget,,0.602,
aimnet2,4,above_25mev,0.5,204,398,602,0.602,0,reference_oracle,total_budget,,0.7628149398604552,
transition1x,0,worst_decile,0.01,166,9,175,0.175,100,net_force,shared_seed,0.17,0.003941216735291455,0.023529411764705882
transition1x,0,worst_decile,0.01,166,9,175,0.175,100,rigid_force,shared_seed,0.18,0.003960113582157354,0.03529411764705882
transition1x,0,worst_decile,0.01,166,9,175,0.175,100,force_magnitude,shared_seed,0.18,0.9813865429102944,0.03529411764705882
transition1x,0,worst_decile,0.01,166,9,175,0.175,100,geometry_novelty,shared_seed,0.2,0.003887813114716154,0.058823529411764705
transition1x,0,worst_decile,0.01,166,9,175,0.175,100,trees_log,shared_seed,0.18,0.0039048046086413643,0.03529411764705882
transition1x,0,worst_decile,0.01,166,9,175,0.175,100,trees_raw,shared_seed,0.19,0.003924738517135459,0.047058823529411764
transition1x,0,worst_decile,0.01,166,9,175,0.175,100,trees_physics,shared_seed,0.16,0.0038846333770382996,0.011764705882352941
transition1x,0,worst_decile,0.01,166,9,175,0.175,100,ridge,shared_seed,0.18,0.0039258561807249065,0.03529411764705882
transition1x,0,worst_decile,0.01,166,9,175,0.175,100,mp_ridge,shared_seed,0.19,0.0039744265328142845,0.047058823529411764
transition1x,0,worst_decile,0.01,166,9,175,0.175,100,reference_oracle,shared_seed,0.24,0.9816242641963149,0.10588235294117647
transition1x,0,worst_decile,0.01,166,9,175,0.175,100,random,shared_seed,0.15917266187050358,0.014451840130472779,0.01079136690647482
transition1x,0,worst_decile,0.01,166,9,175,0.175,100,net_force,total_budget,0.17,0.004150492262640924,
transition1x,0,worst_decile,0.01,166,9,175,0.175,100,rigid_force,total_budget,0.22,0.004256338090012275,
transition1x,0,worst_decile,0.01,166,9,175,0.175,100,force_magnitude,total_budget,0.16,0.9810927808730289,
transition1x,0,worst_decile,0.01,166,9,175,0.175,100,geometry_novelty,total_budget,0.22,0.0037195031694762155,
transition1x,0,worst_decile,0.01,166,9,175,0.175,100,random,total_budget,0.175,0.175,
transition1x,0,worst_decile,0.01,166,9,175,0.175,100,reference_oracle,total_budget,1.0,0.9839190852160254,
transition1x,0,above_5mev,0.01,166,9,175,0.175,104,net_force,shared_seed,0.17307692307692307,0.003941216735291455,0.022727272727272728
transition1x,0,above_5mev,0.01,166,9,175,0.175,104,rigid_force,shared_seed,0.18269230769230768,0.003960113582157354,0.03409090909090909
transition1x,0,above_5mev,0.01,166,9,175,0.175,104,force_magnitude,shared_seed,0.18269230769230768,0.9813865429102944,0.03409090909090909
transition1x,0,above_5mev,0.01,166,9,175,0.175,104,geometry_novelty,shared_seed,0.20192307692307693,0.003887813114716154,0.056818181818181816
transition1x,0,above_5mev,0.01,166,9,175,0.175,104,trees_log,shared_seed,0.18269230769230768,0.0039048046086413643,0.03409090909090909
transition1x,0,above_5mev,0.01,166,9,175,0.175,104,trees_raw,shared_seed,0.19230769230769232,0.003924738517135459,0.045454545454545456
transition1x,0,above_5mev,0.01,166,9,175,0.175,104,trees_physics,shared_seed,0.16346153846153846,0.0038846333770382996,0.011363636363636364
transition1x,0,above_5mev,0.01,166,9,175,0.175,104,ridge,shared_seed,0.18269230769230768,0.0039258561807249065,0.03409090909090909
transition1x,0,above_5mev,0.01,166,9,175,0.175,104,mp_ridge,shared_seed,0.19230769230769232,0.0039744265328142845,0.045454545454545456
transition1x,0,above_5mev,0.01,166,9,175,0.175,104,reference_oracle,shared_seed,0.2403846153846154,0.9816242641963149,0.10227272727272728
transition1x,0,above_5mev,0.01,166,9,175,0.175,104,random,shared_seed,0.16297731045932487,0.014451840130472779,0.01079136690647482
transition1x,0,above_5mev,0.01,166,9,175,0.175,104,net_force,total_budget,0.18269230769230768,0.004150492262640924,
transition1x,0,above_5mev,0.01,166,9,175,0.175,104,rigid_force,total_budget,0.22115384615384615,0.004256338090012275,
transition1x,0,above_5mev,0.01,166,9,175,0.175,104,force_magnitude,total_budget,0.15384615384615385,0.9810927808730289,
transition1x,0,above_5mev,0.01,166,9,175,0.175,104,geometry_novelty,total_budget,0.21153846153846154,0.0037195031694762155,
transition1x,0,above_5mev,0.01,166,9,175,0.175,104,random,total_budget,0.175,0.175,
transition1x,0,above_5mev,0.01,166,9,175,0.175,104,reference_oracle,total_budget,1.0,0.9839190852160254,
transition1x,0,above_10mev,0.01,166,9,175,0.175,1,net_force,shared_seed,0.0,0.003941216735291455,0.0
transition1x,0,above_10mev,0.01,166,9,175,0.175,1,rigid_force,shared_seed,0.0,0.003960113582157354,0.0
transition1x,0,above_10mev,0.01,166,9,175,0.175,1,force_magnitude,shared_seed,1.0,0.9813865429102944,1.0
transition1x,0,above_10mev,0.01,166,9,175,0.175,1,geometry_novelty,shared_seed,0.0,0.003887813114716154,0.0
transition1x,0,above_10mev,0.01,166,9,175,0.175,1,trees_log,shared_seed,0.0,0.0039048046086413643,0.0
transition1x,0,above_10mev,0.01,166,9,175,0.175,1,trees_raw,shared_seed,0.0,0.003924738517135459,0.0
transition1x,0,above_10mev,0.01,166,9,175,0.175,1,trees_physics,shared_seed,0.0,0.0038846333770382996,0.0
transition1x,0,above_10mev,0.01,166,9,175,0.175,1,ridge,shared_seed,0.0,0.0039258561807249065,0.0
transition1x,0,above_10mev,0.01,166,9,175,0.175,1,mp_ridge,shared_seed,0.0,0.0039744265328142845,0.0
transition1x,0,above_10mev,0.01,166,9,175,0.175,1,reference_oracle,shared_seed,1.0,0.9816242641963149,1.0
transition1x,0,above_10mev,0.01,166,9,175,0.175,1,random,shared_seed,0.01079136690647482,0.014451840130472779,0.01079136690647482
transition1x,0,above_10mev,0.01,166,9,175,0.175,1,net_force,total_budget,0.0,0.004150492262640924,
transition1x,0,above_10mev,0.01,166,9,175,0.175,1,rigid_force,total_budget,0.0,0.004256338090012275,
transition1x,0,above_10mev,0.01,166,9,175,0.175,1,force_magnitude,total_budget,1.0,0.9810927808730289,
transition1x,0,above_10mev,0.01,166,9,175,0.175,1,geometry_novelty,total_budget,0.0,0.0037195031694762155,
transition1x,0,above_10mev,0.01,166,9,175,0.175,1,random,total_budget,0.175,0.175,
transition1x,0,above_10mev,0.01,166,9,175,0.175,1,reference_oracle,total_budget,1.0,0.9839190852160254,
transition1x,0,above_25mev,0.01,166,9,175,0.175,1,net_force,shared_seed,0.0,0.003941216735291455,0.0
transition1x,0,above_25mev,0.01,166,9,175,0.175,1,rigid_force,shared_seed,0.0,0.003960113582157354,0.0
transition1x,0,above_25mev,0.01,166,9,175,0.175,1,force_magnitude,shared_seed,1.0,0.9813865429102944,1.0
transition1x,0,above_25mev,0.01,166,9,175,0.175,1,geometry_novelty,shared_seed,0.0,0.003887813114716154,0.0
transition1x,0,above_25mev,0.01,166,9,175,0.175,1,trees_log,shared_seed,0.0,0.0039048046086413643,0.0
transition1x,0,above_25mev,0.01,166,9,175,0.175,1,trees_raw,shared_seed,0.0,0.003924738517135459,0.0
transition1x,0,above_25mev,0.01,166,9,175,0.175,1,trees_physics,shared_seed,0.0,0.0038846333770382996,0.0
transition1x,0,above_25mev,0.01,166,9,175,0.175,1,ridge,shared_seed,0.0,0.0039258561807249065,0.0
transition1x,0,above_25mev,0.01,166,9,175,0.175,1,mp_ridge,shared_seed,0.0,0.0039744265328142845,0.0
transition1x,0,above_25mev,0.01,166,9,175,0.175,1,reference_oracle,shared_seed,1.0,0.9816242641963149,1.0
transition1x,0,above_25mev,0.01,166,9,175,0.175,1,random,shared_seed,0.01079136690647482,0.014451840130472779,0.01079136690647482
transition1x,0,above_25mev,0.01,166,9,175,0.175,1,net_force,total_budget,0.0,0.004150492262640924,
transition1x,0,above_25mev,0.01,166,9,175,0.175,1,rigid_force,total_budget,0.0,0.004256338090012275,
transition1x,0,above_25mev,0.01,166,9,175,0.175,1,force_magnitude,total_budget,1.0,0.9810927808730289,
transition1x,0,above_25mev,0.01,166,9,175,0.175,1,geometry_novelty,total_budget,0.0,0.0037195031694762155,
transition1x,0,above_25mev,0.01,166,9,175,0.175,1,random,total_budget,0.175,0.175,
transition1x,0,above_25mev,0.01,166,9,175,0.175,1,reference_oracle,total_budget,1.0,0.9839190852160254,
transition1x,0,worst_decile,0.02,166,17,183,0.183,100,net_force,shared_seed,0.19,0.004174686442661284,0.047058823529411764
transition1x,0,worst_decile,0.02,166,17,183,0.183,100,rigid_force,shared_seed,0.19,0.004125426563698866,0.047058823529411764
transition1x,0,worst_decile,0.02,166,17,183,0.183,100,force_magnitude,shared_seed,0.18,0.9815223205632032,0.03529411764705882
transition1x,0,worst_decile,0.02,166,17,183,0.183,100,geometry_novelty,shared_seed,0.22,0.004063448597826061,0.08235294117647059
transition1x,0,worst_decile,0.02,166,17,183,0.183,100,trees_log,shared_seed,0.2,0.004128030397049928,0.058823529411764705
transition1x,0,worst_decile,0.02,166,17,183,0.183,100,trees_raw,shared_seed,0.21,0.0041607478576455624,0.07058823529411765
transition1x,0,worst_decile,0.02,166,17,183,0.183,100,trees_physics,shared_seed,0.16,0.0040512604955053695,0.011764705882352941
transition1x,0,worst_decile,0.02,166,17,183,0.183,100,ridge,shared_seed,0.21,0.004104020349567966,0.07058823529411765
transition1x,0,worst_decile,0.02,166,17,183,0.183,100,mp_ridge,shared_seed,0.19,0.00419483558522842,0.047058823529411764
transition1x,0,worst_decile,0.02,166,17,183,0.183,100,reference_oracle,shared_seed,0.32,0.9820496176459389,0.2
transition1x,0,worst_decile,0.02,166,17,183,0.183,100,random,shared_seed,0.16732613908872904,0.024008670771631824,0.02038369304556355
transition1x,0,worst_decile,0.02,166,17,183,0.183,100,net_force,total_budget,0.19,0.004351552657626036,
transition1x,0,worst_decile,0.02,166,17,183,0.183,100,rigid_force,total_budget,0.23,0.004412204428210744,
transition1x,0,worst_decile,0.02,166,17,183,0.183,100,force_magnitude,total_budget,0.18,0.9812490407758063,
transition1x,0,worst_decile,0.02,166,17,183,0.183,100,geometry_novelty,total_budget,0.24,0.003899236589937749,
transition1x,0,worst_decile,0.02,166,17,183,0.183,100,random,total_budget,0.183,0.183,
transition1x,0,worst_decile,0.02,166,17,183,0.183,100,reference_oracle,total_budget,1.0,0.9841555957160275,
transition1x,0,above_5mev,0.02,166,17,183,0.183,104,net_force,shared_seed,0.19230769230769232,0.004174686442661284,0.045454545454545456
transition1x,0,above_5mev,0.02,166,17,183,0.183,104,rigid_force,shared_seed,0.19230769230769232,0.004125426563698866,0.045454545454545456
transition1x,0,above_5mev,0.02,166,17,183,0.183,104,force_magnitude,shared_seed,0.18269230769230768,0.9815223205632032,0.03409090909090909
transition1x,0,above_5mev,0.02,166,17,183,0.183,104,geometry_novelty,shared_seed,0.22115384615384615,0.004063448597826061,0.07954545454545454
transition1x,0,above_5mev,0.02,166,17,183,0.183,104,trees_log,shared_seed,0.20192307692307693,0.004128030397049928,0.056818181818181816
transition1x,0,above_5mev,0.02,166,17,183,0.183,104,trees_raw,shared_seed,0.21153846153846154,0.0041607478576455624,0.06818181818181818
transition1x,0,above_5mev,0.02,166,17,183,0.183,104,trees_physics,shared_seed,0.16346153846153846,0.0040512604955053695,0.011363636363636364
transition1x,0,above_5mev,0.02,166,17,183,0.183,104,ridge,shared_seed,0.21153846153846154,0.004104020349567966,0.06818181818181818
transition1x,0,above_5mev,0.02,166,17,183,0.183,104,mp_ridge,shared_seed,0.19230769230769232,0.00419483558522842,0.045454545454545456
transition1x,0,above_5mev,0.02,166,17,183,0.183,104,reference_oracle,shared_seed,0.3173076923076923,0.9820496176459389,0.19318181818181818
transition1x,0,above_5mev,0.02,166,17,183,0.183,104,random,shared_seed,0.17109389411547685,0.024008670771631824,0.02038369304556355
transition1x,0,above_5mev,0.02,166,17,183,0.183,104,net_force,total_budget,0.20192307692307693,0.004351552657626036,
transition1x,0,above_5mev,0.02,166,17,183,0.183,104,rigid_force,total_budget,0.23076923076923078,0.004412204428210744,
transition1x,0,above_5mev,0.02,166,17,183,0.183,104,force_magnitude,total_budget,0.17307692307692307,0.9812490407758063,
transition1x,0,above_5mev,0.02,166,17,183,0.183,104,geometry_novelty,total_budget,0.23076923076923078,0.003899236589937749,
transition1x,0,above_5mev,0.02,166,17,183,0.183,104,random,total_budget,0.183,0.183,
transition1x,0,above_5mev,0.02,166,17,183,0.183,104,reference_oracle,total_budget,1.0,0.9841555957160275,
transition1x,0,above_10mev,0.02,166,17,183,0.183,1,net_force,shared_seed,0.0,0.004174686442661284,0.0
transition1x,0,above_10mev,0.02,166,17,183,0.183,1,rigid_force,shared_seed,0.0,0.004125426563698866,0.0
transition1x,0,above_10mev,0.02,166,17,183,0.183,1,force_magnitude,shared_seed,1.0,0.9815223205632032,1.0
transition1x,0,above_10mev,0.02,166,17,183,0.183,1,geometry_novelty,shared_seed,0.0,0.004063448597826061,0.0
transition1x,0,above_10mev,0.02,166,17,183,0.183,1,trees_log,shared_seed,0.0,0.004128030397049928,0.0
transition1x,0,above_10mev,0.02,166,17,183,0.183,1,trees_raw,shared_seed,0.0,0.0041607478576455624,0.0
transition1x,0,above_10mev,0.02,166,17,183,0.183,1,trees_physics,shared_seed,0.0,0.0040512604955053695,0.0
transition1x,0,above_10mev,0.02,166,17,183,0.183,1,ridge,shared_seed,0.0,0.004104020349567966,0.0
transition1x,0,above_10mev,0.02,166,17,183,0.183,1,mp_ridge,shared_seed,0.0,0.00419483558522842,0.0
transition1x,0,above_10mev,0.02,166,17,183,0.183,1,reference_oracle,shared_seed,1.0,0.9820496176459389,1.0
transition1x,0,above_10mev,0.02,166,17,183,0.183,1,random,shared_seed,0.02038369304556355,0.024008670771631824,0.02038369304556355
transition1x,0,above_10mev,0.02,166,17,183,0.183,1,net_force,total_budget,0.0,0.004351552657626036,
transition1x,0,above_10mev,0.02,166,17,183,0.183,1,rigid_force,total_budget,0.0,0.004412204428210744,
transition1x,0,above_10mev,0.02,166,17,183,0.183,1,force_magnitude,total_budget,1.0,0.9812490407758063,
transition1x,0,above_10mev,0.02,166,17,183,0.183,1,geometry_novelty,total_budget,0.0,0.003899236589937749,
transition1x,0,above_10mev,0.02,166,17,183,0.183,1,random,total_budget,0.183,0.183,
transition1x,0,above_10mev,0.02,166,17,183,0.183,1,reference_oracle,total_budget,1.0,0.9841555957160275,
transition1x,0,above_25mev,0.02,166,17,183,0.183,1,net_force,shared_seed,0.0,0.004174686442661284,0.0
transition1x,0,above_25mev,0.02,166,17,183,0.183,1,rigid_force,shared_seed,0.0,0.004125426563698866,0.0
transition1x,0,above_25mev,0.02,166,17,183,0.183,1,force_magnitude,shared_seed,1.0,0.9815223205632032,1.0
transition1x,0,above_25mev,0.02,166,17,183,0.183,1,geometry_novelty,shared_seed,0.0,0.004063448597826061,0.0
transition1x,0,above_25mev,0.02,166,17,183,0.183,1,trees_log,shared_seed,0.0,0.004128030397049928,0.0
transition1x,0,above_25mev,0.02,166,17,183,0.183,1,trees_raw,shared_seed,0.0,0.0041607478576455624,0.0
transition1x,0,above_25mev,0.02,166,17,183,0.183,1,trees_physics,shared_seed,0.0,0.0040512604955053695,0.0
transition1x,0,above_25mev,0.02,166,17,183,0.183,1,ridge,shared_seed,0.0,0.004104020349567966,0.0
transition1x,0,above_25mev,0.02,166,17,183,0.183,1,mp_ridge,shared_seed,0.0,0.00419483558522842,0.0
transition1x,0,above_25mev,0.02,166,17,183,0.183,1,reference_oracle,shared_seed,1.0,0.9820496176459389,1.0
transition1x,0,above_25mev,0.02,166,17,183,0.183,1,random,shared_seed,0.02038369304556355,0.024008670771631824,0.02038369304556355
transition1x,0,above_25mev,0.02,166,17,183,0.183,1,net_force,total_budget,0.0,0.004351552657626036,
transition1x,0,above_25mev,0.02,166,17,183,0.183,1,rigid_force,total_budget,0.0,0.004412204428210744,
transition1x,0,above_25mev,0.02,166,17,183,0.183,1,force_magnitude,total_budget,1.0,0.9812490407758063,
transition1x,0,above_25mev,0.02,166,17,183,0.183,1,geometry_novelty,total_budget,0.0,0.003899236589937749,
transition1x,0,above_25mev,0.02,166,17,183,0.183,1,random,total_budget,0.183,0.183,
transition1x,0,above_25mev,0.02,166,17,183,0.183,1,reference_oracle,total_budget,1.0,0.9841555957160275,
transition1x,0,worst_decile,0.05,166,42,208,0.208,100,net_force,shared_seed,0.23,0.0047803565067519455,0.09411764705882353
transition1x,0,worst_decile,0.05,166,42,208,0.208,100,rigid_force,shared_seed,0.22,0.004736181625779841,0.08235294117647059
transition1x,0,worst_decile,0.05,166,42,208,0.208,100,force_magnitude,shared_seed,0.19,0.982094820304262,0.047058823529411764
transition1x,0,worst_decile,0.05,166,42,208,0.208,100,geometry_novelty,shared_seed,0.24,0.004517377214518122,0.10588235294117647
transition1x,0,worst_decile,0.05,166,42,208,0.208,100,trees_log,shared_seed,0.25,0.004787628702219483,0.11764705882352941
transition1x,0,worst_decile,0.05,166,42,208,0.208,100,trees_raw,shared_seed,0.24,0.004760290220932197,0.10588235294117647
transition1x,0,worst_decile,0.05,166,42,208,0.208,100,trees_physics,shared_seed,0.18,0.00462946119693528,0.03529411764705882
transition1x,0,worst_decile,0.05,166,42,208,0.208,100,ridge,shared_seed,0.3,0.004813996365584043,0.17647058823529413
transition1x,0,worst_decile,0.05,166,42,208,0.208,100,mp_ridge,shared_seed,0.24,0.004928730059612185,0.10588235294117647
transition1x,0,worst_decile,0.05,166,42,208,0.208,100,reference_oracle,shared_seed,0.57,0.9831013406503707,0.49411764705882355
transition1x,0,worst_decile,0.05,166,42,208,0.208,100,random,shared_seed,0.19280575539568345,0.05387376652525386,0.050359712230215826
transition1x,0,worst_decile,0.05,166,42,208,0.208,100,net_force,total_budget,0.22,0.004953132072063182,
transition1x,0,worst_decile,0.05,166,42,208,0.208,100,rigid_force,total_budget,0.28,0.005050035155629624,
transition1x,0,worst_decile,0.05,166,42,208,0.208,100,force_magnitude,total_budget,0.21,0.9818068661515471,
transition1x,0,worst_decile,0.05,166,42,208,0.208,100,geometry_novelty,total_budget,0.26,0.004496162983889455,
transition1x,0,worst_decile,0.05,166,42,208,0.208,100,random,total_budget,0.208,0.208,
transition1x,0,worst_decile,0.05,166,42,208,0.208,100,reference_oracle,total_budget,1.0,0.9848658964516918,
transition1x,0,above_5mev,0.05,166,42,208,0.208,104,net_force,shared_seed,0.23076923076923078,0.0047803565067519455,0.09090909090909091
transition1x,0,above_5mev,0.05,166,42,208,0.208,104,rigid_force,shared_seed,0.22115384615384615,0.004736181625779841,0.07954545454545454
transition1x,0,above_5mev,0.05,166,42,208,0.208,104,force_magnitude,shared_seed,0.19230769230769232,0.982094820304262,0.045454545454545456
transition1x,0,above_5mev,0.05,166,42,208,0.208,104,geometry_novelty,shared_seed,0.2403846153846154,0.004517377214518122,0.10227272727272728
transition1x,0,above_5mev,0.05,166,42,208,0.208,104,trees_log,shared_seed,0.25,0.004787628702219483,0.11363636363636363
transition1x,0,above_5mev,0.05,166,42,208,0.208,104,trees_raw,shared_seed,0.2403846153846154,0.004760290220932197,0.10227272727272728
transition1x,0,above_5mev,0.05,166,42,208,0.208,104,trees_physics,shared_seed,0.18269230769230768,0.00462946119693528,0.03409090909090909
transition1x,0,above_5mev,0.05,166,42,208,0.208,104,ridge,shared_seed,0.2980769230769231,0.004813996365584043,0.17045454545454544
transition1x,0,above_5mev,0.05,166,42,208,0.208,104,mp_ridge,shared_seed,0.2403846153846154,0.004928730059612185,0.10227272727272728
transition1x,0,above_5mev,0.05,166,42,208,0.208,104,reference_oracle,shared_seed,0.5576923076923077,0.9831013406503707,0.4772727272727273
transition1x,0,above_5mev,0.05,166,42,208,0.208,104,random,shared_seed,0.19645821804095187,0.05387376652525386,0.050359712230215826
transition1x,0,above_5mev,0.05,166,42,208,0.208,104,net_force,total_budget,0.23076923076923078,0.004953132072063182,
transition1x,0,above_5mev,0.05,166,42,208,0.208,104,rigid_force,total_budget,0.27884615384615385,0.005050035155629624,
transition1x,0,above_5mev,0.05,166,42,208,0.208,104,force_magnitude,total_budget,0.20192307692307693,0.9818068661515471,
transition1x,0,above_5mev,0.05,166,42,208,0.208,104,geometry_novelty,total_budget,0.25,0.004496162983889455,
transition1x,0,above_5mev,0.05,166,42,208,0.208,104,random,total_budget,0.208,0.208,
transition1x,0,above_5mev,0.05,166,42,208,0.208,104,reference_oracle,total_budget,1.0,0.9848658964516918,
transition1x,0,above_10mev,0.05,166,42,208,0.208,1,net_force,shared_seed,0.0,0.0047803565067519455,0.0
transition1x,0,above_10mev,0.05,166,42,208,0.208,1,rigid_force,shared_seed,0.0,0.004736181625779841,0.0
transition1x,0,above_10mev,0.05,166,42,208,0.208,1,force_magnitude,shared_seed,1.0,0.982094820304262,1.0
transition1x,0,above_10mev,0.05,166,42,208,0.208,1,geometry_novelty,shared_seed,0.0,0.004517377214518122,0.0
transition1x,0,above_10mev,0.05,166,42,208,0.208,1,trees_log,shared_seed,0.0,0.004787628702219483,0.0
transition1x,0,above_10mev,0.05,166,42,208,0.208,1,trees_raw,shared_seed,0.0,0.004760290220932197,0.0
transition1x,0,above_10mev,0.05,166,42,208,0.208,1,trees_physics,shared_seed,0.0,0.00462946119693528,0.0
transition1x,0,above_10mev,0.05,166,42,208,0.208,1,ridge,shared_seed,0.0,0.004813996365584043,0.0
transition1x,0,above_10mev,0.05,166,42,208,0.208,1,mp_ridge,shared_seed,0.0,0.004928730059612185,0.0
transition1x,0,above_10mev,0.05,166,42,208,0.208,1,reference_oracle,shared_seed,1.0,0.9831013406503707,1.0
transition1x,0,above_10mev,0.05,166,42,208,0.208,1,random,shared_seed,0.050359712230215826,0.05387376652525386,0.050359712230215826
transition1x,0,above_10mev,0.05,166,42,208,0.208,1,net_force,total_budget,0.0,0.004953132072063182,
transition1x,0,above_10mev,0.05,166,42,208,0.208,1,rigid_force,total_budget,0.0,0.005050035155629624,
transition1x,0,above_10mev,0.05,166,42,208,0.208,1,force_magnitude,total_budget,1.0,0.9818068661515471,
transition1x,0,above_10mev,0.05,166,42,208,0.208,1,geometry_novelty,total_budget,0.0,0.004496162983889455,
transition1x,0,above_10mev,0.05,166,42,208,0.208,1,random,total_budget,0.208,0.208,
transition1x,0,above_10mev,0.05,166,42,208,0.208,1,reference_oracle,total_budget,1.0,0.9848658964516918,
transition1x,0,above_25mev,0.05,166,42,208,0.208,1,net_force,shared_seed,0.0,0.0047803565067519455,0.0
transition1x,0,above_25mev,0.05,166,42,208,0.208,1,rigid_force,shared_seed,0.0,0.004736181625779841,0.0
transition1x,0,above_25mev,0.05,166,42,208,0.208,1,force_magnitude,shared_seed,1.0,0.982094820304262,1.0
transition1x,0,above_25mev,0.05,166,42,208,0.208,1,geometry_novelty,shared_seed,0.0,0.004517377214518122,0.0
transition1x,0,above_25mev,0.05,166,42,208,0.208,1,trees_log,shared_seed,0.0,0.004787628702219483,0.0
transition1x,0,above_25mev,0.05,166,42,208,0.208,1,trees_raw,shared_seed,0.0,0.004760290220932197,0.0
transition1x,0,above_25mev,0.05,166,42,208,0.208,1,trees_physics,shared_seed,0.0,0.00462946119693528,0.0
transition1x,0,above_25mev,0.05,166,42,208,0.208,1,ridge,shared_seed,0.0,0.004813996365584043,0.0
transition1x,0,above_25mev,0.05,166,42,208,0.208,1,mp_ridge,shared_seed,0.0,0.004928730059612185,0.0
transition1x,0,above_25mev,0.05,166,42,208,0.208,1,reference_oracle,shared_seed,1.0,0.9831013406503707,1.0
transition1x,0,above_25mev,0.05,166,42,208,0.208,1,random,shared_seed,0.050359712230215826,0.05387376652525386,0.050359712230215826
transition1x,0,above_25mev,0.05,166,42,208,0.208,1,net_force,total_budget,0.0,0.004953132072063182,
transition1x,0,above_25mev,0.05,166,42,208,0.208,1,rigid_force,total_budget,0.0,0.005050035155629624,
transition1x,0,above_25mev,0.05,166,42,208,0.208,1,force_magnitude,total_budget,1.0,0.9818068661515471,
transition1x,0,above_25mev,0.05,166,42,208,0.208,1,geometry_novelty,total_budget,0.0,0.004496162983889455,
transition1x,0,above_25mev,0.05,166,42,208,0.208,1,random,total_budget,0.208,0.208,
transition1x,0,above_25mev,0.05,166,42,208,0.208,1,reference_oracle,total_budget,1.0,0.9848658964516918,
transition1x,0,worst_decile,0.1,166,84,250,0.25,100,net_force,shared_seed,0.26,0.005832078128271753,0.12941176470588237
transition1x,0,worst_decile,0.1,166,84,250,0.25,100,rigid_force,shared_seed,0.26,0.005743236749823355,0.12941176470588237
transition1x,0,worst_decile,0.1,166,84,250,0.25,100,force_magnitude,shared_seed,0.23,0.9829335001909855,0.09411764705882353
transition1x,0,worst_decile,0.1,166,84,250,0.25,100,geometry_novelty,shared_seed,0.3,0.00552657367836209,0.17647058823529413
transition1x,0,worst_decile,0.1,166,84,250,0.25,100,trees_log,shared_seed,0.35,0.0059498537178040226,0.23529411764705882
transition1x,0,worst_decile,0.1,166,84,250,0.25,100,trees_raw,shared_seed,0.34,0.005900271561737802,0.2235294117647059
transition1x,0,worst_decile,0.1,166,84,250,0.25,100,trees_physics,shared_seed,0.26,0.00561393529985071,0.12941176470588237
transition1x,0,worst_decile,0.1,166,84,250,0.25,100,ridge,shared_seed,0.33,0.0058566876601561825,0.21176470588235294
transition1x,0,worst_decile,0.1,166,84,250,0.25,100,mp_ridge,shared_seed,0.26,0.005968724062664813,0.12941176470588237
transition1x,0,worst_decile,0.1,166,84,250,0.25,100,reference_oracle,shared_seed,0.99,0.9845824118291923,0.9882352941176471
transition1x,0,worst_decile,0.1,166,84,250,0.25,100,random,shared_seed,0.2356115107913669,0.10404712739133887,0.10071942446043165
transition1x,0,worst_decile,0.1,166,84,250,0.25,100,net_force,total_budget,0.25,0.005922683067043352,
transition1x,0,worst_decile,0.1,166,84,250,0.25,100,rigid_force,total_budget,0.31,0.006081976724293613,
transition1x,0,worst_decile,0.1,166,84,250,0.25,100,force_magnitude,total_budget,0.28,0.982758845394457,
transition1x,0,worst_decile,0.1,166,84,250,0.25,100,geometry_novelty,total_budget,0.3,0.9828578240759346,
transition1x,0,worst_decile,0.1,166,84,250,0.25,100,random,total_budget,0.25,0.25,
transition1x,0,worst_decile,0.1,166,84,250,0.25,100,reference_oracle,total_budget,1.0,0.9860111855736503,
transition1x,0,above_5mev,0.1,166,84,250,0.25,104,net_force,shared_seed,0.2692307692307692,0.005832078128271753,0.13636363636363635
transition1x,0,above_5mev,0.1,166,84,250,0.25,104,rigid_force,shared_seed,0.25961538461538464,0.005743236749823355,0.125
transition1x,0,above_5mev,0.1,166,84,250,0.25,104,force_magnitude,shared_seed,0.23076923076923078,0.9829335001909855,0.09090909090909091
transition1x,0,above_5mev,0.1,166,84,250,0.25,104,geometry_novelty,shared_seed,0.2980769230769231,0.00552657367836209,0.17045454545454544
transition1x,0,above_5mev,0.1,166,84,250,0.25,104,trees_log,shared_seed,0.34615384615384615,0.0059498537178040226,0.22727272727272727
transition1x,0,above_5mev,0.1,166,84,250,0.25,104,trees_raw,shared_seed,0.33653846153846156,0.005900271561737802,0.2159090909090909
transition1x,0,above_5mev,0.1,166,84,250,0.25,104,trees_physics,shared_seed,0.25961538461538464,0.00561393529985071,0.125
transition1x,0,above_5mev,0.1,166,84,250,0.25,104,ridge,shared_seed,0.3269230769230769,0.0058566876601561825,0.20454545454545456
transition1x,0,above_5mev,0.1,166,84,250,0.25,104,mp_ridge,shared_seed,0.25961538461538464,0.005968724062664813,0.125
transition1x,0,above_5mev,0.1,166,84,250,0.25,104,reference_oracle,shared_seed,0.9615384615384616,0.9845824118291923,0.9545454545454546
transition1x,0,above_5mev,0.1,166,84,250,0.25,104,random,shared_seed,0.2390702822357499,0.10404712739133887,0.10071942446043165
transition1x,0,above_5mev,0.1,166,84,250,0.25,104,net_force,total_budget,0.25961538461538464,0.005922683067043352,
transition1x,0,above_5mev,0.1,166,84,250,0.25,104,rigid_force,total_budget,0.3076923076923077,0.006081976724293613,
transition1x,0,above_5mev,0.1,166,84,250,0.25,104,force_magnitude,total_budget,0.2692307692307692,0.982758845394457,
transition1x,0,above_5mev,0.1,166,84,250,0.25,104,geometry_novelty,total_budget,0.28846153846153844,0.9828578240759346,
transition1x,0,above_5mev,0.1,166,84,250,0.25,104,random,total_budget,0.25,0.25,
transition1x,0,above_5mev,0.1,166,84,250,0.25,104,reference_oracle,total_budget,1.0,0.9860111855736503,
transition1x,0,above_10mev,0.1,166,84,250,0.25,1,net_force,shared_seed,0.0,0.005832078128271753,0.0
transition1x,0,above_10mev,0.1,166,84,250,0.25,1,rigid_force,shared_seed,0.0,0.005743236749823355,0.0
transition1x,0,above_10mev,0.1,166,84,250,0.25,1,force_magnitude,shared_seed,1.0,0.9829335001909855,1.0
transition1x,0,above_10mev,0.1,166,84,250,0.25,1,geometry_novelty,shared_seed,0.0,0.00552657367836209,0.0
transition1x,0,above_10mev,0.1,166,84,250,0.25,1,trees_log,shared_seed,0.0,0.0059498537178040226,0.0
transition1x,0,above_10mev,0.1,166,84,250,0.25,1,trees_raw,shared_seed,0.0,0.005900271561737802,0.0
transition1x,0,above_10mev,0.1,166,84,250,0.25,1,trees_physics,shared_seed,0.0,0.00561393529985071,0.0
transition1x,0,above_10mev,0.1,166,84,250,0.25,1,ridge,shared_seed,0.0,0.0058566876601561825,0.0
transition1x,0,above_10mev,0.1,166,84,250,0.25,1,mp_ridge,shared_seed,0.0,0.005968724062664813,0.0
transition1x,0,above_10mev,0.1,166,84,250,0.25,1,reference_oracle,shared_seed,1.0,0.9845824118291923,1.0
transition1x,0,above_10mev,0.1,166,84,250,0.25,1,random,shared_seed,0.10071942446043165,0.10404712739133887,0.10071942446043165
transition1x,0,above_10mev,0.1,166,84,250,0.25,1,net_force,total_budget,0.0,0.005922683067043352,
transition1x,0,above_10mev,0.1,166,84,250,0.25,1,rigid_force,total_budget,0.0,0.006081976724293613,
transition1x,0,above_10mev,0.1,166,84,250,0.25,1,force_magnitude,total_budget,1.0,0.982758845394457,
transition1x,0,above_10mev,0.1,166,84,250,0.25,1,geometry_novelty,total_budget,1.0,0.9828578240759346,
transition1x,0,above_10mev,0.1,166,84,250,0.25,1,random,total_budget,0.25,0.25,
transition1x,0,above_10mev,0.1,166,84,250,0.25,1,reference_oracle,total_budget,1.0,0.9860111855736503,
transition1x,0,above_25mev,0.1,166,84,250,0.25,1,net_force,shared_seed,0.0,0.005832078128271753,0.0
transition1x,0,above_25mev,0.1,166,84,250,0.25,1,rigid_force,shared_seed,0.0,0.005743236749823355,0.0
transition1x,0,above_25mev,0.1,166,84,250,0.25,1,force_magnitude,shared_seed,1.0,0.9829335001909855,1.0
transition1x,0,above_25mev,0.1,166,84,250,0.25,1,geometry_novelty,shared_seed,0.0,0.00552657367836209,0.0
transition1x,0,above_25mev,0.1,166,84,250,0.25,1,trees_log,shared_seed,0.0,0.0059498537178040226,0.0
transition1x,0,above_25mev,0.1,166,84,250,0.25,1,trees_raw,shared_seed,0.0,0.005900271561737802,0.0
transition1x,0,above_25mev,0.1,166,84,250,0.25,1,trees_physics,shared_seed,0.0,0.00561393529985071,0.0
transition1x,0,above_25mev,0.1,166,84,250,0.25,1,ridge,shared_seed,0.0,0.0058566876601561825,0.0
transition1x,0,above_25mev,0.1,166,84,250,0.25,1,mp_ridge,shared_seed,0.0,0.005968724062664813,0.0
transition1x,0,above_25mev,0.1,166,84,250,0.25,1,reference_oracle,shared_seed,1.0,0.9845824118291923,1.0
transition1x,0,above_25mev,0.1,166,84,250,0.25,1,random,shared_seed,0.10071942446043165,0.10404712739133887,0.10071942446043165
transition1x,0,above_25mev,0.1,166,84,250,0.25,1,net_force,total_budget,0.0,0.005922683067043352,
transition1x,0,above_25mev,0.1,166,84,250,0.25,1,rigid_force,total_budget,0.0,0.006081976724293613,
transition1x,0,above_25mev,0.1,166,84,250,0.25,1,force_magnitude,total_budget,1.0,0.982758845394457,
transition1x,0,above_25mev,0.1,166,84,250,0.25,1,geometry_novelty,total_budget,1.0,0.9828578240759346,
transition1x,0,above_25mev,0.1,166,84,250,0.25,1,random,total_budget,0.25,0.25,
transition1x,0,above_25mev,0.1,166,84,250,0.25,1,reference_oracle,total_budget,1.0,0.9860111855736503,
transition1x,0,worst_decile,0.2,166,167,333,0.333,100,net_force,shared_seed,0.32,0.007657211701078577,0.2
transition1x,0,worst_decile,0.2,166,167,333,0.333,100,rigid_force,shared_seed,0.38,0.0077906629997337865,0.27058823529411763
transition1x,0,worst_decile,0.2,166,167,333,0.333,100,force_magnitude,shared_seed,0.32,0.9846270750931561,0.2
transition1x,0,worst_decile,0.2,166,167,333,0.333,100,geometry_novelty,shared_seed,0.38,0.00734135158863601,0.27058823529411763
transition1x,0,worst_decile,0.2,166,167,333,0.333,100,trees_log,shared_seed,0.44,0.007925117149832676,0.3411764705882353
transition1x,0,worst_decile,0.2,166,167,333,0.333,100,trees_raw,shared_seed,0.44,0.007888579817446355,0.3411764705882353
transition1x,0,worst_decile,0.2,166,167,333,0.333,100,trees_physics,shared_seed,0.36,0.007630823526107493,0.24705882352941178
transition1x,0,worst_decile,0.2,166,167,333,0.333,100,ridge,shared_seed,0.38,0.00786006500097767,0.27058823529411763
transition1x,0,worst_decile,0.2,166,167,333,0.333,100,mp_ridge,shared_seed,0.4,0.00818845549731574,0.29411764705882354
transition1x,0,worst_decile,0.2,166,167,333,0.333,100,reference_oracle,shared_seed,1.0,0.9871926017057439,1.0
transition1x,0,worst_decile,0.2,166,167,333,0.333,100,random,shared_seed,0.3202038369304556,0.203199245293364,0.20023980815347722
transition1x,0,worst_decile,0.2,166,167,333,0.333,100,net_force,total_budget,0.32,0.007899551671913672,
transition1x,0,worst_decile,0.2,166,167,333,0.333,100,rigid_force,total_budget,0.34,0.007895230966949579,
transition1x,0,worst_decile,0.2,166,167,333,0.333,100,force_magnitude,total_budget,0.37,0.9847522367735035,
transition1x,0,worst_decile,0.2,166,167,333,0.333,100,geometry_novelty,total_budget,0.42,0.9847448222496425,
transition1x,0,worst_decile,0.2,166,167,333,0.333,100,random,total_budget,0.333,0.333,
transition1x,0,worst_decile,0.2,166,167,333,0.333,100,reference_oracle,total_budget,1.0,0.98820858135957,
transition1x,0,above_5mev,0.2,166,167,333,0.333,104,net_force,shared_seed,0.3269230769230769,0.007657211701078577,0.20454545454545456
transition1x,0,above_5mev,0.2,166,167,333,0.333,104,rigid_force,shared_seed,0.375,0.0077906629997337865,0.26136363636363635
transition1x,0,above_5mev,0.2,166,167,333,0.333,104,force_magnitude,shared_seed,0.3173076923076923,0.9846270750931561,0.19318181818181818
transition1x,0,above_5mev,0.2,166,167,333,0.333,104,geometry_novelty,shared_seed,0.375,0.00734135158863601,0.26136363636363635
transition1x,0,above_5mev,0.2,166,167,333,0.333,104,trees_log,shared_seed,0.4326923076923077,0.007925117149832676,0.32954545454545453
transition1x,0,above_5mev,0.2,166,167,333,0.333,104,trees_raw,shared_seed,0.4326923076923077,0.007888579817446355,0.32954545454545453
transition1x,0,above_5mev,0.2,166,167,333,0.333,104,trees_physics,shared_seed,0.3557692307692308,0.007630823526107493,0.23863636363636365
transition1x,0,above_5mev,0.2,166,167,333,0.333,104,ridge,shared_seed,0.375,0.00786006500097767,0.26136363636363635
transition1x,0,above_5mev,0.2,166,167,333,0.333,104,mp_ridge,shared_seed,0.40384615384615385,0.00818845549731574,0.29545454545454547
transition1x,0,above_5mev,0.2,166,167,333,0.333,104,reference_oracle,shared_seed,1.0,0.9871926017057439,1.0
transition1x,0,above_5mev,0.2,166,167,333,0.333,104,random,shared_seed,0.3232798376683269,0.203199245293364,0.20023980815347722
transition1x,0,above_5mev,0.2,166,167,333,0.333,104,net_force,total_budget,0.33653846153846156,0.007899551671913672,
transition1x,0,above_5mev,0.2,166,167,333,0.333,104,rigid_force,total_budget,0.33653846153846156,0.007895230966949579,
transition1x,0,above_5mev,0.2,166,167,333,0.333,104,force_magnitude,total_budget,0.36538461538461536,0.9847522367735035,
transition1x,0,above_5mev,0.2,166,167,333,0.333,104,geometry_novelty,total_budget,0.41346153846153844,0.9847448222496425,
transition1x,0,above_5mev,0.2,166,167,333,0.333,104,random,total_budget,0.333,0.333,
transition1x,0,above_5mev,0.2,166,167,333,0.333,104,reference_oracle,total_budget,1.0,0.98820858135957,
transition1x,0,above_10mev,0.2,166,167,333,0.333,1,net_force,shared_seed,0.0,0.007657211701078577,0.0
transition1x,0,above_10mev,0.2,166,167,333,0.333,1,rigid_force,shared_seed,0.0,0.0077906629997337865,0.0
transition1x,0,above_10mev,0.2,166,167,333,0.333,1,force_magnitude,shared_seed,1.0,0.9846270750931561,1.0
transition1x,0,above_10mev,0.2,166,167,333,0.333,1,geometry_novelty,shared_seed,0.0,0.00734135158863601,0.0
transition1x,0,above_10mev,0.2,166,167,333,0.333,1,trees_log,shared_seed,0.0,0.007925117149832676,0.0
transition1x,0,above_10mev,0.2,166,167,333,0.333,1,trees_raw,shared_seed,0.0,0.007888579817446355,0.0
transition1x,0,above_10mev,0.2,166,167,333,0.333,1,trees_physics,shared_seed,0.0,0.007630823526107493,0.0
transition1x,0,above_10mev,0.2,166,167,333,0.333,1,ridge,shared_seed,0.0,0.00786006500097767,0.0
transition1x,0,above_10mev,0.2,166,167,333,0.333,1,mp_ridge,shared_seed,0.0,0.00818845549731574,0.0
transition1x,0,above_10mev,0.2,166,167,333,0.333,1,reference_oracle,shared_seed,1.0,0.9871926017057439,1.0
transition1x,0,above_10mev,0.2,166,167,333,0.333,1,random,shared_seed,0.20023980815347722,0.203199245293364,0.20023980815347722
transition1x,0,above_10mev,0.2,166,167,333,0.333,1,net_force,total_budget,0.0,0.007899551671913672,
transition1x,0,above_10mev,0.2,166,167,333,0.333,1,rigid_force,total_budget,0.0,0.007895230966949579,
transition1x,0,above_10mev,0.2,166,167,333,0.333,1,force_magnitude,total_budget,1.0,0.9847522367735035,
transition1x,0,above_10mev,0.2,166,167,333,0.333,1,geometry_novelty,total_budget,1.0,0.9847448222496425,
transition1x,0,above_10mev,0.2,166,167,333,0.333,1,random,total_budget,0.333,0.333,
transition1x,0,above_10mev,0.2,166,167,333,0.333,1,reference_oracle,total_budget,1.0,0.98820858135957,
transition1x,0,above_25mev,0.2,166,167,333,0.333,1,net_force,shared_seed,0.0,0.007657211701078577,0.0
transition1x,0,above_25mev,0.2,166,167,333,0.333,1,rigid_force,shared_seed,0.0,0.0077906629997337865,0.0
transition1x,0,above_25mev,0.2,166,167,333,0.333,1,force_magnitude,shared_seed,1.0,0.9846270750931561,1.0
transition1x,0,above_25mev,0.2,166,167,333,0.333,1,geometry_novelty,shared_seed,0.0,0.00734135158863601,0.0
transition1x,0,above_25mev,0.2,166,167,333,0.333,1,trees_log,shared_seed,0.0,0.007925117149832676,0.0
transition1x,0,above_25mev,0.2,166,167,333,0.333,1,trees_raw,shared_seed,0.0,0.007888579817446355,0.0
transition1x,0,above_25mev,0.2,166,167,333,0.333,1,trees_physics,shared_seed,0.0,0.007630823526107493,0.0
transition1x,0,above_25mev,0.2,166,167,333,0.333,1,ridge,shared_seed,0.0,0.00786006500097767,0.0
transition1x,0,above_25mev,0.2,166,167,333,0.333,1,mp_ridge,shared_seed,0.0,0.00818845549731574,0.0
transition1x,0,above_25mev,0.2,166,167,333,0.333,1,reference_oracle,shared_seed,1.0,0.9871926017057439,1.0
transition1x,0,above_25mev,0.2,166,167,333,0.333,1,random,shared_seed,0.20023980815347722,0.203199245293364,0.20023980815347722
transition1x,0,above_25mev,0.2,166,167,333,0.333,1,net_force,total_budget,0.0,0.007899551671913672,
transition1x,0,above_25mev,0.2,166,167,333,0.333,1,rigid_force,total_budget,0.0,0.007895230966949579,
transition1x,0,above_25mev,0.2,166,167,333,0.333,1,force_magnitude,total_budget,1.0,0.9847522367735035,
transition1x,0,above_25mev,0.2,166,167,333,0.333,1,geometry_novelty,total_budget,1.0,0.9847448222496425,
transition1x,0,above_25mev,0.2,166,167,333,0.333,1,random,total_budget,0.333,0.333,
transition1x,0,above_25mev,0.2,166,167,333,0.333,1,reference_oracle,total_budget,1.0,0.98820858135957,
transition1x,0,worst_decile,0.3,166,251,417,0.417,100,net_force,shared_seed,0.39,0.00965195121902372,0.2823529411764706
transition1x,0,worst_decile,0.3,166,251,417,0.417,100,rigid_force,shared_seed,0.42,0.009730636808856321,0.3176470588235294
transition1x,0,worst_decile,0.3,166,251,417,0.417,100,force_magnitude,shared_seed,0.47,0.9867219010877658,0.3764705882352941
transition1x,0,worst_decile,0.3,166,251,417,0.417,100,geometry_novelty,shared_seed,0.5,0.9866713820724975,0.4117647058823529
transition1x,0,worst_decile,0.3,166,251,417,0.417,100,trees_log,shared_seed,0.54,0.9873777121009153,0.4588235294117647
transition1x,0,worst_decile,0.3,166,251,417,0.417,100,trees_raw,shared_seed,0.54,0.987392932292856,0.4588235294117647
transition1x,0,worst_decile,0.3,166,251,417,0.417,100,trees_physics,shared_seed,0.46,0.009753142916683381,0.36470588235294116
transition1x,0,worst_decile,0.3,166,251,417,0.417,100,ridge,shared_seed,0.49,0.009983385492301934,0.4
transition1x,0,worst_decile,0.3,166,251,417,0.417,100,mp_ridge,shared_seed,0.49,0.010325501041041971,0.4
transition1x,0,worst_decile,0.3,166,251,417,0.417,100,reference_oracle,shared_seed,1.0,0.9894509906935278,1.0
transition1x,0,worst_decile,0.3,166,251,417,0.417,100,random,shared_seed,0.40581534772182254,0.30354596702553405,0.3009592326139089
transition1x,0,worst_decile,0.3,166,251,417,0.417,100,net_force,total_budget,0.41,0.009853910156091342,
transition1x,0,worst_decile,0.3,166,251,417,0.417,100,rigid_force,total_budget,0.42,0.009886547142420508,
transition1x,0,worst_decile,0.3,166,251,417,0.417,100,force_magnitude,total_budget,0.47,0.9866584319363494,
transition1x,0,worst_decile,0.3,166,251,417,0.417,100,geometry_novelty,total_budget,0.51,0.9865238613439029,
transition1x,0,worst_decile,0.3,166,251,417,0.417,100,random,total_budget,0.417,0.417,
transition1x,0,worst_decile,0.3,166,251,417,0.417,100,reference_oracle,total_budget,1.0,0.9902558390971647,
transition1x,0,above_5mev,0.3,166,251,417,0.417,104,net_force,shared_seed,0.40384615384615385,0.00965195121902372,0.29545454545454547
transition1x,0,above_5mev,0.3,166,251,417,0.417,104,rigid_force,shared_seed,0.41346153846153844,0.009730636808856321,0.3068181818181818
transition1x,0,above_5mev,0.3,166,251,417,0.417,104,force_magnitude,shared_seed,0.47115384615384615,0.9867219010877658,0.375
transition1x,0,above_5mev,0.3,166,251,417,0.417,104,geometry_novelty,shared_seed,0.49038461538461536,0.9866713820724975,0.3977272727272727
transition1x,0,above_5mev,0.3,166,251,417,0.417,104,trees_log,shared_seed,0.5288461538461539,0.9873777121009153,0.4431818181818182
transition1x,0,above_5mev,0.3,166,251,417,0.417,104,trees_raw,shared_seed,0.5288461538461539,0.987392932292856,0.4431818181818182
transition1x,0,above_5mev,0.3,166,251,417,0.417,104,trees_physics,shared_seed,0.4519230769230769,0.009753142916683381,0.3522727272727273
transition1x,0,above_5mev,0.3,166,251,417,0.417,104,ridge,shared_seed,0.4807692307692308,0.009983385492301934,0.38636363636363635
transition1x,0,above_5mev,0.3,166,251,417,0.417,104,mp_ridge,shared_seed,0.49038461538461536,0.010325501041041971,0.3977272727272727
transition1x,0,above_5mev,0.3,166,251,417,0.417,104,reference_oracle,shared_seed,1.0,0.9894509906935278,1.0
transition1x,0,above_5mev,0.3,166,251,417,0.417,104,random,shared_seed,0.40850396605792294,0.30354596702553405,0.3009592326139089
transition1x,0,above_5mev,0.3,166,251,417,0.417,104,net_force,total_budget,0.4230769230769231,0.009853910156091342,
transition1x,0,above_5mev,0.3,166,251,417,0.417,104,rigid_force,total_budget,0.4230769230769231,0.009886547142420508,
transition1x,0,above_5mev,0.3,166,251,417,0.417,104,force_magnitude,total_budget,0.46153846153846156,0.9866584319363494,
transition1x,0,above_5mev,0.3,166,251,417,0.417,104,geometry_novelty,total_budget,0.5,0.9865238613439029,
transition1x,0,above_5mev,0.3,166,251,417,0.417,104,random,total_budget,0.417,0.417,
transition1x,0,above_5mev,0.3,166,251,417,0.417,104,reference_oracle,total_budget,1.0,0.9902558390971647,
transition1x,0,above_10mev,0.3,166,251,417,0.417,1,net_force,shared_seed,0.0,0.00965195121902372,0.0
transition1x,0,above_10mev,0.3,166,251,417,0.417,1,rigid_force,shared_seed,0.0,0.009730636808856321,0.0
transition1x,0,above_10mev,0.3,166,251,417,0.417,1,force_magnitude,shared_seed,1.0,0.9867219010877658,1.0
transition1x,0,above_10mev,0.3,166,251,417,0.417,1,geometry_novelty,shared_seed,1.0,0.9866713820724975,1.0
transition1x,0,above_10mev,0.3,166,251,417,0.417,1,trees_log,shared_seed,1.0,0.9873777121009153,1.0
transition1x,0,above_10mev,0.3,166,251,417,0.417,1,trees_raw,shared_seed,1.0,0.987392932292856,1.0
transition1x,0,above_10mev,0.3,166,251,417,0.417,1,trees_physics,shared_seed,0.0,0.009753142916683381,0.0
transition1x,0,above_10mev,0.3,166,251,417,0.417,1,ridge,shared_seed,0.0,0.009983385492301934,0.0
transition1x,0,above_10mev,0.3,166,251,417,0.417,1,mp_ridge,shared_seed,0.0,0.010325501041041971,0.0
transition1x,0,above_10mev,0.3,166,251,417,0.417,1,reference_oracle,shared_seed,1.0,0.9894509906935278,1.0
transition1x,0,above_10mev,0.3,166,251,417,0.417,1,random,shared_seed,0.3009592326139089,0.30354596702553405,0.3009592326139089
transition1x,0,above_10mev,0.3,166,251,417,0.417,1,net_force,total_budget,0.0,0.009853910156091342,
transition1x,0,above_10mev,0.3,166,251,417,0.417,1,rigid_force,total_budget,0.0,0.009886547142420508,
transition1x,0,above_10mev,0.3,166,251,417,0.417,1,force_magnitude,total_budget,1.0,0.9866584319363494,
transition1x,0,above_10mev,0.3,166,251,417,0.417,1,geometry_novelty,total_budget,1.0,0.9865238613439029,
transition1x,0,above_10mev,0.3,166,251,417,0.417,1,random,total_budget,0.417,0.417,
transition1x,0,above_10mev,0.3,166,251,417,0.417,1,reference_oracle,total_budget,1.0,0.9902558390971647,
transition1x,0,above_25mev,0.3,166,251,417,0.417,1,net_force,shared_seed,0.0,0.00965195121902372,0.0
transition1x,0,above_25mev,0.3,166,251,417,0.417,1,rigid_force,shared_seed,0.0,0.009730636808856321,0.0
transition1x,0,above_25mev,0.3,166,251,417,0.417,1,force_magnitude,shared_seed,1.0,0.9867219010877658,1.0
transition1x,0,above_25mev,0.3,166,251,417,0.417,1,geometry_novelty,shared_seed,1.0,0.9866713820724975,1.0
transition1x,0,above_25mev,0.3,166,251,417,0.417,1,trees_log,shared_seed,1.0,0.9873777121009153,1.0
transition1x,0,above_25mev,0.3,166,251,417,0.417,1,trees_raw,shared_seed,1.0,0.987392932292856,1.0
transition1x,0,above_25mev,0.3,166,251,417,0.417,1,trees_physics,shared_seed,0.0,0.009753142916683381,0.0
transition1x,0,above_25mev,0.3,166,251,417,0.417,1,ridge,shared_seed,0.0,0.009983385492301934,0.0
transition1x,0,above_25mev,0.3,166,251,417,0.417,1,mp_ridge,shared_seed,0.0,0.010325501041041971,0.0
transition1x,0,above_25mev,0.3,166,251,417,0.417,1,reference_oracle,shared_seed,1.0,0.9894509906935278,1.0
transition1x,0,above_25mev,0.3,166,251,417,0.417,1,random,shared_seed,0.3009592326139089,0.30354596702553405,0.3009592326139089
transition1x,0,above_25mev,0.3,166,251,417,0.417,1,net_force,total_budget,0.0,0.009853910156091342,
transition1x,0,above_25mev,0.3,166,251,417,0.417,1,rigid_force,total_budget,0.0,0.009886547142420508,
transition1x,0,above_25mev,0.3,166,251,417,0.417,1,force_magnitude,total_budget,1.0,0.9866584319363494,
transition1x,0,above_25mev,0.3,166,251,417,0.417,1,geometry_novelty,total_budget,1.0,0.9865238613439029,
transition1x,0,above_25mev,0.3,166,251,417,0.417,1,random,total_budget,0.417,0.417,
transition1x,0,above_25mev,0.3,166,251,417,0.417,1,reference_oracle,total_budget,1.0,0.9902558390971647,
transition1x,0,worst_decile,0.5,166,417,583,0.583,100,net_force,shared_seed,0.57,0.013423925914805896,0.49411764705882355
transition1x,0,worst_decile,0.5,166,417,583,0.583,100,rigid_force,shared_seed,0.56,0.013435181267923927,0.4823529411764706
transition1x,0,worst_decile,0.5,166,417,583,0.583,100,force_magnitude,shared_seed,0.63,0.9903814021934532,0.5647058823529412
transition1x,0,worst_decile,0.5,166,417,583,0.583,100,geometry_novelty,shared_seed,0.62,0.9902043764987861,0.5529411764705883
transition1x,0,worst_decile,0.5,166,417,583,0.583,100,trees_log,shared_seed,0.7,0.991237501493901,0.6470588235294118
transition1x,0,worst_decile,0.5,166,417,583,0.583,100,trees_raw,shared_seed,0.7,0.9911911882460339,0.6470588235294118
transition1x,0,worst_decile,0.5,166,417,583,0.583,100,trees_physics,shared_seed,0.6,0.013465024489538327,0.5294117647058824
transition1x,0,worst_decile,0.5,166,417,583,0.583,100,ridge,shared_seed,0.72,0.9915676756180664,0.6705882352941176
transition1x,0,worst_decile,0.5,166,417,583,0.583,100,mp_ridge,shared_seed,0.63,0.014159888439728725,0.5647058823529412
transition1x,0,worst_decile,0.5,166,417,583,0.583,100,reference_oracle,shared_seed,1.0,0.9934322796962329,1.0
transition1x,0,worst_decile,0.5,166,417,583,0.583,100,random,shared_seed,0.575,0.5018502028295843,0.5
transition1x,0,worst_decile,0.5,166,417,583,0.583,100,net_force,total_budget,0.58,0.013537409155949408,
transition1x,0,worst_decile,0.5,166,417,583,0.583,100,rigid_force,total_budget,0.59,0.01362130377528085,
transition1x,0,worst_decile,0.5,166,417,583,0.583,100,force_magnitude,total_budget,0.68,0.9903581100049389,
transition1x,0,worst_decile,0.5,166,417,583,0.583,100,geometry_novelty,total_budget,0.64,0.9903677140360416,
transition1x,0,worst_decile,0.5,166,417,583,0.583,100,random,total_budget,0.583,0.583,
transition1x,0,worst_decile,0.5,166,417,583,0.583,100,reference_oracle,total_budget,1.0,0.9937923862996003,
transition1x,0,above_5mev,0.5,166,417,583,0.583,104,net_force,shared_seed,0.5769230769230769,0.013423925914805896,0.5
transition1x,0,above_5mev,0.5,166,417,583,0.583,104,rigid_force,shared_seed,0.5576923076923077,0.013435181267923927,0.4772727272727273
transition1x,0,above_5mev,0.5,166,417,583,0.583,104,force_magnitude,shared_seed,0.625,0.9903814021934532,0.5568181818181818
transition1x,0,above_5mev,0.5,166,417,583,0.583,104,geometry_novelty,shared_seed,0.625,0.9902043764987861,0.5568181818181818
transition1x,0,above_5mev,0.5,166,417,583,0.583,104,trees_log,shared_seed,0.6826923076923077,0.991237501493901,0.625
transition1x,0,above_5mev,0.5,166,417,583,0.583,104,trees_raw,shared_seed,0.6923076923076923,0.9911911882460339,0.6363636363636364
transition1x,0,above_5mev,0.5,166,417,583,0.583,104,trees_physics,shared_seed,0.5961538461538461,0.013465024489538327,0.5227272727272727
transition1x,0,above_5mev,0.5,166,417,583,0.583,104,ridge,shared_seed,0.7115384615384616,0.9915676756180664,0.6590909090909091
transition1x,0,above_5mev,0.5,166,417,583,0.583,104,mp_ridge,shared_seed,0.625,0.014159888439728725,0.5568181818181818
transition1x,0,above_5mev,0.5,166,417,583,0.583,104,reference_oracle,shared_seed,1.0,0.9934322796962329,1.0
transition1x,0,above_5mev,0.5,166,417,583,0.583,104,random,shared_seed,0.5769230769230769,0.5018502028295843,0.5
transition1x,0,above_5mev,0.5,166,417,583,0.583,104,net_force,total_budget,0.5961538461538461,0.013537409155949408,
transition1x,0,above_5mev,0.5,166,417,583,0.583,104,rigid_force,total_budget,0.5961538461538461,0.01362130377528085,
transition1x,0,above_5mev,0.5,166,417,583,0.583,104,force_magnitude,total_budget,0.6730769230769231,0.9903581100049389,
transition1x,0,above_5mev,0.5,166,417,583,0.583,104,geometry_novelty,total_budget,0.6442307692307693,0.9903677140360416,
transition1x,0,above_5mev,0.5,166,417,583,0.583,104,random,total_budget,0.583,0.583,
transition1x,0,above_5mev,0.5,166,417,583,0.583,104,reference_oracle,total_budget,1.0,0.9937923862996003,
transition1x,0,above_10mev,0.5,166,417,583,0.583,1,net_force,shared_seed,0.0,0.013423925914805896,0.0
transition1x,0,above_10mev,0.5,166,417,583,0.583,1,rigid_force,shared_seed,0.0,0.013435181267923927,0.0
transition1x,0,above_10mev,0.5,166,417,583,0.583,1,force_magnitude,shared_seed,1.0,0.9903814021934532,1.0
transition1x,0,above_10mev,0.5,166,417,583,0.583,1,geometry_novelty,shared_seed,1.0,0.9902043764987861,1.0
transition1x,0,above_10mev,0.5,166,417,583,0.583,1,trees_log,shared_seed,1.0,0.991237501493901,1.0
transition1x,0,above_10mev,0.5,166,417,583,0.583,1,trees_raw,shared_seed,1.0,0.9911911882460339,1.0
transition1x,0,above_10mev,0.5,166,417,583,0.583,1,trees_physics,shared_seed,0.0,0.013465024489538327,0.0
transition1x,0,above_10mev,0.5,166,417,583,0.583,1,ridge,shared_seed,1.0,0.9915676756180664,1.0
transition1x,0,above_10mev,0.5,166,417,583,0.583,1,mp_ridge,shared_seed,0.0,0.014159888439728725,0.0
transition1x,0,above_10mev,0.5,166,417,583,0.583,1,reference_oracle,shared_seed,1.0,0.9934322796962329,1.0
transition1x,0,above_10mev,0.5,166,417,583,0.583,1,random,shared_seed,0.5,0.5018502028295843,0.5
transition1x,0,above_10mev,0.5,166,417,583,0.583,1,net_force,total_budget,0.0,0.013537409155949408,
transition1x,0,above_10mev,0.5,166,417,583,0.583,1,rigid_force,total_budget,0.0,0.01362130377528085,
transition1x,0,above_10mev,0.5,166,417,583,0.583,1,force_magnitude,total_budget,1.0,0.9903581100049389,
transition1x,0,above_10mev,0.5,166,417,583,0.583,1,geometry_novelty,total_budget,1.0,0.9903677140360416,
transition1x,0,above_10mev,0.5,166,417,583,0.583,1,random,total_budget,0.583,0.583,
transition1x,0,above_10mev,0.5,166,417,583,0.583,1,reference_oracle,total_budget,1.0,0.9937923862996003,
transition1x,0,above_25mev,0.5,166,417,583,0.583,1,net_force,shared_seed,0.0,0.013423925914805896,0.0
transition1x,0,above_25mev,0.5,166,417,583,0.583,1,rigid_force,shared_seed,0.0,0.013435181267923927,0.0
transition1x,0,above_25mev,0.5,166,417,583,0.583,1,force_magnitude,shared_seed,1.0,0.9903814021934532,1.0
transition1x,0,above_25mev,0.5,166,417,583,0.583,1,geometry_novelty,shared_seed,1.0,0.9902043764987861,1.0
transition1x,0,above_25mev,0.5,166,417,583,0.583,1,trees_log,shared_seed,1.0,0.991237501493901,1.0
transition1x,0,above_25mev,0.5,166,417,583,0.583,1,trees_raw,shared_seed,1.0,0.9911911882460339,1.0
transition1x,0,above_25mev,0.5,166,417,583,0.583,1,trees_physics,shared_seed,0.0,0.013465024489538327,0.0
transition1x,0,above_25mev,0.5,166,417,583,0.583,1,ridge,shared_seed,1.0,0.9915676756180664,1.0
transition1x,0,above_25mev,0.5,166,417,583,0.583,1,mp_ridge,shared_seed,0.0,0.014159888439728725,0.0
transition1x,0,above_25mev,0.5,166,417,583,0.583,1,reference_oracle,shared_seed,1.0,0.9934322796962329,1.0
transition1x,0,above_25mev,0.5,166,417,583,0.583,1,random,shared_seed,0.5,0.5018502028295843,0.5
transition1x,0,above_25mev,0.5,166,417,583,0.583,1,net_force,total_budget,0.0,0.013537409155949408,
transition1x,0,above_25mev,0.5,166,417,583,0.583,1,rigid_force,total_budget,0.0,0.01362130377528085,
transition1x,0,above_25mev,0.5,166,417,583,0.583,1,force_magnitude,total_budget,1.0,0.9903581100049389,
transition1x,0,above_25mev,0.5,166,417,583,0.583,1,geometry_novelty,total_budget,1.0,0.9903677140360416,
transition1x,0,above_25mev,0.5,166,417,583,0.583,1,random,total_budget,0.583,0.583,
transition1x,0,above_25mev,0.5,166,417,583,0.583,1,reference_oracle,total_budget,1.0,0.9937923862996003,
transition1x,1,worst_decile,0.01,213,8,221,0.221,100,net_force,shared_seed,0.33,0.9824844316528947,0.014705882352941176
transition1x,1,worst_decile,0.01,213,8,221,0.221,100,rigid_force,shared_seed,0.34,0.982475796518335,0.029411764705882353
transition1x,1,worst_decile,0.01,213,8,221,0.221,100,force_magnitude,shared_seed,0.33,0.9824359198932516,0.014705882352941176
transition1x,1,worst_decile,0.01,213,8,221,0.221,100,geometry_novelty,shared_seed,0.34,0.9823792752310208,0.029411764705882353
transition1x,1,worst_decile,0.01,213,8,221,0.221,100,trees_log,shared_seed,0.36,0.9824959758022822,0.058823529411764705
transition1x,1,worst_decile,0.01,213,8,221,0.221,100,trees_raw,shared_seed,0.33,0.9824340294016858,0.014705882352941176
transition1x,1,worst_decile,0.01,213,8,221,0.221,100,trees_physics,shared_seed,0.33,0.9824496238329838,0.014705882352941176
transition1x,1,worst_decile,0.01,213,8,221,0.221,100,ridge,shared_seed,0.36,0.9825138056353915,0.058823529411764705
transition1x,1,worst_decile,0.01,213,8,221,0.221,100,mp_ridge,shared_seed,0.35,0.9825026270759338,0.04411764705882353
transition1x,1,worst_decile,0.01,213,8,221,0.221,100,reference_oracle,shared_seed,0.4,0.982729947355428,0.11764705882352941
transition1x,1,worst_decile,0.01,213,8,221,0.221,100,random,shared_seed,0.3269123252858958,0.9824530361029816,0.010165184243964422
transition1x,1,worst_decile,0.01,213,8,221,0.221,100,net_force,total_budget,0.22,0.005262627390506114,
transition1x,1,worst_decile,0.01,213,8,221,0.221,100,rigid_force,total_budget,0.29,0.005377370662301491,
transition1x,1,worst_decile,0.01,213,8,221,0.221,100,force_magnitude,total_budget,0.22,0.9820902022630725,
transition1x,1,worst_decile,0.01,213,8,221,0.221,100,geometry_novelty,total_budget,0.26,0.004775576698834669,
transition1x,1,worst_decile,0.01,213,8,221,0.221,100,random,total_budget,0.221,0.221,
transition1x,1,worst_decile,0.01,213,8,221,0.221,100,reference_oracle,total_budget,1.0,0.9852518671009043,
transition1x,1,above_5mev,0.01,213,8,221,0.221,104,net_force,shared_seed,0.33653846153846156,0.9824844316528947,0.014285714285714285
transition1x,1,above_5mev,0.01,213,8,221,0.221,104,rigid_force,shared_seed,0.34615384615384615,0.982475796518335,0.02857142857142857
transition1x,1,above_5mev,0.01,213,8,221,0.221,104,force_magnitude,shared_seed,0.33653846153846156,0.9824359198932516,0.014285714285714285
transition1x,1,above_5mev,0.01,213,8,221,0.221,104,geometry_novelty,shared_seed,0.34615384615384615,0.9823792752310208,0.02857142857142857
transition1x,1,above_5mev,0.01,213,8,221,0.221,104,trees_log,shared_seed,0.36538461538461536,0.9824959758022822,0.05714285714285714
transition1x,1,above_5mev,0.01,213,8,221,0.221,104,trees_raw,shared_seed,0.33653846153846156,0.9824340294016858,0.014285714285714285
transition1x,1,above_5mev,0.01,213,8,221,0.221,104,trees_physics,shared_seed,0.33653846153846156,0.9824496238329838,0.014285714285714285
transition1x,1,above_5mev,0.01,213,8,221,0.221,104,ridge,shared_seed,0.36538461538461536,0.9825138056353915,0.05714285714285714
transition1x,1,above_5mev,0.01,213,8,221,0.221,104,mp_ridge,shared_seed,0.3557692307692308,0.9825026270759338,0.04285714285714286
transition1x,1,above_5mev,0.01,213,8,221,0.221,104,reference_oracle,shared_seed,0.40384615384615385,0.982729947355428,0.11428571428571428
transition1x,1,above_5mev,0.01,213,8,221,0.221,104,random,shared_seed,0.33376502785651446,0.9824530361029816,0.010165184243964422
transition1x,1,above_5mev,0.01,213,8,221,0.221,104,net_force,total_budget,0.23076923076923078,0.005262627390506114,
transition1x,1,above_5mev,0.01,213,8,221,0.221,104,rigid_force,total_budget,0.28846153846153844,0.005377370662301491,
transition1x,1,above_5mev,0.01,213,8,221,0.221,104,force_magnitude,total_budget,0.21153846153846154,0.9820902022630725,
transition1x,1,above_5mev,0.01,213,8,221,0.221,104,geometry_novelty,total_budget,0.25,0.004775576698834669,
transition1x,1,above_5mev,0.01,213,8,221,0.221,104,random,total_budget,0.221,0.221,
transition1x,1,above_5mev,0.01,213,8,221,0.221,104,reference_oracle,total_budget,1.0,0.9852518671009043,
transition1x,1,above_10mev,0.01,213,8,221,0.221,1,net_force,shared_seed,1.0,0.9824844316528947,
transition1x,1,above_10mev,0.01,213,8,221,0.221,1,rigid_force,shared_seed,1.0,0.982475796518335,
transition1x,1,above_10mev,0.01,213,8,221,0.221,1,force_magnitude,shared_seed,1.0,0.9824359198932516,
transition1x,1,above_10mev,0.01,213,8,221,0.221,1,geometry_novelty,shared_seed,1.0,0.9823792752310208,
transition1x,1,above_10mev,0.01,213,8,221,0.221,1,trees_log,shared_seed,1.0,0.9824959758022822,
transition1x,1,above_10mev,0.01,213,8,221,0.221,1,trees_raw,shared_seed,1.0,0.9824340294016858,
transition1x,1,above_10mev,0.01,213,8,221,0.221,1,trees_physics,shared_seed,1.0,0.9824496238329838,
transition1x,1,above_10mev,0.01,213,8,221,0.221,1,ridge,shared_seed,1.0,0.9825138056353915,
transition1x,1,above_10mev,0.01,213,8,221,0.221,1,mp_ridge,shared_seed,1.0,0.9825026270759338,
transition1x,1,above_10mev,0.01,213,8,221,0.221,1,reference_oracle,shared_seed,1.0,0.982729947355428,
transition1x,1,above_10mev,0.01,213,8,221,0.221,1,random,shared_seed,1.0,0.9824530361029816,
transition1x,1,above_10mev,0.01,213,8,221,0.221,1,net_force,total_budget,0.0,0.005262627390506114,
transition1x,1,above_10mev,0.01,213,8,221,0.221,1,rigid_force,total_budget,0.0,0.005377370662301491,
transition1x,1,above_10mev,0.01,213,8,221,0.221,1,force_magnitude,total_budget,1.0,0.9820902022630725,
transition1x,1,above_10mev,0.01,213,8,221,0.221,1,geometry_novelty,total_budget,0.0,0.004775576698834669,
transition1x,1,above_10mev,0.01,213,8,221,0.221,1,random,total_budget,0.221,0.221,
transition1x,1,above_10mev,0.01,213,8,221,0.221,1,reference_oracle,total_budget,1.0,0.9852518671009043,
transition1x,1,above_25mev,0.01,213,8,221,0.221,1,net_force,shared_seed,1.0,0.9824844316528947,
transition1x,1,above_25mev,0.01,213,8,221,0.221,1,rigid_force,shared_seed,1.0,0.982475796518335,
transition1x,1,above_25mev,0.01,213,8,221,0.221,1,force_magnitude,shared_seed,1.0,0.9824359198932516,
transition1x,1,above_25mev,0.01,213,8,221,0.221,1,geometry_novelty,shared_seed,1.0,0.9823792752310208,
transition1x,1,above_25mev,0.01,213,8,221,0.221,1,trees_log,shared_seed,1.0,0.9824959758022822,
transition1x,1,above_25mev,0.01,213,8,221,0.221,1,trees_raw,shared_seed,1.0,0.9824340294016858,
transition1x,1,above_25mev,0.01,213,8,221,0.221,1,trees_physics,shared_seed,1.0,0.9824496238329838,
transition1x,1,above_25mev,0.01,213,8,221,0.221,1,ridge,shared_seed,1.0,0.9825138056353915,
transition1x,1,above_25mev,0.01,213,8,221,0.221,1,mp_ridge,shared_seed,1.0,0.9825026270759338,
transition1x,1,above_25mev,0.01,213,8,221,0.221,1,reference_oracle,shared_seed,1.0,0.982729947355428,
transition1x,1,above_25mev,0.01,213,8,221,0.221,1,random,shared_seed,1.0,0.9824530361029816,
transition1x,1,above_25mev,0.01,213,8,221,0.221,1,net_force,total_budget,0.0,0.005262627390506114,
transition1x,1,above_25mev,0.01,213,8,221,0.221,1,rigid_force,total_budget,0.0,0.005377370662301491,
transition1x,1,above_25mev,0.01,213,8,221,0.221,1,force_magnitude,total_budget,1.0,0.9820902022630725,
transition1x,1,above_25mev,0.01,213,8,221,0.221,1,geometry_novelty,total_budget,0.0,0.004775576698834669,
transition1x,1,above_25mev,0.01,213,8,221,0.221,1,random,total_budget,0.221,0.221,
transition1x,1,above_25mev,0.01,213,8,221,0.221,1,reference_oracle,total_budget,1.0,0.9852518671009043,
transition1x,1,worst_decile,0.02,213,16,229,0.229,100,net_force,shared_seed,0.35,0.9827240211910434,0.04411764705882353
transition1x,1,worst_decile,0.02,213,16,229,0.229,100,rigid_force,shared_seed,0.36,0.9826625469399872,0.058823529411764705
transition1x,1,worst_decile,0.02,213,16,229,0.229,100,force_magnitude,shared_seed,0.33,0.9825848010286468,0.014705882352941176
transition1x,1,worst_decile,0.02,213,16,229,0.229,100,geometry_novelty,shared_seed,0.36,0.9825593550853534,0.058823529411764705
transition1x,1,worst_decile,0.02,213,16,229,0.229,100,trees_log,shared_seed,0.37,0.9826842431300398,0.07352941176470588
transition1x,1,worst_decile,0.02,213,16,229,0.229,100,trees_raw,shared_seed,0.34,0.9826062211836292,0.029411764705882353
transition1x,1,worst_decile,0.02,213,16,229,0.229,100,trees_physics,shared_seed,0.33,0.9826165682419914,0.014705882352941176
transition1x,1,worst_decile,0.02,213,16,229,0.229,100,ridge,shared_seed,0.36,0.9826957503846807,0.058823529411764705
transition1x,1,worst_decile,0.02,213,16,229,0.229,100,mp_ridge,shared_seed,0.37,0.9827150476570754,0.07352941176470588
transition1x,1,worst_decile,0.02,213,16,229,0.229,100,reference_oracle,shared_seed,0.48,0.9831052889714135,0.23529411764705882
transition1x,1,worst_decile,0.02,213,16,229,0.229,100,random,shared_seed,0.3338246505717916,0.9826332359889587,0.020330368487928845
transition1x,1,worst_decile,0.02,213,16,229,0.229,100,net_force,total_budget,0.23,0.005475405697772686,
transition1x,1,worst_decile,0.02,213,16,229,0.229,100,rigid_force,total_budget,0.3,0.005585717143813615,
transition1x,1,worst_decile,0.02,213,16,229,0.229,100,force_magnitude,total_budget,0.23,0.982288337775083,
transition1x,1,worst_decile,0.02,213,16,229,0.229,100,geometry_novelty,total_budget,0.26,0.004947105587265156,
transition1x,1,worst_decile,0.02,213,16,229,0.229,100,random,total_budget,0.229,0.229,
transition1x,1,worst_decile,0.02,213,16,229,0.229,100,reference_oracle,total_budget,1.0,0.985439960330974,
transition1x,1,above_5mev,0.02,213,16,229,0.229,104,net_force,shared_seed,0.3557692307692308,0.9827240211910434,0.04285714285714286
transition1x,1,above_5mev,0.02,213,16,229,0.229,104,rigid_force,shared_seed,0.36538461538461536,0.9826625469399872,0.05714285714285714
transition1x,1,above_5mev,0.02,213,16,229,0.229,104,force_magnitude,shared_seed,0.33653846153846156,0.9825848010286468,0.014285714285714285
transition1x,1,above_5mev,0.02,213,16,229,0.229,104,geometry_novelty,shared_seed,0.36538461538461536,0.9825593550853534,0.05714285714285714
transition1x,1,above_5mev,0.02,213,16,229,0.229,104,trees_log,shared_seed,0.375,0.9826842431300398,0.07142857142857142
transition1x,1,above_5mev,0.02,213,16,229,0.229,104,trees_raw,shared_seed,0.34615384615384615,0.9826062211836292,0.02857142857142857
transition1x,1,above_5mev,0.02,213,16,229,0.229,104,trees_physics,shared_seed,0.33653846153846156,0.9826165682419914,0.014285714285714285
transition1x,1,above_5mev,0.02,213,16,229,0.229,104,ridge,shared_seed,0.36538461538461536,0.9826957503846807,0.05714285714285714
transition1x,1,above_5mev,0.02,213,16,229,0.229,104,mp_ridge,shared_seed,0.375,0.9827150476570754,0.07142857142857142
transition1x,1,above_5mev,0.02,213,16,229,0.229,104,reference_oracle,shared_seed,0.4807692307692308,0.9831052889714135,0.22857142857142856
transition1x,1,above_5mev,0.02,213,16,229,0.229,104,random,shared_seed,0.3406069787899521,0.9826332359889587,0.020330368487928845
transition1x,1,above_5mev,0.02,213,16,229,0.229,104,net_force,total_budget,0.2403846153846154,0.005475405697772686,
transition1x,1,above_5mev,0.02,213,16,229,0.229,104,rigid_force,total_budget,0.2980769230769231,0.005585717143813615,
transition1x,1,above_5mev,0.02,213,16,229,0.229,104,force_magnitude,total_budget,0.22115384615384615,0.982288337775083,
transition1x,1,above_5mev,0.02,213,16,229,0.229,104,geometry_novelty,total_budget,0.25,0.004947105587265156,
transition1x,1,above_5mev,0.02,213,16,229,0.229,104,random,total_budget,0.229,0.229,
transition1x,1,above_5mev,0.02,213,16,229,0.229,104,reference_oracle,total_budget,1.0,0.985439960330974,
transition1x,1,above_10mev,0.02,213,16,229,0.229,1,net_force,shared_seed,1.0,0.9827240211910434,
transition1x,1,above_10mev,0.02,213,16,229,0.229,1,rigid_force,shared_seed,1.0,0.9826625469399872,
transition1x,1,above_10mev,0.02,213,16,229,0.229,1,force_magnitude,shared_seed,1.0,0.9825848010286468,
transition1x,1,above_10mev,0.02,213,16,229,0.229,1,geometry_novelty,shared_seed,1.0,0.9825593550853534,
transition1x,1,above_10mev,0.02,213,16,229,0.229,1,trees_log,shared_seed,1.0,0.9826842431300398,
transition1x,1,above_10mev,0.02,213,16,229,0.229,1,trees_raw,shared_seed,1.0,0.9826062211836292,
transition1x,1,above_10mev,0.02,213,16,229,0.229,1,trees_physics,shared_seed,1.0,0.9826165682419914,
transition1x,1,above_10mev,0.02,213,16,229,0.229,1,ridge,shared_seed,1.0,0.9826957503846807,
transition1x,1,above_10mev,0.02,213,16,229,0.229,1,mp_ridge,shared_seed,1.0,0.9827150476570754,
transition1x,1,above_10mev,0.02,213,16,229,0.229,1,reference_oracle,shared_seed,1.0,0.9831052889714135,
transition1x,1,above_10mev,0.02,213,16,229,0.229,1,random,shared_seed,1.0,0.9826332359889587,
transition1x,1,above_10mev,0.02,213,16,229,0.229,1,net_force,total_budget,0.0,0.005475405697772686,
transition1x,1,above_10mev,0.02,213,16,229,0.229,1,rigid_force,total_budget,0.0,0.005585717143813615,
transition1x,1,above_10mev,0.02,213,16,229,0.229,1,force_magnitude,total_budget,1.0,0.982288337775083,
transition1x,1,above_10mev,0.02,213,16,229,0.229,1,geometry_novelty,total_budget,0.0,0.004947105587265156,
transition1x,1,above_10mev,0.02,213,16,229,0.229,1,random,total_budget,0.229,0.229,
transition1x,1,above_10mev,0.02,213,16,229,0.229,1,reference_oracle,total_budget,1.0,0.985439960330974,
transition1x,1,above_25mev,0.02,213,16,229,0.229,1,net_force,shared_seed,1.0,0.9827240211910434,
transition1x,1,above_25mev,0.02,213,16,229,0.229,1,rigid_force,shared_seed,1.0,0.9826625469399872,
transition1x,1,above_25mev,0.02,213,16,229,0.229,1,force_magnitude,shared_seed,1.0,0.9825848010286468,
transition1x,1,above_25mev,0.02,213,16,229,0.229,1,geometry_novelty,shared_seed,1.0,0.9825593550853534,
transition1x,1,above_25mev,0.02,213,16,229,0.229,1,trees_log,shared_seed,1.0,0.9826842431300398,
transition1x,1,above_25mev,0.02,213,16,229,0.229,1,trees_raw,shared_seed,1.0,0.9826062211836292,
transition1x,1,above_25mev,0.02,213,16,229,0.229,1,trees_physics,shared_seed,1.0,0.9826165682419914,
transition1x,1,above_25mev,0.02,213,16,229,0.229,1,ridge,shared_seed,1.0,0.9826957503846807,
transition1x,1,above_25mev,0.02,213,16,229,0.229,1,mp_ridge,shared_seed,1.0,0.9827150476570754,
transition1x,1,above_25mev,0.02,213,16,229,0.229,1,reference_oracle,shared_seed,1.0,0.9831052889714135,
transition1x,1,above_25mev,0.02,213,16,229,0.229,1,random,shared_seed,1.0,0.9826332359889587,
transition1x,1,above_25mev,0.02,213,16,229,0.229,1,net_force,total_budget,0.0,0.005475405697772686,
transition1x,1,above_25mev,0.02,213,16,229,0.229,1,rigid_force,total_budget,0.0,0.005585717143813615,
transition1x,1,above_25mev,0.02,213,16,229,0.229,1,force_magnitude,total_budget,1.0,0.982288337775083,
transition1x,1,above_25mev,0.02,213,16,229,0.229,1,geometry_novelty,total_budget,0.0,0.004947105587265156,
transition1x,1,above_25mev,0.02,213,16,229,0.229,1,random,total_budget,0.229,0.229,
transition1x,1,above_25mev,0.02,213,16,229,0.229,1,reference_oracle,total_budget,1.0,0.985439960330974,
transition1x,1,worst_decile,0.05,213,40,253,0.253,100,net_force,shared_seed,0.37,0.9832531458305838,0.07352941176470588
transition1x,1,worst_decile,0.05,213,40,253,0.253,100,rigid_force,shared_seed,0.38,0.9832387359609095,0.08823529411764706
transition1x,1,worst_decile,0.05,213,40,253,0.253,100,force_magnitude,shared_seed,0.35,0.9831436857746013,0.04411764705882353
transition1x,1,worst_decile,0.05,213,40,253,0.253,100,geometry_novelty,shared_seed,0.36,0.983066069742489,0.058823529411764705
transition1x,1,worst_decile,0.05,213,40,253,0.253,100,trees_log,shared_seed,0.4,0.9831270844667482,0.11764705882352941
transition1x,1,worst_decile,0.05,213,40,253,0.253,100,trees_raw,shared_seed,0.35,0.9830777390747043,0.04411764705882353
transition1x,1,worst_decile,0.05,213,40,253,0.253,100,trees_physics,shared_seed,0.35,0.9831958963837923,0.04411764705882353
transition1x,1,worst_decile,0.05,213,40,253,0.253,100,ridge,shared_seed,0.41,0.9832880426894509,0.1323529411764706
transition1x,1,worst_decile,0.05,213,40,253,0.253,100,mp_ridge,shared_seed,0.4,0.9832567105739063,0.11764705882352941
transition1x,1,worst_decile,0.05,213,40,253,0.253,100,reference_oracle,shared_seed,0.72,0.9840845479801312,0.5882352941176471
transition1x,1,worst_decile,0.05,213,40,253,0.253,100,random,shared_seed,0.354561626429479,0.9831738356468899,0.05082592121982211
transition1x,1,worst_decile,0.05,213,40,253,0.253,100,net_force,total_budget,0.25,0.005969505301532112,
transition1x,1,worst_decile,0.05,213,40,253,0.253,100,rigid_force,total_budget,0.31,0.006153798170289418,
transition1x,1,worst_decile,0.05,213,40,253,0.253,100,force_magnitude,total_budget,0.29,0.9828471273776698,
transition1x,1,worst_decile,0.05,213,40,253,0.253,100,geometry_novelty,total_budget,0.31,0.9829220457448374,
transition1x,1,worst_decile,0.05,213,40,253,0.253,100,random,total_budget,0.253,0.253,
transition1x,1,worst_decile,0.05,213,40,253,0.253,100,reference_oracle,total_budget,1.0,0.9861030535480293,
transition1x,1,above_5mev,0.05,213,40,253,0.253,104,net_force,shared_seed,0.375,0.9832531458305838,0.07142857142857142
transition1x,1,above_5mev,0.05,213,40,253,0.253,104,rigid_force,shared_seed,0.38461538461538464,0.9832387359609095,0.08571428571428572
transition1x,1,above_5mev,0.05,213,40,253,0.253,104,force_magnitude,shared_seed,0.3557692307692308,0.9831436857746013,0.04285714285714286
transition1x,1,above_5mev,0.05,213,40,253,0.253,104,geometry_novelty,shared_seed,0.36538461538461536,0.983066069742489,0.05714285714285714
transition1x,1,above_5mev,0.05,213,40,253,0.253,104,trees_log,shared_seed,0.40384615384615385,0.9831270844667482,0.11428571428571428
transition1x,1,above_5mev,0.05,213,40,253,0.253,104,trees_raw,shared_seed,0.3557692307692308,0.9830777390747043,0.04285714285714286
transition1x,1,above_5mev,0.05,213,40,253,0.253,104,trees_physics,shared_seed,0.3557692307692308,0.9831958963837923,0.04285714285714286
transition1x,1,above_5mev,0.05,213,40,253,0.253,104,ridge,shared_seed,0.41346153846153844,0.9832880426894509,0.12857142857142856
transition1x,1,above_5mev,0.05,213,40,253,0.253,104,mp_ridge,shared_seed,0.40384615384615385,0.9832567105739063,0.11428571428571428
transition1x,1,above_5mev,0.05,213,40,253,0.253,104,reference_oracle,shared_seed,0.7115384615384616,0.9840845479801312,0.5714285714285714
transition1x,1,above_5mev,0.05,213,40,253,0.253,104,random,shared_seed,0.3611328315902649,0.9831738356468899,0.05082592121982211
transition1x,1,above_5mev,0.05,213,40,253,0.253,104,net_force,total_budget,0.25961538461538464,0.005969505301532112,
transition1x,1,above_5mev,0.05,213,40,253,0.253,104,rigid_force,total_budget,0.3076923076923077,0.006153798170289418,
transition1x,1,above_5mev,0.05,213,40,253,0.253,104,force_magnitude,total_budget,0.27884615384615385,0.9828471273776698,
transition1x,1,above_5mev,0.05,213,40,253,0.253,104,geometry_novelty,total_budget,0.2980769230769231,0.9829220457448374,
transition1x,1,above_5mev,0.05,213,40,253,0.253,104,random,total_budget,0.253,0.253,
transition1x,1,above_5mev,0.05,213,40,253,0.253,104,reference_oracle,total_budget,1.0,0.9861030535480293,
transition1x,1,above_10mev,0.05,213,40,253,0.253,1,net_force,shared_seed,1.0,0.9832531458305838,
transition1x,1,above_10mev,0.05,213,40,253,0.253,1,rigid_force,shared_seed,1.0,0.9832387359609095,
transition1x,1,above_10mev,0.05,213,40,253,0.253,1,force_magnitude,shared_seed,1.0,0.9831436857746013,
transition1x,1,above_10mev,0.05,213,40,253,0.253,1,geometry_novelty,shared_seed,1.0,0.983066069742489,
transition1x,1,above_10mev,0.05,213,40,253,0.253,1,trees_log,shared_seed,1.0,0.9831270844667482,
transition1x,1,above_10mev,0.05,213,40,253,0.253,1,trees_raw,shared_seed,1.0,0.9830777390747043,
transition1x,1,above_10mev,0.05,213,40,253,0.253,1,trees_physics,shared_seed,1.0,0.9831958963837923,
transition1x,1,above_10mev,0.05,213,40,253,0.253,1,ridge,shared_seed,1.0,0.9832880426894509,
transition1x,1,above_10mev,0.05,213,40,253,0.253,1,mp_ridge,shared_seed,1.0,0.9832567105739063,
transition1x,1,above_10mev,0.05,213,40,253,0.253,1,reference_oracle,shared_seed,1.0,0.9840845479801312,
transition1x,1,above_10mev,0.05,213,40,253,0.253,1,random,shared_seed,1.0,0.9831738356468899,
transition1x,1,above_10mev,0.05,213,40,253,0.253,1,net_force,total_budget,0.0,0.005969505301532112,
transition1x,1,above_10mev,0.05,213,40,253,0.253,1,rigid_force,total_budget,0.0,0.006153798170289418,
transition1x,1,above_10mev,0.05,213,40,253,0.253,1,force_magnitude,total_budget,1.0,0.9828471273776698,
transition1x,1,above_10mev,0.05,213,40,253,0.253,1,geometry_novelty,total_budget,1.0,0.9829220457448374,
transition1x,1,above_10mev,0.05,213,40,253,0.253,1,random,total_budget,0.253,0.253,
transition1x,1,above_10mev,0.05,213,40,253,0.253,1,reference_oracle,total_budget,1.0,0.9861030535480293,
transition1x,1,above_25mev,0.05,213,40,253,0.253,1,net_force,shared_seed,1.0,0.9832531458305838,
transition1x,1,above_25mev,0.05,213,40,253,0.253,1,rigid_force,shared_seed,1.0,0.9832387359609095,
transition1x,1,above_25mev,0.05,213,40,253,0.253,1,force_magnitude,shared_seed,1.0,0.9831436857746013,
transition1x,1,above_25mev,0.05,213,40,253,0.253,1,geometry_novelty,shared_seed,1.0,0.983066069742489,
transition1x,1,above_25mev,0.05,213,40,253,0.253,1,trees_log,shared_seed,1.0,0.9831270844667482,
transition1x,1,above_25mev,0.05,213,40,253,0.253,1,trees_raw,shared_seed,1.0,0.9830777390747043,
transition1x,1,above_25mev,0.05,213,40,253,0.253,1,trees_physics,shared_seed,1.0,0.9831958963837923,
transition1x,1,above_25mev,0.05,213,40,253,0.253,1,ridge,shared_seed,1.0,0.9832880426894509,
transition1x,1,above_25mev,0.05,213,40,253,0.253,1,mp_ridge,shared_seed,1.0,0.9832567105739063,
transition1x,1,above_25mev,0.05,213,40,253,0.253,1,reference_oracle,shared_seed,1.0,0.9840845479801312,
transition1x,1,above_25mev,0.05,213,40,253,0.253,1,random,shared_seed,1.0,0.9831738356468899,
transition1x,1,above_25mev,0.05,213,40,253,0.253,1,net_force,total_budget,0.0,0.005969505301532112,
transition1x,1,above_25mev,0.05,213,40,253,0.253,1,rigid_force,total_budget,0.0,0.006153798170289418,
transition1x,1,above_25mev,0.05,213,40,253,0.253,1,force_magnitude,total_budget,1.0,0.9828471273776698,
transition1x,1,above_25mev,0.05,213,40,253,0.253,1,geometry_novelty,total_budget,1.0,0.9829220457448374,
transition1x,1,above_25mev,0.05,213,40,253,0.253,1,random,total_budget,0.253,0.253,
transition1x,1,above_25mev,0.05,213,40,253,0.253,1,reference_oracle,total_budget,1.0,0.9861030535480293,
transition1x,1,worst_decile,0.1,213,79,292,0.292,100,net_force,shared_seed,0.4,0.9842041643103467,0.11764705882352941
transition1x,1,worst_decile,0.1,213,79,292,0.292,100,rigid_force,shared_seed,0.41,0.9841458484089223,0.1323529411764706
transition1x,1,worst_decile,0.1,213,79,292,0.292,100,force_magnitude,shared_seed,0.38,0.983950662040437,0.08823529411764706
transition1x,1,worst_decile,0.1,213,79,292,0.292,100,geometry_novelty,shared_seed,0.41,0.9839619754947234,0.1323529411764706
transition1x,1,worst_decile,0.1,213,79,292,0.292,100,trees_log,shared_seed,0.49,0.9841238002204746,0.25
transition1x,1,worst_decile,0.1,213,79,292,0.292,100,trees_raw,shared_seed,0.37,0.9838385457026365,0.07352941176470588
transition1x,1,worst_decile,0.1,213,79,292,0.292,100,trees_physics,shared_seed,0.39,0.9840812303070106,0.10294117647058823
transition1x,1,worst_decile,0.1,213,79,292,0.292,100,ridge,shared_seed,0.44,0.9840698146326543,0.17647058823529413
transition1x,1,worst_decile,0.1,213,79,292,0.292,100,mp_ridge,shared_seed,0.45,0.9841307424976662,0.19117647058823528
transition1x,1,worst_decile,0.1,213,79,292,0.292,100,reference_oracle,shared_seed,1.0,0.9854371840065191,1.0
transition1x,1,worst_decile,0.1,213,79,292,0.292,100,random,shared_seed,0.38825921219822107,0.9840523100910282,0.10038119440914867
transition1x,1,worst_decile,0.1,213,79,292,0.292,100,net_force,total_budget,0.28,0.006857786505143673,
transition1x,1,worst_decile,0.1,213,79,292,0.292,100,rigid_force,total_budget,0.32,0.007031015831099179,
transition1x,1,worst_decile,0.1,213,79,292,0.292,100,force_magnitude,total_budget,0.33,0.9837900646033831,
transition1x,1,worst_decile,0.1,213,79,292,0.292,100,geometry_novelty,total_budget,0.34,0.983666995091167,
transition1x,1,worst_decile,0.1,213,79,292,0.292,100,random,total_budget,0.292,0.292,
transition1x,1,worst_decile,0.1,213,79,292,0.292,100,reference_oracle,total_budget,1.0,0.9871457560079331,
transition1x,1,above_5mev,0.1,213,79,292,0.292,104,net_force,shared_seed,0.40384615384615385,0.9842041643103467,0.11428571428571428
transition1x,1,above_5mev,0.1,213,79,292,0.292,104,rigid_force,shared_seed,0.41346153846153844,0.9841458484089223,0.12857142857142856
transition1x,1,above_5mev,0.1,213,79,292,0.292,104,force_magnitude,shared_seed,0.38461538461538464,0.983950662040437,0.08571428571428572
transition1x,1,above_5mev,0.1,213,79,292,0.292,104,geometry_novelty,shared_seed,0.41346153846153844,0.9839619754947234,0.12857142857142856
transition1x,1,above_5mev,0.1,213,79,292,0.292,104,trees_log,shared_seed,0.49038461538461536,0.9841238002204746,0.24285714285714285
transition1x,1,above_5mev,0.1,213,79,292,0.292,104,trees_raw,shared_seed,0.375,0.9838385457026365,0.07142857142857142
transition1x,1,above_5mev,0.1,213,79,292,0.292,104,trees_physics,shared_seed,0.3942307692307692,0.9840812303070106,0.1
transition1x,1,above_5mev,0.1,213,79,292,0.292,104,ridge,shared_seed,0.4423076923076923,0.9840698146326543,0.17142857142857143
transition1x,1,above_5mev,0.1,213,79,292,0.292,104,mp_ridge,shared_seed,0.4519230769230769,0.9841307424976662,0.18571428571428572
transition1x,1,above_5mev,0.1,213,79,292,0.292,104,reference_oracle,shared_seed,1.0,0.9854371840065191,1.0
transition1x,1,above_5mev,0.1,213,79,292,0.292,104,random,shared_seed,0.3944873423907731,0.9840523100910282,0.10038119440914867
transition1x,1,above_5mev,0.1,213,79,292,0.292,104,net_force,total_budget,0.2980769230769231,0.006857786505143673,
transition1x,1,above_5mev,0.1,213,79,292,0.292,104,rigid_force,total_budget,0.3173076923076923,0.007031015831099179,
transition1x,1,above_5mev,0.1,213,79,292,0.292,104,force_magnitude,total_budget,0.3269230769230769,0.9837900646033831,
transition1x,1,above_5mev,0.1,213,79,292,0.292,104,geometry_novelty,total_budget,0.33653846153846156,0.983666995091167,
transition1x,1,above_5mev,0.1,213,79,292,0.292,104,random,total_budget,0.292,0.292,
transition1x,1,above_5mev,0.1,213,79,292,0.292,104,reference_oracle,total_budget,1.0,0.9871457560079331,
transition1x,1,above_10mev,0.1,213,79,292,0.292,1,net_force,shared_seed,1.0,0.9842041643103467,
transition1x,1,above_10mev,0.1,213,79,292,0.292,1,rigid_force,shared_seed,1.0,0.9841458484089223,
transition1x,1,above_10mev,0.1,213,79,292,0.292,1,force_magnitude,shared_seed,1.0,0.983950662040437,
transition1x,1,above_10mev,0.1,213,79,292,0.292,1,geometry_novelty,shared_seed,1.0,0.9839619754947234,
transition1x,1,above_10mev,0.1,213,79,292,0.292,1,trees_log,shared_seed,1.0,0.9841238002204746,
transition1x,1,above_10mev,0.1,213,79,292,0.292,1,trees_raw,shared_seed,1.0,0.9838385457026365,
transition1x,1,above_10mev,0.1,213,79,292,0.292,1,trees_physics,shared_seed,1.0,0.9840812303070106,
transition1x,1,above_10mev,0.1,213,79,292,0.292,1,ridge,shared_seed,1.0,0.9840698146326543,
transition1x,1,above_10mev,0.1,213,79,292,0.292,1,mp_ridge,shared_seed,1.0,0.9841307424976662,
transition1x,1,above_10mev,0.1,213,79,292,0.292,1,reference_oracle,shared_seed,1.0,0.9854371840065191,
transition1x,1,above_10mev,0.1,213,79,292,0.292,1,random,shared_seed,1.0,0.9840523100910282,
transition1x,1,above_10mev,0.1,213,79,292,0.292,1,net_force,total_budget,0.0,0.006857786505143673,
transition1x,1,above_10mev,0.1,213,79,292,0.292,1,rigid_force,total_budget,0.0,0.007031015831099179,
transition1x,1,above_10mev,0.1,213,79,292,0.292,1,force_magnitude,total_budget,1.0,0.9837900646033831,
transition1x,1,above_10mev,0.1,213,79,292,0.292,1,geometry_novelty,total_budget,1.0,0.983666995091167,
transition1x,1,above_10mev,0.1,213,79,292,0.292,1,random,total_budget,0.292,0.292,
transition1x,1,above_10mev,0.1,213,79,292,0.292,1,reference_oracle,total_budget,1.0,0.9871457560079331,
transition1x,1,above_25mev,0.1,213,79,292,0.292,1,net_force,shared_seed,1.0,0.9842041643103467,
transition1x,1,above_25mev,0.1,213,79,292,0.292,1,rigid_force,shared_seed,1.0,0.9841458484089223,
transition1x,1,above_25mev,0.1,213,79,292,0.292,1,force_magnitude,shared_seed,1.0,0.983950662040437,
transition1x,1,above_25mev,0.1,213,79,292,0.292,1,geometry_novelty,shared_seed,1.0,0.9839619754947234,
transition1x,1,above_25mev,0.1,213,79,292,0.292,1,trees_log,shared_seed,1.0,0.9841238002204746,
transition1x,1,above_25mev,0.1,213,79,292,0.292,1,trees_raw,shared_seed,1.0,0.9838385457026365,
transition1x,1,above_25mev,0.1,213,79,292,0.292,1,trees_physics,shared_seed,1.0,0.9840812303070106,
transition1x,1,above_25mev,0.1,213,79,292,0.292,1,ridge,shared_seed,1.0,0.9840698146326543,
transition1x,1,above_25mev,0.1,213,79,292,0.292,1,mp_ridge,shared_seed,1.0,0.9841307424976662,
transition1x,1,above_25mev,0.1,213,79,292,0.292,1,reference_oracle,shared_seed,1.0,0.9854371840065191,
transition1x,1,above_25mev,0.1,213,79,292,0.292,1,random,shared_seed,1.0,0.9840523100910282,
transition1x,1,above_25mev,0.1,213,79,292,0.292,1,net_force,total_budget,0.0,0.006857786505143673,
transition1x,1,above_25mev,0.1,213,79,292,0.292,1,rigid_force,total_budget,0.0,0.007031015831099179,
transition1x,1,above_25mev,0.1,213,79,292,0.292,1,force_magnitude,total_budget,1.0,0.9837900646033831,
transition1x,1,above_25mev,0.1,213,79,292,0.292,1,geometry_novelty,total_budget,1.0,0.983666995091167,
transition1x,1,above_25mev,0.1,213,79,292,0.292,1,random,total_budget,0.292,0.292,
transition1x,1,above_25mev,0.1,213,79,292,0.292,1,reference_oracle,total_budget,1.0,0.9871457560079331,
transition1x,1,worst_decile,0.2,213,158,371,0.371,100,net_force,shared_seed,0.49,0.9860331823681404,0.25
transition1x,1,worst_decile,0.2,213,158,371,0.371,100,rigid_force,shared_seed,0.5,0.9860565496890945,0.2647058823529412
transition1x,1,worst_decile,0.2,213,158,371,0.371,100,force_magnitude,shared_seed,0.43,0.9855837113805866,0.16176470588235295
transition1x,1,worst_decile,0.2,213,158,371,0.371,100,geometry_novelty,shared_seed,0.48,0.9857304406341222,0.23529411764705882
transition1x,1,worst_decile,0.2,213,158,371,0.371,100,trees_log,shared_seed,0.65,0.9861152093461752,0.4852941176470588
transition1x,1,worst_decile,0.2,213,158,371,0.371,100,trees_raw,shared_seed,0.49,0.985632711052042,0.25
transition1x,1,worst_decile,0.2,213,158,371,0.371,100,trees_physics,shared_seed,0.48,0.9858937863467059,0.23529411764705882
transition1x,1,worst_decile,0.2,213,158,371,0.371,100,ridge,shared_seed,0.53,0.9859837993765924,0.3088235294117647
transition1x,1,worst_decile,0.2,213,158,371,0.371,100,mp_ridge,shared_seed,0.54,0.9860615831682912,0.3235294117647059
transition1x,1,worst_decile,0.2,213,158,371,0.371,100,reference_oracle,shared_seed,1.0,0.9878504828282125,1.0
transition1x,1,worst_decile,0.2,213,158,371,0.371,100,random,shared_seed,0.4565184243964422,0.9858317839650519,0.20076238881829733
transition1x,1,worst_decile,0.2,213,158,371,0.371,100,net_force,total_budget,0.35,0.008788331421143648,
transition1x,1,worst_decile,0.2,213,158,371,0.371,100,rigid_force,total_budget,0.36,0.008752153870690026,
transition1x,1,worst_decile,0.2,213,158,371,0.371,100,force_magnitude,total_budget,0.39,0.9855147668520273,
transition1x,1,worst_decile,0.2,213,158,371,0.371,100,geometry_novelty,total_budget,0.48,0.9855568831931477,
transition1x,1,worst_decile,0.2,213,158,371,0.371,100,random,total_budget,0.371,0.371,
transition1x,1,worst_decile,0.2,213,158,371,0.371,100,reference_oracle,total_budget,1.0,0.9891859171091538,
transition1x,1,above_5mev,0.2,213,158,371,0.371,104,net_force,shared_seed,0.5,0.9860331823681404,0.2571428571428571
transition1x,1,above_5mev,0.2,213,158,371,0.371,104,rigid_force,shared_seed,0.5096153846153846,0.9860565496890945,0.2714285714285714
transition1x,1,above_5mev,0.2,213,158,371,0.371,104,force_magnitude,shared_seed,0.4326923076923077,0.9855837113805866,0.15714285714285714
transition1x,1,above_5mev,0.2,213,158,371,0.371,104,geometry_novelty,shared_seed,0.4807692307692308,0.9857304406341222,0.22857142857142856
transition1x,1,above_5mev,0.2,213,158,371,0.371,104,trees_log,shared_seed,0.6442307692307693,0.9861152093461752,0.4714285714285714
transition1x,1,above_5mev,0.2,213,158,371,0.371,104,trees_raw,shared_seed,0.49038461538461536,0.985632711052042,0.24285714285714285
transition1x,1,above_5mev,0.2,213,158,371,0.371,104,trees_physics,shared_seed,0.4807692307692308,0.9858937863467059,0.22857142857142856
transition1x,1,above_5mev,0.2,213,158,371,0.371,104,ridge,shared_seed,0.5288461538461539,0.9859837993765924,0.3
transition1x,1,above_5mev,0.2,213,158,371,0.371,104,mp_ridge,shared_seed,0.5384615384615384,0.9860615831682912,0.3142857142857143
transition1x,1,above_5mev,0.2,213,158,371,0.371,104,reference_oracle,shared_seed,1.0,0.9878504828282125,1.0
transition1x,1,above_5mev,0.2,213,158,371,0.371,104,random,shared_seed,0.4620516078584694,0.9858317839650519,0.20076238881829733
transition1x,1,above_5mev,0.2,213,158,371,0.371,104,net_force,total_budget,0.36538461538461536,0.008788331421143648,
transition1x,1,above_5mev,0.2,213,158,371,0.371,104,rigid_force,total_budget,0.36538461538461536,0.008752153870690026,
transition1x,1,above_5mev,0.2,213,158,371,0.371,104,force_magnitude,total_budget,0.38461538461538464,0.9855147668520273,
transition1x,1,above_5mev,0.2,213,158,371,0.371,104,geometry_novelty,total_budget,0.47115384615384615,0.9855568831931477,
transition1x,1,above_5mev,0.2,213,158,371,0.371,104,random,total_budget,0.371,0.371,
transition1x,1,above_5mev,0.2,213,158,371,0.371,104,reference_oracle,total_budget,1.0,0.9891859171091538,
transition1x,1,above_10mev,0.2,213,158,371,0.371,1,net_force,shared_seed,1.0,0.9860331823681404,
transition1x,1,above_10mev,0.2,213,158,371,0.371,1,rigid_force,shared_seed,1.0,0.9860565496890945,
transition1x,1,above_10mev,0.2,213,158,371,0.371,1,force_magnitude,shared_seed,1.0,0.9855837113805866,
transition1x,1,above_10mev,0.2,213,158,371,0.371,1,geometry_novelty,shared_seed,1.0,0.9857304406341222,
transition1x,1,above_10mev,0.2,213,158,371,0.371,1,trees_log,shared_seed,1.0,0.9861152093461752,
transition1x,1,above_10mev,0.2,213,158,371,0.371,1,trees_raw,shared_seed,1.0,0.985632711052042,
transition1x,1,above_10mev,0.2,213,158,371,0.371,1,trees_physics,shared_seed,1.0,0.9858937863467059,
transition1x,1,above_10mev,0.2,213,158,371,0.371,1,ridge,shared_seed,1.0,0.9859837993765924,
transition1x,1,above_10mev,0.2,213,158,371,0.371,1,mp_ridge,shared_seed,1.0,0.9860615831682912,
transition1x,1,above_10mev,0.2,213,158,371,0.371,1,reference_oracle,shared_seed,1.0,0.9878504828282125,
transition1x,1,above_10mev,0.2,213,158,371,0.371,1,random,shared_seed,1.0,0.9858317839650519,
transition1x,1,above_10mev,0.2,213,158,371,0.371,1,net_force,total_budget,0.0,0.008788331421143648,
transition1x,1,above_10mev,0.2,213,158,371,0.371,1,rigid_force,total_budget,0.0,0.008752153870690026,
transition1x,1,above_10mev,0.2,213,158,371,0.371,1,force_magnitude,total_budget,1.0,0.9855147668520273,
transition1x,1,above_10mev,0.2,213,158,371,0.371,1,geometry_novelty,total_budget,1.0,0.9855568831931477,
transition1x,1,above_10mev,0.2,213,158,371,0.371,1,random,total_budget,0.371,0.371,
transition1x,1,above_10mev,0.2,213,158,371,0.371,1,reference_oracle,total_budget,1.0,0.9891859171091538,
transition1x,1,above_25mev,0.2,213,158,371,0.371,1,net_force,shared_seed,1.0,0.9860331823681404,
transition1x,1,above_25mev,0.2,213,158,371,0.371,1,rigid_force,shared_seed,1.0,0.9860565496890945,
transition1x,1,above_25mev,0.2,213,158,371,0.371,1,force_magnitude,shared_seed,1.0,0.9855837113805866,
transition1x,1,above_25mev,0.2,213,158,371,0.371,1,geometry_novelty,shared_seed,1.0,0.9857304406341222,
transition1x,1,above_25mev,0.2,213,158,371,0.371,1,trees_log,shared_seed,1.0,0.9861152093461752,
transition1x,1,above_25mev,0.2,213,158,371,0.371,1,trees_raw,shared_seed,1.0,0.985632711052042,
transition1x,1,above_25mev,0.2,213,158,371,0.371,1,trees_physics,shared_seed,1.0,0.9858937863467059,
transition1x,1,above_25mev,0.2,213,158,371,0.371,1,ridge,shared_seed,1.0,0.9859837993765924,
transition1x,1,above_25mev,0.2,213,158,371,0.371,1,mp_ridge,shared_seed,1.0,0.9860615831682912,
transition1x,1,above_25mev,0.2,213,158,371,0.371,1,reference_oracle,shared_seed,1.0,0.9878504828282125,
transition1x,1,above_25mev,0.2,213,158,371,0.371,1,random,shared_seed,1.0,0.9858317839650519,
transition1x,1,above_25mev,0.2,213,158,371,0.371,1,net_force,total_budget,0.0,0.008788331421143648,
transition1x,1,above_25mev,0.2,213,158,371,0.371,1,rigid_force,total_budget,0.0,0.008752153870690026,
transition1x,1,above_25mev,0.2,213,158,371,0.371,1,force_magnitude,total_budget,1.0,0.9855147668520273,
transition1x,1,above_25mev,0.2,213,158,371,0.371,1,geometry_novelty,total_budget,1.0,0.9855568831931477,
transition1x,1,above_25mev,0.2,213,158,371,0.371,1,random,total_budget,0.371,0.371,
transition1x,1,above_25mev,0.2,213,158,371,0.371,1,reference_oracle,total_budget,1.0,0.9891859171091538,
transition1x,1,worst_decile,0.3,213,237,450,0.45,100,net_force,shared_seed,0.54,0.9878842720979668,0.3235294117647059
transition1x,1,worst_decile,0.3,213,237,450,0.45,100,rigid_force,shared_seed,0.56,0.9880399325687615,0.35294117647058826
transition1x,1,worst_decile,0.3,213,237,450,0.45,100,force_magnitude,shared_seed,0.53,0.9874533119740434,0.3088235294117647
transition1x,1,worst_decile,0.3,213,237,450,0.45,100,geometry_novelty,shared_seed,0.53,0.987304388511357,0.3088235294117647
transition1x,1,worst_decile,0.3,213,237,450,0.45,100,trees_log,shared_seed,0.71,0.9879803126275586,0.5735294117647058
transition1x,1,worst_decile,0.3,213,237,450,0.45,100,trees_raw,shared_seed,0.67,0.9875577637132084,0.5147058823529411
transition1x,1,worst_decile,0.3,213,237,450,0.45,100,trees_physics,shared_seed,0.57,0.9876438436315388,0.36764705882352944
transition1x,1,worst_decile,0.3,213,237,450,0.45,100,ridge,shared_seed,0.66,0.9879097793327886,0.5
transition1x,1,worst_decile,0.3,213,237,450,0.45,100,mp_ridge,shared_seed,0.65,0.9880124870930517,0.4852941176470588
transition1x,1,worst_decile,0.3,213,237,450,0.45,100,reference_oracle,shared_seed,1.0,0.989992592732763,1.0
transition1x,1,worst_decile,0.3,213,237,450,0.45,100,random,shared_seed,0.5247776365946633,0.9876112578390754,0.301143583227446
transition1x,1,worst_decile,0.3,213,237,450,0.45,100,net_force,total_budget,0.46,0.010571460494071129,
transition1x,1,worst_decile,0.3,213,237,450,0.45,100,rigid_force,total_budget,0.43,0.010505781289952177,
transition1x,1,worst_decile,0.3,213,237,450,0.45,100,force_magnitude,total_budget,0.48,0.9873168604685856,
transition1x,1,worst_decile,0.3,213,237,450,0.45,100,geometry_novelty,total_budget,0.54,0.9873348713579994,
transition1x,1,worst_decile,0.3,213,237,450,0.45,100,random,total_budget,0.45,0.45,
transition1x,1,worst_decile,0.3,213,237,450,0.45,100,reference_oracle,total_budget,1.0,0.9910211060521283,
transition1x,1,above_5mev,0.3,213,237,450,0.45,104,net_force,shared_seed,0.5480769230769231,0.9878842720979668,0.32857142857142857
transition1x,1,above_5mev,0.3,213,237,450,0.45,104,rigid_force,shared_seed,0.5673076923076923,0.9880399325687615,0.35714285714285715
transition1x,1,above_5mev,0.3,213,237,450,0.45,104,force_magnitude,shared_seed,0.5288461538461539,0.9874533119740434,0.3
transition1x,1,above_5mev,0.3,213,237,450,0.45,104,geometry_novelty,shared_seed,0.5384615384615384,0.987304388511357,0.3142857142857143
transition1x,1,above_5mev,0.3,213,237,450,0.45,104,trees_log,shared_seed,0.7019230769230769,0.9879803126275586,0.5571428571428572
transition1x,1,above_5mev,0.3,213,237,450,0.45,104,trees_raw,shared_seed,0.6730769230769231,0.9875577637132084,0.5142857142857142
transition1x,1,above_5mev,0.3,213,237,450,0.45,104,trees_physics,shared_seed,0.5673076923076923,0.9876438436315388,0.35714285714285715
transition1x,1,above_5mev,0.3,213,237,450,0.45,104,ridge,shared_seed,0.6538461538461539,0.9879097793327886,0.4857142857142857
transition1x,1,above_5mev,0.3,213,237,450,0.45,104,mp_ridge,shared_seed,0.6442307692307693,0.9880124870930517,0.4714285714285714
transition1x,1,above_5mev,0.3,213,237,450,0.45,104,reference_oracle,shared_seed,1.0,0.989992592732763,1.0
transition1x,1,above_5mev,0.3,213,237,450,0.45,104,random,shared_seed,0.5296158733261656,0.9876112578390754,0.301143583227446
transition1x,1,above_5mev,0.3,213,237,450,0.45,104,net_force,total_budget,0.47115384615384615,0.010571460494071129,
transition1x,1,above_5mev,0.3,213,237,450,0.45,104,rigid_force,total_budget,0.4326923076923077,0.010505781289952177,
transition1x,1,above_5mev,0.3,213,237,450,0.45,104,force_magnitude,total_budget,0.47115384615384615,0.9873168604685856,
transition1x,1,above_5mev,0.3,213,237,450,0.45,104,geometry_novelty,total_budget,0.5288461538461539,0.9873348713579994,
transition1x,1,above_5mev,0.3,213,237,450,0.45,104,random,total_budget,0.45,0.45,
transition1x,1,above_5mev,0.3,213,237,450,0.45,104,reference_oracle,total_budget,1.0,0.9910211060521283,
transition1x,1,above_10mev,0.3,213,237,450,0.45,1,net_force,shared_seed,1.0,0.9878842720979668,
transition1x,1,above_10mev,0.3,213,237,450,0.45,1,rigid_force,shared_seed,1.0,0.9880399325687615,
transition1x,1,above_10mev,0.3,213,237,450,0.45,1,force_magnitude,shared_seed,1.0,0.9874533119740434,
transition1x,1,above_10mev,0.3,213,237,450,0.45,1,geometry_novelty,shared_seed,1.0,0.987304388511357,
transition1x,1,above_10mev,0.3,213,237,450,0.45,1,trees_log,shared_seed,1.0,0.9879803126275586,
transition1x,1,above_10mev,0.3,213,237,450,0.45,1,trees_raw,shared_seed,1.0,0.9875577637132084,
transition1x,1,above_10mev,0.3,213,237,450,0.45,1,trees_physics,shared_seed,1.0,0.9876438436315388,
transition1x,1,above_10mev,0.3,213,237,450,0.45,1,ridge,shared_seed,1.0,0.9879097793327886,
transition1x,1,above_10mev,0.3,213,237,450,0.45,1,mp_ridge,shared_seed,1.0,0.9880124870930517,
transition1x,1,above_10mev,0.3,213,237,450,0.45,1,reference_oracle,shared_seed,1.0,0.989992592732763,
transition1x,1,above_10mev,0.3,213,237,450,0.45,1,random,shared_seed,1.0,0.9876112578390754,
transition1x,1,above_10mev,0.3,213,237,450,0.45,1,net_force,total_budget,0.0,0.010571460494071129,
transition1x,1,above_10mev,0.3,213,237,450,0.45,1,rigid_force,total_budget,0.0,0.010505781289952177,
transition1x,1,above_10mev,0.3,213,237,450,0.45,1,force_magnitude,total_budget,1.0,0.9873168604685856,
transition1x,1,above_10mev,0.3,213,237,450,0.45,1,geometry_novelty,total_budget,1.0,0.9873348713579994,
transition1x,1,above_10mev,0.3,213,237,450,0.45,1,random,total_budget,0.45,0.45,
transition1x,1,above_10mev,0.3,213,237,450,0.45,1,reference_oracle,total_budget,1.0,0.9910211060521283,
transition1x,1,above_25mev,0.3,213,237,450,0.45,1,net_force,shared_seed,1.0,0.9878842720979668,
transition1x,1,above_25mev,0.3,213,237,450,0.45,1,rigid_force,shared_seed,1.0,0.9880399325687615,
transition1x,1,above_25mev,0.3,213,237,450,0.45,1,force_magnitude,shared_seed,1.0,0.9874533119740434,
transition1x,1,above_25mev,0.3,213,237,450,0.45,1,geometry_novelty,shared_seed,1.0,0.987304388511357,
transition1x,1,above_25mev,0.3,213,237,450,0.45,1,trees_log,shared_seed,1.0,0.9879803126275586,
transition1x,1,above_25mev,0.3,213,237,450,0.45,1,trees_raw,shared_seed,1.0,0.9875577637132084,
transition1x,1,above_25mev,0.3,213,237,450,0.45,1,trees_physics,shared_seed,1.0,0.9876438436315388,
transition1x,1,above_25mev,0.3,213,237,450,0.45,1,ridge,shared_seed,1.0,0.9879097793327886,
transition1x,1,above_25mev,0.3,213,237,450,0.45,1,mp_ridge,shared_seed,1.0,0.9880124870930517,
transition1x,1,above_25mev,0.3,213,237,450,0.45,1,reference_oracle,shared_seed,1.0,0.989992592732763,
transition1x,1,above_25mev,0.3,213,237,450,0.45,1,random,shared_seed,1.0,0.9876112578390754,
transition1x,1,above_25mev,0.3,213,237,450,0.45,1,net_force,total_budget,0.0,0.010571460494071129,
transition1x,1,above_25mev,0.3,213,237,450,0.45,1,rigid_force,total_budget,0.0,0.010505781289952177,
transition1x,1,above_25mev,0.3,213,237,450,0.45,1,force_magnitude,total_budget,1.0,0.9873168604685856,
transition1x,1,above_25mev,0.3,213,237,450,0.45,1,geometry_novelty,total_budget,1.0,0.9873348713579994,
transition1x,1,above_25mev,0.3,213,237,450,0.45,1,random,total_budget,0.45,0.45,
transition1x,1,above_25mev,0.3,213,237,450,0.45,1,reference_oracle,total_budget,1.0,0.9910211060521283,
transition1x,1,worst_decile,0.5,213,394,607,0.607,100,net_force,shared_seed,0.72,0.991533091187385,0.5882352941176471
transition1x,1,worst_decile,0.5,213,394,607,0.607,100,rigid_force,shared_seed,0.67,0.9915317070888555,0.5147058823529411
transition1x,1,worst_decile,0.5,213,394,607,0.607,100,force_magnitude,shared_seed,0.69,0.9909822651150338,0.5441176470588235
transition1x,1,worst_decile,0.5,213,394,607,0.607,100,geometry_novelty,shared_seed,0.68,0.9908780668446003,0.5294117647058824
transition1x,1,worst_decile,0.5,213,394,607,0.607,100,trees_log,shared_seed,0.79,0.9918281523677672,0.6911764705882353
transition1x,1,worst_decile,0.5,213,394,607,0.607,100,trees_raw,shared_seed,0.81,0.9913805756431372,0.7205882352941176
transition1x,1,worst_decile,0.5,213,394,607,0.607,100,trees_physics,shared_seed,0.7,0.9911966788420726,0.5588235294117647
transition1x,1,worst_decile,0.5,213,394,607,0.607,100,ridge,shared_seed,0.79,0.991735548826524,0.6911764705882353
transition1x,1,worst_decile,0.5,213,394,607,0.607,100,mp_ridge,shared_seed,0.8,0.9918388298215636,0.7058823529411765
transition1x,1,worst_decile,0.5,213,394,607,0.607,100,reference_oracle,shared_seed,1.0,0.9937811159396516,1.0
transition1x,1,worst_decile,0.5,213,394,607,0.607,100,random,shared_seed,0.6604320203303685,0.9911476806013756,0.5006353240152478
transition1x,1,worst_decile,0.5,213,394,607,0.607,100,net_force,total_budget,0.6,0.013981073347205717,
transition1x,1,worst_decile,0.5,213,394,607,0.607,100,rigid_force,total_budget,0.62,0.014172903221171474,
transition1x,1,worst_decile,0.5,213,394,607,0.607,100,force_magnitude,total_budget,0.71,0.9909465991983178,
transition1x,1,worst_decile,0.5,213,394,607,0.607,100,geometry_novelty,total_budget,0.66,0.9908834053306714,
transition1x,1,worst_decile,0.5,213,394,607,0.607,100,random,total_budget,0.607,0.607,
transition1x,1,worst_decile,0.5,213,394,607,0.607,100,reference_oracle,total_budget,1.0,0.9942280965582245,
transition1x,1,above_5mev,0.5,213,394,607,0.607,104,net_force,shared_seed,0.7211538461538461,0.991533091187385,0.5857142857142857
transition1x,1,above_5mev,0.5,213,394,607,0.607,104,rigid_force,shared_seed,0.6730769230769231,0.9915317070888555,0.5142857142857142
transition1x,1,above_5mev,0.5,213,394,607,0.607,104,force_magnitude,shared_seed,0.6826923076923077,0.9909822651150338,0.5285714285714286
transition1x,1,above_5mev,0.5,213,394,607,0.607,104,geometry_novelty,shared_seed,0.6923076923076923,0.9908780668446003,0.5428571428571428
transition1x,1,above_5mev,0.5,213,394,607,0.607,104,trees_log,shared_seed,0.7884615384615384,0.9918281523677672,0.6857142857142857
transition1x,1,above_5mev,0.5,213,394,607,0.607,104,trees_raw,shared_seed,0.8076923076923077,0.9913805756431372,0.7142857142857143
transition1x,1,above_5mev,0.5,213,394,607,0.607,104,trees_physics,shared_seed,0.7019230769230769,0.9911966788420726,0.5571428571428572
transition1x,1,above_5mev,0.5,213,394,607,0.607,104,ridge,shared_seed,0.7788461538461539,0.991735548826524,0.6714285714285714
transition1x,1,above_5mev,0.5,213,394,607,0.607,104,mp_ridge,shared_seed,0.7884615384615384,0.9918388298215636,0.6857142857142857
transition1x,1,above_5mev,0.5,213,394,607,0.607,104,reference_oracle,shared_seed,1.0,0.9937811159396516,1.0
transition1x,1,above_5mev,0.5,213,394,607,0.607,104,random,shared_seed,0.6638891603948783,0.9911476806013756,0.5006353240152478
transition1x,1,above_5mev,0.5,213,394,607,0.607,104,net_force,total_budget,0.6153846153846154,0.013981073347205717,
transition1x,1,above_5mev,0.5,213,394,607,0.607,104,rigid_force,total_budget,0.625,0.014172903221171474,
transition1x,1,above_5mev,0.5,213,394,607,0.607,104,force_magnitude,total_budget,0.7019230769230769,0.9909465991983178,
transition1x,1,above_5mev,0.5,213,394,607,0.607,104,geometry_novelty,total_budget,0.6634615384615384,0.9908834053306714,
transition1x,1,above_5mev,0.5,213,394,607,0.607,104,random,total_budget,0.607,0.607,
transition1x,1,above_5mev,0.5,213,394,607,0.607,104,reference_oracle,total_budget,1.0,0.9942280965582245,
transition1x,1,above_10mev,0.5,213,394,607,0.607,1,net_force,shared_seed,1.0,0.991533091187385,
transition1x,1,above_10mev,0.5,213,394,607,0.607,1,rigid_force,shared_seed,1.0,0.9915317070888555,
transition1x,1,above_10mev,0.5,213,394,607,0.607,1,force_magnitude,shared_seed,1.0,0.9909822651150338,
transition1x,1,above_10mev,0.5,213,394,607,0.607,1,geometry_novelty,shared_seed,1.0,0.9908780668446003,
transition1x,1,above_10mev,0.5,213,394,607,0.607,1,trees_log,shared_seed,1.0,0.9918281523677672,
transition1x,1,above_10mev,0.5,213,394,607,0.607,1,trees_raw,shared_seed,1.0,0.9913805756431372,
transition1x,1,above_10mev,0.5,213,394,607,0.607,1,trees_physics,shared_seed,1.0,0.9911966788420726,
transition1x,1,above_10mev,0.5,213,394,607,0.607,1,ridge,shared_seed,1.0,0.991735548826524,
transition1x,1,above_10mev,0.5,213,394,607,0.607,1,mp_ridge,shared_seed,1.0,0.9918388298215636,
transition1x,1,above_10mev,0.5,213,394,607,0.607,1,reference_oracle,shared_seed,1.0,0.9937811159396516,
transition1x,1,above_10mev,0.5,213,394,607,0.607,1,random,shared_seed,1.0,0.9911476806013756,
transition1x,1,above_10mev,0.5,213,394,607,0.607,1,net_force,total_budget,0.0,0.013981073347205717,
transition1x,1,above_10mev,0.5,213,394,607,0.607,1,rigid_force,total_budget,0.0,0.014172903221171474,
transition1x,1,above_10mev,0.5,213,394,607,0.607,1,force_magnitude,total_budget,1.0,0.9909465991983178,
transition1x,1,above_10mev,0.5,213,394,607,0.607,1,geometry_novelty,total_budget,1.0,0.9908834053306714,
transition1x,1,above_10mev,0.5,213,394,607,0.607,1,random,total_budget,0.607,0.607,
transition1x,1,above_10mev,0.5,213,394,607,0.607,1,reference_oracle,total_budget,1.0,0.9942280965582245,
transition1x,1,above_25mev,0.5,213,394,607,0.607,1,net_force,shared_seed,1.0,0.991533091187385,
transition1x,1,above_25mev,0.5,213,394,607,0.607,1,rigid_force,shared_seed,1.0,0.9915317070888555,
transition1x,1,above_25mev,0.5,213,394,607,0.607,1,force_magnitude,shared_seed,1.0,0.9909822651150338,
transition1x,1,above_25mev,0.5,213,394,607,0.607,1,geometry_novelty,shared_seed,1.0,0.9908780668446003,
transition1x,1,above_25mev,0.5,213,394,607,0.607,1,trees_log,shared_seed,1.0,0.9918281523677672,
transition1x,1,above_25mev,0.5,213,394,607,0.607,1,trees_raw,shared_seed,1.0,0.9913805756431372,
transition1x,1,above_25mev,0.5,213,394,607,0.607,1,trees_physics,shared_seed,1.0,0.9911966788420726,
transition1x,1,above_25mev,0.5,213,394,607,0.607,1,ridge,shared_seed,1.0,0.991735548826524,
transition1x,1,above_25mev,0.5,213,394,607,0.607,1,mp_ridge,shared_seed,1.0,0.9918388298215636,
transition1x,1,above_25mev,0.5,213,394,607,0.607,1,reference_oracle,shared_seed,1.0,0.9937811159396516,
transition1x,1,above_25mev,0.5,213,394,607,0.607,1,random,shared_seed,1.0,0.9911476806013756,
transition1x,1,above_25mev,0.5,213,394,607,0.607,1,net_force,total_budget,0.0,0.013981073347205717,
transition1x,1,above_25mev,0.5,213,394,607,0.607,1,rigid_force,total_budget,0.0,0.014172903221171474,
transition1x,1,above_25mev,0.5,213,394,607,0.607,1,force_magnitude,total_budget,1.0,0.9909465991983178,
transition1x,1,above_25mev,0.5,213,394,607,0.607,1,geometry_novelty,total_budget,1.0,0.9908834053306714,
transition1x,1,above_25mev,0.5,213,394,607,0.607,1,random,total_budget,0.607,0.607,
transition1x,1,above_25mev,0.5,213,394,607,0.607,1,reference_oracle,total_budget,1.0,0.9942280965582245,
transition1x,2,worst_decile,0.01,191,9,200,0.2,100,net_force,shared_seed,0.2,0.004597936319071432,0.012345679012345678
transition1x,2,worst_decile,0.01,191,9,200,0.2,100,rigid_force,shared_seed,0.22,0.004620120804488218,0.037037037037037035
transition1x,2,worst_decile,0.01,191,9,200,0.2,100,force_magnitude,shared_seed,0.22,0.982039435776412,0.037037037037037035
transition1x,2,worst_decile,0.01,191,9,200,0.2,100,geometry_novelty,shared_seed,0.23,0.004535130727784709,0.04938271604938271
transition1x,2,worst_decile,0.01,191,9,200,0.2,100,trees_log,shared_seed,0.24,0.004621359814916414,0.06172839506172839
transition1x,2,worst_decile,0.01,191,9,200,0.2,100,trees_raw,shared_seed,0.22,0.0045983464579124386,0.037037037037037035
transition1x,2,worst_decile,0.01,191,9,200,0.2,100,trees_physics,shared_seed,0.2,0.0045794823591868775,0.012345679012345678
transition1x,2,worst_decile,0.01,191,9,200,0.2,100,ridge,shared_seed,0.21,0.004581706587155246,0.024691358024691357
transition1x,2,worst_decile,0.01,191,9,200,0.2,100,mp_ridge,shared_seed,0.21,0.004573694686086618,0.024691358024691357
transition1x,2,worst_decile,0.01,191,9,200,0.2,100,reference_oracle,shared_seed,0.28,0.9822852473692391,0.1111111111111111
transition1x,2,worst_decile,0.01,191,9,200,0.2,100,random,shared_seed,0.19901112484548825,0.015430887666676777,0.011124845488257108
transition1x,2,worst_decile,0.01,191,9,200,0.2,100,net_force,total_budget,0.21,0.004751894500964792,
transition1x,2,worst_decile,0.01,191,9,200,0.2,100,rigid_force,total_budget,0.26,0.0048199192736797375,
transition1x,2,worst_decile,0.01,191,9,200,0.2,100,force_magnitude,total_budget,0.18,0.9816167826988644,
transition1x,2,worst_decile,0.01,191,9,200,0.2,100,geometry_novelty,total_budget,0.26,0.004331648248634458,
transition1x,2,worst_decile,0.01,191,9,200,0.2,100,random,total_budget,0.2,0.2,
transition1x,2,worst_decile,0.01,191,9,200,0.2,100,reference_oracle,total_budget,1.0,0.9846625942568392,
transition1x,2,above_5mev,0.01,191,9,200,0.2,104,net_force,shared_seed,0.19230769230769232,0.004597936319071432,0.011764705882352941
transition1x,2,above_5mev,0.01,191,9,200,0.2,104,rigid_force,shared_seed,0.21153846153846154,0.004620120804488218,0.03529411764705882
transition1x,2,above_5mev,0.01,191,9,200,0.2,104,force_magnitude,shared_seed,0.21153846153846154,0.982039435776412,0.03529411764705882
transition1x,2,above_5mev,0.01,191,9,200,0.2,104,geometry_novelty,shared_seed,0.22115384615384615,0.004535130727784709,0.047058823529411764
transition1x,2,above_5mev,0.01,191,9,200,0.2,104,trees_log,shared_seed,0.23076923076923078,0.004621359814916414,0.058823529411764705
transition1x,2,above_5mev,0.01,191,9,200,0.2,104,trees_raw,shared_seed,0.21153846153846154,0.0045983464579124386,0.03529411764705882
transition1x,2,above_5mev,0.01,191,9,200,0.2,104,trees_physics,shared_seed,0.19230769230769232,0.0045794823591868775,0.011764705882352941
transition1x,2,above_5mev,0.01,191,9,200,0.2,104,ridge,shared_seed,0.20192307692307693,0.004581706587155246,0.023529411764705882
transition1x,2,above_5mev,0.01,191,9,200,0.2,104,mp_ridge,shared_seed,0.20192307692307693,0.004573694686086618,0.023529411764705882
transition1x,2,above_5mev,0.01,191,9,200,0.2,104,reference_oracle,shared_seed,0.2692307692307692,0.9822852473692391,0.10588235294117647
transition1x,2,above_5mev,0.01,191,9,200,0.2,104,random,shared_seed,0.19178472948559475,0.015430887666676777,0.011124845488257108
transition1x,2,above_5mev,0.01,191,9,200,0.2,104,net_force,total_budget,0.22115384615384615,0.004751894500964792,
transition1x,2,above_5mev,0.01,191,9,200,0.2,104,rigid_force,total_budget,0.25961538461538464,0.0048199192736797375,
transition1x,2,above_5mev,0.01,191,9,200,0.2,104,force_magnitude,total_budget,0.17307692307692307,0.9816167826988644,
transition1x,2,above_5mev,0.01,191,9,200,0.2,104,geometry_novelty,total_budget,0.25,0.004331648248634458,
transition1x,2,above_5mev,0.01,191,9,200,0.2,104,random,total_budget,0.2,0.2,
transition1x,2,above_5mev,0.01,191,9,200,0.2,104,reference_oracle,total_budget,1.0,0.9846625942568392,
transition1x,2,above_10mev,0.01,191,9,200,0.2,1,net_force,shared_seed,0.0,0.004597936319071432,0.0
transition1x,2,above_10mev,0.01,191,9,200,0.2,1,rigid_force,shared_seed,0.0,0.004620120804488218,0.0
transition1x,2,above_10mev,0.01,191,9,200,0.2,1,force_magnitude,shared_seed,1.0,0.982039435776412,1.0
transition1x,2,above_10mev,0.01,191,9,200,0.2,1,geometry_novelty,shared_seed,0.0,0.004535130727784709,0.0
transition1x,2,above_10mev,0.01,191,9,200,0.2,1,trees_log,shared_seed,0.0,0.004621359814916414,0.0
transition1x,2,above_10mev,0.01,191,9,200,0.2,1,trees_raw,shared_seed,0.0,0.0045983464579124386,0.0
transition1x,2,above_10mev,0.01,191,9,200,0.2,1,trees_physics,shared_seed,0.0,0.0045794823591868775,0.0
transition1x,2,above_10mev,0.01,191,9,200,0.2,1,ridge,shared_seed,0.0,0.004581706587155246,0.0
transition1x,2,above_10mev,0.01,191,9,200,0.2,1,mp_ridge,shared_seed,0.0,0.004573694686086618,0.0
transition1x,2,above_10mev,0.01,191,9,200,0.2,1,reference_oracle,shared_seed,1.0,0.9822852473692391,1.0
transition1x,2,above_10mev,0.01,191,9,200,0.2,1,random,shared_seed,0.011124845488257108,0.015430887666676777,0.011124845488257108
transition1x,2,above_10mev,0.01,191,9,200,0.2,1,net_force,total_budget,0.0,0.004751894500964792,
transition1x,2,above_10mev,0.01,191,9,200,0.2,1,rigid_force,total_budget,0.0,0.0048199192736797375,
transition1x,2,above_10mev,0.01,191,9,200,0.2,1,force_magnitude,total_budget,1.0,0.9816167826988644,
transition1x,2,above_10mev,0.01,191,9,200,0.2,1,geometry_novelty,total_budget,0.0,0.004331648248634458,
transition1x,2,above_10mev,0.01,191,9,200,0.2,1,random,total_budget,0.2,0.2,
transition1x,2,above_10mev,0.01,191,9,200,0.2,1,reference_oracle,total_budget,1.0,0.9846625942568392,
transition1x,2,above_25mev,0.01,191,9,200,0.2,1,net_force,shared_seed,0.0,0.004597936319071432,0.0
transition1x,2,above_25mev,0.01,191,9,200,0.2,1,rigid_force,shared_seed,0.0,0.004620120804488218,0.0
transition1x,2,above_25mev,0.01,191,9,200,0.2,1,force_magnitude,shared_seed,1.0,0.982039435776412,1.0
transition1x,2,above_25mev,0.01,191,9,200,0.2,1,geometry_novelty,shared_seed,0.0,0.004535130727784709,0.0
transition1x,2,above_25mev,0.01,191,9,200,0.2,1,trees_log,shared_seed,0.0,0.004621359814916414,0.0
transition1x,2,above_25mev,0.01,191,9,200,0.2,1,trees_raw,shared_seed,0.0,0.0045983464579124386,0.0
transition1x,2,above_25mev,0.01,191,9,200,0.2,1,trees_physics,shared_seed,0.0,0.0045794823591868775,0.0
transition1x,2,above_25mev,0.01,191,9,200,0.2,1,ridge,shared_seed,0.0,0.004581706587155246,0.0
transition1x,2,above_25mev,0.01,191,9,200,0.2,1,mp_ridge,shared_seed,0.0,0.004573694686086618,0.0
transition1x,2,above_25mev,0.01,191,9,200,0.2,1,reference_oracle,shared_seed,1.0,0.9822852473692391,1.0
transition1x,2,above_25mev,0.01,191,9,200,0.2,1,random,shared_seed,0.011124845488257108,0.015430887666676777,0.011124845488257108
transition1x,2,above_25mev,0.01,191,9,200,0.2,1,net_force,total_budget,0.0,0.004751894500964792,
transition1x,2,above_25mev,0.01,191,9,200,0.2,1,rigid_force,total_budget,0.0,0.0048199192736797375,
transition1x,2,above_25mev,0.01,191,9,200,0.2,1,force_magnitude,total_budget,1.0,0.9816167826988644,
transition1x,2,above_25mev,0.01,191,9,200,0.2,1,geometry_novelty,total_budget,0.0,0.004331648248634458,
transition1x,2,above_25mev,0.01,191,9,200,0.2,1,random,total_budget,0.2,0.2,
transition1x,2,above_25mev,0.01,191,9,200,0.2,1,reference_oracle,total_budget,1.0,0.9846625942568392,
transition1x,2,worst_decile,0.02,191,17,208,0.208,100,net_force,shared_seed,0.22,0.004810959604018539,0.037037037037037035
transition1x,2,worst_decile,0.02,191,17,208,0.208,100,rigid_force,shared_seed,0.23,0.0048056852419360654,0.04938271604938271
transition1x,2,worst_decile,0.02,191,17,208,0.208,100,force_magnitude,shared_seed,0.22,0.982187990712401,0.037037037037037035
transition1x,2,worst_decile,0.02,191,17,208,0.208,100,geometry_novelty,shared_seed,0.25,0.0047429672009386605,0.07407407407407407
transition1x,2,worst_decile,0.02,191,17,208,0.208,100,trees_log,shared_seed,0.28,0.004877234033346519,0.1111111111111111
transition1x,2,worst_decile,0.02,191,17,208,0.208,100,trees_raw,shared_seed,0.3,0.9823920414176137,0.13580246913580246
transition1x,2,worst_decile,0.02,191,17,208,0.208,100,trees_physics,shared_seed,0.21,0.004785805050007586,0.024691358024691357
transition1x,2,worst_decile,0.02,191,17,208,0.208,100,ridge,shared_seed,0.23,0.004807393810543098,0.04938271604938271
transition1x,2,worst_decile,0.02,191,17,208,0.208,100,mp_ridge,shared_seed,0.24,0.004809188486689903,0.06172839506172839
transition1x,2,worst_decile,0.02,191,17,208,0.208,100,reference_oracle,shared_seed,0.36,0.982684556676912,0.20987654320987653
transition1x,2,worst_decile,0.02,191,17,208,0.208,100,random,shared_seed,0.20702101359703337,0.025276578790010006,0.021013597033374538
transition1x,2,worst_decile,0.02,191,17,208,0.208,100,net_force,total_budget,0.22,0.004953132072063182,
transition1x,2,worst_decile,0.02,191,17,208,0.208,100,rigid_force,total_budget,0.28,0.005050035155629624,
transition1x,2,worst_decile,0.02,191,17,208,0.208,100,force_magnitude,total_budget,0.21,0.9818068661515471,
transition1x,2,worst_decile,0.02,191,17,208,0.208,100,geometry_novelty,total_budget,0.26,0.004496162983889455,
transition1x,2,worst_decile,0.02,191,17,208,0.208,100,random,total_budget,0.208,0.208,
transition1x,2,worst_decile,0.02,191,17,208,0.208,100,reference_oracle,total_budget,1.0,0.9848658964516918,
transition1x,2,above_5mev,0.02,191,17,208,0.208,104,net_force,shared_seed,0.21153846153846154,0.004810959604018539,0.03529411764705882
transition1x,2,above_5mev,0.02,191,17,208,0.208,104,rigid_force,shared_seed,0.22115384615384615,0.0048056852419360654,0.047058823529411764
transition1x,2,above_5mev,0.02,191,17,208,0.208,104,force_magnitude,shared_seed,0.21153846153846154,0.982187990712401,0.03529411764705882
transition1x,2,above_5mev,0.02,191,17,208,0.208,104,geometry_novelty,shared_seed,0.2403846153846154,0.0047429672009386605,0.07058823529411765
transition1x,2,above_5mev,0.02,191,17,208,0.208,104,trees_log,shared_seed,0.2692307692307692,0.004877234033346519,0.10588235294117647
transition1x,2,above_5mev,0.02,191,17,208,0.208,104,trees_raw,shared_seed,0.28846153846153844,0.9823920414176137,0.12941176470588237
transition1x,2,above_5mev,0.02,191,17,208,0.208,104,trees_physics,shared_seed,0.20192307692307693,0.004785805050007586,0.023529411764705882
transition1x,2,above_5mev,0.02,191,17,208,0.208,104,ridge,shared_seed,0.22115384615384615,0.004807393810543098,0.047058823529411764
transition1x,2,above_5mev,0.02,191,17,208,0.208,104,mp_ridge,shared_seed,0.23076923076923078,0.004809188486689903,0.058823529411764705
transition1x,2,above_5mev,0.02,191,17,208,0.208,104,reference_oracle,shared_seed,0.34615384615384615,0.982684556676912,0.2
transition1x,2,above_5mev,0.02,191,17,208,0.208,104,random,shared_seed,0.1998668821907388,0.025276578790010006,0.021013597033374538
transition1x,2,above_5mev,0.02,191,17,208,0.208,104,net_force,total_budget,0.23076923076923078,0.004953132072063182,
transition1x,2,above_5mev,0.02,191,17,208,0.208,104,rigid_force,total_budget,0.27884615384615385,0.005050035155629624,
transition1x,2,above_5mev,0.02,191,17,208,0.208,104,force_magnitude,total_budget,0.20192307692307693,0.9818068661515471,
transition1x,2,above_5mev,0.02,191,17,208,0.208,104,geometry_novelty,total_budget,0.25,0.004496162983889455,
transition1x,2,above_5mev,0.02,191,17,208,0.208,104,random,total_budget,0.208,0.208,
transition1x,2,above_5mev,0.02,191,17,208,0.208,104,reference_oracle,total_budget,1.0,0.9848658964516918,
transition1x,2,above_10mev,0.02,191,17,208,0.208,1,net_force,shared_seed,0.0,0.004810959604018539,0.0
transition1x,2,above_10mev,0.02,191,17,208,0.208,1,rigid_force,shared_seed,0.0,0.0048056852419360654,0.0
transition1x,2,above_10mev,0.02,191,17,208,0.208,1,force_magnitude,shared_seed,1.0,0.982187990712401,1.0
transition1x,2,above_10mev,0.02,191,17,208,0.208,1,geometry_novelty,shared_seed,0.0,0.0047429672009386605,0.0
transition1x,2,above_10mev,0.02,191,17,208,0.208,1,trees_log,shared_seed,0.0,0.004877234033346519,0.0
transition1x,2,above_10mev,0.02,191,17,208,0.208,1,trees_raw,shared_seed,1.0,0.9823920414176137,1.0
transition1x,2,above_10mev,0.02,191,17,208,0.208,1,trees_physics,shared_seed,0.0,0.004785805050007586,0.0
transition1x,2,above_10mev,0.02,191,17,208,0.208,1,ridge,shared_seed,0.0,0.004807393810543098,0.0
transition1x,2,above_10mev,0.02,191,17,208,0.208,1,mp_ridge,shared_seed,0.0,0.004809188486689903,0.0
transition1x,2,above_10mev,0.02,191,17,208,0.208,1,reference_oracle,shared_seed,1.0,0.982684556676912,1.0
transition1x,2,above_10mev,0.02,191,17,208,0.208,1,random,shared_seed,0.021013597033374538,0.025276578790010006,0.021013597033374538
transition1x,2,above_10mev,0.02,191,17,208,0.208,1,net_force,total_budget,0.0,0.004953132072063182,
transition1x,2,above_10mev,0.02,191,17,208,0.208,1,rigid_force,total_budget,0.0,0.005050035155629624,
transition1x,2,above_10mev,0.02,191,17,208,0.208,1,force_magnitude,total_budget,1.0,0.9818068661515471,
transition1x,2,above_10mev,0.02,191,17,208,0.208,1,geometry_novelty,total_budget,0.0,0.004496162983889455,
transition1x,2,above_10mev,0.02,191,17,208,0.208,1,random,total_budget,0.208,0.208,
transition1x,2,above_10mev,0.02,191,17,208,0.208,1,reference_oracle,total_budget,1.0,0.9848658964516918,
transition1x,2,above_25mev,0.02,191,17,208,0.208,1,net_force,shared_seed,0.0,0.004810959604018539,0.0
transition1x,2,above_25mev,0.02,191,17,208,0.208,1,rigid_force,shared_seed,0.0,0.0048056852419360654,0.0
transition1x,2,above_25mev,0.02,191,17,208,0.208,1,force_magnitude,shared_seed,1.0,0.982187990712401,1.0
transition1x,2,above_25mev,0.02,191,17,208,0.208,1,geometry_novelty,shared_seed,0.0,0.0047429672009386605,0.0
transition1x,2,above_25mev,0.02,191,17,208,0.208,1,trees_log,shared_seed,0.0,0.004877234033346519,0.0
transition1x,2,above_25mev,0.02,191,17,208,0.208,1,trees_raw,shared_seed,1.0,0.9823920414176137,1.0
transition1x,2,above_25mev,0.02,191,17,208,0.208,1,trees_physics,shared_seed,0.0,0.004785805050007586,0.0
transition1x,2,above_25mev,0.02,191,17,208,0.208,1,ridge,shared_seed,0.0,0.004807393810543098,0.0
transition1x,2,above_25mev,0.02,191,17,208,0.208,1,mp_ridge,shared_seed,0.0,0.004809188486689903,0.0
transition1x,2,above_25mev,0.02,191,17,208,0.208,1,reference_oracle,shared_seed,1.0,0.982684556676912,1.0
transition1x,2,above_25mev,0.02,191,17,208,0.208,1,random,shared_seed,0.021013597033374538,0.025276578790010006,0.021013597033374538
transition1x,2,above_25mev,0.02,191,17,208,0.208,1,net_force,total_budget,0.0,0.004953132072063182,
transition1x,2,above_25mev,0.02,191,17,208,0.208,1,rigid_force,total_budget,0.0,0.005050035155629624,
transition1x,2,above_25mev,0.02,191,17,208,0.208,1,force_magnitude,total_budget,1.0,0.9818068661515471,
transition1x,2,above_25mev,0.02,191,17,208,0.208,1,geometry_novelty,total_budget,0.0,0.004496162983889455,
transition1x,2,above_25mev,0.02,191,17,208,0.208,1,random,total_budget,0.208,0.208,
transition1x,2,above_25mev,0.02,191,17,208,0.208,1,reference_oracle,total_budget,1.0,0.9848658964516918,
transition1x,2,worst_decile,0.05,191,41,232,0.232,100,net_force,shared_seed,0.24,0.005359704026142317,0.06172839506172839
transition1x,2,worst_decile,0.05,191,41,232,0.232,100,rigid_force,shared_seed,0.26,0.005374234683683284,0.08641975308641975
transition1x,2,worst_decile,0.05,191,41,232,0.232,100,force_magnitude,shared_seed,0.23,0.9827146574689253,0.04938271604938271
transition1x,2,worst_decile,0.05,191,41,232,0.232,100,geometry_novelty,shared_seed,0.27,0.00519812611782208,0.09876543209876543
transition1x,2,worst_decile,0.05,191,41,232,0.232,100,trees_log,shared_seed,0.34,0.9829789191293794,0.18518518518518517
transition1x,2,worst_decile,0.05,191,41,232,0.232,100,trees_raw,shared_seed,0.35,0.9829512921235607,0.19753086419753085
transition1x,2,worst_decile,0.05,191,41,232,0.232,100,trees_physics,shared_seed,0.25,0.005327238637398478,0.07407407407407407
transition1x,2,worst_decile,0.05,191,41,232,0.232,100,ridge,shared_seed,0.25,0.005377058968865083,0.07407407407407407
transition1x,2,worst_decile,0.05,191,41,232,0.232,100,mp_ridge,shared_seed,0.29,0.005399048198943073,0.12345679012345678
transition1x,2,worst_decile,0.05,191,41,232,0.232,100,reference_oracle,shared_seed,0.6,0.9836360189623934,0.5061728395061729
transition1x,2,worst_decile,0.05,191,41,232,0.232,100,random,shared_seed,0.23105067985166872,0.0548136521600097,0.05067985166872682
transition1x,2,worst_decile,0.05,191,41,232,0.232,100,net_force,total_budget,0.23,0.005547049748490156,
transition1x,2,worst_decile,0.05,191,41,232,0.232,100,rigid_force,total_budget,0.3,0.005656203254195547,
transition1x,2,worst_decile,0.05,191,41,232,0.232,100,force_magnitude,total_budget,0.24,0.9823596004888541,
transition1x,2,worst_decile,0.05,191,41,232,0.232,100,geometry_novelty,total_budget,0.26,0.00501472577575886,
transition1x,2,worst_decile,0.05,191,41,232,0.232,100,random,total_budget,0.232,0.232,
transition1x,2,worst_decile,0.05,191,41,232,0.232,100,reference_oracle,total_budget,1.0,0.9855066889350301,
transition1x,2,above_5mev,0.05,191,41,232,0.232,104,net_force,shared_seed,0.23076923076923078,0.005359704026142317,0.058823529411764705
transition1x,2,above_5mev,0.05,191,41,232,0.232,104,rigid_force,shared_seed,0.25,0.005374234683683284,0.08235294117647059
transition1x,2,above_5mev,0.05,191,41,232,0.232,104,force_magnitude,shared_seed,0.22115384615384615,0.9827146574689253,0.047058823529411764
transition1x,2,above_5mev,0.05,191,41,232,0.232,104,geometry_novelty,shared_seed,0.25961538461538464,0.00519812611782208,0.09411764705882353
transition1x,2,above_5mev,0.05,191,41,232,0.232,104,trees_log,shared_seed,0.3269230769230769,0.9829789191293794,0.17647058823529413
transition1x,2,above_5mev,0.05,191,41,232,0.232,104,trees_raw,shared_seed,0.33653846153846156,0.9829512921235607,0.18823529411764706
transition1x,2,above_5mev,0.05,191,41,232,0.232,104,trees_physics,shared_seed,0.2403846153846154,0.005327238637398478,0.07058823529411765
transition1x,2,above_5mev,0.05,191,41,232,0.232,104,ridge,shared_seed,0.2403846153846154,0.005377058968865083,0.07058823529411765
transition1x,2,above_5mev,0.05,191,41,232,0.232,104,mp_ridge,shared_seed,0.27884615384615385,0.005399048198943073,0.11764705882352941
transition1x,2,above_5mev,0.05,191,41,232,0.232,104,reference_oracle,shared_seed,0.5769230769230769,0.9836360189623934,0.4823529411764706
transition1x,2,above_5mev,0.05,191,41,232,0.232,104,random,shared_seed,0.22411334030617094,0.0548136521600097,0.05067985166872682
transition1x,2,above_5mev,0.05,191,41,232,0.232,104,net_force,total_budget,0.2403846153846154,0.005547049748490156,
transition1x,2,above_5mev,0.05,191,41,232,0.232,104,rigid_force,total_budget,0.2980769230769231,0.005656203254195547,
transition1x,2,above_5mev,0.05,191,41,232,0.232,104,force_magnitude,total_budget,0.23076923076923078,0.9823596004888541,
transition1x,2,above_5mev,0.05,191,41,232,0.232,104,geometry_novelty,total_budget,0.25,0.00501472577575886,
transition1x,2,above_5mev,0.05,191,41,232,0.232,104,random,total_budget,0.232,0.232,
transition1x,2,above_5mev,0.05,191,41,232,0.232,104,reference_oracle,total_budget,1.0,0.9855066889350301,
transition1x,2,above_10mev,0.05,191,41,232,0.232,1,net_force,shared_seed,0.0,0.005359704026142317,0.0
transition1x,2,above_10mev,0.05,191,41,232,0.232,1,rigid_force,shared_seed,0.0,0.005374234683683284,0.0
transition1x,2,above_10mev,0.05,191,41,232,0.232,1,force_magnitude,shared_seed,1.0,0.9827146574689253,1.0
transition1x,2,above_10mev,0.05,191,41,232,0.232,1,geometry_novelty,shared_seed,0.0,0.00519812611782208,0.0
transition1x,2,above_10mev,0.05,191,41,232,0.232,1,trees_log,shared_seed,1.0,0.9829789191293794,1.0
transition1x,2,above_10mev,0.05,191,41,232,0.232,1,trees_raw,shared_seed,1.0,0.9829512921235607,1.0
transition1x,2,above_10mev,0.05,191,41,232,0.232,1,trees_physics,shared_seed,0.0,0.005327238637398478,0.0
transition1x,2,above_10mev,0.05,191,41,232,0.232,1,ridge,shared_seed,0.0,0.005377058968865083,0.0
transition1x,2,above_10mev,0.05,191,41,232,0.232,1,mp_ridge,shared_seed,0.0,0.005399048198943073,0.0
transition1x,2,above_10mev,0.05,191,41,232,0.232,1,reference_oracle,shared_seed,1.0,0.9836360189623934,1.0
transition1x,2,above_10mev,0.05,191,41,232,0.232,1,random,shared_seed,0.05067985166872682,0.0548136521600097,0.05067985166872682
transition1x,2,above_10mev,0.05,191,41,232,0.232,1,net_force,total_budget,0.0,0.005547049748490156,
transition1x,2,above_10mev,0.05,191,41,232,0.232,1,rigid_force,total_budget,0.0,0.005656203254195547,
transition1x,2,above_10mev,0.05,191,41,232,0.232,1,force_magnitude,total_budget,1.0,0.9823596004888541,
transition1x,2,above_10mev,0.05,191,41,232,0.232,1,geometry_novelty,total_budget,0.0,0.00501472577575886,
transition1x,2,above_10mev,0.05,191,41,232,0.232,1,random,total_budget,0.232,0.232,
transition1x,2,above_10mev,0.05,191,41,232,0.232,1,reference_oracle,total_budget,1.0,0.9855066889350301,
transition1x,2,above_25mev,0.05,191,41,232,0.232,1,net_force,shared_seed,0.0,0.005359704026142317,0.0
transition1x,2,above_25mev,0.05,191,41,232,0.232,1,rigid_force,shared_seed,0.0,0.005374234683683284,0.0
transition1x,2,above_25mev,0.05,191,41,232,0.232,1,force_magnitude,shared_seed,1.0,0.9827146574689253,1.0
transition1x,2,above_25mev,0.05,191,41,232,0.232,1,geometry_novelty,shared_seed,0.0,0.00519812611782208,0.0
transition1x,2,above_25mev,0.05,191,41,232,0.232,1,trees_log,shared_seed,1.0,0.9829789191293794,1.0
transition1x,2,above_25mev,0.05,191,41,232,0.232,1,trees_raw,shared_seed,1.0,0.9829512921235607,1.0
transition1x,2,above_25mev,0.05,191,41,232,0.232,1,trees_physics,shared_seed,0.0,0.005327238637398478,0.0
transition1x,2,above_25mev,0.05,191,41,232,0.232,1,ridge,shared_seed,0.0,0.005377058968865083,0.0
transition1x,2,above_25mev,0.05,191,41,232,0.232,1,mp_ridge,shared_seed,0.0,0.005399048198943073,0.0
transition1x,2,above_25mev,0.05,191,41,232,0.232,1,reference_oracle,shared_seed,1.0,0.9836360189623934,1.0
transition1x,2,above_25mev,0.05,191,41,232,0.232,1,random,shared_seed,0.05067985166872682,0.0548136521600097,0.05067985166872682
transition1x,2,above_25mev,0.05,191,41,232,0.232,1,net_force,total_budget,0.0,0.005547049748490156,
transition1x,2,above_25mev,0.05,191,41,232,0.232,1,rigid_force,total_budget,0.0,0.005656203254195547,
transition1x,2,above_25mev,0.05,191,41,232,0.232,1,force_magnitude,total_budget,1.0,0.9823596004888541,
transition1x,2,above_25mev,0.05,191,41,232,0.232,1,geometry_novelty,total_budget,0.0,0.00501472577575886,
transition1x,2,above_25mev,0.05,191,41,232,0.232,1,random,total_budget,0.232,0.232,
transition1x,2,above_25mev,0.05,191,41,232,0.232,1,reference_oracle,total_budget,1.0,0.9855066889350301,
transition1x,2,worst_decile,0.1,191,81,272,0.272,100,net_force,shared_seed,0.27,0.006325200580890193,0.09876543209876543
transition1x,2,worst_decile,0.1,191,81,272,0.272,100,rigid_force,shared_seed,0.29,0.0062622455687678215,0.12345679012345678
transition1x,2,worst_decile,0.1,191,81,272,0.272,100,force_magnitude,shared_seed,0.25,0.9835251341230181,0.07407407407407407
transition1x,2,worst_decile,0.1,191,81,272,0.272,100,geometry_novelty,shared_seed,0.33,0.0061055213045611125,0.1728395061728395
transition1x,2,worst_decile,0.1,191,81,272,0.272,100,trees_log,shared_seed,0.45,0.9840322651763171,0.32098765432098764
transition1x,2,worst_decile,0.1,191,81,272,0.272,100,trees_raw,shared_seed,0.44,0.9840003015178896,0.30864197530864196
transition1x,2,worst_decile,0.1,191,81,272,0.272,100,trees_physics,shared_seed,0.28,0.006305546784730405,0.1111111111111111
transition1x,2,worst_decile,0.1,191,81,272,0.272,100,ridge,shared_seed,0.33,0.0064565168214893946,0.1728395061728395
transition1x,2,worst_decile,0.1,191,81,272,0.272,100,mp_ridge,shared_seed,0.38,0.006431065062511509,0.2345679012345679
transition1x,2,worst_decile,0.1,191,81,272,0.272,100,reference_oracle,shared_seed,1.0,0.9850431329506519,1.0
transition1x,2,worst_decile,0.1,191,81,272,0.272,100,random,shared_seed,0.27110012360939434,0.10404210777667584,0.10012360939431397
transition1x,2,worst_decile,0.1,191,81,272,0.272,100,net_force,total_budget,0.27,0.006464183117827323,
transition1x,2,worst_decile,0.1,191,81,272,0.272,100,rigid_force,total_budget,0.31,0.006583245100145773,
transition1x,2,worst_decile,0.1,191,81,272,0.272,100,force_magnitude,total_budget,0.3,0.9833129579907521,
transition1x,2,worst_decile,0.1,191,81,272,0.272,100,geometry_novelty,total_budget,0.33,0.983285755047822,
transition1x,2,worst_decile,0.1,191,81,272,0.272,100,random,total_budget,0.272,0.272,
transition1x,2,worst_decile,0.1,191,81,272,0.272,100,reference_oracle,total_budget,1.0,0.9866159509937555,
transition1x,2,above_5mev,0.1,191,81,272,0.272,104,net_force,shared_seed,0.2692307692307692,0.006325200580890193,0.10588235294117647
transition1x,2,above_5mev,0.1,191,81,272,0.272,104,rigid_force,shared_seed,0.27884615384615385,0.0062622455687678215,0.11764705882352941
transition1x,2,above_5mev,0.1,191,81,272,0.272,104,force_magnitude,shared_seed,0.2403846153846154,0.9835251341230181,0.07058823529411765
transition1x,2,above_5mev,0.1,191,81,272,0.272,104,geometry_novelty,shared_seed,0.3173076923076923,0.0061055213045611125,0.16470588235294117
transition1x,2,above_5mev,0.1,191,81,272,0.272,104,trees_log,shared_seed,0.4326923076923077,0.9840322651763171,0.3058823529411765
transition1x,2,above_5mev,0.1,191,81,272,0.272,104,trees_raw,shared_seed,0.4230769230769231,0.9840003015178896,0.29411764705882354
transition1x,2,above_5mev,0.1,191,81,272,0.272,104,trees_physics,shared_seed,0.2692307692307692,0.006305546784730405,0.10588235294117647
transition1x,2,above_5mev,0.1,191,81,272,0.272,104,ridge,shared_seed,0.3173076923076923,0.0064565168214893946,0.16470588235294117
transition1x,2,above_5mev,0.1,191,81,272,0.272,104,mp_ridge,shared_seed,0.36538461538461536,0.006431065062511509,0.2235294117647059
transition1x,2,above_5mev,0.1,191,81,272,0.272,104,reference_oracle,shared_seed,0.9615384615384616,0.9850431329506519,0.9529411764705882
transition1x,2,above_5mev,0.1,191,81,272,0.272,104,random,shared_seed,0.26452410383189123,0.10404210777667584,0.10012360939431397
transition1x,2,above_5mev,0.1,191,81,272,0.272,104,net_force,total_budget,0.27884615384615385,0.006464183117827323,
transition1x,2,above_5mev,0.1,191,81,272,0.272,104,rigid_force,total_budget,0.3076923076923077,0.006583245100145773,
transition1x,2,above_5mev,0.1,191,81,272,0.272,104,force_magnitude,total_budget,0.2980769230769231,0.9833129579907521,
transition1x,2,above_5mev,0.1,191,81,272,0.272,104,geometry_novelty,total_budget,0.3173076923076923,0.983285755047822,
transition1x,2,above_5mev,0.1,191,81,272,0.272,104,random,total_budget,0.272,0.272,
transition1x,2,above_5mev,0.1,191,81,272,0.272,104,reference_oracle,total_budget,1.0,0.9866159509937555,
transition1x,2,above_10mev,0.1,191,81,272,0.272,1,net_force,shared_seed,0.0,0.006325200580890193,0.0
transition1x,2,above_10mev,0.1,191,81,272,0.272,1,rigid_force,shared_seed,0.0,0.0062622455687678215,0.0
transition1x,2,above_10mev,0.1,191,81,272,0.272,1,force_magnitude,shared_seed,1.0,0.9835251341230181,1.0
transition1x,2,above_10mev,0.1,191,81,272,0.272,1,geometry_novelty,shared_seed,0.0,0.0061055213045611125,0.0
transition1x,2,above_10mev,0.1,191,81,272,0.272,1,trees_log,shared_seed,1.0,0.9840322651763171,1.0
transition1x,2,above_10mev,0.1,191,81,272,0.272,1,trees_raw,shared_seed,1.0,0.9840003015178896,1.0
transition1x,2,above_10mev,0.1,191,81,272,0.272,1,trees_physics,shared_seed,0.0,0.006305546784730405,0.0
transition1x,2,above_10mev,0.1,191,81,272,0.272,1,ridge,shared_seed,0.0,0.0064565168214893946,0.0
transition1x,2,above_10mev,0.1,191,81,272,0.272,1,mp_ridge,shared_seed,0.0,0.006431065062511509,0.0
transition1x,2,above_10mev,0.1,191,81,272,0.272,1,reference_oracle,shared_seed,1.0,0.9850431329506519,1.0
transition1x,2,above_10mev,0.1,191,81,272,0.272,1,random,shared_seed,0.10012360939431397,0.10404210777667584,0.10012360939431397
transition1x,2,above_10mev,0.1,191,81,272,0.272,1,net_force,total_budget,0.0,0.006464183117827323,
transition1x,2,above_10mev,0.1,191,81,272,0.272,1,rigid_force,total_budget,0.0,0.006583245100145773,
transition1x,2,above_10mev,0.1,191,81,272,0.272,1,force_magnitude,total_budget,1.0,0.9833129579907521,
transition1x,2,above_10mev,0.1,191,81,272,0.272,1,geometry_novelty,total_budget,1.0,0.983285755047822,
transition1x,2,above_10mev,0.1,191,81,272,0.272,1,random,total_budget,0.272,0.272,
transition1x,2,above_10mev,0.1,191,81,272,0.272,1,reference_oracle,total_budget,1.0,0.9866159509937555,
transition1x,2,above_25mev,0.1,191,81,272,0.272,1,net_force,shared_seed,0.0,0.006325200580890193,0.0
transition1x,2,above_25mev,0.1,191,81,272,0.272,1,rigid_force,shared_seed,0.0,0.0062622455687678215,0.0
transition1x,2,above_25mev,0.1,191,81,272,0.272,1,force_magnitude,shared_seed,1.0,0.9835251341230181,1.0
transition1x,2,above_25mev,0.1,191,81,272,0.272,1,geometry_novelty,shared_seed,0.0,0.0061055213045611125,0.0
transition1x,2,above_25mev,0.1,191,81,272,0.272,1,trees_log,shared_seed,1.0,0.9840322651763171,1.0
transition1x,2,above_25mev,0.1,191,81,272,0.272,1,trees_raw,shared_seed,1.0,0.9840003015178896,1.0
transition1x,2,above_25mev,0.1,191,81,272,0.272,1,trees_physics,shared_seed,0.0,0.006305546784730405,0.0
transition1x,2,above_25mev,0.1,191,81,272,0.272,1,ridge,shared_seed,0.0,0.0064565168214893946,0.0
transition1x,2,above_25mev,0.1,191,81,272,0.272,1,mp_ridge,shared_seed,0.0,0.006431065062511509,0.0
transition1x,2,above_25mev,0.1,191,81,272,0.272,1,reference_oracle,shared_seed,1.0,0.9850431329506519,1.0
transition1x,2,above_25mev,0.1,191,81,272,0.272,1,random,shared_seed,0.10012360939431397,0.10404210777667584,0.10012360939431397
transition1x,2,above_25mev,0.1,191,81,272,0.272,1,net_force,total_budget,0.0,0.006464183117827323,
transition1x,2,above_25mev,0.1,191,81,272,0.272,1,rigid_force,total_budget,0.0,0.006583245100145773,
transition1x,2,above_25mev,0.1,191,81,272,0.272,1,force_magnitude,total_budget,1.0,0.9833129579907521,
transition1x,2,above_25mev,0.1,191,81,272,0.272,1,geometry_novelty,total_budget,1.0,0.983285755047822,
transition1x,2,above_25mev,0.1,191,81,272,0.272,1,random,total_budget,0.272,0.272,
transition1x,2,above_25mev,0.1,191,81,272,0.272,1,reference_oracle,total_budget,1.0,0.9866159509937555,
transition1x,2,worst_decile,0.2,191,162,353,0.353,100,net_force,shared_seed,0.34,0.008179114271037485,0.18518518518518517
transition1x,2,worst_decile,0.2,191,162,353,0.353,100,rigid_force,shared_seed,0.39,0.008175371107264974,0.24691358024691357
transition1x,2,worst_decile,0.2,191,162,353,0.353,100,force_magnitude,shared_seed,0.34,0.9852175978633976,0.18518518518518517
transition1x,2,worst_decile,0.2,191,162,353,0.353,100,geometry_novelty,shared_seed,0.41,0.007895052788472443,0.2716049382716049
transition1x,2,worst_decile,0.2,191,162,353,0.353,100,trees_log,shared_seed,0.59,0.9861312795126125,0.49382716049382713
transition1x,2,worst_decile,0.2,191,162,353,0.353,100,trees_raw,shared_seed,0.65,0.986063451621109,0.5679012345679012
transition1x,2,worst_decile,0.2,191,162,353,0.353,100,trees_physics,shared_seed,0.38,0.00829041993523539,0.2345679012345679
transition1x,2,worst_decile,0.2,191,162,353,0.353,100,ridge,shared_seed,0.42,0.008453332426274633,0.2839506172839506
transition1x,2,worst_decile,0.2,191,162,353,0.353,100,mp_ridge,shared_seed,0.5,0.00844915460340434,0.38271604938271603
transition1x,2,worst_decile,0.2,191,162,353,0.353,100,reference_oracle,shared_seed,1.0,0.9876366516663806,1.0
transition1x,2,worst_decile,0.2,191,162,353,0.353,100,random,shared_seed,0.3522002472187886,0.2037297304004248,0.20024721878862795
transition1x,2,worst_decile,0.2,191,162,353,0.353,100,net_force,total_budget,0.35,0.008378106724972235,
transition1x,2,worst_decile,0.2,191,162,353,0.353,100,rigid_force,total_budget,0.35,0.00833019996075765,
transition1x,2,worst_decile,0.2,191,162,353,0.353,100,force_magnitude,total_budget,0.38,0.9851618994714194,
transition1x,2,worst_decile,0.2,191,162,353,0.353,100,geometry_novelty,total_budget,0.42,0.9851029295981026,
transition1x,2,worst_decile,0.2,191,162,353,0.353,100,random,total_budget,0.353,0.353,
transition1x,2,worst_decile,0.2,191,162,353,0.353,100,reference_oracle,total_budget,1.0,0.9887208272774494,
transition1x,2,above_5mev,0.2,191,162,353,0.353,104,net_force,shared_seed,0.34615384615384615,0.008179114271037485,0.2
transition1x,2,above_5mev,0.2,191,162,353,0.353,104,rigid_force,shared_seed,0.38461538461538464,0.008175371107264974,0.24705882352941178
transition1x,2,above_5mev,0.2,191,162,353,0.353,104,force_magnitude,shared_seed,0.3269230769230769,0.9852175978633976,0.17647058823529413
transition1x,2,above_5mev,0.2,191,162,353,0.353,104,geometry_novelty,shared_seed,0.3942307692307692,0.007895052788472443,0.25882352941176473
transition1x,2,above_5mev,0.2,191,162,353,0.353,104,trees_log,shared_seed,0.5769230769230769,0.9861312795126125,0.4823529411764706
transition1x,2,above_5mev,0.2,191,162,353,0.353,104,trees_raw,shared_seed,0.6346153846153846,0.986063451621109,0.5529411764705883
transition1x,2,above_5mev,0.2,191,162,353,0.353,104,trees_physics,shared_seed,0.375,0.00829041993523539,0.23529411764705882
transition1x,2,above_5mev,0.2,191,162,353,0.353,104,ridge,shared_seed,0.41346153846153844,0.008453332426274633,0.2823529411764706
transition1x,2,above_5mev,0.2,191,162,353,0.353,104,mp_ridge,shared_seed,0.49038461538461536,0.00844915460340434,0.3764705882352941
transition1x,2,above_5mev,0.2,191,162,353,0.353,104,reference_oracle,shared_seed,1.0,0.9876366516663806,1.0
transition1x,2,above_5mev,0.2,191,162,353,0.353,104,random,shared_seed,0.34635589997147476,0.2037297304004248,0.20024721878862795
transition1x,2,above_5mev,0.2,191,162,353,0.353,104,net_force,total_budget,0.36538461538461536,0.008378106724972235,
transition1x,2,above_5mev,0.2,191,162,353,0.353,104,rigid_force,total_budget,0.3557692307692308,0.00833019996075765,
transition1x,2,above_5mev,0.2,191,162,353,0.353,104,force_magnitude,total_budget,0.375,0.9851618994714194,
transition1x,2,above_5mev,0.2,191,162,353,0.353,104,geometry_novelty,total_budget,0.41346153846153844,0.9851029295981026,
transition1x,2,above_5mev,0.2,191,162,353,0.353,104,random,total_budget,0.353,0.353,
transition1x,2,above_5mev,0.2,191,162,353,0.353,104,reference_oracle,total_budget,1.0,0.9887208272774494,
transition1x,2,above_10mev,0.2,191,162,353,0.353,1,net_force,shared_seed,0.0,0.008179114271037485,0.0
transition1x,2,above_10mev,0.2,191,162,353,0.353,1,rigid_force,shared_seed,0.0,0.008175371107264974,0.0
transition1x,2,above_10mev,0.2,191,162,353,0.353,1,force_magnitude,shared_seed,1.0,0.9852175978633976,1.0
transition1x,2,above_10mev,0.2,191,162,353,0.353,1,geometry_novelty,shared_seed,0.0,0.007895052788472443,0.0
transition1x,2,above_10mev,0.2,191,162,353,0.353,1,trees_log,shared_seed,1.0,0.9861312795126125,1.0
transition1x,2,above_10mev,0.2,191,162,353,0.353,1,trees_raw,shared_seed,1.0,0.986063451621109,1.0
transition1x,2,above_10mev,0.2,191,162,353,0.353,1,trees_physics,shared_seed,0.0,0.00829041993523539,0.0
transition1x,2,above_10mev,0.2,191,162,353,0.353,1,ridge,shared_seed,0.0,0.008453332426274633,0.0
transition1x,2,above_10mev,0.2,191,162,353,0.353,1,mp_ridge,shared_seed,0.0,0.00844915460340434,0.0
transition1x,2,above_10mev,0.2,191,162,353,0.353,1,reference_oracle,shared_seed,1.0,0.9876366516663806,1.0
transition1x,2,above_10mev,0.2,191,162,353,0.353,1,random,shared_seed,0.20024721878862795,0.2037297304004248,0.20024721878862795
transition1x,2,above_10mev,0.2,191,162,353,0.353,1,net_force,total_budget,0.0,0.008378106724972235,
transition1x,2,above_10mev,0.2,191,162,353,0.353,1,rigid_force,total_budget,0.0,0.00833019996075765,
transition1x,2,above_10mev,0.2,191,162,353,0.353,1,force_magnitude,total_budget,1.0,0.9851618994714194,
transition1x,2,above_10mev,0.2,191,162,353,0.353,1,geometry_novelty,total_budget,1.0,0.9851029295981026,
transition1x,2,above_10mev,0.2,191,162,353,0.353,1,random,total_budget,0.353,0.353,
transition1x,2,above_10mev,0.2,191,162,353,0.353,1,reference_oracle,total_budget,1.0,0.9887208272774494,
transition1x,2,above_25mev,0.2,191,162,353,0.353,1,net_force,shared_seed,0.0,0.008179114271037485,0.0
transition1x,2,above_25mev,0.2,191,162,353,0.353,1,rigid_force,shared_seed,0.0,0.008175371107264974,0.0
transition1x,2,above_25mev,0.2,191,162,353,0.353,1,force_magnitude,shared_seed,1.0,0.9852175978633976,1.0
transition1x,2,above_25mev,0.2,191,162,353,0.353,1,geometry_novelty,shared_seed,0.0,0.007895052788472443,0.0
transition1x,2,above_25mev,0.2,191,162,353,0.353,1,trees_log,shared_seed,1.0,0.9861312795126125,1.0
transition1x,2,above_25mev,0.2,191,162,353,0.353,1,trees_raw,shared_seed,1.0,0.986063451621109,1.0
transition1x,2,above_25mev,0.2,191,162,353,0.353,1,trees_physics,shared_seed,0.0,0.00829041993523539,0.0
transition1x,2,above_25mev,0.2,191,162,353,0.353,1,ridge,shared_seed,0.0,0.008453332426274633,0.0
transition1x,2,above_25mev,0.2,191,162,353,0.353,1,mp_ridge,shared_seed,0.0,0.00844915460340434,0.0
transition1x,2,above_25mev,0.2,191,162,353,0.353,1,reference_oracle,shared_seed,1.0,0.9876366516663806,1.0
transition1x,2,above_25mev,0.2,191,162,353,0.353,1,random,shared_seed,0.20024721878862795,0.2037297304004248,0.20024721878862795
transition1x,2,above_25mev,0.2,191,162,353,0.353,1,net_force,total_budget,0.0,0.008378106724972235,
transition1x,2,above_25mev,0.2,191,162,353,0.353,1,rigid_force,total_budget,0.0,0.00833019996075765,
transition1x,2,above_25mev,0.2,191,162,353,0.353,1,force_magnitude,total_budget,1.0,0.9851618994714194,
transition1x,2,above_25mev,0.2,191,162,353,0.353,1,geometry_novelty,total_budget,1.0,0.9851029295981026,
transition1x,2,above_25mev,0.2,191,162,353,0.353,1,random,total_budget,0.353,0.353,
transition1x,2,above_25mev,0.2,191,162,353,0.353,1,reference_oracle,total_budget,1.0,0.9887208272774494,
transition1x,2,worst_decile,0.3,191,243,434,0.434,100,net_force,shared_seed,0.4,0.010033234580114904,0.25925925925925924
transition1x,2,worst_decile,0.3,191,243,434,0.434,100,rigid_force,shared_seed,0.43,0.010075414541537105,0.2962962962962963
transition1x,2,worst_decile,0.3,191,243,434,0.434,100,force_magnitude,shared_seed,0.45,0.9871277825126119,0.32098765432098764
transition1x,2,worst_decile,0.3,191,243,434,0.434,100,geometry_novelty,shared_seed,0.5,0.9870845635343171,0.38271604938271603
transition1x,2,worst_decile,0.3,191,243,434,0.434,100,trees_log,shared_seed,0.71,0.9880989399360167,0.6419753086419753
transition1x,2,worst_decile,0.3,191,243,434,0.434,100,trees_raw,shared_seed,0.73,0.9880765580769106,0.6666666666666666
transition1x,2,worst_decile,0.3,191,243,434,0.434,100,trees_physics,shared_seed,0.42,0.010026502551217073,0.2839506172839506
transition1x,2,worst_decile,0.3,191,243,434,0.434,100,ridge,shared_seed,0.59,0.010608190649590279,0.49382716049382713
transition1x,2,worst_decile,0.3,191,243,434,0.434,100,mp_ridge,shared_seed,0.65,0.010537806707403832,0.5679012345679012
transition1x,2,worst_decile,0.3,191,243,434,0.434,100,reference_oracle,shared_seed,1.0,0.9897813235373634,1.0
transition1x,2,worst_decile,0.3,191,243,434,0.434,100,random,shared_seed,0.43330037082818296,0.3034173530241738,0.3003708281829419
transition1x,2,worst_decile,0.3,191,243,434,0.434,100,net_force,total_budget,0.44,0.010239132274881211,
transition1x,2,worst_decile,0.3,191,243,434,0.434,100,rigid_force,total_budget,0.43,0.010235387820206925,
transition1x,2,worst_decile,0.3,191,243,434,0.434,100,force_magnitude,total_budget,0.47,0.9869959813059453,
transition1x,2,worst_decile,0.3,191,243,434,0.434,100,geometry_novelty,total_budget,0.52,0.9869397756600908,
transition1x,2,worst_decile,0.3,191,243,434,0.434,100,random,total_budget,0.434,0.434,
transition1x,2,worst_decile,0.3,191,243,434,0.434,100,reference_oracle,total_budget,1.0,0.9906423609714262,
transition1x,2,above_5mev,0.3,191,243,434,0.434,104,net_force,shared_seed,0.41346153846153844,0.010033234580114904,0.2823529411764706
transition1x,2,above_5mev,0.3,191,243,434,0.434,104,rigid_force,shared_seed,0.4230769230769231,0.010075414541537105,0.29411764705882354
transition1x,2,above_5mev,0.3,191,243,434,0.434,104,force_magnitude,shared_seed,0.4423076923076923,0.9871277825126119,0.3176470588235294
transition1x,2,above_5mev,0.3,191,243,434,0.434,104,geometry_novelty,shared_seed,0.49038461538461536,0.9870845635343171,0.3764705882352941
transition1x,2,above_5mev,0.3,191,243,434,0.434,104,trees_log,shared_seed,0.7115384615384616,0.9880989399360167,0.6470588235294118
transition1x,2,above_5mev,0.3,191,243,434,0.434,104,trees_raw,shared_seed,0.7115384615384616,0.9880765580769106,0.6470588235294118
transition1x,2,above_5mev,0.3,191,243,434,0.434,104,trees_physics,shared_seed,0.4230769230769231,0.010026502551217073,0.29411764705882354
transition1x,2,above_5mev,0.3,191,243,434,0.434,104,ridge,shared_seed,0.5769230769230769,0.010608190649590279,0.4823529411764706
transition1x,2,above_5mev,0.3,191,243,434,0.434,104,mp_ridge,shared_seed,0.6346153846153846,0.010537806707403832,0.5529411764705883
transition1x,2,above_5mev,0.3,191,243,434,0.434,104,reference_oracle,shared_seed,1.0,0.9897813235373634,1.0
transition1x,2,above_5mev,0.3,191,243,434,0.434,104,random,shared_seed,0.4281876961110583,0.3034173530241738,0.3003708281829419
transition1x,2,above_5mev,0.3,191,243,434,0.434,104,net_force,total_budget,0.4519230769230769,0.010239132274881211,
transition1x,2,above_5mev,0.3,191,243,434,0.434,104,rigid_force,total_budget,0.4326923076923077,0.010235387820206925,
transition1x,2,above_5mev,0.3,191,243,434,0.434,104,force_magnitude,total_budget,0.46153846153846156,0.9869959813059453,
transition1x,2,above_5mev,0.3,191,243,434,0.434,104,geometry_novelty,total_budget,0.5096153846153846,0.9869397756600908,
transition1x,2,above_5mev,0.3,191,243,434,0.434,104,random,total_budget,0.434,0.434,
transition1x,2,above_5mev,0.3,191,243,434,0.434,104,reference_oracle,total_budget,1.0,0.9906423609714262,
transition1x,2,above_10mev,0.3,191,243,434,0.434,1,net_force,shared_seed,0.0,0.010033234580114904,0.0
transition1x,2,above_10mev,0.3,191,243,434,0.434,1,rigid_force,shared_seed,0.0,0.010075414541537105,0.0
transition1x,2,above_10mev,0.3,191,243,434,0.434,1,force_magnitude,shared_seed,1.0,0.9871277825126119,1.0
transition1x,2,above_10mev,0.3,191,243,434,0.434,1,geometry_novelty,shared_seed,1.0,0.9870845635343171,1.0
transition1x,2,above_10mev,0.3,191,243,434,0.434,1,trees_log,shared_seed,1.0,0.9880989399360167,1.0
transition1x,2,above_10mev,0.3,191,243,434,0.434,1,trees_raw,shared_seed,1.0,0.9880765580769106,1.0
transition1x,2,above_10mev,0.3,191,243,434,0.434,1,trees_physics,shared_seed,0.0,0.010026502551217073,0.0
transition1x,2,above_10mev,0.3,191,243,434,0.434,1,ridge,shared_seed,0.0,0.010608190649590279,0.0
transition1x,2,above_10mev,0.3,191,243,434,0.434,1,mp_ridge,shared_seed,0.0,0.010537806707403832,0.0
transition1x,2,above_10mev,0.3,191,243,434,0.434,1,reference_oracle,shared_seed,1.0,0.9897813235373634,1.0
transition1x,2,above_10mev,0.3,191,243,434,0.434,1,random,shared_seed,0.3003708281829419,0.3034173530241738,0.3003708281829419
transition1x,2,above_10mev,0.3,191,243,434,0.434,1,net_force,total_budget,0.0,0.010239132274881211,
transition1x,2,above_10mev,0.3,191,243,434,0.434,1,rigid_force,total_budget,0.0,0.010235387820206925,
transition1x,2,above_10mev,0.3,191,243,434,0.434,1,force_magnitude,total_budget,1.0,0.9869959813059453,
transition1x,2,above_10mev,0.3,191,243,434,0.434,1,geometry_novelty,total_budget,1.0,0.9869397756600908,
transition1x,2,above_10mev,0.3,191,243,434,0.434,1,random,total_budget,0.434,0.434,
transition1x,2,above_10mev,0.3,191,243,434,0.434,1,reference_oracle,total_budget,1.0,0.9906423609714262,
transition1x,2,above_25mev,0.3,191,243,434,0.434,1,net_force,shared_seed,0.0,0.010033234580114904,0.0
transition1x,2,above_25mev,0.3,191,243,434,0.434,1,rigid_force,shared_seed,0.0,0.010075414541537105,0.0
transition1x,2,above_25mev,0.3,191,243,434,0.434,1,force_magnitude,shared_seed,1.0,0.9871277825126119,1.0
transition1x,2,above_25mev,0.3,191,243,434,0.434,1,geometry_novelty,shared_seed,1.0,0.9870845635343171,1.0
transition1x,2,above_25mev,0.3,191,243,434,0.434,1,trees_log,shared_seed,1.0,0.9880989399360167,1.0
transition1x,2,above_25mev,0.3,191,243,434,0.434,1,trees_raw,shared_seed,1.0,0.9880765580769106,1.0
transition1x,2,above_25mev,0.3,191,243,434,0.434,1,trees_physics,shared_seed,0.0,0.010026502551217073,0.0
transition1x,2,above_25mev,0.3,191,243,434,0.434,1,ridge,shared_seed,0.0,0.010608190649590279,0.0
transition1x,2,above_25mev,0.3,191,243,434,0.434,1,mp_ridge,shared_seed,0.0,0.010537806707403832,0.0
transition1x,2,above_25mev,0.3,191,243,434,0.434,1,reference_oracle,shared_seed,1.0,0.9897813235373634,1.0
transition1x,2,above_25mev,0.3,191,243,434,0.434,1,random,shared_seed,0.3003708281829419,0.3034173530241738,0.3003708281829419
transition1x,2,above_25mev,0.3,191,243,434,0.434,1,net_force,total_budget,0.0,0.010239132274881211,
transition1x,2,above_25mev,0.3,191,243,434,0.434,1,rigid_force,total_budget,0.0,0.010235387820206925,
transition1x,2,above_25mev,0.3,191,243,434,0.434,1,force_magnitude,total_budget,1.0,0.9869959813059453,
transition1x,2,above_25mev,0.3,191,243,434,0.434,1,geometry_novelty,total_budget,1.0,0.9869397756600908,
transition1x,2,above_25mev,0.3,191,243,434,0.434,1,random,total_budget,0.434,0.434,
transition1x,2,above_25mev,0.3,191,243,434,0.434,1,reference_oracle,total_budget,1.0,0.9906423609714262,
transition1x,2,worst_decile,0.5,191,405,596,0.596,100,net_force,shared_seed,0.56,0.013737598261597248,0.4567901234567901
transition1x,2,worst_decile,0.5,191,405,596,0.596,100,rigid_force,shared_seed,0.55,0.01376452193945686,0.4444444444444444
transition1x,2,worst_decile,0.5,191,405,596,0.596,100,force_magnitude,shared_seed,0.6,0.9907039246001096,0.5061728395061729
transition1x,2,worst_decile,0.5,191,405,596,0.596,100,geometry_novelty,shared_seed,0.67,0.9907786497134589,0.5925925925925926
transition1x,2,worst_decile,0.5,191,405,596,0.596,100,trees_log,shared_seed,0.82,0.9916305858416833,0.7777777777777778
transition1x,2,worst_decile,0.5,191,405,596,0.596,100,trees_raw,shared_seed,0.83,0.9915355936332234,0.7901234567901234
transition1x,2,worst_decile,0.5,191,405,596,0.596,100,trees_physics,shared_seed,0.61,0.013745669852386498,0.5185185185185185
transition1x,2,worst_decile,0.5,191,405,596,0.596,100,ridge,shared_seed,0.83,0.9920209980276906,0.7901234567901234
transition1x,2,worst_decile,0.5,191,405,596,0.596,100,mp_ridge,shared_seed,0.82,0.9917948944399846,0.7777777777777778
transition1x,2,worst_decile,0.5,191,405,596,0.596,100,reference_oracle,shared_seed,1.0,0.9935830460046673,1.0
transition1x,2,worst_decile,0.5,191,405,596,0.596,100,random,shared_seed,0.5955006180469716,0.5027925982716718,0.5006180469715699
transition1x,2,worst_decile,0.5,191,405,596,0.596,100,net_force,total_budget,0.59,0.013797244201117368,
transition1x,2,worst_decile,0.5,191,405,596,0.596,100,rigid_force,total_budget,0.59,0.013908855545102709,
transition1x,2,worst_decile,0.5,191,405,596,0.596,100,force_magnitude,total_budget,0.68,0.9906427886771434,
transition1x,2,worst_decile,0.5,191,405,596,0.596,100,geometry_novelty,total_budget,0.65,0.9906687822169499,
transition1x,2,worst_decile,0.5,191,405,596,0.596,100,random,total_budget,0.596,0.596,
transition1x,2,worst_decile,0.5,191,405,596,0.596,100,reference_oracle,total_budget,1.0,0.9940309542014562,
transition1x,2,above_5mev,0.5,191,405,596,0.596,104,net_force,shared_seed,0.5673076923076923,0.013737598261597248,0.47058823529411764
transition1x,2,above_5mev,0.5,191,405,596,0.596,104,rigid_force,shared_seed,0.5480769230769231,0.01376452193945686,0.4470588235294118
transition1x,2,above_5mev,0.5,191,405,596,0.596,104,force_magnitude,shared_seed,0.5865384615384616,0.9907039246001096,0.49411764705882355
transition1x,2,above_5mev,0.5,191,405,596,0.596,104,geometry_novelty,shared_seed,0.6634615384615384,0.9907786497134589,0.5882352941176471
transition1x,2,above_5mev,0.5,191,405,596,0.596,104,trees_log,shared_seed,0.8173076923076923,0.9916305858416833,0.7764705882352941
transition1x,2,above_5mev,0.5,191,405,596,0.596,104,trees_raw,shared_seed,0.8269230769230769,0.9915355936332234,0.788235294117647
transition1x,2,above_5mev,0.5,191,405,596,0.596,104,trees_physics,shared_seed,0.6153846153846154,0.013745669852386498,0.5294117647058824
transition1x,2,above_5mev,0.5,191,405,596,0.596,104,ridge,shared_seed,0.8269230769230769,0.9920209980276906,0.788235294117647
transition1x,2,above_5mev,0.5,191,405,596,0.596,104,mp_ridge,shared_seed,0.7980769230769231,0.9917948944399846,0.7529411764705882
transition1x,2,above_5mev,0.5,191,405,596,0.596,104,reference_oracle,shared_seed,1.0,0.9935830460046673,1.0
transition1x,2,above_5mev,0.5,191,405,596,0.596,104,random,shared_seed,0.5918512883902254,0.5027925982716718,0.5006180469715699
transition1x,2,above_5mev,0.5,191,405,596,0.596,104,net_force,total_budget,0.6057692307692307,0.013797244201117368,
transition1x,2,above_5mev,0.5,191,405,596,0.596,104,rigid_force,total_budget,0.5961538461538461,0.013908855545102709,
transition1x,2,above_5mev,0.5,191,405,596,0.596,104,force_magnitude,total_budget,0.6730769230769231,0.9906427886771434,
transition1x,2,above_5mev,0.5,191,405,596,0.596,104,geometry_novelty,total_budget,0.6538461538461539,0.9906687822169499,
transition1x,2,above_5mev,0.5,191,405,596,0.596,104,random,total_budget,0.596,0.596,
transition1x,2,above_5mev,0.5,191,405,596,0.596,104,reference_oracle,total_budget,1.0,0.9940309542014562,
transition1x,2,above_10mev,0.5,191,405,596,0.596,1,net_force,shared_seed,0.0,0.013737598261597248,0.0
transition1x,2,above_10mev,0.5,191,405,596,0.596,1,rigid_force,shared_seed,0.0,0.01376452193945686,0.0
transition1x,2,above_10mev,0.5,191,405,596,0.596,1,force_magnitude,shared_seed,1.0,0.9907039246001096,1.0
transition1x,2,above_10mev,0.5,191,405,596,0.596,1,geometry_novelty,shared_seed,1.0,0.9907786497134589,1.0
transition1x,2,above_10mev,0.5,191,405,596,0.596,1,trees_log,shared_seed,1.0,0.9916305858416833,1.0
transition1x,2,above_10mev,0.5,191,405,596,0.596,1,trees_raw,shared_seed,1.0,0.9915355936332234,1.0
transition1x,2,above_10mev,0.5,191,405,596,0.596,1,trees_physics,shared_seed,0.0,0.013745669852386498,0.0
transition1x,2,above_10mev,0.5,191,405,596,0.596,1,ridge,shared_seed,1.0,0.9920209980276906,1.0
transition1x,2,above_10mev,0.5,191,405,596,0.596,1,mp_ridge,shared_seed,1.0,0.9917948944399846,1.0
transition1x,2,above_10mev,0.5,191,405,596,0.596,1,reference_oracle,shared_seed,1.0,0.9935830460046673,1.0
transition1x,2,above_10mev,0.5,191,405,596,0.596,1,random,shared_seed,0.5006180469715699,0.5027925982716718,0.5006180469715699
transition1x,2,above_10mev,0.5,191,405,596,0.596,1,net_force,total_budget,0.0,0.013797244201117368,
transition1x,2,above_10mev,0.5,191,405,596,0.596,1,rigid_force,total_budget,0.0,0.013908855545102709,
transition1x,2,above_10mev,0.5,191,405,596,0.596,1,force_magnitude,total_budget,1.0,0.9906427886771434,
transition1x,2,above_10mev,0.5,191,405,596,0.596,1,geometry_novelty,total_budget,1.0,0.9906687822169499,
transition1x,2,above_10mev,0.5,191,405,596,0.596,1,random,total_budget,0.596,0.596,
transition1x,2,above_10mev,0.5,191,405,596,0.596,1,reference_oracle,total_budget,1.0,0.9940309542014562,
transition1x,2,above_25mev,0.5,191,405,596,0.596,1,net_force,shared_seed,0.0,0.013737598261597248,0.0
transition1x,2,above_25mev,0.5,191,405,596,0.596,1,rigid_force,shared_seed,0.0,0.01376452193945686,0.0
transition1x,2,above_25mev,0.5,191,405,596,0.596,1,force_magnitude,shared_seed,1.0,0.9907039246001096,1.0
transition1x,2,above_25mev,0.5,191,405,596,0.596,1,geometry_novelty,shared_seed,1.0,0.9907786497134589,1.0
transition1x,2,above_25mev,0.5,191,405,596,0.596,1,trees_log,shared_seed,1.0,0.9916305858416833,1.0
transition1x,2,above_25mev,0.5,191,405,596,0.596,1,trees_raw,shared_seed,1.0,0.9915355936332234,1.0
transition1x,2,above_25mev,0.5,191,405,596,0.596,1,trees_physics,shared_seed,0.0,0.013745669852386498,0.0
transition1x,2,above_25mev,0.5,191,405,596,0.596,1,ridge,shared_seed,1.0,0.9920209980276906,1.0
transition1x,2,above_25mev,0.5,191,405,596,0.596,1,mp_ridge,shared_seed,1.0,0.9917948944399846,1.0
transition1x,2,above_25mev,0.5,191,405,596,0.596,1,reference_oracle,shared_seed,1.0,0.9935830460046673,1.0
transition1x,2,above_25mev,0.5,191,405,596,0.596,1,random,shared_seed,0.5006180469715699,0.5027925982716718,0.5006180469715699
transition1x,2,above_25mev,0.5,191,405,596,0.596,1,net_force,total_budget,0.0,0.013797244201117368,
transition1x,2,above_25mev,0.5,191,405,596,0.596,1,rigid_force,total_budget,0.0,0.013908855545102709,
transition1x,2,above_25mev,0.5,191,405,596,0.596,1,force_magnitude,total_budget,1.0,0.9906427886771434,
transition1x,2,above_25mev,0.5,191,405,596,0.596,1,geometry_novelty,total_budget,1.0,0.9906687822169499,
transition1x,2,above_25mev,0.5,191,405,596,0.596,1,random,total_budget,0.596,0.596,
transition1x,2,above_25mev,0.5,191,405,596,0.596,1,reference_oracle,total_budget,1.0,0.9940309542014562,
transition1x,3,worst_decile,0.01,154,9,163,0.163,100,net_force,shared_seed,0.11,0.003533434748440993,0.03260869565217391
transition1x,3,worst_decile,0.01,154,9,163,0.163,100,rigid_force,shared_seed,0.11,0.0035133088370008685,0.03260869565217391
transition1x,3,worst_decile,0.01,154,9,163,0.163,100,force_magnitude,shared_seed,0.11,0.9809213424533636,0.03260869565217391
transition1x,3,worst_decile,0.01,154,9,163,0.163,100,geometry_novelty,shared_seed,0.11,0.0034169178889721444,0.03260869565217391
transition1x,3,worst_decile,0.01,154,9,163,0.163,100,trees_log,shared_seed,0.09,0.003457133212354593,0.010869565217391304
transition1x,3,worst_decile,0.01,154,9,163,0.163,100,trees_raw,shared_seed,0.09,0.003467727217753283,0.010869565217391304
transition1x,3,worst_decile,0.01,154,9,163,0.163,100,trees_physics,shared_seed,0.1,0.003526569567111493,0.021739130434782608
transition1x,3,worst_decile,0.01,154,9,163,0.163,100,ridge,shared_seed,0.11,0.0034939961443865965,0.03260869565217391
transition1x,3,worst_decile,0.01,154,9,163,0.163,100,mp_ridge,shared_seed,0.11,0.0034945203132544945,0.03260869565217391
transition1x,3,worst_decile,0.01,154,9,163,0.163,100,reference_oracle,shared_seed,0.17,0.9811908290650113,0.09782608695652174
transition1x,3,worst_decile,0.01,154,9,163,0.163,100,random,shared_seed,0.08978723404255319,0.013867937496863166,0.010638297872340425
transition1x,3,worst_decile,0.01,154,9,163,0.163,100,net_force,total_budget,0.15,0.0038466899064424657,
transition1x,3,worst_decile,0.01,154,9,163,0.163,100,rigid_force,total_budget,0.19,0.003939252579104269,
transition1x,3,worst_decile,0.01,154,9,163,0.163,100,force_magnitude,total_budget,0.14,0.9808462178264409,
transition1x,3,worst_decile,0.01,154,9,163,0.163,100,geometry_novelty,total_budget,0.22,0.003475373436949074,
transition1x,3,worst_decile,0.01,154,9,163,0.163,100,random,total_budget,0.163,0.163,
transition1x,3,worst_decile,0.01,154,9,163,0.163,100,reference_oracle,total_budget,1.0,0.9835588627729209,
transition1x,3,above_5mev,0.01,154,9,163,0.163,104,net_force,shared_seed,0.11538461538461539,0.003533434748440993,0.031578947368421054
transition1x,3,above_5mev,0.01,154,9,163,0.163,104,rigid_force,shared_seed,0.11538461538461539,0.0035133088370008685,0.031578947368421054
transition1x,3,above_5mev,0.01,154,9,163,0.163,104,force_magnitude,shared_seed,0.11538461538461539,0.9809213424533636,0.031578947368421054
transition1x,3,above_5mev,0.01,154,9,163,0.163,104,geometry_novelty,shared_seed,0.11538461538461539,0.0034169178889721444,0.031578947368421054
transition1x,3,above_5mev,0.01,154,9,163,0.163,104,trees_log,shared_seed,0.09615384615384616,0.003457133212354593,0.010526315789473684
transition1x,3,above_5mev,0.01,154,9,163,0.163,104,trees_raw,shared_seed,0.09615384615384616,0.003467727217753283,0.010526315789473684
transition1x,3,above_5mev,0.01,154,9,163,0.163,104,trees_physics,shared_seed,0.10576923076923077,0.003526569567111493,0.021052631578947368
transition1x,3,above_5mev,0.01,154,9,163,0.163,104,ridge,shared_seed,0.11538461538461539,0.0034939961443865965,0.031578947368421054
transition1x,3,above_5mev,0.01,154,9,163,0.163,104,mp_ridge,shared_seed,0.11538461538461539,0.0034945203132544945,0.031578947368421054
transition1x,3,above_5mev,0.01,154,9,163,0.163,104,reference_oracle,shared_seed,0.17307692307692307,0.9811908290650113,0.09473684210526316
transition1x,3,above_5mev,0.01,154,9,163,0.163,104,random,shared_seed,0.09625613747954173,0.013867937496863166,0.010638297872340425
transition1x,3,above_5mev,0.01,154,9,163,0.163,104,net_force,total_budget,0.16346153846153846,0.0038466899064424657,
transition1x,3,above_5mev,0.01,154,9,163,0.163,104,rigid_force,total_budget,0.19230769230769232,0.003939252579104269,
transition1x,3,above_5mev,0.01,154,9,163,0.163,104,force_magnitude,total_budget,0.1346153846153846,0.9808462178264409,
transition1x,3,above_5mev,0.01,154,9,163,0.163,104,geometry_novelty,total_budget,0.21153846153846154,0.003475373436949074,
transition1x,3,above_5mev,0.01,154,9,163,0.163,104,random,total_budget,0.163,0.163,
transition1x,3,above_5mev,0.01,154,9,163,0.163,104,reference_oracle,total_budget,1.0,0.9835588627729209,
transition1x,3,above_10mev,0.01,154,9,163,0.163,1,net_force,shared_seed,0.0,0.003533434748440993,0.0
transition1x,3,above_10mev,0.01,154,9,163,0.163,1,rigid_force,shared_seed,0.0,0.0035133088370008685,0.0
transition1x,3,above_10mev,0.01,154,9,163,0.163,1,force_magnitude,shared_seed,1.0,0.9809213424533636,1.0
transition1x,3,above_10mev,0.01,154,9,163,0.163,1,geometry_novelty,shared_seed,0.0,0.0034169178889721444,0.0
transition1x,3,above_10mev,0.01,154,9,163,0.163,1,trees_log,shared_seed,0.0,0.003457133212354593,0.0
transition1x,3,above_10mev,0.01,154,9,163,0.163,1,trees_raw,shared_seed,0.0,0.003467727217753283,0.0
transition1x,3,above_10mev,0.01,154,9,163,0.163,1,trees_physics,shared_seed,0.0,0.003526569567111493,0.0
transition1x,3,above_10mev,0.01,154,9,163,0.163,1,ridge,shared_seed,0.0,0.0034939961443865965,0.0
transition1x,3,above_10mev,0.01,154,9,163,0.163,1,mp_ridge,shared_seed,0.0,0.0034945203132544945,0.0
transition1x,3,above_10mev,0.01,154,9,163,0.163,1,reference_oracle,shared_seed,1.0,0.9811908290650113,1.0
transition1x,3,above_10mev,0.01,154,9,163,0.163,1,random,shared_seed,0.010638297872340425,0.013867937496863166,0.010638297872340425
transition1x,3,above_10mev,0.01,154,9,163,0.163,1,net_force,total_budget,0.0,0.0038466899064424657,
transition1x,3,above_10mev,0.01,154,9,163,0.163,1,rigid_force,total_budget,0.0,0.003939252579104269,
transition1x,3,above_10mev,0.01,154,9,163,0.163,1,force_magnitude,total_budget,1.0,0.9808462178264409,
transition1x,3,above_10mev,0.01,154,9,163,0.163,1,geometry_novelty,total_budget,0.0,0.003475373436949074,
transition1x,3,above_10mev,0.01,154,9,163,0.163,1,random,total_budget,0.163,0.163,
transition1x,3,above_10mev,0.01,154,9,163,0.163,1,reference_oracle,total_budget,1.0,0.9835588627729209,
transition1x,3,above_25mev,0.01,154,9,163,0.163,1,net_force,shared_seed,0.0,0.003533434748440993,0.0
transition1x,3,above_25mev,0.01,154,9,163,0.163,1,rigid_force,shared_seed,0.0,0.0035133088370008685,0.0
transition1x,3,above_25mev,0.01,154,9,163,0.163,1,force_magnitude,shared_seed,1.0,0.9809213424533636,1.0
transition1x,3,above_25mev,0.01,154,9,163,0.163,1,geometry_novelty,shared_seed,0.0,0.0034169178889721444,0.0
transition1x,3,above_25mev,0.01,154,9,163,0.163,1,trees_log,shared_seed,0.0,0.003457133212354593,0.0
transition1x,3,above_25mev,0.01,154,9,163,0.163,1,trees_raw,shared_seed,0.0,0.003467727217753283,0.0
transition1x,3,above_25mev,0.01,154,9,163,0.163,1,trees_physics,shared_seed,0.0,0.003526569567111493,0.0
transition1x,3,above_25mev,0.01,154,9,163,0.163,1,ridge,shared_seed,0.0,0.0034939961443865965,0.0
transition1x,3,above_25mev,0.01,154,9,163,0.163,1,mp_ridge,shared_seed,0.0,0.0034945203132544945,0.0
transition1x,3,above_25mev,0.01,154,9,163,0.163,1,reference_oracle,shared_seed,1.0,0.9811908290650113,1.0
transition1x,3,above_25mev,0.01,154,9,163,0.163,1,random,shared_seed,0.010638297872340425,0.013867937496863166,0.010638297872340425
transition1x,3,above_25mev,0.01,154,9,163,0.163,1,net_force,total_budget,0.0,0.0038466899064424657,
transition1x,3,above_25mev,0.01,154,9,163,0.163,1,rigid_force,total_budget,0.0,0.003939252579104269,
transition1x,3,above_25mev,0.01,154,9,163,0.163,1,force_magnitude,total_budget,1.0,0.9808462178264409,
transition1x,3,above_25mev,0.01,154,9,163,0.163,1,geometry_novelty,total_budget,0.0,0.003475373436949074,
transition1x,3,above_25mev,0.01,154,9,163,0.163,1,random,total_budget,0.163,0.163,
transition1x,3,above_25mev,0.01,154,9,163,0.163,1,reference_oracle,total_budget,1.0,0.9835588627729209,
transition1x,3,worst_decile,0.02,154,17,171,0.171,100,net_force,shared_seed,0.13,0.0037729504222269836,0.05434782608695652
transition1x,3,worst_decile,0.02,154,17,171,0.171,100,rigid_force,shared_seed,0.12,0.0037064164868435925,0.043478260869565216
transition1x,3,worst_decile,0.02,154,17,171,0.171,100,force_magnitude,shared_seed,0.11,0.981062541319914,0.03260869565217391
transition1x,3,worst_decile,0.02,154,17,171,0.171,100,geometry_novelty,shared_seed,0.15,0.003637248245589314,0.07608695652173914
transition1x,3,worst_decile,0.02,154,17,171,0.171,100,trees_log,shared_seed,0.12,0.0036734387182243804,0.043478260869565216
transition1x,3,worst_decile,0.02,154,17,171,0.171,100,trees_raw,shared_seed,0.13,0.003692488548865309,0.05434782608695652
transition1x,3,worst_decile,0.02,154,17,171,0.171,100,trees_physics,shared_seed,0.11,0.003704592810168415,0.03260869565217391
transition1x,3,worst_decile,0.02,154,17,171,0.171,100,ridge,shared_seed,0.11,0.0036601512380817244,0.03260869565217391
transition1x,3,worst_decile,0.02,154,17,171,0.171,100,mp_ridge,shared_seed,0.12,0.003666699965013742,0.043478260869565216
transition1x,3,worst_decile,0.02,154,17,171,0.171,100,reference_oracle,shared_seed,0.25,0.9816209231097057,0.18478260869565216
transition1x,3,worst_decile,0.02,154,17,171,0.171,100,random,shared_seed,0.0984869976359338,0.02329333355424082,0.02009456264775414
transition1x,3,worst_decile,0.02,154,17,171,0.171,100,net_force,total_budget,0.17,0.004049809568990132,
transition1x,3,worst_decile,0.02,154,17,171,0.171,100,rigid_force,total_budget,0.21,0.004153688921719325,
transition1x,3,worst_decile,0.02,154,17,171,0.171,100,force_magnitude,total_budget,0.16,0.9810326235153494,
transition1x,3,worst_decile,0.02,154,17,171,0.171,100,geometry_novelty,total_budget,0.22,0.0036603885541378377,
transition1x,3,worst_decile,0.02,154,17,171,0.171,100,random,total_budget,0.171,0.171,
transition1x,3,worst_decile,0.02,154,17,171,0.171,100,reference_oracle,total_budget,1.0,0.9838011480482733,
transition1x,3,above_5mev,0.02,154,17,171,0.171,104,net_force,shared_seed,0.1346153846153846,0.0037729504222269836,0.05263157894736842
transition1x,3,above_5mev,0.02,154,17,171,0.171,104,rigid_force,shared_seed,0.125,0.0037064164868435925,0.042105263157894736
transition1x,3,above_5mev,0.02,154,17,171,0.171,104,force_magnitude,shared_seed,0.11538461538461539,0.981062541319914,0.031578947368421054
transition1x,3,above_5mev,0.02,154,17,171,0.171,104,geometry_novelty,shared_seed,0.15384615384615385,0.003637248245589314,0.07368421052631578
transition1x,3,above_5mev,0.02,154,17,171,0.171,104,trees_log,shared_seed,0.125,0.0036734387182243804,0.042105263157894736
transition1x,3,above_5mev,0.02,154,17,171,0.171,104,trees_raw,shared_seed,0.1346153846153846,0.003692488548865309,0.05263157894736842
transition1x,3,above_5mev,0.02,154,17,171,0.171,104,trees_physics,shared_seed,0.11538461538461539,0.003704592810168415,0.031578947368421054
transition1x,3,above_5mev,0.02,154,17,171,0.171,104,ridge,shared_seed,0.11538461538461539,0.0036601512380817244,0.031578947368421054
transition1x,3,above_5mev,0.02,154,17,171,0.171,104,mp_ridge,shared_seed,0.125,0.003666699965013742,0.042105263157894736
transition1x,3,above_5mev,0.02,154,17,171,0.171,104,reference_oracle,shared_seed,0.25,0.9816209231097057,0.17894736842105263
transition1x,3,above_5mev,0.02,154,17,171,0.171,104,random,shared_seed,0.10489407164939081,0.02329333355424082,0.02009456264775414
transition1x,3,above_5mev,0.02,154,17,171,0.171,104,net_force,total_budget,0.18269230769230768,0.004049809568990132,
transition1x,3,above_5mev,0.02,154,17,171,0.171,104,rigid_force,total_budget,0.21153846153846154,0.004153688921719325,
transition1x,3,above_5mev,0.02,154,17,171,0.171,104,force_magnitude,total_budget,0.15384615384615385,0.9810326235153494,
transition1x,3,above_5mev,0.02,154,17,171,0.171,104,geometry_novelty,total_budget,0.21153846153846154,0.0036603885541378377,
transition1x,3,above_5mev,0.02,154,17,171,0.171,104,random,total_budget,0.171,0.171,
transition1x,3,above_5mev,0.02,154,17,171,0.171,104,reference_oracle,total_budget,1.0,0.9838011480482733,
transition1x,3,above_10mev,0.02,154,17,171,0.171,1,net_force,shared_seed,0.0,0.0037729504222269836,0.0
transition1x,3,above_10mev,0.02,154,17,171,0.171,1,rigid_force,shared_seed,0.0,0.0037064164868435925,0.0
transition1x,3,above_10mev,0.02,154,17,171,0.171,1,force_magnitude,shared_seed,1.0,0.981062541319914,1.0
transition1x,3,above_10mev,0.02,154,17,171,0.171,1,geometry_novelty,shared_seed,0.0,0.003637248245589314,0.0
transition1x,3,above_10mev,0.02,154,17,171,0.171,1,trees_log,shared_seed,0.0,0.0036734387182243804,0.0
transition1x,3,above_10mev,0.02,154,17,171,0.171,1,trees_raw,shared_seed,0.0,0.003692488548865309,0.0
transition1x,3,above_10mev,0.02,154,17,171,0.171,1,trees_physics,shared_seed,0.0,0.003704592810168415,0.0
transition1x,3,above_10mev,0.02,154,17,171,0.171,1,ridge,shared_seed,0.0,0.0036601512380817244,0.0
transition1x,3,above_10mev,0.02,154,17,171,0.171,1,mp_ridge,shared_seed,0.0,0.003666699965013742,0.0
transition1x,3,above_10mev,0.02,154,17,171,0.171,1,reference_oracle,shared_seed,1.0,0.9816209231097057,1.0
transition1x,3,above_10mev,0.02,154,17,171,0.171,1,random,shared_seed,0.02009456264775414,0.02329333355424082,0.02009456264775414
transition1x,3,above_10mev,0.02,154,17,171,0.171,1,net_force,total_budget,0.0,0.004049809568990132,
transition1x,3,above_10mev,0.02,154,17,171,0.171,1,rigid_force,total_budget,0.0,0.004153688921719325,
transition1x,3,above_10mev,0.02,154,17,171,0.171,1,force_magnitude,total_budget,1.0,0.9810326235153494,
transition1x,3,above_10mev,0.02,154,17,171,0.171,1,geometry_novelty,total_budget,0.0,0.0036603885541378377,
transition1x,3,above_10mev,0.02,154,17,171,0.171,1,random,total_budget,0.171,0.171,
transition1x,3,above_10mev,0.02,154,17,171,0.171,1,reference_oracle,total_budget,1.0,0.9838011480482733,
transition1x,3,above_25mev,0.02,154,17,171,0.171,1,net_force,shared_seed,0.0,0.0037729504222269836,0.0
transition1x,3,above_25mev,0.02,154,17,171,0.171,1,rigid_force,shared_seed,0.0,0.0037064164868435925,0.0
transition1x,3,above_25mev,0.02,154,17,171,0.171,1,force_magnitude,shared_seed,1.0,0.981062541319914,1.0
transition1x,3,above_25mev,0.02,154,17,171,0.171,1,geometry_novelty,shared_seed,0.0,0.003637248245589314,0.0
transition1x,3,above_25mev,0.02,154,17,171,0.171,1,trees_log,shared_seed,0.0,0.0036734387182243804,0.0
transition1x,3,above_25mev,0.02,154,17,171,0.171,1,trees_raw,shared_seed,0.0,0.003692488548865309,0.0
transition1x,3,above_25mev,0.02,154,17,171,0.171,1,trees_physics,shared_seed,0.0,0.003704592810168415,0.0
transition1x,3,above_25mev,0.02,154,17,171,0.171,1,ridge,shared_seed,0.0,0.0036601512380817244,0.0
transition1x,3,above_25mev,0.02,154,17,171,0.171,1,mp_ridge,shared_seed,0.0,0.003666699965013742,0.0
transition1x,3,above_25mev,0.02,154,17,171,0.171,1,reference_oracle,shared_seed,1.0,0.9816209231097057,1.0
transition1x,3,above_25mev,0.02,154,17,171,0.171,1,random,shared_seed,0.02009456264775414,0.02329333355424082,0.02009456264775414
transition1x,3,above_25mev,0.02,154,17,171,0.171,1,net_force,total_budget,0.0,0.004049809568990132,
transition1x,3,above_25mev,0.02,154,17,171,0.171,1,rigid_force,total_budget,0.0,0.004153688921719325,
transition1x,3,above_25mev,0.02,154,17,171,0.171,1,force_magnitude,total_budget,1.0,0.9810326235153494,
transition1x,3,above_25mev,0.02,154,17,171,0.171,1,geometry_novelty,total_budget,0.0,0.0036603885541378377,
transition1x,3,above_25mev,0.02,154,17,171,0.171,1,random,total_budget,0.171,0.171,
transition1x,3,above_25mev,0.02,154,17,171,0.171,1,reference_oracle,total_budget,1.0,0.9838011480482733,
transition1x,3,worst_decile,0.05,154,43,197,0.197,100,net_force,shared_seed,0.16,0.004404490270870536,0.08695652173913043
transition1x,3,worst_decile,0.05,154,43,197,0.197,100,rigid_force,shared_seed,0.15,0.004331926105505605,0.07608695652173914
transition1x,3,worst_decile,0.05,154,43,197,0.197,100,force_magnitude,shared_seed,0.13,0.981651643931827,0.05434782608695652
transition1x,3,worst_decile,0.05,154,43,197,0.197,100,geometry_novelty,shared_seed,0.17,0.004174982790974092,0.09782608695652174
transition1x,3,worst_decile,0.05,154,43,197,0.197,100,trees_log,shared_seed,0.16,0.0042061437925607955,0.08695652173913043
transition1x,3,worst_decile,0.05,154,43,197,0.197,100,trees_raw,shared_seed,0.16,0.00423487356190415,0.08695652173913043
transition1x,3,worst_decile,0.05,154,43,197,0.197,100,trees_physics,shared_seed,0.16,0.004380885633682409,0.08695652173913043
transition1x,3,worst_decile,0.05,154,43,197,0.197,100,ridge,shared_seed,0.14,0.004345221348022437,0.06521739130434782
transition1x,3,worst_decile,0.05,154,43,197,0.197,100,mp_ridge,shared_seed,0.15,0.004347243440685809,0.07608695652173914
transition1x,3,worst_decile,0.05,154,43,197,0.197,100,reference_oracle,shared_seed,0.51,0.9826915319015773,0.4673913043478261
transition1x,3,worst_decile,0.05,154,43,197,0.197,100,random,shared_seed,0.1267612293144208,0.05392587074071818,0.0508274231678487
transition1x,3,worst_decile,0.05,154,43,197,0.197,100,net_force,total_budget,0.21,0.004695586018240465,
transition1x,3,worst_decile,0.05,154,43,197,0.197,100,rigid_force,total_budget,0.24,0.0047260055955696744,
transition1x,3,worst_decile,0.05,154,43,197,0.197,100,force_magnitude,total_budget,0.18,0.9815398883595339,
transition1x,3,worst_decile,0.05,154,43,197,0.197,100,geometry_novelty,total_budget,0.26,0.004237711528465191,
transition1x,3,worst_decile,0.05,154,43,197,0.197,100,random,total_budget,0.197,0.197,
transition1x,3,worst_decile,0.05,154,43,197,0.197,100,reference_oracle,total_budget,1.0,0.9845781624254604,
transition1x,3,above_5mev,0.05,154,43,197,0.197,104,net_force,shared_seed,0.16346153846153846,0.004404490270870536,0.08421052631578947
transition1x,3,above_5mev,0.05,154,43,197,0.197,104,rigid_force,shared_seed,0.15384615384615385,0.004331926105505605,0.07368421052631578
transition1x,3,above_5mev,0.05,154,43,197,0.197,104,force_magnitude,shared_seed,0.1346153846153846,0.981651643931827,0.05263157894736842
transition1x,3,above_5mev,0.05,154,43,197,0.197,104,geometry_novelty,shared_seed,0.17307692307692307,0.004174982790974092,0.09473684210526316
transition1x,3,above_5mev,0.05,154,43,197,0.197,104,trees_log,shared_seed,0.16346153846153846,0.0042061437925607955,0.08421052631578947
transition1x,3,above_5mev,0.05,154,43,197,0.197,104,trees_raw,shared_seed,0.16346153846153846,0.00423487356190415,0.08421052631578947
transition1x,3,above_5mev,0.05,154,43,197,0.197,104,trees_physics,shared_seed,0.16346153846153846,0.004380885633682409,0.08421052631578947
transition1x,3,above_5mev,0.05,154,43,197,0.197,104,ridge,shared_seed,0.14423076923076922,0.004345221348022437,0.06315789473684211
transition1x,3,above_5mev,0.05,154,43,197,0.197,104,mp_ridge,shared_seed,0.15384615384615385,0.004347243440685809,0.07368421052631578
transition1x,3,above_5mev,0.05,154,43,197,0.197,104,reference_oracle,shared_seed,0.5,0.9826915319015773,0.45263157894736844
transition1x,3,above_5mev,0.05,154,43,197,0.197,104,random,shared_seed,0.13296735770140025,0.05392587074071818,0.0508274231678487
transition1x,3,above_5mev,0.05,154,43,197,0.197,104,net_force,total_budget,0.22115384615384615,0.004695586018240465,
transition1x,3,above_5mev,0.05,154,43,197,0.197,104,rigid_force,total_budget,0.2403846153846154,0.0047260055955696744,
transition1x,3,above_5mev,0.05,154,43,197,0.197,104,force_magnitude,total_budget,0.17307692307692307,0.9815398883595339,
transition1x,3,above_5mev,0.05,154,43,197,0.197,104,geometry_novelty,total_budget,0.25,0.004237711528465191,
transition1x,3,above_5mev,0.05,154,43,197,0.197,104,random,total_budget,0.197,0.197,
transition1x,3,above_5mev,0.05,154,43,197,0.197,104,reference_oracle,total_budget,1.0,0.9845781624254604,
transition1x,3,above_10mev,0.05,154,43,197,0.197,1,net_force,shared_seed,0.0,0.004404490270870536,0.0
transition1x,3,above_10mev,0.05,154,43,197,0.197,1,rigid_force,shared_seed,0.0,0.004331926105505605,0.0
transition1x,3,above_10mev,0.05,154,43,197,0.197,1,force_magnitude,shared_seed,1.0,0.981651643931827,1.0
transition1x,3,above_10mev,0.05,154,43,197,0.197,1,geometry_novelty,shared_seed,0.0,0.004174982790974092,0.0
transition1x,3,above_10mev,0.05,154,43,197,0.197,1,trees_log,shared_seed,0.0,0.0042061437925607955,0.0
transition1x,3,above_10mev,0.05,154,43,197,0.197,1,trees_raw,shared_seed,0.0,0.00423487356190415,0.0
transition1x,3,above_10mev,0.05,154,43,197,0.197,1,trees_physics,shared_seed,0.0,0.004380885633682409,0.0
transition1x,3,above_10mev,0.05,154,43,197,0.197,1,ridge,shared_seed,0.0,0.004345221348022437,0.0
transition1x,3,above_10mev,0.05,154,43,197,0.197,1,mp_ridge,shared_seed,0.0,0.004347243440685809,0.0
transition1x,3,above_10mev,0.05,154,43,197,0.197,1,reference_oracle,shared_seed,1.0,0.9826915319015773,1.0
transition1x,3,above_10mev,0.05,154,43,197,0.197,1,random,shared_seed,0.0508274231678487,0.05392587074071818,0.0508274231678487
transition1x,3,above_10mev,0.05,154,43,197,0.197,1,net_force,total_budget,0.0,0.004695586018240465,
transition1x,3,above_10mev,0.05,154,43,197,0.197,1,rigid_force,total_budget,0.0,0.0047260055955696744,
transition1x,3,above_10mev,0.05,154,43,197,0.197,1,force_magnitude,total_budget,1.0,0.9815398883595339,
transition1x,3,above_10mev,0.05,154,43,197,0.197,1,geometry_novelty,total_budget,0.0,0.004237711528465191,
transition1x,3,above_10mev,0.05,154,43,197,0.197,1,random,total_budget,0.197,0.197,
transition1x,3,above_10mev,0.05,154,43,197,0.197,1,reference_oracle,total_budget,1.0,0.9845781624254604,
transition1x,3,above_25mev,0.05,154,43,197,0.197,1,net_force,shared_seed,0.0,0.004404490270870536,0.0
transition1x,3,above_25mev,0.05,154,43,197,0.197,1,rigid_force,shared_seed,0.0,0.004331926105505605,0.0
transition1x,3,above_25mev,0.05,154,43,197,0.197,1,force_magnitude,shared_seed,1.0,0.981651643931827,1.0
transition1x,3,above_25mev,0.05,154,43,197,0.197,1,geometry_novelty,shared_seed,0.0,0.004174982790974092,0.0
transition1x,3,above_25mev,0.05,154,43,197,0.197,1,trees_log,shared_seed,0.0,0.0042061437925607955,0.0
transition1x,3,above_25mev,0.05,154,43,197,0.197,1,trees_raw,shared_seed,0.0,0.00423487356190415,0.0
transition1x,3,above_25mev,0.05,154,43,197,0.197,1,trees_physics,shared_seed,0.0,0.004380885633682409,0.0
transition1x,3,above_25mev,0.05,154,43,197,0.197,1,ridge,shared_seed,0.0,0.004345221348022437,0.0
transition1x,3,above_25mev,0.05,154,43,197,0.197,1,mp_ridge,shared_seed,0.0,0.004347243440685809,0.0
transition1x,3,above_25mev,0.05,154,43,197,0.197,1,reference_oracle,shared_seed,1.0,0.9826915319015773,1.0
transition1x,3,above_25mev,0.05,154,43,197,0.197,1,random,shared_seed,0.0508274231678487,0.05392587074071818,0.0508274231678487
transition1x,3,above_25mev,0.05,154,43,197,0.197,1,net_force,total_budget,0.0,0.004695586018240465,
transition1x,3,above_25mev,0.05,154,43,197,0.197,1,rigid_force,total_budget,0.0,0.0047260055955696744,
transition1x,3,above_25mev,0.05,154,43,197,0.197,1,force_magnitude,total_budget,1.0,0.9815398883595339,
transition1x,3,above_25mev,0.05,154,43,197,0.197,1,geometry_novelty,total_budget,0.0,0.004237711528465191,
transition1x,3,above_25mev,0.05,154,43,197,0.197,1,random,total_budget,0.197,0.197,
transition1x,3,above_25mev,0.05,154,43,197,0.197,1,reference_oracle,total_budget,1.0,0.9845781624254604,
transition1x,3,worst_decile,0.1,154,85,239,0.239,100,net_force,shared_seed,0.2,0.005412278302081266,0.13043478260869565
transition1x,3,worst_decile,0.1,154,85,239,0.239,100,rigid_force,shared_seed,0.18,0.005322323445463124,0.10869565217391304
transition1x,3,worst_decile,0.1,154,85,239,0.239,100,force_magnitude,shared_seed,0.17,0.982522844174003,0.09782608695652174
transition1x,3,worst_decile,0.1,154,85,239,0.239,100,geometry_novelty,shared_seed,0.23,0.005133426904692799,0.16304347826086957
transition1x,3,worst_decile,0.1,154,85,239,0.239,100,trees_log,shared_seed,0.2,0.005241309023147818,0.13043478260869565
transition1x,3,worst_decile,0.1,154,85,239,0.239,100,trees_raw,shared_seed,0.19,0.005176142165261197,0.11956521739130435
transition1x,3,worst_decile,0.1,154,85,239,0.239,100,trees_physics,shared_seed,0.18,0.00531621170019805,0.10869565217391304
transition1x,3,worst_decile,0.1,154,85,239,0.239,100,ridge,shared_seed,0.19,0.005453396552613921,0.11956521739130435
transition1x,3,worst_decile,0.1,154,85,239,0.239,100,mp_ridge,shared_seed,0.22,0.005457564288377839,0.15217391304347827
transition1x,3,worst_decile,0.1,154,85,239,0.239,100,reference_oracle,shared_seed,0.93,0.9841864716183764,0.9239130434782609
transition1x,3,worst_decile,0.1,154,85,239,0.239,100,random,shared_seed,0.172434988179669,0.10340920004195085,0.10047281323877069
transition1x,3,worst_decile,0.1,154,85,239,0.239,100,net_force,total_budget,0.23,0.005691918868285179,
transition1x,3,worst_decile,0.1,154,85,239,0.239,100,rigid_force,total_budget,0.3,0.005822118387971512,
transition1x,3,worst_decile,0.1,154,85,239,0.239,100,force_magnitude,total_budget,0.24,0.9824891377407572,
transition1x,3,worst_decile,0.1,154,85,239,0.239,100,geometry_novelty,total_budget,0.28,0.982642615036522,
transition1x,3,worst_decile,0.1,154,85,239,0.239,100,random,total_budget,0.239,0.239,
transition1x,3,worst_decile,0.1,154,85,239,0.239,100,reference_oracle,total_budget,1.0,0.9856999682366191,
transition1x,3,above_5mev,0.1,154,85,239,0.239,104,net_force,shared_seed,0.21153846153846154,0.005412278302081266,0.1368421052631579
transition1x,3,above_5mev,0.1,154,85,239,0.239,104,rigid_force,shared_seed,0.18269230769230768,0.005322323445463124,0.10526315789473684
transition1x,3,above_5mev,0.1,154,85,239,0.239,104,force_magnitude,shared_seed,0.17307692307692307,0.982522844174003,0.09473684210526316
transition1x,3,above_5mev,0.1,154,85,239,0.239,104,geometry_novelty,shared_seed,0.23076923076923078,0.005133426904692799,0.15789473684210525
transition1x,3,above_5mev,0.1,154,85,239,0.239,104,trees_log,shared_seed,0.21153846153846154,0.005241309023147818,0.1368421052631579
transition1x,3,above_5mev,0.1,154,85,239,0.239,104,trees_raw,shared_seed,0.20192307692307693,0.005176142165261197,0.12631578947368421
transition1x,3,above_5mev,0.1,154,85,239,0.239,104,trees_physics,shared_seed,0.18269230769230768,0.00531621170019805,0.10526315789473684
transition1x,3,above_5mev,0.1,154,85,239,0.239,104,ridge,shared_seed,0.19230769230769232,0.005453396552613921,0.11578947368421053
transition1x,3,above_5mev,0.1,154,85,239,0.239,104,mp_ridge,shared_seed,0.22115384615384615,0.005457564288377839,0.14736842105263157
transition1x,3,above_5mev,0.1,154,85,239,0.239,104,reference_oracle,shared_seed,0.9038461538461539,0.9841864716183764,0.8947368421052632
transition1x,3,above_5mev,0.1,154,85,239,0.239,104,random,shared_seed,0.17831651209310787,0.10340920004195085,0.10047281323877069
transition1x,3,above_5mev,0.1,154,85,239,0.239,104,net_force,total_budget,0.2403846153846154,0.005691918868285179,
transition1x,3,above_5mev,0.1,154,85,239,0.239,104,rigid_force,total_budget,0.2980769230769231,0.005822118387971512,
transition1x,3,above_5mev,0.1,154,85,239,0.239,104,force_magnitude,total_budget,0.23076923076923078,0.9824891377407572,
transition1x,3,above_5mev,0.1,154,85,239,0.239,104,geometry_novelty,total_budget,0.2692307692307692,0.982642615036522,
transition1x,3,above_5mev,0.1,154,85,239,0.239,104,random,total_budget,0.239,0.239,
transition1x,3,above_5mev,0.1,154,85,239,0.239,104,reference_oracle,total_budget,1.0,0.9856999682366191,
transition1x,3,above_10mev,0.1,154,85,239,0.239,1,net_force,shared_seed,0.0,0.005412278302081266,0.0
transition1x,3,above_10mev,0.1,154,85,239,0.239,1,rigid_force,shared_seed,0.0,0.005322323445463124,0.0
transition1x,3,above_10mev,0.1,154,85,239,0.239,1,force_magnitude,shared_seed,1.0,0.982522844174003,1.0
transition1x,3,above_10mev,0.1,154,85,239,0.239,1,geometry_novelty,shared_seed,0.0,0.005133426904692799,0.0
transition1x,3,above_10mev,0.1,154,85,239,0.239,1,trees_log,shared_seed,0.0,0.005241309023147818,0.0
transition1x,3,above_10mev,0.1,154,85,239,0.239,1,trees_raw,shared_seed,0.0,0.005176142165261197,0.0
transition1x,3,above_10mev,0.1,154,85,239,0.239,1,trees_physics,shared_seed,0.0,0.00531621170019805,0.0
transition1x,3,above_10mev,0.1,154,85,239,0.239,1,ridge,shared_seed,0.0,0.005453396552613921,0.0
transition1x,3,above_10mev,0.1,154,85,239,0.239,1,mp_ridge,shared_seed,0.0,0.005457564288377839,0.0
transition1x,3,above_10mev,0.1,154,85,239,0.239,1,reference_oracle,shared_seed,1.0,0.9841864716183764,1.0
transition1x,3,above_10mev,0.1,154,85,239,0.239,1,random,shared_seed,0.10047281323877069,0.10340920004195085,0.10047281323877069
transition1x,3,above_10mev,0.1,154,85,239,0.239,1,net_force,total_budget,0.0,0.005691918868285179,
transition1x,3,above_10mev,0.1,154,85,239,0.239,1,rigid_force,total_budget,0.0,0.005822118387971512,
transition1x,3,above_10mev,0.1,154,85,239,0.239,1,force_magnitude,total_budget,1.0,0.9824891377407572,
transition1x,3,above_10mev,0.1,154,85,239,0.239,1,geometry_novelty,total_budget,1.0,0.982642615036522,
transition1x,3,above_10mev,0.1,154,85,239,0.239,1,random,total_budget,0.239,0.239,
transition1x,3,above_10mev,0.1,154,85,239,0.239,1,reference_oracle,total_budget,1.0,0.9856999682366191,
transition1x,3,above_25mev,0.1,154,85,239,0.239,1,net_force,shared_seed,0.0,0.005412278302081266,0.0
transition1x,3,above_25mev,0.1,154,85,239,0.239,1,rigid_force,shared_seed,0.0,0.005322323445463124,0.0
transition1x,3,above_25mev,0.1,154,85,239,0.239,1,force_magnitude,shared_seed,1.0,0.982522844174003,1.0
transition1x,3,above_25mev,0.1,154,85,239,0.239,1,geometry_novelty,shared_seed,0.0,0.005133426904692799,0.0
transition1x,3,above_25mev,0.1,154,85,239,0.239,1,trees_log,shared_seed,0.0,0.005241309023147818,0.0
transition1x,3,above_25mev,0.1,154,85,239,0.239,1,trees_raw,shared_seed,0.0,0.005176142165261197,0.0
transition1x,3,above_25mev,0.1,154,85,239,0.239,1,trees_physics,shared_seed,0.0,0.00531621170019805,0.0
transition1x,3,above_25mev,0.1,154,85,239,0.239,1,ridge,shared_seed,0.0,0.005453396552613921,0.0
transition1x,3,above_25mev,0.1,154,85,239,0.239,1,mp_ridge,shared_seed,0.0,0.005457564288377839,0.0
transition1x,3,above_25mev,0.1,154,85,239,0.239,1,reference_oracle,shared_seed,1.0,0.9841864716183764,1.0
transition1x,3,above_25mev,0.1,154,85,239,0.239,1,random,shared_seed,0.10047281323877069,0.10340920004195085,0.10047281323877069
transition1x,3,above_25mev,0.1,154,85,239,0.239,1,net_force,total_budget,0.0,0.005691918868285179,
transition1x,3,above_25mev,0.1,154,85,239,0.239,1,rigid_force,total_budget,0.0,0.005822118387971512,
transition1x,3,above_25mev,0.1,154,85,239,0.239,1,force_magnitude,total_budget,1.0,0.9824891377407572,
transition1x,3,above_25mev,0.1,154,85,239,0.239,1,geometry_novelty,total_budget,1.0,0.982642615036522,
transition1x,3,above_25mev,0.1,154,85,239,0.239,1,random,total_budget,0.239,0.239,
transition1x,3,above_25mev,0.1,154,85,239,0.239,1,reference_oracle,total_budget,1.0,0.9856999682366191,
transition1x,3,worst_decile,0.2,154,170,324,0.324,100,net_force,shared_seed,0.29,0.007423324526131478,0.22826086956521738
transition1x,3,worst_decile,0.2,154,170,324,0.324,100,rigid_force,shared_seed,0.32,0.007415556819630302,0.2608695652173913
transition1x,3,worst_decile,0.2,154,170,324,0.324,100,force_magnitude,shared_seed,0.26,0.9842756745722561,0.1956521739130435
transition1x,3,worst_decile,0.2,154,170,324,0.324,100,geometry_novelty,shared_seed,0.34,0.00699369734950729,0.2826086956521739
transition1x,3,worst_decile,0.2,154,170,324,0.324,100,trees_log,shared_seed,0.34,0.007237748823303776,0.2826086956521739
transition1x,3,worst_decile,0.2,154,170,324,0.324,100,trees_raw,shared_seed,0.35,0.007276076119379747,0.29347826086956524
transition1x,3,worst_decile,0.2,154,170,324,0.324,100,trees_physics,shared_seed,0.27,0.007281667162330777,0.20652173913043478
transition1x,3,worst_decile,0.2,154,170,324,0.324,100,ridge,shared_seed,0.31,0.007633964107154644,0.25
transition1x,3,worst_decile,0.2,154,170,324,0.324,100,mp_ridge,shared_seed,0.32,0.007500986829671464,0.2608695652173913
transition1x,3,worst_decile,0.2,154,170,324,0.324,100,reference_oracle,shared_seed,1.0,0.986942252697198,1.0
transition1x,3,worst_decile,0.2,154,170,324,0.324,100,random,shared_seed,0.26486997635933807,0.20355403315158838,0.20094562647754138
transition1x,3,worst_decile,0.2,154,170,324,0.324,100,net_force,total_budget,0.32,0.007684894884101039,
transition1x,3,worst_decile,0.2,154,170,324,0.324,100,rigid_force,total_budget,0.34,0.007711806607195543,
transition1x,3,worst_decile,0.2,154,170,324,0.324,100,force_magnitude,total_budget,0.35,0.9845061953956405,
transition1x,3,worst_decile,0.2,154,170,324,0.324,100,geometry_novelty,total_budget,0.39,0.9844691780649568,
transition1x,3,worst_decile,0.2,154,170,324,0.324,100,random,total_budget,0.324,0.324,
transition1x,3,worst_decile,0.2,154,170,324,0.324,100,reference_oracle,total_budget,1.0,0.9879407209141752,
transition1x,3,above_5mev,0.2,154,170,324,0.324,104,net_force,shared_seed,0.3076923076923077,0.007423324526131478,0.24210526315789474
transition1x,3,above_5mev,0.2,154,170,324,0.324,104,rigid_force,shared_seed,0.3269230769230769,0.007415556819630302,0.2631578947368421
transition1x,3,above_5mev,0.2,154,170,324,0.324,104,force_magnitude,shared_seed,0.25961538461538464,0.9842756745722561,0.18947368421052632
transition1x,3,above_5mev,0.2,154,170,324,0.324,104,geometry_novelty,shared_seed,0.33653846153846156,0.00699369734950729,0.2736842105263158
transition1x,3,above_5mev,0.2,154,170,324,0.324,104,trees_log,shared_seed,0.34615384615384615,0.007237748823303776,0.28421052631578947
transition1x,3,above_5mev,0.2,154,170,324,0.324,104,trees_raw,shared_seed,0.3557692307692308,0.007276076119379747,0.29473684210526313
transition1x,3,above_5mev,0.2,154,170,324,0.324,104,trees_physics,shared_seed,0.27884615384615385,0.007281667162330777,0.21052631578947367
transition1x,3,above_5mev,0.2,154,170,324,0.324,104,ridge,shared_seed,0.3173076923076923,0.007633964107154644,0.25263157894736843
transition1x,3,above_5mev,0.2,154,170,324,0.324,104,mp_ridge,shared_seed,0.3269230769230769,0.007500986829671464,0.2631578947368421
transition1x,3,above_5mev,0.2,154,170,324,0.324,104,reference_oracle,shared_seed,1.0,0.986942252697198,1.0
transition1x,3,above_5mev,0.2,154,170,324,0.324,104,random,shared_seed,0.2700945626477541,0.20355403315158838,0.20094562647754138
transition1x,3,above_5mev,0.2,154,170,324,0.324,104,net_force,total_budget,0.33653846153846156,0.007684894884101039,
transition1x,3,above_5mev,0.2,154,170,324,0.324,104,rigid_force,total_budget,0.33653846153846156,0.007711806607195543,
transition1x,3,above_5mev,0.2,154,170,324,0.324,104,force_magnitude,total_budget,0.34615384615384615,0.9845061953956405,
transition1x,3,above_5mev,0.2,154,170,324,0.324,104,geometry_novelty,total_budget,0.38461538461538464,0.9844691780649568,
transition1x,3,above_5mev,0.2,154,170,324,0.324,104,random,total_budget,0.324,0.324,
transition1x,3,above_5mev,0.2,154,170,324,0.324,104,reference_oracle,total_budget,1.0,0.9879407209141752,
transition1x,3,above_10mev,0.2,154,170,324,0.324,1,net_force,shared_seed,0.0,0.007423324526131478,0.0
transition1x,3,above_10mev,0.2,154,170,324,0.324,1,rigid_force,shared_seed,0.0,0.007415556819630302,0.0
transition1x,3,above_10mev,0.2,154,170,324,0.324,1,force_magnitude,shared_seed,1.0,0.9842756745722561,1.0
transition1x,3,above_10mev,0.2,154,170,324,0.324,1,geometry_novelty,shared_seed,0.0,0.00699369734950729,0.0
transition1x,3,above_10mev,0.2,154,170,324,0.324,1,trees_log,shared_seed,0.0,0.007237748823303776,0.0
transition1x,3,above_10mev,0.2,154,170,324,0.324,1,trees_raw,shared_seed,0.0,0.007276076119379747,0.0
transition1x,3,above_10mev,0.2,154,170,324,0.324,1,trees_physics,shared_seed,0.0,0.007281667162330777,0.0
transition1x,3,above_10mev,0.2,154,170,324,0.324,1,ridge,shared_seed,0.0,0.007633964107154644,0.0
transition1x,3,above_10mev,0.2,154,170,324,0.324,1,mp_ridge,shared_seed,0.0,0.007500986829671464,0.0
transition1x,3,above_10mev,0.2,154,170,324,0.324,1,reference_oracle,shared_seed,1.0,0.986942252697198,1.0
transition1x,3,above_10mev,0.2,154,170,324,0.324,1,random,shared_seed,0.20094562647754138,0.20355403315158838,0.20094562647754138
transition1x,3,above_10mev,0.2,154,170,324,0.324,1,net_force,total_budget,0.0,0.007684894884101039,
transition1x,3,above_10mev,0.2,154,170,324,0.324,1,rigid_force,total_budget,0.0,0.007711806607195543,
transition1x,3,above_10mev,0.2,154,170,324,0.324,1,force_magnitude,total_budget,1.0,0.9845061953956405,
transition1x,3,above_10mev,0.2,154,170,324,0.324,1,geometry_novelty,total_budget,1.0,0.9844691780649568,
transition1x,3,above_10mev,0.2,154,170,324,0.324,1,random,total_budget,0.324,0.324,
transition1x,3,above_10mev,0.2,154,170,324,0.324,1,reference_oracle,total_budget,1.0,0.9879407209141752,
transition1x,3,above_25mev,0.2,154,170,324,0.324,1,net_force,shared_seed,0.0,0.007423324526131478,0.0
transition1x,3,above_25mev,0.2,154,170,324,0.324,1,rigid_force,shared_seed,0.0,0.007415556819630302,0.0
transition1x,3,above_25mev,0.2,154,170,324,0.324,1,force_magnitude,shared_seed,1.0,0.9842756745722561,1.0
transition1x,3,above_25mev,0.2,154,170,324,0.324,1,geometry_novelty,shared_seed,0.0,0.00699369734950729,0.0
transition1x,3,above_25mev,0.2,154,170,324,0.324,1,trees_log,shared_seed,0.0,0.007237748823303776,0.0
transition1x,3,above_25mev,0.2,154,170,324,0.324,1,trees_raw,shared_seed,0.0,0.007276076119379747,0.0
transition1x,3,above_25mev,0.2,154,170,324,0.324,1,trees_physics,shared_seed,0.0,0.007281667162330777,0.0
transition1x,3,above_25mev,0.2,154,170,324,0.324,1,ridge,shared_seed,0.0,0.007633964107154644,0.0
transition1x,3,above_25mev,0.2,154,170,324,0.324,1,mp_ridge,shared_seed,0.0,0.007500986829671464,0.0
transition1x,3,above_25mev,0.2,154,170,324,0.324,1,reference_oracle,shared_seed,1.0,0.986942252697198,1.0
transition1x,3,above_25mev,0.2,154,170,324,0.324,1,random,shared_seed,0.20094562647754138,0.20355403315158838,0.20094562647754138
transition1x,3,above_25mev,0.2,154,170,324,0.324,1,net_force,total_budget,0.0,0.007684894884101039,
transition1x,3,above_25mev,0.2,154,170,324,0.324,1,rigid_force,total_budget,0.0,0.007711806607195543,
transition1x,3,above_25mev,0.2,154,170,324,0.324,1,force_magnitude,total_budget,1.0,0.9845061953956405,
transition1x,3,above_25mev,0.2,154,170,324,0.324,1,geometry_novelty,total_budget,1.0,0.9844691780649568,
transition1x,3,above_25mev,0.2,154,170,324,0.324,1,random,total_budget,0.324,0.324,
transition1x,3,above_25mev,0.2,154,170,324,0.324,1,reference_oracle,total_budget,1.0,0.9879407209141752,
transition1x,3,worst_decile,0.3,154,254,408,0.408,100,net_force,shared_seed,0.35,0.009343068762258497,0.29347826086956524
transition1x,3,worst_decile,0.3,154,254,408,0.408,100,rigid_force,shared_seed,0.38,0.009418286488431902,0.32608695652173914
transition1x,3,worst_decile,0.3,154,254,408,0.408,100,force_magnitude,shared_seed,0.38,0.9862330682912789,0.32608695652173914
transition1x,3,worst_decile,0.3,154,254,408,0.408,100,geometry_novelty,shared_seed,0.42,0.9861955732834894,0.3695652173913043
transition1x,3,worst_decile,0.3,154,254,408,0.408,100,trees_log,shared_seed,0.44,0.009373757262962404,0.391304347826087
transition1x,3,worst_decile,0.3,154,254,408,0.408,100,trees_raw,shared_seed,0.44,0.009328040149488322,0.391304347826087
transition1x,3,worst_decile,0.3,154,254,408,0.408,100,trees_physics,shared_seed,0.38,0.00918582278739612,0.32608695652173914
transition1x,3,worst_decile,0.3,154,254,408,0.408,100,ridge,shared_seed,0.38,0.9869683572753587,0.32608695652173914
transition1x,3,worst_decile,0.3,154,254,408,0.408,100,mp_ridge,shared_seed,0.46,0.009739627992687176,0.41304347826086957
transition1x,3,worst_decile,0.3,154,254,408,0.408,100,reference_oracle,shared_seed,1.0,0.9892612601404651,1.0
transition1x,3,worst_decile,0.3,154,254,408,0.408,100,random,shared_seed,0.3562174940898345,0.3025206917540537,0.30023640661938533
transition1x,3,worst_decile,0.3,154,254,408,0.408,100,net_force,total_budget,0.4,0.009667575078245932,
transition1x,3,worst_decile,0.3,154,254,408,0.408,100,rigid_force,total_budget,0.41,0.009699005803255265,
transition1x,3,worst_decile,0.3,154,254,408,0.408,100,force_magnitude,total_budget,0.45,0.9864585425718875,
transition1x,3,worst_decile,0.3,154,254,408,0.408,100,geometry_novelty,total_budget,0.51,0.9863223455754396,
transition1x,3,worst_decile,0.3,154,254,408,0.408,100,random,total_budget,0.408,0.408,
transition1x,3,worst_decile,0.3,154,254,408,0.408,100,reference_oracle,total_budget,1.0,0.9900586417416298,
transition1x,3,above_5mev,0.3,154,254,408,0.408,104,net_force,shared_seed,0.375,0.009343068762258497,0.3157894736842105
transition1x,3,above_5mev,0.3,154,254,408,0.408,104,rigid_force,shared_seed,0.38461538461538464,0.009418286488431902,0.3263157894736842
transition1x,3,above_5mev,0.3,154,254,408,0.408,104,force_magnitude,shared_seed,0.38461538461538464,0.9862330682912789,0.3263157894736842
transition1x,3,above_5mev,0.3,154,254,408,0.408,104,geometry_novelty,shared_seed,0.4230769230769231,0.9861955732834894,0.3684210526315789
transition1x,3,above_5mev,0.3,154,254,408,0.408,104,trees_log,shared_seed,0.4423076923076923,0.009373757262962404,0.3894736842105263
transition1x,3,above_5mev,0.3,154,254,408,0.408,104,trees_raw,shared_seed,0.4423076923076923,0.009328040149488322,0.3894736842105263
transition1x,3,above_5mev,0.3,154,254,408,0.408,104,trees_physics,shared_seed,0.3942307692307692,0.00918582278739612,0.3368421052631579
transition1x,3,above_5mev,0.3,154,254,408,0.408,104,ridge,shared_seed,0.38461538461538464,0.9869683572753587,0.3263157894736842
transition1x,3,above_5mev,0.3,154,254,408,0.408,104,mp_ridge,shared_seed,0.46153846153846156,0.009739627992687176,0.4105263157894737
transition1x,3,above_5mev,0.3,154,254,408,0.408,104,reference_oracle,shared_seed,1.0,0.9892612601404651,1.0
transition1x,3,above_5mev,0.3,154,254,408,0.408,104,random,shared_seed,0.3607928714311693,0.3025206917540537,0.30023640661938533
transition1x,3,above_5mev,0.3,154,254,408,0.408,104,net_force,total_budget,0.41346153846153844,0.009667575078245932,
transition1x,3,above_5mev,0.3,154,254,408,0.408,104,rigid_force,total_budget,0.41346153846153844,0.009699005803255265,
transition1x,3,above_5mev,0.3,154,254,408,0.408,104,force_magnitude,total_budget,0.4423076923076923,0.9864585425718875,
transition1x,3,above_5mev,0.3,154,254,408,0.408,104,geometry_novelty,total_budget,0.5,0.9863223455754396,
transition1x,3,above_5mev,0.3,154,254,408,0.408,104,random,total_budget,0.408,0.408,
transition1x,3,above_5mev,0.3,154,254,408,0.408,104,reference_oracle,total_budget,1.0,0.9900586417416298,
transition1x,3,above_10mev,0.3,154,254,408,0.408,1,net_force,shared_seed,0.0,0.009343068762258497,0.0
transition1x,3,above_10mev,0.3,154,254,408,0.408,1,rigid_force,shared_seed,0.0,0.009418286488431902,0.0
transition1x,3,above_10mev,0.3,154,254,408,0.408,1,force_magnitude,shared_seed,1.0,0.9862330682912789,1.0
transition1x,3,above_10mev,0.3,154,254,408,0.408,1,geometry_novelty,shared_seed,1.0,0.9861955732834894,1.0
transition1x,3,above_10mev,0.3,154,254,408,0.408,1,trees_log,shared_seed,0.0,0.009373757262962404,0.0
transition1x,3,above_10mev,0.3,154,254,408,0.408,1,trees_raw,shared_seed,0.0,0.009328040149488322,0.0
transition1x,3,above_10mev,0.3,154,254,408,0.408,1,trees_physics,shared_seed,0.0,0.00918582278739612,0.0
transition1x,3,above_10mev,0.3,154,254,408,0.408,1,ridge,shared_seed,1.0,0.9869683572753587,1.0
transition1x,3,above_10mev,0.3,154,254,408,0.408,1,mp_ridge,shared_seed,0.0,0.009739627992687176,0.0
transition1x,3,above_10mev,0.3,154,254,408,0.408,1,reference_oracle,shared_seed,1.0,0.9892612601404651,1.0
transition1x,3,above_10mev,0.3,154,254,408,0.408,1,random,shared_seed,0.30023640661938533,0.3025206917540537,0.30023640661938533
transition1x,3,above_10mev,0.3,154,254,408,0.408,1,net_force,total_budget,0.0,0.009667575078245932,
transition1x,3,above_10mev,0.3,154,254,408,0.408,1,rigid_force,total_budget,0.0,0.009699005803255265,
transition1x,3,above_10mev,0.3,154,254,408,0.408,1,force_magnitude,total_budget,1.0,0.9864585425718875,
transition1x,3,above_10mev,0.3,154,254,408,0.408,1,geometry_novelty,total_budget,1.0,0.9863223455754396,
transition1x,3,above_10mev,0.3,154,254,408,0.408,1,random,total_budget,0.408,0.408,
transition1x,3,above_10mev,0.3,154,254,408,0.408,1,reference_oracle,total_budget,1.0,0.9900586417416298,
transition1x,3,above_25mev,0.3,154,254,408,0.408,1,net_force,shared_seed,0.0,0.009343068762258497,0.0
transition1x,3,above_25mev,0.3,154,254,408,0.408,1,rigid_force,shared_seed,0.0,0.009418286488431902,0.0
transition1x,3,above_25mev,0.3,154,254,408,0.408,1,force_magnitude,shared_seed,1.0,0.9862330682912789,1.0
transition1x,3,above_25mev,0.3,154,254,408,0.408,1,geometry_novelty,shared_seed,1.0,0.9861955732834894,1.0
transition1x,3,above_25mev,0.3,154,254,408,0.408,1,trees_log,shared_seed,0.0,0.009373757262962404,0.0
transition1x,3,above_25mev,0.3,154,254,408,0.408,1,trees_raw,shared_seed,0.0,0.009328040149488322,0.0
transition1x,3,above_25mev,0.3,154,254,408,0.408,1,trees_physics,shared_seed,0.0,0.00918582278739612,0.0
transition1x,3,above_25mev,0.3,154,254,408,0.408,1,ridge,shared_seed,1.0,0.9869683572753587,1.0
transition1x,3,above_25mev,0.3,154,254,408,0.408,1,mp_ridge,shared_seed,0.0,0.009739627992687176,0.0
transition1x,3,above_25mev,0.3,154,254,408,0.408,1,reference_oracle,shared_seed,1.0,0.9892612601404651,1.0
transition1x,3,above_25mev,0.3,154,254,408,0.408,1,random,shared_seed,0.30023640661938533,0.3025206917540537,0.30023640661938533
transition1x,3,above_25mev,0.3,154,254,408,0.408,1,net_force,total_budget,0.0,0.009667575078245932,
transition1x,3,above_25mev,0.3,154,254,408,0.408,1,rigid_force,total_budget,0.0,0.009699005803255265,
transition1x,3,above_25mev,0.3,154,254,408,0.408,1,force_magnitude,total_budget,1.0,0.9864585425718875,
transition1x,3,above_25mev,0.3,154,254,408,0.408,1,geometry_novelty,total_budget,1.0,0.9863223455754396,
transition1x,3,above_25mev,0.3,154,254,408,0.408,1,random,total_budget,0.408,0.408,
transition1x,3,above_25mev,0.3,154,254,408,0.408,1,reference_oracle,total_budget,1.0,0.9900586417416298,
transition1x,3,worst_decile,0.5,154,423,577,0.577,100,net_force,shared_seed,0.54,0.01322029576404909,0.5
transition1x,3,worst_decile,0.5,154,423,577,0.577,100,rigid_force,shared_seed,0.53,0.013229965345640145,0.4891304347826087
transition1x,3,worst_decile,0.5,154,423,577,0.577,100,force_magnitude,shared_seed,0.57,0.990063965961941,0.532608695652174
transition1x,3,worst_decile,0.5,154,423,577,0.577,100,geometry_novelty,shared_seed,0.6,0.9900163407162648,0.5652173913043478
transition1x,3,worst_decile,0.5,154,423,577,0.577,100,trees_log,shared_seed,0.65,0.013324191403403882,0.6195652173913043
transition1x,3,worst_decile,0.5,154,423,577,0.577,100,trees_raw,shared_seed,0.64,0.013291854557500423,0.6086956521739131
transition1x,3,worst_decile,0.5,154,423,577,0.577,100,trees_physics,shared_seed,0.57,0.01339517213670447,0.532608695652174
transition1x,3,worst_decile,0.5,154,423,577,0.577,100,ridge,shared_seed,0.64,0.9911174214782065,0.6086956521739131
transition1x,3,worst_decile,0.5,154,423,577,0.577,100,mp_ridge,shared_seed,0.65,0.9911050150508052,0.6195652173913043
transition1x,3,worst_decile,0.5,154,423,577,0.577,100,reference_oracle,shared_seed,1.0,0.9932957855860729,1.0
transition1x,3,worst_decile,0.5,154,423,577,0.577,100,random,shared_seed,0.54,0.5016321834661566,0.5
transition1x,3,worst_decile,0.5,154,423,577,0.577,100,net_force,total_budget,0.58,0.013405736210662147,
transition1x,3,worst_decile,0.5,154,423,577,0.577,100,rigid_force,total_budget,0.58,0.01343051499218163,
transition1x,3,worst_decile,0.5,154,423,577,0.577,100,force_magnitude,total_budget,0.68,0.9902352298462047,
transition1x,3,worst_decile,0.5,154,423,577,0.577,100,geometry_novelty,total_budget,0.62,0.9901662709224671,
transition1x,3,worst_decile,0.5,154,423,577,0.577,100,random,total_budget,0.577,0.577,
transition1x,3,worst_decile,0.5,154,423,577,0.577,100,reference_oracle,total_budget,1.0,0.9936711762660084,
transition1x,3,above_5mev,0.5,154,423,577,0.577,104,net_force,shared_seed,0.5576923076923077,0.01322029576404909,0.5157894736842106
transition1x,3,above_5mev,0.5,154,423,577,0.577,104,rigid_force,shared_seed,0.5384615384615384,0.013229965345640145,0.49473684210526314
transition1x,3,above_5mev,0.5,154,423,577,0.577,104,force_magnitude,shared_seed,0.5673076923076923,0.990063965961941,0.5263157894736842
transition1x,3,above_5mev,0.5,154,423,577,0.577,104,geometry_novelty,shared_seed,0.5961538461538461,0.9900163407162648,0.5578947368421052
transition1x,3,above_5mev,0.5,154,423,577,0.577,104,trees_log,shared_seed,0.6442307692307693,0.013324191403403882,0.6105263157894737
transition1x,3,above_5mev,0.5,154,423,577,0.577,104,trees_raw,shared_seed,0.6442307692307693,0.013291854557500423,0.6105263157894737
transition1x,3,above_5mev,0.5,154,423,577,0.577,104,trees_physics,shared_seed,0.5865384615384616,0.01339517213670447,0.5473684210526316
transition1x,3,above_5mev,0.5,154,423,577,0.577,104,ridge,shared_seed,0.6442307692307693,0.9911174214782065,0.6105263157894737
transition1x,3,above_5mev,0.5,154,423,577,0.577,104,mp_ridge,shared_seed,0.6442307692307693,0.9911050150508052,0.6105263157894737
transition1x,3,above_5mev,0.5,154,423,577,0.577,104,reference_oracle,shared_seed,1.0,0.9932957855860729,1.0
transition1x,3,above_5mev,0.5,154,423,577,0.577,104,random,shared_seed,0.5432692307692307,0.5016321834661566,0.5
transition1x,3,above_5mev,0.5,154,423,577,0.577,104,net_force,total_budget,0.5961538461538461,0.013405736210662147,
transition1x,3,above_5mev,0.5,154,423,577,0.577,104,rigid_force,total_budget,0.5865384615384616,0.01343051499218163,
transition1x,3,above_5mev,0.5,154,423,577,0.577,104,force_magnitude,total_budget,0.6634615384615384,0.9902352298462047,
transition1x,3,above_5mev,0.5,154,423,577,0.577,104,geometry_novelty,total_budget,0.625,0.9901662709224671,
transition1x,3,above_5mev,0.5,154,423,577,0.577,104,random,total_budget,0.577,0.577,
transition1x,3,above_5mev,0.5,154,423,577,0.577,104,reference_oracle,total_budget,1.0,0.9936711762660084,
transition1x,3,above_10mev,0.5,154,423,577,0.577,1,net_force,shared_seed,0.0,0.01322029576404909,0.0
transition1x,3,above_10mev,0.5,154,423,577,0.577,1,rigid_force,shared_seed,0.0,0.013229965345640145,0.0
transition1x,3,above_10mev,0.5,154,423,577,0.577,1,force_magnitude,shared_seed,1.0,0.990063965961941,1.0
transition1x,3,above_10mev,0.5,154,423,577,0.577,1,geometry_novelty,shared_seed,1.0,0.9900163407162648,1.0
transition1x,3,above_10mev,0.5,154,423,577,0.577,1,trees_log,shared_seed,0.0,0.013324191403403882,0.0
transition1x,3,above_10mev,0.5,154,423,577,0.577,1,trees_raw,shared_seed,0.0,0.013291854557500423,0.0
transition1x,3,above_10mev,0.5,154,423,577,0.577,1,trees_physics,shared_seed,0.0,0.01339517213670447,0.0
transition1x,3,above_10mev,0.5,154,423,577,0.577,1,ridge,shared_seed,1.0,0.9911174214782065,1.0
transition1x,3,above_10mev,0.5,154,423,577,0.577,1,mp_ridge,shared_seed,1.0,0.9911050150508052,1.0
transition1x,3,above_10mev,0.5,154,423,577,0.577,1,reference_oracle,shared_seed,1.0,0.9932957855860729,1.0
transition1x,3,above_10mev,0.5,154,423,577,0.577,1,random,shared_seed,0.5,0.5016321834661566,0.5
transition1x,3,above_10mev,0.5,154,423,577,0.577,1,net_force,total_budget,0.0,0.013405736210662147,
transition1x,3,above_10mev,0.5,154,423,577,0.577,1,rigid_force,total_budget,0.0,0.01343051499218163,
transition1x,3,above_10mev,0.5,154,423,577,0.577,1,force_magnitude,total_budget,1.0,0.9902352298462047,
transition1x,3,above_10mev,0.5,154,423,577,0.577,1,geometry_novelty,total_budget,1.0,0.9901662709224671,
transition1x,3,above_10mev,0.5,154,423,577,0.577,1,random,total_budget,0.577,0.577,
transition1x,3,above_10mev,0.5,154,423,577,0.577,1,reference_oracle,total_budget,1.0,0.9936711762660084,
transition1x,3,above_25mev,0.5,154,423,577,0.577,1,net_force,shared_seed,0.0,0.01322029576404909,0.0
transition1x,3,above_25mev,0.5,154,423,577,0.577,1,rigid_force,shared_seed,0.0,0.013229965345640145,0.0
transition1x,3,above_25mev,0.5,154,423,577,0.577,1,force_magnitude,shared_seed,1.0,0.990063965961941,1.0
transition1x,3,above_25mev,0.5,154,423,577,0.577,1,geometry_novelty,shared_seed,1.0,0.9900163407162648,1.0
transition1x,3,above_25mev,0.5,154,423,577,0.577,1,trees_log,shared_seed,0.0,0.013324191403403882,0.0
transition1x,3,above_25mev,0.5,154,423,577,0.577,1,trees_raw,shared_seed,0.0,0.013291854557500423,0.0
transition1x,3,above_25mev,0.5,154,423,577,0.577,1,trees_physics,shared_seed,0.0,0.01339517213670447,0.0
transition1x,3,above_25mev,0.5,154,423,577,0.577,1,ridge,shared_seed,1.0,0.9911174214782065,1.0
transition1x,3,above_25mev,0.5,154,423,577,0.577,1,mp_ridge,shared_seed,1.0,0.9911050150508052,1.0
transition1x,3,above_25mev,0.5,154,423,577,0.577,1,reference_oracle,shared_seed,1.0,0.9932957855860729,1.0
transition1x,3,above_25mev,0.5,154,423,577,0.577,1,random,shared_seed,0.5,0.5016321834661566,0.5
transition1x,3,above_25mev,0.5,154,423,577,0.577,1,net_force,total_budget,0.0,0.013405736210662147,
transition1x,3,above_25mev,0.5,154,423,577,0.577,1,rigid_force,total_budget,0.0,0.01343051499218163,
transition1x,3,above_25mev,0.5,154,423,577,0.577,1,force_magnitude,total_budget,1.0,0.9902352298462047,
transition1x,3,above_25mev,0.5,154,423,577,0.577,1,geometry_novelty,total_budget,1.0,0.9901662709224671,
transition1x,3,above_25mev,0.5,154,423,577,0.577,1,random,total_budget,0.577,0.577,
transition1x,3,above_25mev,0.5,154,423,577,0.577,1,reference_oracle,total_budget,1.0,0.9936711762660084,
transition1x,4,worst_decile,0.01,276,8,284,0.284,100,net_force,shared_seed,0.27,0.006609402276876207,0.013513513513513514
transition1x,4,worst_decile,0.01,276,8,284,0.284,100,rigid_force,shared_seed,0.28,0.006599207849537952,0.02702702702702703
transition1x,4,worst_decile,0.01,276,8,284,0.284,100,force_magnitude,shared_seed,0.28,0.9840416510029689,0.02702702702702703
transition1x,4,worst_decile,0.01,276,8,284,0.284,100,geometry_novelty,shared_seed,0.29,0.006559396516603823,0.04054054054054054
transition1x,4,worst_decile,0.01,276,8,284,0.284,100,trees_log,shared_seed,0.3,0.006659307470551905,0.05405405405405406
transition1x,4,worst_decile,0.01,276,8,284,0.284,100,trees_raw,shared_seed,0.29,0.0066336667166104184,0.04054054054054054
transition1x,4,worst_decile,0.01,276,8,284,0.284,100,trees_physics,shared_seed,0.29,0.006609382921902549,0.04054054054054054
transition1x,4,worst_decile,0.01,276,8,284,0.284,100,ridge,shared_seed,0.28,0.006588998310653411,0.02702702702702703
transition1x,4,worst_decile,0.01,276,8,284,0.284,100,mp_ridge,shared_seed,0.28,0.006588998310653411,0.02702702702702703
transition1x,4,worst_decile,0.01,276,8,284,0.284,100,reference_oracle,shared_seed,0.34,0.9842638992154746,0.10810810810810811
transition1x,4,worst_decile,0.01,276,8,284,0.284,100,random,shared_seed,0.2681767955801105,0.017386824203905398,0.011049723756906077
transition1x,4,worst_decile,0.01,276,8,284,0.284,100,net_force,total_budget,0.28,0.006684103140105772,
transition1x,4,worst_decile,0.01,276,8,284,0.284,100,rigid_force,total_budget,0.32,0.00684125518861473,
transition1x,4,worst_decile,0.01,276,8,284,0.284,100,force_magnitude,total_budget,0.32,0.9835750966726599,
transition1x,4,worst_decile,0.01,276,8,284,0.284,100,geometry_novelty,total_budget,0.34,0.9835215349315792,
transition1x,4,worst_decile,0.01,276,8,284,0.284,100,random,total_budget,0.284,0.284,
transition1x,4,worst_decile,0.01,276,8,284,0.284,100,reference_oracle,total_budget,1.0,0.9869312106638433,
transition1x,4,above_5mev,0.01,276,8,284,0.284,104,net_force,shared_seed,0.25961538461538464,0.006609402276876207,0.01282051282051282
transition1x,4,above_5mev,0.01,276,8,284,0.284,104,rigid_force,shared_seed,0.2692307692307692,0.006599207849537952,0.02564102564102564
transition1x,4,above_5mev,0.01,276,8,284,0.284,104,force_magnitude,shared_seed,0.2692307692307692,0.9840416510029689,0.02564102564102564
transition1x,4,above_5mev,0.01,276,8,284,0.284,104,geometry_novelty,shared_seed,0.27884615384615385,0.006559396516603823,0.038461538461538464
transition1x,4,above_5mev,0.01,276,8,284,0.284,104,trees_log,shared_seed,0.28846153846153844,0.006659307470551905,0.05128205128205128
transition1x,4,above_5mev,0.01,276,8,284,0.284,104,trees_raw,shared_seed,0.27884615384615385,0.0066336667166104184,0.038461538461538464
transition1x,4,above_5mev,0.01,276,8,284,0.284,104,trees_physics,shared_seed,0.27884615384615385,0.006609382921902549,0.038461538461538464
transition1x,4,above_5mev,0.01,276,8,284,0.284,104,ridge,shared_seed,0.2692307692307692,0.006588998310653411,0.02564102564102564
transition1x,4,above_5mev,0.01,276,8,284,0.284,104,mp_ridge,shared_seed,0.2692307692307692,0.006588998310653411,0.02564102564102564
transition1x,4,above_5mev,0.01,276,8,284,0.284,104,reference_oracle,shared_seed,0.3269230769230769,0.9842638992154746,0.10256410256410256
transition1x,4,above_5mev,0.01,276,8,284,0.284,104,random,shared_seed,0.25828729281767954,0.017386824203905398,0.011049723756906077
transition1x,4,above_5mev,0.01,276,8,284,0.284,104,net_force,total_budget,0.28846153846153844,0.006684103140105772,
transition1x,4,above_5mev,0.01,276,8,284,0.284,104,rigid_force,total_budget,0.3173076923076923,0.00684125518861473,
transition1x,4,above_5mev,0.01,276,8,284,0.284,104,force_magnitude,total_budget,0.3173076923076923,0.9835750966726599,
transition1x,4,above_5mev,0.01,276,8,284,0.284,104,geometry_novelty,total_budget,0.33653846153846156,0.9835215349315792,
transition1x,4,above_5mev,0.01,276,8,284,0.284,104,random,total_budget,0.284,0.284,
transition1x,4,above_5mev,0.01,276,8,284,0.284,104,reference_oracle,total_budget,1.0,0.9869312106638433,
transition1x,4,above_10mev,0.01,276,8,284,0.284,1,net_force,shared_seed,0.0,0.006609402276876207,0.0
transition1x,4,above_10mev,0.01,276,8,284,0.284,1,rigid_force,shared_seed,0.0,0.006599207849537952,0.0
transition1x,4,above_10mev,0.01,276,8,284,0.284,1,force_magnitude,shared_seed,1.0,0.9840416510029689,1.0
transition1x,4,above_10mev,0.01,276,8,284,0.284,1,geometry_novelty,shared_seed,0.0,0.006559396516603823,0.0
transition1x,4,above_10mev,0.01,276,8,284,0.284,1,trees_log,shared_seed,0.0,0.006659307470551905,0.0
transition1x,4,above_10mev,0.01,276,8,284,0.284,1,trees_raw,shared_seed,0.0,0.0066336667166104184,0.0
transition1x,4,above_10mev,0.01,276,8,284,0.284,1,trees_physics,shared_seed,0.0,0.006609382921902549,0.0
transition1x,4,above_10mev,0.01,276,8,284,0.284,1,ridge,shared_seed,0.0,0.006588998310653411,0.0
transition1x,4,above_10mev,0.01,276,8,284,0.284,1,mp_ridge,shared_seed,0.0,0.006588998310653411,0.0
transition1x,4,above_10mev,0.01,276,8,284,0.284,1,reference_oracle,shared_seed,1.0,0.9842638992154746,1.0
transition1x,4,above_10mev,0.01,276,8,284,0.284,1,random,shared_seed,0.011049723756906077,0.017386824203905398,0.011049723756906077
transition1x,4,above_10mev,0.01,276,8,284,0.284,1,net_force,total_budget,0.0,0.006684103140105772,
transition1x,4,above_10mev,0.01,276,8,284,0.284,1,rigid_force,total_budget,0.0,0.00684125518861473,
transition1x,4,above_10mev,0.01,276,8,284,0.284,1,force_magnitude,total_budget,1.0,0.9835750966726599,
transition1x,4,above_10mev,0.01,276,8,284,0.284,1,geometry_novelty,total_budget,1.0,0.9835215349315792,
transition1x,4,above_10mev,0.01,276,8,284,0.284,1,random,total_budget,0.284,0.284,
transition1x,4,above_10mev,0.01,276,8,284,0.284,1,reference_oracle,total_budget,1.0,0.9869312106638433,
transition1x,4,above_25mev,0.01,276,8,284,0.284,1,net_force,shared_seed,0.0,0.006609402276876207,0.0
transition1x,4,above_25mev,0.01,276,8,284,0.284,1,rigid_force,shared_seed,0.0,0.006599207849537952,0.0
transition1x,4,above_25mev,0.01,276,8,284,0.284,1,force_magnitude,shared_seed,1.0,0.9840416510029689,1.0
transition1x,4,above_25mev,0.01,276,8,284,0.284,1,geometry_novelty,shared_seed,0.0,0.006559396516603823,0.0
transition1x,4,above_25mev,0.01,276,8,284,0.284,1,trees_log,shared_seed,0.0,0.006659307470551905,0.0
transition1x,4,above_25mev,0.01,276,8,284,0.284,1,trees_raw,shared_seed,0.0,0.0066336667166104184,0.0
transition1x,4,above_25mev,0.01,276,8,284,0.284,1,trees_physics,shared_seed,0.0,0.006609382921902549,0.0
transition1x,4,above_25mev,0.01,276,8,284,0.284,1,ridge,shared_seed,0.0,0.006588998310653411,0.0
transition1x,4,above_25mev,0.01,276,8,284,0.284,1,mp_ridge,shared_seed,0.0,0.006588998310653411,0.0
transition1x,4,above_25mev,0.01,276,8,284,0.284,1,reference_oracle,shared_seed,1.0,0.9842638992154746,1.0
transition1x,4,above_25mev,0.01,276,8,284,0.284,1,random,shared_seed,0.011049723756906077,0.017386824203905398,0.011049723756906077
transition1x,4,above_25mev,0.01,276,8,284,0.284,1,net_force,total_budget,0.0,0.006684103140105772,
transition1x,4,above_25mev,0.01,276,8,284,0.284,1,rigid_force,total_budget,0.0,0.00684125518861473,
transition1x,4,above_25mev,0.01,276,8,284,0.284,1,force_magnitude,total_budget,1.0,0.9835750966726599,
transition1x,4,above_25mev,0.01,276,8,284,0.284,1,geometry_novelty,total_budget,1.0,0.9835215349315792,
transition1x,4,above_25mev,0.01,276,8,284,0.284,1,random,total_budget,0.284,0.284,
transition1x,4,above_25mev,0.01,276,8,284,0.284,1,reference_oracle,total_budget,1.0,0.9869312106638433,
transition1x,4,worst_decile,0.02,276,15,291,0.291,100,net_force,shared_seed,0.29,0.006798920350464977,0.04054054054054054
transition1x,4,worst_decile,0.02,276,15,291,0.291,100,rigid_force,shared_seed,0.3,0.006776943944341162,0.05405405405405406
transition1x,4,worst_decile,0.02,276,15,291,0.291,100,force_magnitude,shared_seed,0.28,0.9841594523195719,0.02702702702702703
transition1x,4,worst_decile,0.02,276,15,291,0.291,100,geometry_novelty,shared_seed,0.3,0.0066902876625805525,0.05405405405405406
transition1x,4,worst_decile,0.02,276,15,291,0.291,100,trees_log,shared_seed,0.33,0.006850299885551646,0.0945945945945946
transition1x,4,worst_decile,0.02,276,15,291,0.291,100,trees_raw,shared_seed,0.33,0.006848659705888968,0.0945945945945946
transition1x,4,worst_decile,0.02,276,15,291,0.291,100,trees_physics,shared_seed,0.29,0.00678340323871361,0.04054054054054054
transition1x,4,worst_decile,0.02,276,15,291,0.291,100,ridge,shared_seed,0.3,0.006793428085451289,0.05405405405405406
transition1x,4,worst_decile,0.02,276,15,291,0.291,100,mp_ridge,shared_seed,0.3,0.006760853992159674,0.05405405405405406
transition1x,4,worst_decile,0.02,276,15,291,0.291,100,reference_oracle,shared_seed,0.41,0.9846357773043641,0.20270270270270271
transition1x,4,worst_decile,0.02,276,15,291,0.291,100,random,shared_seed,0.2753314917127072,0.02699337759855995,0.020718232044198894
transition1x,4,worst_decile,0.02,276,15,291,0.291,100,net_force,total_budget,0.28,0.0068340619534088,
transition1x,4,worst_decile,0.02,276,15,291,0.291,100,rigid_force,total_budget,0.32,0.006999506924697673,
transition1x,4,worst_decile,0.02,276,15,291,0.291,100,force_magnitude,total_budget,0.32,0.9837402915662837,
transition1x,4,worst_decile,0.02,276,15,291,0.291,100,geometry_novelty,total_budget,0.34,0.9836540300092126,
transition1x,4,worst_decile,0.02,276,15,291,0.291,100,random,total_budget,0.291,0.291,
transition1x,4,worst_decile,0.02,276,15,291,0.291,100,reference_oracle,total_budget,1.0,0.9871181125375376,
transition1x,4,above_5mev,0.02,276,15,291,0.291,104,net_force,shared_seed,0.27884615384615385,0.006798920350464977,0.038461538461538464
transition1x,4,above_5mev,0.02,276,15,291,0.291,104,rigid_force,shared_seed,0.28846153846153844,0.006776943944341162,0.05128205128205128
transition1x,4,above_5mev,0.02,276,15,291,0.291,104,force_magnitude,shared_seed,0.2692307692307692,0.9841594523195719,0.02564102564102564
transition1x,4,above_5mev,0.02,276,15,291,0.291,104,geometry_novelty,shared_seed,0.28846153846153844,0.0066902876625805525,0.05128205128205128
transition1x,4,above_5mev,0.02,276,15,291,0.291,104,trees_log,shared_seed,0.3173076923076923,0.006850299885551646,0.08974358974358974
transition1x,4,above_5mev,0.02,276,15,291,0.291,104,trees_raw,shared_seed,0.3173076923076923,0.006848659705888968,0.08974358974358974
transition1x,4,above_5mev,0.02,276,15,291,0.291,104,trees_physics,shared_seed,0.27884615384615385,0.00678340323871361,0.038461538461538464
transition1x,4,above_5mev,0.02,276,15,291,0.291,104,ridge,shared_seed,0.28846153846153844,0.006793428085451289,0.05128205128205128
transition1x,4,above_5mev,0.02,276,15,291,0.291,104,mp_ridge,shared_seed,0.28846153846153844,0.006760853992159674,0.05128205128205128
transition1x,4,above_5mev,0.02,276,15,291,0.291,104,reference_oracle,shared_seed,0.3942307692307692,0.9846357773043641,0.19230769230769232
transition1x,4,above_5mev,0.02,276,15,291,0.291,104,random,shared_seed,0.2655386740331492,0.02699337759855995,0.020718232044198894
transition1x,4,above_5mev,0.02,276,15,291,0.291,104,net_force,total_budget,0.2980769230769231,0.0068340619534088,
transition1x,4,above_5mev,0.02,276,15,291,0.291,104,rigid_force,total_budget,0.3173076923076923,0.006999506924697673,
transition1x,4,above_5mev,0.02,276,15,291,0.291,104,force_magnitude,total_budget,0.3173076923076923,0.9837402915662837,
transition1x,4,above_5mev,0.02,276,15,291,0.291,104,geometry_novelty,total_budget,0.33653846153846156,0.9836540300092126,
transition1x,4,above_5mev,0.02,276,15,291,0.291,104,random,total_budget,0.291,0.291,
transition1x,4,above_5mev,0.02,276,15,291,0.291,104,reference_oracle,total_budget,1.0,0.9871181125375376,
transition1x,4,above_10mev,0.02,276,15,291,0.291,1,net_force,shared_seed,0.0,0.006798920350464977,0.0
transition1x,4,above_10mev,0.02,276,15,291,0.291,1,rigid_force,shared_seed,0.0,0.006776943944341162,0.0
transition1x,4,above_10mev,0.02,276,15,291,0.291,1,force_magnitude,shared_seed,1.0,0.9841594523195719,1.0
transition1x,4,above_10mev,0.02,276,15,291,0.291,1,geometry_novelty,shared_seed,0.0,0.0066902876625805525,0.0
transition1x,4,above_10mev,0.02,276,15,291,0.291,1,trees_log,shared_seed,0.0,0.006850299885551646,0.0
transition1x,4,above_10mev,0.02,276,15,291,0.291,1,trees_raw,shared_seed,0.0,0.006848659705888968,0.0
transition1x,4,above_10mev,0.02,276,15,291,0.291,1,trees_physics,shared_seed,0.0,0.00678340323871361,0.0
transition1x,4,above_10mev,0.02,276,15,291,0.291,1,ridge,shared_seed,0.0,0.006793428085451289,0.0
transition1x,4,above_10mev,0.02,276,15,291,0.291,1,mp_ridge,shared_seed,0.0,0.006760853992159674,0.0
transition1x,4,above_10mev,0.02,276,15,291,0.291,1,reference_oracle,shared_seed,1.0,0.9846357773043641,1.0
transition1x,4,above_10mev,0.02,276,15,291,0.291,1,random,shared_seed,0.020718232044198894,0.02699337759855995,0.020718232044198894
transition1x,4,above_10mev,0.02,276,15,291,0.291,1,net_force,total_budget,0.0,0.0068340619534088,
transition1x,4,above_10mev,0.02,276,15,291,0.291,1,rigid_force,total_budget,0.0,0.006999506924697673,
transition1x,4,above_10mev,0.02,276,15,291,0.291,1,force_magnitude,total_budget,1.0,0.9837402915662837,
transition1x,4,above_10mev,0.02,276,15,291,0.291,1,geometry_novelty,total_budget,1.0,0.9836540300092126,
transition1x,4,above_10mev,0.02,276,15,291,0.291,1,random,total_budget,0.291,0.291,
transition1x,4,above_10mev,0.02,276,15,291,0.291,1,reference_oracle,total_budget,1.0,0.9871181125375376,
transition1x,4,above_25mev,0.02,276,15,291,0.291,1,net_force,shared_seed,0.0,0.006798920350464977,0.0
transition1x,4,above_25mev,0.02,276,15,291,0.291,1,rigid_force,shared_seed,0.0,0.006776943944341162,0.0
transition1x,4,above_25mev,0.02,276,15,291,0.291,1,force_magnitude,shared_seed,1.0,0.9841594523195719,1.0
transition1x,4,above_25mev,0.02,276,15,291,0.291,1,geometry_novelty,shared_seed,0.0,0.0066902876625805525,0.0
transition1x,4,above_25mev,0.02,276,15,291,0.291,1,trees_log,shared_seed,0.0,0.006850299885551646,0.0
transition1x,4,above_25mev,0.02,276,15,291,0.291,1,trees_raw,shared_seed,0.0,0.006848659705888968,0.0
transition1x,4,above_25mev,0.02,276,15,291,0.291,1,trees_physics,shared_seed,0.0,0.00678340323871361,0.0
transition1x,4,above_25mev,0.02,276,15,291,0.291,1,ridge,shared_seed,0.0,0.006793428085451289,0.0
transition1x,4,above_25mev,0.02,276,15,291,0.291,1,mp_ridge,shared_seed,0.0,0.006760853992159674,0.0
transition1x,4,above_25mev,0.02,276,15,291,0.291,1,reference_oracle,shared_seed,1.0,0.9846357773043641,1.0
transition1x,4,above_25mev,0.02,276,15,291,0.291,1,random,shared_seed,0.020718232044198894,0.02699337759855995,0.020718232044198894
transition1x,4,above_25mev,0.02,276,15,291,0.291,1,net_force,total_budget,0.0,0.0068340619534088,
transition1x,4,above_25mev,0.02,276,15,291,0.291,1,rigid_force,total_budget,0.0,0.006999506924697673,
transition1x,4,above_25mev,0.02,276,15,291,0.291,1,force_magnitude,total_budget,1.0,0.9837402915662837,
transition1x,4,above_25mev,0.02,276,15,291,0.291,1,geometry_novelty,total_budget,1.0,0.9836540300092126,
transition1x,4,above_25mev,0.02,276,15,291,0.291,1,random,total_budget,0.291,0.291,
transition1x,4,above_25mev,0.02,276,15,291,0.291,1,reference_oracle,total_budget,1.0,0.9871181125375376,
transition1x,4,worst_decile,0.05,276,37,313,0.313,100,net_force,shared_seed,0.32,0.007330398844755268,0.08108108108108109
transition1x,4,worst_decile,0.05,276,37,313,0.313,100,rigid_force,shared_seed,0.31,0.0073117096512452595,0.06756756756756757
transition1x,4,worst_decile,0.05,276,37,313,0.313,100,force_magnitude,shared_seed,0.3,0.9846003300563912,0.05405405405405406
transition1x,4,worst_decile,0.05,276,37,313,0.313,100,geometry_novelty,shared_seed,0.32,0.007137332388984089,0.08108108108108109
transition1x,4,worst_decile,0.05,276,37,313,0.313,100,trees_log,shared_seed,0.4,0.007529212957399213,0.1891891891891892
transition1x,4,worst_decile,0.05,276,37,313,0.313,100,trees_raw,shared_seed,0.42,0.007549069899379207,0.21621621621621623
transition1x,4,worst_decile,0.05,276,37,313,0.313,100,trees_physics,shared_seed,0.3,0.007272678488032196,0.05405405405405406
transition1x,4,worst_decile,0.05,276,37,313,0.313,100,ridge,shared_seed,0.36,0.0073564156348103395,0.13513513513513514
transition1x,4,worst_decile,0.05,276,37,313,0.313,100,mp_ridge,shared_seed,0.36,0.007409071415323571,0.13513513513513514
transition1x,4,worst_decile,0.05,276,37,313,0.313,100,reference_oracle,shared_seed,0.63,0.985549407640152,0.5
transition1x,4,worst_decile,0.05,276,37,313,0.313,100,random,shared_seed,0.29781767955801103,0.05718540255318854,0.05110497237569061
transition1x,4,worst_decile,0.05,276,37,313,0.313,100,net_force,total_budget,0.29,0.007385546189583065,
transition1x,4,worst_decile,0.05,276,37,313,0.313,100,rigid_force,total_budget,0.33,0.007468431010473263,
transition1x,4,worst_decile,0.05,276,37,313,0.313,100,force_magnitude,total_budget,0.35,0.9843049160659555,
transition1x,4,worst_decile,0.05,276,37,313,0.313,100,geometry_novelty,total_budget,0.38,0.9841585738399018,
transition1x,4,worst_decile,0.05,276,37,313,0.313,100,random,total_budget,0.313,0.313,
transition1x,4,worst_decile,0.05,276,37,313,0.313,100,reference_oracle,total_budget,1.0,0.9876605591255663,
transition1x,4,above_5mev,0.05,276,37,313,0.313,104,net_force,shared_seed,0.3076923076923077,0.007330398844755268,0.07692307692307693
transition1x,4,above_5mev,0.05,276,37,313,0.313,104,rigid_force,shared_seed,0.2980769230769231,0.0073117096512452595,0.0641025641025641
transition1x,4,above_5mev,0.05,276,37,313,0.313,104,force_magnitude,shared_seed,0.28846153846153844,0.9846003300563912,0.05128205128205128
transition1x,4,above_5mev,0.05,276,37,313,0.313,104,geometry_novelty,shared_seed,0.3076923076923077,0.007137332388984089,0.07692307692307693
transition1x,4,above_5mev,0.05,276,37,313,0.313,104,trees_log,shared_seed,0.38461538461538464,0.007529212957399213,0.1794871794871795
transition1x,4,above_5mev,0.05,276,37,313,0.313,104,trees_raw,shared_seed,0.40384615384615385,0.007549069899379207,0.20512820512820512
transition1x,4,above_5mev,0.05,276,37,313,0.313,104,trees_physics,shared_seed,0.28846153846153844,0.007272678488032196,0.05128205128205128
transition1x,4,above_5mev,0.05,276,37,313,0.313,104,ridge,shared_seed,0.34615384615384615,0.0073564156348103395,0.1282051282051282
transition1x,4,above_5mev,0.05,276,37,313,0.313,104,mp_ridge,shared_seed,0.34615384615384615,0.007409071415323571,0.1282051282051282
transition1x,4,above_5mev,0.05,276,37,313,0.313,104,reference_oracle,shared_seed,0.6057692307692307,0.985549407640152,0.47435897435897434
transition1x,4,above_5mev,0.05,276,37,313,0.313,104,random,shared_seed,0.28832872928176795,0.05718540255318854,0.05110497237569061
transition1x,4,above_5mev,0.05,276,37,313,0.313,104,net_force,total_budget,0.3076923076923077,0.007385546189583065,
transition1x,4,above_5mev,0.05,276,37,313,0.313,104,rigid_force,total_budget,0.3269230769230769,0.007468431010473263,
transition1x,4,above_5mev,0.05,276,37,313,0.313,104,force_magnitude,total_budget,0.34615384615384615,0.9843049160659555,
transition1x,4,above_5mev,0.05,276,37,313,0.313,104,geometry_novelty,total_budget,0.375,0.9841585738399018,
transition1x,4,above_5mev,0.05,276,37,313,0.313,104,random,total_budget,0.313,0.313,
transition1x,4,above_5mev,0.05,276,37,313,0.313,104,reference_oracle,total_budget,1.0,0.9876605591255663,
transition1x,4,above_10mev,0.05,276,37,313,0.313,1,net_force,shared_seed,0.0,0.007330398844755268,0.0
transition1x,4,above_10mev,0.05,276,37,313,0.313,1,rigid_force,shared_seed,0.0,0.0073117096512452595,0.0
transition1x,4,above_10mev,0.05,276,37,313,0.313,1,force_magnitude,shared_seed,1.0,0.9846003300563912,1.0
transition1x,4,above_10mev,0.05,276,37,313,0.313,1,geometry_novelty,shared_seed,0.0,0.007137332388984089,0.0
transition1x,4,above_10mev,0.05,276,37,313,0.313,1,trees_log,shared_seed,0.0,0.007529212957399213,0.0
transition1x,4,above_10mev,0.05,276,37,313,0.313,1,trees_raw,shared_seed,0.0,0.007549069899379207,0.0
transition1x,4,above_10mev,0.05,276,37,313,0.313,1,trees_physics,shared_seed,0.0,0.007272678488032196,0.0
transition1x,4,above_10mev,0.05,276,37,313,0.313,1,ridge,shared_seed,0.0,0.0073564156348103395,0.0
transition1x,4,above_10mev,0.05,276,37,313,0.313,1,mp_ridge,shared_seed,0.0,0.007409071415323571,0.0
transition1x,4,above_10mev,0.05,276,37,313,0.313,1,reference_oracle,shared_seed,1.0,0.985549407640152,1.0
transition1x,4,above_10mev,0.05,276,37,313,0.313,1,random,shared_seed,0.05110497237569061,0.05718540255318854,0.05110497237569061
transition1x,4,above_10mev,0.05,276,37,313,0.313,1,net_force,total_budget,0.0,0.007385546189583065,
transition1x,4,above_10mev,0.05,276,37,313,0.313,1,rigid_force,total_budget,0.0,0.007468431010473263,
transition1x,4,above_10mev,0.05,276,37,313,0.313,1,force_magnitude,total_budget,1.0,0.9843049160659555,
transition1x,4,above_10mev,0.05,276,37,313,0.313,1,geometry_novelty,total_budget,1.0,0.9841585738399018,
transition1x,4,above_10mev,0.05,276,37,313,0.313,1,random,total_budget,0.313,0.313,
transition1x,4,above_10mev,0.05,276,37,313,0.313,1,reference_oracle,total_budget,1.0,0.9876605591255663,
transition1x,4,above_25mev,0.05,276,37,313,0.313,1,net_force,shared_seed,0.0,0.007330398844755268,0.0
transition1x,4,above_25mev,0.05,276,37,313,0.313,1,rigid_force,shared_seed,0.0,0.0073117096512452595,0.0
transition1x,4,above_25mev,0.05,276,37,313,0.313,1,force_magnitude,shared_seed,1.0,0.9846003300563912,1.0
transition1x,4,above_25mev,0.05,276,37,313,0.313,1,geometry_novelty,shared_seed,0.0,0.007137332388984089,0.0
transition1x,4,above_25mev,0.05,276,37,313,0.313,1,trees_log,shared_seed,0.0,0.007529212957399213,0.0
transition1x,4,above_25mev,0.05,276,37,313,0.313,1,trees_raw,shared_seed,0.0,0.007549069899379207,0.0
transition1x,4,above_25mev,0.05,276,37,313,0.313,1,trees_physics,shared_seed,0.0,0.007272678488032196,0.0
transition1x,4,above_25mev,0.05,276,37,313,0.313,1,ridge,shared_seed,0.0,0.0073564156348103395,0.0
transition1x,4,above_25mev,0.05,276,37,313,0.313,1,mp_ridge,shared_seed,0.0,0.007409071415323571,0.0
transition1x,4,above_25mev,0.05,276,37,313,0.313,1,reference_oracle,shared_seed,1.0,0.985549407640152,1.0
transition1x,4,above_25mev,0.05,276,37,313,0.313,1,random,shared_seed,0.05110497237569061,0.05718540255318854,0.05110497237569061
transition1x,4,above_25mev,0.05,276,37,313,0.313,1,net_force,total_budget,0.0,0.007385546189583065,
transition1x,4,above_25mev,0.05,276,37,313,0.313,1,rigid_force,total_budget,0.0,0.007468431010473263,
transition1x,4,above_25mev,0.05,276,37,313,0.313,1,force_magnitude,total_budget,1.0,0.9843049160659555,
transition1x,4,above_25mev,0.05,276,37,313,0.313,1,geometry_novelty,total_budget,1.0,0.9841585738399018,
transition1x,4,above_25mev,0.05,276,37,313,0.313,1,random,total_budget,0.313,0.313,
transition1x,4,above_25mev,0.05,276,37,313,0.313,1,reference_oracle,total_budget,1.0,0.9876605591255663,
transition1x,4,worst_decile,0.1,276,73,349,0.349,100,net_force,shared_seed,0.35,0.008194325646879398,0.12162162162162163
transition1x,4,worst_decile,0.1,276,73,349,0.349,100,rigid_force,shared_seed,0.34,0.008119690949405553,0.10810810810810811
transition1x,4,worst_decile,0.1,276,73,349,0.349,100,force_magnitude,shared_seed,0.31,0.9852793633133285,0.06756756756756757
transition1x,4,worst_decile,0.1,276,73,349,0.349,100,geometry_novelty,shared_seed,0.35,0.007879928467365424,0.12162162162162163
transition1x,4,worst_decile,0.1,276,73,349,0.349,100,trees_log,shared_seed,0.46,0.008455993318561162,0.2702702702702703
transition1x,4,worst_decile,0.1,276,73,349,0.349,100,trees_raw,shared_seed,0.48,0.00850250290293463,0.2972972972972973
transition1x,4,worst_decile,0.1,276,73,349,0.349,100,trees_physics,shared_seed,0.35,0.008143116208805512,0.12162162162162163
transition1x,4,worst_decile,0.1,276,73,349,0.349,100,ridge,shared_seed,0.42,0.00833557447822576,0.21621621621621623
transition1x,4,worst_decile,0.1,276,73,349,0.349,100,mp_ridge,shared_seed,0.45,0.008438781883652451,0.25675675675675674
transition1x,4,worst_decile,0.1,276,73,349,0.349,100,reference_oracle,shared_seed,0.99,0.9867572703154093,0.9864864864864865
transition1x,4,worst_decile,0.1,276,73,349,0.349,100,random,shared_seed,0.3346132596685083,0.10659053429712624,0.10082872928176796
transition1x,4,worst_decile,0.1,276,73,349,0.349,100,net_force,total_budget,0.35,0.008299564045720123,
transition1x,4,worst_decile,0.1,276,73,349,0.349,100,rigid_force,total_budget,0.35,0.00825167207905698,
transition1x,4,worst_decile,0.1,276,73,349,0.349,100,force_magnitude,total_budget,0.38,0.985083690000685,
transition1x,4,worst_decile,0.1,276,73,349,0.349,100,geometry_novelty,total_budget,0.42,0.9850394436674812,
transition1x,4,worst_decile,0.1,276,73,349,0.349,100,random,total_budget,0.349,0.349,
transition1x,4,worst_decile,0.1,276,73,349,0.349,100,reference_oracle,total_budget,1.0,0.9886267759150655,
transition1x,4,above_5mev,0.1,276,73,349,0.349,104,net_force,shared_seed,0.34615384615384615,0.008194325646879398,0.1282051282051282
transition1x,4,above_5mev,0.1,276,73,349,0.349,104,rigid_force,shared_seed,0.3269230769230769,0.008119690949405553,0.10256410256410256
transition1x,4,above_5mev,0.1,276,73,349,0.349,104,force_magnitude,shared_seed,0.2980769230769231,0.9852793633133285,0.0641025641025641
transition1x,4,above_5mev,0.1,276,73,349,0.349,104,geometry_novelty,shared_seed,0.33653846153846156,0.007879928467365424,0.11538461538461539
transition1x,4,above_5mev,0.1,276,73,349,0.349,104,trees_log,shared_seed,0.4423076923076923,0.008455993318561162,0.2564102564102564
transition1x,4,above_5mev,0.1,276,73,349,0.349,104,trees_raw,shared_seed,0.46153846153846156,0.00850250290293463,0.28205128205128205
transition1x,4,above_5mev,0.1,276,73,349,0.349,104,trees_physics,shared_seed,0.33653846153846156,0.008143116208805512,0.11538461538461539
transition1x,4,above_5mev,0.1,276,73,349,0.349,104,ridge,shared_seed,0.40384615384615385,0.00833557447822576,0.20512820512820512
transition1x,4,above_5mev,0.1,276,73,349,0.349,104,mp_ridge,shared_seed,0.4326923076923077,0.008438781883652451,0.24358974358974358
transition1x,4,above_5mev,0.1,276,73,349,0.349,104,reference_oracle,shared_seed,0.9519230769230769,0.9867572703154093,0.9358974358974359
transition1x,4,above_5mev,0.1,276,73,349,0.349,104,random,shared_seed,0.32562154696132595,0.10659053429712624,0.10082872928176796
transition1x,4,above_5mev,0.1,276,73,349,0.349,104,net_force,total_budget,0.36538461538461536,0.008299564045720123,
transition1x,4,above_5mev,0.1,276,73,349,0.349,104,rigid_force,total_budget,0.3557692307692308,0.00825167207905698,
transition1x,4,above_5mev,0.1,276,73,349,0.349,104,force_magnitude,total_budget,0.375,0.985083690000685,
transition1x,4,above_5mev,0.1,276,73,349,0.349,104,geometry_novelty,total_budget,0.41346153846153844,0.9850394436674812,
transition1x,4,above_5mev,0.1,276,73,349,0.349,104,random,total_budget,0.349,0.349,
transition1x,4,above_5mev,0.1,276,73,349,0.349,104,reference_oracle,total_budget,1.0,0.9886267759150655,
transition1x,4,above_10mev,0.1,276,73,349,0.349,1,net_force,shared_seed,0.0,0.008194325646879398,0.0
transition1x,4,above_10mev,0.1,276,73,349,0.349,1,rigid_force,shared_seed,0.0,0.008119690949405553,0.0
transition1x,4,above_10mev,0.1,276,73,349,0.349,1,force_magnitude,shared_seed,1.0,0.9852793633133285,1.0
transition1x,4,above_10mev,0.1,276,73,349,0.349,1,geometry_novelty,shared_seed,0.0,0.007879928467365424,0.0
transition1x,4,above_10mev,0.1,276,73,349,0.349,1,trees_log,shared_seed,0.0,0.008455993318561162,0.0
transition1x,4,above_10mev,0.1,276,73,349,0.349,1,trees_raw,shared_seed,0.0,0.00850250290293463,0.0
transition1x,4,above_10mev,0.1,276,73,349,0.349,1,trees_physics,shared_seed,0.0,0.008143116208805512,0.0
transition1x,4,above_10mev,0.1,276,73,349,0.349,1,ridge,shared_seed,0.0,0.00833557447822576,0.0
transition1x,4,above_10mev,0.1,276,73,349,0.349,1,mp_ridge,shared_seed,0.0,0.008438781883652451,0.0
transition1x,4,above_10mev,0.1,276,73,349,0.349,1,reference_oracle,shared_seed,1.0,0.9867572703154093,1.0
transition1x,4,above_10mev,0.1,276,73,349,0.349,1,random,shared_seed,0.10082872928176796,0.10659053429712624,0.10082872928176796
transition1x,4,above_10mev,0.1,276,73,349,0.349,1,net_force,total_budget,0.0,0.008299564045720123,
transition1x,4,above_10mev,0.1,276,73,349,0.349,1,rigid_force,total_budget,0.0,0.00825167207905698,
transition1x,4,above_10mev,0.1,276,73,349,0.349,1,force_magnitude,total_budget,1.0,0.985083690000685,
transition1x,4,above_10mev,0.1,276,73,349,0.349,1,geometry_novelty,total_budget,1.0,0.9850394436674812,
transition1x,4,above_10mev,0.1,276,73,349,0.349,1,random,total_budget,0.349,0.349,
transition1x,4,above_10mev,0.1,276,73,349,0.349,1,reference_oracle,total_budget,1.0,0.9886267759150655,
transition1x,4,above_25mev,0.1,276,73,349,0.349,1,net_force,shared_seed,0.0,0.008194325646879398,0.0
transition1x,4,above_25mev,0.1,276,73,349,0.349,1,rigid_force,shared_seed,0.0,0.008119690949405553,0.0
transition1x,4,above_25mev,0.1,276,73,349,0.349,1,force_magnitude,shared_seed,1.0,0.9852793633133285,1.0
transition1x,4,above_25mev,0.1,276,73,349,0.349,1,geometry_novelty,shared_seed,0.0,0.007879928467365424,0.0
transition1x,4,above_25mev,0.1,276,73,349,0.349,1,trees_log,shared_seed,0.0,0.008455993318561162,0.0
transition1x,4,above_25mev,0.1,276,73,349,0.349,1,trees_raw,shared_seed,0.0,0.00850250290293463,0.0
transition1x,4,above_25mev,0.1,276,73,349,0.349,1,trees_physics,shared_seed,0.0,0.008143116208805512,0.0
transition1x,4,above_25mev,0.1,276,73,349,0.349,1,ridge,shared_seed,0.0,0.00833557447822576,0.0
transition1x,4,above_25mev,0.1,276,73,349,0.349,1,mp_ridge,shared_seed,0.0,0.008438781883652451,0.0
transition1x,4,above_25mev,0.1,276,73,349,0.349,1,reference_oracle,shared_seed,1.0,0.9867572703154093,1.0
transition1x,4,above_25mev,0.1,276,73,349,0.349,1,random,shared_seed,0.10082872928176796,0.10659053429712624,0.10082872928176796
transition1x,4,above_25mev,0.1,276,73,349,0.349,1,net_force,total_budget,0.0,0.008299564045720123,
transition1x,4,above_25mev,0.1,276,73,349,0.349,1,rigid_force,total_budget,0.0,0.00825167207905698,
transition1x,4,above_25mev,0.1,276,73,349,0.349,1,force_magnitude,total_budget,1.0,0.985083690000685,
transition1x,4,above_25mev,0.1,276,73,349,0.349,1,geometry_novelty,total_budget,1.0,0.9850394436674812,
transition1x,4,above_25mev,0.1,276,73,349,0.349,1,random,total_budget,0.349,0.349,
transition1x,4,above_25mev,0.1,276,73,349,0.349,1,reference_oracle,total_budget,1.0,0.9886267759150655,
transition1x,4,worst_decile,0.2,276,145,421,0.421,100,net_force,shared_seed,0.4,0.009765584426508602,0.1891891891891892
transition1x,4,worst_decile,0.2,276,145,421,0.421,100,rigid_force,shared_seed,0.47,0.009895051516009997,0.28378378378378377
transition1x,4,worst_decile,0.2,276,145,421,0.421,100,force_magnitude,shared_seed,0.41,0.9868007743543679,0.20270270270270271
transition1x,4,worst_decile,0.2,276,145,421,0.421,100,geometry_novelty,shared_seed,0.42,0.009326789173255093,0.21621621621621623
transition1x,4,worst_decile,0.2,276,145,421,0.421,100,trees_log,shared_seed,0.56,0.01031049015100391,0.40540540540540543
transition1x,4,worst_decile,0.2,276,145,421,0.421,100,trees_raw,shared_seed,0.57,0.01030104444757133,0.4189189189189189
transition1x,4,worst_decile,0.2,276,145,421,0.421,100,trees_physics,shared_seed,0.42,0.00972984840087143,0.21621621621621623
transition1x,4,worst_decile,0.2,276,145,421,0.421,100,ridge,shared_seed,0.53,0.010223589141886615,0.36486486486486486
transition1x,4,worst_decile,0.2,276,145,421,0.421,100,mp_ridge,shared_seed,0.56,0.9877110113316916,0.40540540540540543
transition1x,4,worst_decile,0.2,276,145,421,0.421,100,reference_oracle,shared_seed,1.0,0.989033639113138,1.0
transition1x,4,worst_decile,0.2,276,145,421,0.421,100,random,shared_seed,0.4082044198895028,0.20540079778500162,0.20027624309392264
transition1x,4,worst_decile,0.2,276,145,421,0.421,100,net_force,total_budget,0.42,0.009939279636807534,
transition1x,4,worst_decile,0.2,276,145,421,0.421,100,rigid_force,total_budget,0.42,0.009978331989431342,
transition1x,4,worst_decile,0.2,276,145,421,0.421,100,force_magnitude,total_budget,0.47,0.9867163731236411,
transition1x,4,worst_decile,0.2,276,145,421,0.421,100,geometry_novelty,total_budget,0.51,0.9866117653342589,
transition1x,4,worst_decile,0.2,276,145,421,0.421,100,random,total_budget,0.421,0.421,
transition1x,4,worst_decile,0.2,276,145,421,0.421,100,reference_oracle,total_budget,1.0,0.9903473866563779,
transition1x,4,above_5mev,0.2,276,145,421,0.421,104,net_force,shared_seed,0.40384615384615385,0.009765584426508602,0.20512820512820512
transition1x,4,above_5mev,0.2,276,145,421,0.421,104,rigid_force,shared_seed,0.46153846153846156,0.009895051516009997,0.28205128205128205
transition1x,4,above_5mev,0.2,276,145,421,0.421,104,force_magnitude,shared_seed,0.3942307692307692,0.9868007743543679,0.19230769230769232
transition1x,4,above_5mev,0.2,276,145,421,0.421,104,geometry_novelty,shared_seed,0.40384615384615385,0.009326789173255093,0.20512820512820512
transition1x,4,above_5mev,0.2,276,145,421,0.421,104,trees_log,shared_seed,0.5384615384615384,0.01031049015100391,0.38461538461538464
transition1x,4,above_5mev,0.2,276,145,421,0.421,104,trees_raw,shared_seed,0.5480769230769231,0.01030104444757133,0.3974358974358974
transition1x,4,above_5mev,0.2,276,145,421,0.421,104,trees_physics,shared_seed,0.41346153846153844,0.00972984840087143,0.21794871794871795
transition1x,4,above_5mev,0.2,276,145,421,0.421,104,ridge,shared_seed,0.5096153846153846,0.010223589141886615,0.34615384615384615
transition1x,4,above_5mev,0.2,276,145,421,0.421,104,mp_ridge,shared_seed,0.5384615384615384,0.9877110113316916,0.38461538461538464
transition1x,4,above_5mev,0.2,276,145,421,0.421,104,reference_oracle,shared_seed,1.0,0.989033639113138,1.0
transition1x,4,above_5mev,0.2,276,145,421,0.421,104,random,shared_seed,0.400207182320442,0.20540079778500162,0.20027624309392264
transition1x,4,above_5mev,0.2,276,145,421,0.421,104,net_force,total_budget,0.4326923076923077,0.009939279636807534,
transition1x,4,above_5mev,0.2,276,145,421,0.421,104,rigid_force,total_budget,0.4230769230769231,0.009978331989431342,
transition1x,4,above_5mev,0.2,276,145,421,0.421,104,force_magnitude,total_budget,0.46153846153846156,0.9867163731236411,
transition1x,4,above_5mev,0.2,276,145,421,0.421,104,geometry_novelty,total_budget,0.5,0.9866117653342589,
transition1x,4,above_5mev,0.2,276,145,421,0.421,104,random,total_budget,0.421,0.421,
transition1x,4,above_5mev,0.2,276,145,421,0.421,104,reference_oracle,total_budget,1.0,0.9903473866563779,
transition1x,4,above_10mev,0.2,276,145,421,0.421,1,net_force,shared_seed,0.0,0.009765584426508602,0.0
transition1x,4,above_10mev,0.2,276,145,421,0.421,1,rigid_force,shared_seed,0.0,0.009895051516009997,0.0
transition1x,4,above_10mev,0.2,276,145,421,0.421,1,force_magnitude,shared_seed,1.0,0.9868007743543679,1.0
transition1x,4,above_10mev,0.2,276,145,421,0.421,1,geometry_novelty,shared_seed,0.0,0.009326789173255093,0.0
transition1x,4,above_10mev,0.2,276,145,421,0.421,1,trees_log,shared_seed,0.0,0.01031049015100391,0.0
transition1x,4,above_10mev,0.2,276,145,421,0.421,1,trees_raw,shared_seed,0.0,0.01030104444757133,0.0
transition1x,4,above_10mev,0.2,276,145,421,0.421,1,trees_physics,shared_seed,0.0,0.00972984840087143,0.0
transition1x,4,above_10mev,0.2,276,145,421,0.421,1,ridge,shared_seed,0.0,0.010223589141886615,0.0
transition1x,4,above_10mev,0.2,276,145,421,0.421,1,mp_ridge,shared_seed,1.0,0.9877110113316916,1.0
transition1x,4,above_10mev,0.2,276,145,421,0.421,1,reference_oracle,shared_seed,1.0,0.989033639113138,1.0
transition1x,4,above_10mev,0.2,276,145,421,0.421,1,random,shared_seed,0.20027624309392264,0.20540079778500162,0.20027624309392264
transition1x,4,above_10mev,0.2,276,145,421,0.421,1,net_force,total_budget,0.0,0.009939279636807534,
transition1x,4,above_10mev,0.2,276,145,421,0.421,1,rigid_force,total_budget,0.0,0.009978331989431342,
transition1x,4,above_10mev,0.2,276,145,421,0.421,1,force_magnitude,total_budget,1.0,0.9867163731236411,
transition1x,4,above_10mev,0.2,276,145,421,0.421,1,geometry_novelty,total_budget,1.0,0.9866117653342589,
transition1x,4,above_10mev,0.2,276,145,421,0.421,1,random,total_budget,0.421,0.421,
transition1x,4,above_10mev,0.2,276,145,421,0.421,1,reference_oracle,total_budget,1.0,0.9903473866563779,
transition1x,4,above_25mev,0.2,276,145,421,0.421,1,net_force,shared_seed,0.0,0.009765584426508602,0.0
transition1x,4,above_25mev,0.2,276,145,421,0.421,1,rigid_force,shared_seed,0.0,0.009895051516009997,0.0
transition1x,4,above_25mev,0.2,276,145,421,0.421,1,force_magnitude,shared_seed,1.0,0.9868007743543679,1.0
transition1x,4,above_25mev,0.2,276,145,421,0.421,1,geometry_novelty,shared_seed,0.0,0.009326789173255093,0.0
transition1x,4,above_25mev,0.2,276,145,421,0.421,1,trees_log,shared_seed,0.0,0.01031049015100391,0.0
transition1x,4,above_25mev,0.2,276,145,421,0.421,1,trees_raw,shared_seed,0.0,0.01030104444757133,0.0
transition1x,4,above_25mev,0.2,276,145,421,0.421,1,trees_physics,shared_seed,0.0,0.00972984840087143,0.0
transition1x,4,above_25mev,0.2,276,145,421,0.421,1,ridge,shared_seed,0.0,0.010223589141886615,0.0
transition1x,4,above_25mev,0.2,276,145,421,0.421,1,mp_ridge,shared_seed,1.0,0.9877110113316916,1.0
transition1x,4,above_25mev,0.2,276,145,421,0.421,1,reference_oracle,shared_seed,1.0,0.989033639113138,1.0
transition1x,4,above_25mev,0.2,276,145,421,0.421,1,random,shared_seed,0.20027624309392264,0.20540079778500162,0.20027624309392264
transition1x,4,above_25mev,0.2,276,145,421,0.421,1,net_force,total_budget,0.0,0.009939279636807534,
transition1x,4,above_25mev,0.2,276,145,421,0.421,1,rigid_force,total_budget,0.0,0.009978331989431342,
transition1x,4,above_25mev,0.2,276,145,421,0.421,1,force_magnitude,total_budget,1.0,0.9867163731236411,
transition1x,4,above_25mev,0.2,276,145,421,0.421,1,geometry_novelty,total_budget,1.0,0.9866117653342589,
transition1x,4,above_25mev,0.2,276,145,421,0.421,1,random,total_budget,0.421,0.421,
transition1x,4,above_25mev,0.2,276,145,421,0.421,1,reference_oracle,total_budget,1.0,0.9903473866563779,
transition1x,4,worst_decile,0.3,276,218,494,0.494,100,net_force,shared_seed,0.46,0.011436792035817857,0.2702702702702703
transition1x,4,worst_decile,0.3,276,218,494,0.494,100,rigid_force,shared_seed,0.5,0.011521634500784219,0.32432432432432434
transition1x,4,worst_decile,0.3,276,218,494,0.494,100,force_magnitude,shared_seed,0.52,0.9884938670978454,0.35135135135135137
transition1x,4,worst_decile,0.3,276,218,494,0.494,100,geometry_novelty,shared_seed,0.5,0.9883426828152407,0.32432432432432434
transition1x,4,worst_decile,0.3,276,218,494,0.494,100,trees_log,shared_seed,0.63,0.011972814153360045,0.5
transition1x,4,worst_decile,0.3,276,218,494,0.494,100,trees_raw,shared_seed,0.65,0.9895154425962459,0.527027027027027
transition1x,4,worst_decile,0.3,276,218,494,0.494,100,trees_physics,shared_seed,0.48,0.01141661414571976,0.2972972972972973
transition1x,4,worst_decile,0.3,276,218,494,0.494,100,ridge,shared_seed,0.64,0.98947395443351,0.5135135135135135
transition1x,4,worst_decile,0.3,276,218,494,0.494,100,mp_ridge,shared_seed,0.65,0.9894552393909584,0.527027027027027
transition1x,4,worst_decile,0.3,276,218,494,0.494,100,reference_oracle,shared_seed,1.0,0.9909384613307722,1.0
transition1x,4,worst_decile,0.3,276,218,494,0.494,100,random,shared_seed,0.482817679558011,0.30558342604354194,0.3011049723756906
transition1x,4,worst_decile,0.3,276,218,494,0.494,100,net_force,total_budget,0.49,0.01147868682655613,
transition1x,4,worst_decile,0.3,276,218,494,0.494,100,rigid_force,total_budget,0.47,0.011517798249181416,
transition1x,4,worst_decile,0.3,276,218,494,0.494,100,force_magnitude,total_budget,0.53,0.9882907337501101,
transition1x,4,worst_decile,0.3,276,218,494,0.494,100,geometry_novelty,total_budget,0.57,0.9882855162893535,
transition1x,4,worst_decile,0.3,276,218,494,0.494,100,random,total_budget,0.494,0.494,
transition1x,4,worst_decile,0.3,276,218,494,0.494,100,reference_oracle,total_budget,1.0,0.991983893173357,
transition1x,4,above_5mev,0.3,276,218,494,0.494,104,net_force,shared_seed,0.47115384615384615,0.011436792035817857,0.2948717948717949
transition1x,4,above_5mev,0.3,276,218,494,0.494,104,rigid_force,shared_seed,0.49038461538461536,0.011521634500784219,0.32051282051282054
transition1x,4,above_5mev,0.3,276,218,494,0.494,104,force_magnitude,shared_seed,0.5096153846153846,0.9884938670978454,0.34615384615384615
transition1x,4,above_5mev,0.3,276,218,494,0.494,104,geometry_novelty,shared_seed,0.4807692307692308,0.9883426828152407,0.3076923076923077
transition1x,4,above_5mev,0.3,276,218,494,0.494,104,trees_log,shared_seed,0.6057692307692307,0.011972814153360045,0.47435897435897434
transition1x,4,above_5mev,0.3,276,218,494,0.494,104,trees_raw,shared_seed,0.625,0.9895154425962459,0.5
transition1x,4,above_5mev,0.3,276,218,494,0.494,104,trees_physics,shared_seed,0.47115384615384615,0.01141661414571976,0.2948717948717949
transition1x,4,above_5mev,0.3,276,218,494,0.494,104,ridge,shared_seed,0.6153846153846154,0.98947395443351,0.48717948717948717
transition1x,4,above_5mev,0.3,276,218,494,0.494,104,mp_ridge,shared_seed,0.625,0.9894552393909584,0.5
transition1x,4,above_5mev,0.3,276,218,494,0.494,104,reference_oracle,shared_seed,1.0,0.9909384613307722,1.0
transition1x,4,above_5mev,0.3,276,218,494,0.494,104,random,shared_seed,0.47582872928176795,0.30558342604354194,0.3011049723756906
transition1x,4,above_5mev,0.3,276,218,494,0.494,104,net_force,total_budget,0.5,0.01147868682655613,
transition1x,4,above_5mev,0.3,276,218,494,0.494,104,rigid_force,total_budget,0.47115384615384615,0.011517798249181416,
transition1x,4,above_5mev,0.3,276,218,494,0.494,104,force_magnitude,total_budget,0.5192307692307693,0.9882907337501101,
transition1x,4,above_5mev,0.3,276,218,494,0.494,104,geometry_novelty,total_budget,0.5673076923076923,0.9882855162893535,
transition1x,4,above_5mev,0.3,276,218,494,0.494,104,random,total_budget,0.494,0.494,
transition1x,4,above_5mev,0.3,276,218,494,0.494,104,reference_oracle,total_budget,1.0,0.991983893173357,
transition1x,4,above_10mev,0.3,276,218,494,0.494,1,net_force,shared_seed,0.0,0.011436792035817857,0.0
transition1x,4,above_10mev,0.3,276,218,494,0.494,1,rigid_force,shared_seed,0.0,0.011521634500784219,0.0
transition1x,4,above_10mev,0.3,276,218,494,0.494,1,force_magnitude,shared_seed,1.0,0.9884938670978454,1.0
transition1x,4,above_10mev,0.3,276,218,494,0.494,1,geometry_novelty,shared_seed,1.0,0.9883426828152407,1.0
transition1x,4,above_10mev,0.3,276,218,494,0.494,1,trees_log,shared_seed,0.0,0.011972814153360045,0.0
transition1x,4,above_10mev,0.3,276,218,494,0.494,1,trees_raw,shared_seed,1.0,0.9895154425962459,1.0
transition1x,4,above_10mev,0.3,276,218,494,0.494,1,trees_physics,shared_seed,0.0,0.01141661414571976,0.0
transition1x,4,above_10mev,0.3,276,218,494,0.494,1,ridge,shared_seed,1.0,0.98947395443351,1.0
transition1x,4,above_10mev,0.3,276,218,494,0.494,1,mp_ridge,shared_seed,1.0,0.9894552393909584,1.0
transition1x,4,above_10mev,0.3,276,218,494,0.494,1,reference_oracle,shared_seed,1.0,0.9909384613307722,1.0
transition1x,4,above_10mev,0.3,276,218,494,0.494,1,random,shared_seed,0.3011049723756906,0.30558342604354194,0.3011049723756906
transition1x,4,above_10mev,0.3,276,218,494,0.494,1,net_force,total_budget,0.0,0.01147868682655613,
transition1x,4,above_10mev,0.3,276,218,494,0.494,1,rigid_force,total_budget,0.0,0.011517798249181416,
transition1x,4,above_10mev,0.3,276,218,494,0.494,1,force_magnitude,total_budget,1.0,0.9882907337501101,
transition1x,4,above_10mev,0.3,276,218,494,0.494,1,geometry_novelty,total_budget,1.0,0.9882855162893535,
transition1x,4,above_10mev,0.3,276,218,494,0.494,1,random,total_budget,0.494,0.494,
transition1x,4,above_10mev,0.3,276,218,494,0.494,1,reference_oracle,total_budget,1.0,0.991983893173357,
transition1x,4,above_25mev,0.3,276,218,494,0.494,1,net_force,shared_seed,0.0,0.011436792035817857,0.0
transition1x,4,above_25mev,0.3,276,218,494,0.494,1,rigid_force,shared_seed,0.0,0.011521634500784219,0.0
transition1x,4,above_25mev,0.3,276,218,494,0.494,1,force_magnitude,shared_seed,1.0,0.9884938670978454,1.0
transition1x,4,above_25mev,0.3,276,218,494,0.494,1,geometry_novelty,shared_seed,1.0,0.9883426828152407,1.0
transition1x,4,above_25mev,0.3,276,218,494,0.494,1,trees_log,shared_seed,0.0,0.011972814153360045,0.0
transition1x,4,above_25mev,0.3,276,218,494,0.494,1,trees_raw,shared_seed,1.0,0.9895154425962459,1.0
transition1x,4,above_25mev,0.3,276,218,494,0.494,1,trees_physics,shared_seed,0.0,0.01141661414571976,0.0
transition1x,4,above_25mev,0.3,276,218,494,0.494,1,ridge,shared_seed,1.0,0.98947395443351,1.0
transition1x,4,above_25mev,0.3,276,218,494,0.494,1,mp_ridge,shared_seed,1.0,0.9894552393909584,1.0
transition1x,4,above_25mev,0.3,276,218,494,0.494,1,reference_oracle,shared_seed,1.0,0.9909384613307722,1.0
transition1x,4,above_25mev,0.3,276,218,494,0.494,1,random,shared_seed,0.3011049723756906,0.30558342604354194,0.3011049723756906
transition1x,4,above_25mev,0.3,276,218,494,0.494,1,net_force,total_budget,0.0,0.01147868682655613,
transition1x,4,above_25mev,0.3,276,218,494,0.494,1,rigid_force,total_budget,0.0,0.011517798249181416,
transition1x,4,above_25mev,0.3,276,218,494,0.494,1,force_magnitude,total_budget,1.0,0.9882907337501101,
transition1x,4,above_25mev,0.3,276,218,494,0.494,1,geometry_novelty,total_budget,1.0,0.9882855162893535,
transition1x,4,above_25mev,0.3,276,218,494,0.494,1,random,total_budget,0.494,0.494,
transition1x,4,above_25mev,0.3,276,218,494,0.494,1,reference_oracle,total_budget,1.0,0.991983893173357,
transition1x,4,worst_decile,0.5,276,362,638,0.638,100,net_force,shared_seed,0.59,0.014617487662659944,0.44594594594594594
transition1x,4,worst_decile,0.5,276,362,638,0.638,100,rigid_force,shared_seed,0.58,0.01462763187134588,0.43243243243243246
transition1x,4,worst_decile,0.5,276,362,638,0.638,100,force_magnitude,shared_seed,0.67,0.991646817568463,0.5540540540540541
transition1x,4,worst_decile,0.5,276,362,638,0.638,100,geometry_novelty,shared_seed,0.72,0.9917897501970941,0.6216216216216216
transition1x,4,worst_decile,0.5,276,362,638,0.638,100,trees_log,shared_seed,0.71,0.015141031706328516,0.6081081081081081
transition1x,4,worst_decile,0.5,276,362,638,0.638,100,trees_raw,shared_seed,0.72,0.9925204957146309,0.6216216216216216
transition1x,4,worst_decile,0.5,276,362,638,0.638,100,trees_physics,shared_seed,0.57,0.014634945661930928,0.4189189189189189
transition1x,4,worst_decile,0.5,276,362,638,0.638,100,ridge,shared_seed,0.85,0.9929153040278206,0.7972972972972973
transition1x,4,worst_decile,0.5,276,362,638,0.638,100,mp_ridge,shared_seed,0.83,0.9929233748004874,0.7702702702702703
transition1x,4,worst_decile,0.5,276,362,638,0.638,100,reference_oracle,shared_seed,1.0,0.9943440110517628,1.0
transition1x,4,worst_decile,0.5,276,362,638,0.638,100,random,shared_seed,0.63,0.5032039530192928,0.5
transition1x,4,worst_decile,0.5,276,362,638,0.638,100,net_force,total_budget,0.63,0.014665646986243785,
transition1x,4,worst_decile,0.5,276,362,638,0.638,100,rigid_force,total_budget,0.64,0.014887116832419172,
transition1x,4,worst_decile,0.5,276,362,638,0.638,100,force_magnitude,total_budget,0.73,0.991666769306515,
transition1x,4,worst_decile,0.5,276,362,638,0.638,100,geometry_novelty,total_budget,0.68,0.9916189075893034,
transition1x,4,worst_decile,0.5,276,362,638,0.638,100,random,total_budget,0.638,0.638,
transition1x,4,worst_decile,0.5,276,362,638,0.638,100,reference_oracle,total_budget,1.0,0.9948090617430297,
transition1x,4,above_5mev,0.5,276,362,638,0.638,104,net_force,shared_seed,0.5961538461538461,0.014617487662659944,0.46153846153846156
transition1x,4,above_5mev,0.5,276,362,638,0.638,104,rigid_force,shared_seed,0.5769230769230769,0.01462763187134588,0.4358974358974359
transition1x,4,above_5mev,0.5,276,362,638,0.638,104,force_magnitude,shared_seed,0.6538461538461539,0.991646817568463,0.5384615384615384
transition1x,4,above_5mev,0.5,276,362,638,0.638,104,geometry_novelty,shared_seed,0.7019230769230769,0.9917897501970941,0.6025641025641025
transition1x,4,above_5mev,0.5,276,362,638,0.638,104,trees_log,shared_seed,0.7115384615384616,0.015141031706328516,0.6153846153846154
transition1x,4,above_5mev,0.5,276,362,638,0.638,104,trees_raw,shared_seed,0.7019230769230769,0.9925204957146309,0.6025641025641025
transition1x,4,above_5mev,0.5,276,362,638,0.638,104,trees_physics,shared_seed,0.5769230769230769,0.014634945661930928,0.4358974358974359
transition1x,4,above_5mev,0.5,276,362,638,0.638,104,ridge,shared_seed,0.8269230769230769,0.9929153040278206,0.7692307692307693
transition1x,4,above_5mev,0.5,276,362,638,0.638,104,mp_ridge,shared_seed,0.8173076923076923,0.9929233748004874,0.7564102564102564
transition1x,4,above_5mev,0.5,276,362,638,0.638,104,reference_oracle,shared_seed,1.0,0.9943440110517628,1.0
transition1x,4,above_5mev,0.5,276,362,638,0.638,104,random,shared_seed,0.625,0.5032039530192928,0.5
transition1x,4,above_5mev,0.5,276,362,638,0.638,104,net_force,total_budget,0.6442307692307693,0.014665646986243785,
transition1x,4,above_5mev,0.5,276,362,638,0.638,104,rigid_force,total_budget,0.6442307692307693,0.014887116832419172,
transition1x,4,above_5mev,0.5,276,362,638,0.638,104,force_magnitude,total_budget,0.7211538461538461,0.991666769306515,
transition1x,4,above_5mev,0.5,276,362,638,0.638,104,geometry_novelty,total_budget,0.6826923076923077,0.9916189075893034,
transition1x,4,above_5mev,0.5,276,362,638,0.638,104,random,total_budget,0.638,0.638,
transition1x,4,above_5mev,0.5,276,362,638,0.638,104,reference_oracle,total_budget,1.0,0.9948090617430297,
transition1x,4,above_10mev,0.5,276,362,638,0.638,1,net_force,shared_seed,0.0,0.014617487662659944,0.0
transition1x,4,above_10mev,0.5,276,362,638,0.638,1,rigid_force,shared_seed,0.0,0.01462763187134588,0.0
transition1x,4,above_10mev,0.5,276,362,638,0.638,1,force_magnitude,shared_seed,1.0,0.991646817568463,1.0
transition1x,4,above_10mev,0.5,276,362,638,0.638,1,geometry_novelty,shared_seed,1.0,0.9917897501970941,1.0
transition1x,4,above_10mev,0.5,276,362,638,0.638,1,trees_log,shared_seed,0.0,0.015141031706328516,0.0
transition1x,4,above_10mev,0.5,276,362,638,0.638,1,trees_raw,shared_seed,1.0,0.9925204957146309,1.0
transition1x,4,above_10mev,0.5,276,362,638,0.638,1,trees_physics,shared_seed,0.0,0.014634945661930928,0.0
transition1x,4,above_10mev,0.5,276,362,638,0.638,1,ridge,shared_seed,1.0,0.9929153040278206,1.0
transition1x,4,above_10mev,0.5,276,362,638,0.638,1,mp_ridge,shared_seed,1.0,0.9929233748004874,1.0
transition1x,4,above_10mev,0.5,276,362,638,0.638,1,reference_oracle,shared_seed,1.0,0.9943440110517628,1.0
transition1x,4,above_10mev,0.5,276,362,638,0.638,1,random,shared_seed,0.5,0.5032039530192928,0.5
transition1x,4,above_10mev,0.5,276,362,638,0.638,1,net_force,total_budget,0.0,0.014665646986243785,
transition1x,4,above_10mev,0.5,276,362,638,0.638,1,rigid_force,total_budget,0.0,0.014887116832419172,
transition1x,4,above_10mev,0.5,276,362,638,0.638,1,force_magnitude,total_budget,1.0,0.991666769306515,
transition1x,4,above_10mev,0.5,276,362,638,0.638,1,geometry_novelty,total_budget,1.0,0.9916189075893034,
transition1x,4,above_10mev,0.5,276,362,638,0.638,1,random,total_budget,0.638,0.638,
transition1x,4,above_10mev,0.5,276,362,638,0.638,1,reference_oracle,total_budget,1.0,0.9948090617430297,
transition1x,4,above_25mev,0.5,276,362,638,0.638,1,net_force,shared_seed,0.0,0.014617487662659944,0.0
transition1x,4,above_25mev,0.5,276,362,638,0.638,1,rigid_force,shared_seed,0.0,0.01462763187134588,0.0
transition1x,4,above_25mev,0.5,276,362,638,0.638,1,force_magnitude,shared_seed,1.0,0.991646817568463,1.0
transition1x,4,above_25mev,0.5,276,362,638,0.638,1,geometry_novelty,shared_seed,1.0,0.9917897501970941,1.0
transition1x,4,above_25mev,0.5,276,362,638,0.638,1,trees_log,shared_seed,0.0,0.015141031706328516,0.0
transition1x,4,above_25mev,0.5,276,362,638,0.638,1,trees_raw,shared_seed,1.0,0.9925204957146309,1.0
transition1x,4,above_25mev,0.5,276,362,638,0.638,1,trees_physics,shared_seed,0.0,0.014634945661930928,0.0
transition1x,4,above_25mev,0.5,276,362,638,0.638,1,ridge,shared_seed,1.0,0.9929153040278206,1.0
transition1x,4,above_25mev,0.5,276,362,638,0.638,1,mp_ridge,shared_seed,1.0,0.9929233748004874,1.0
transition1x,4,above_25mev,0.5,276,362,638,0.638,1,reference_oracle,shared_seed,1.0,0.9943440110517628,1.0
transition1x,4,above_25mev,0.5,276,362,638,0.638,1,random,shared_seed,0.5,0.5032039530192928,0.5
transition1x,4,above_25mev,0.5,276,362,638,0.638,1,net_force,total_budget,0.0,0.014665646986243785,
transition1x,4,above_25mev,0.5,276,362,638,0.638,1,rigid_force,total_budget,0.0,0.014887116832419172,
transition1x,4,above_25mev,0.5,276,362,638,0.638,1,force_magnitude,total_budget,1.0,0.991666769306515,
transition1x,4,above_25mev,0.5,276,362,638,0.638,1,geometry_novelty,total_budget,1.0,0.9916189075893034,
transition1x,4,above_25mev,0.5,276,362,638,0.638,1,random,total_budget,0.638,0.638,
transition1x,4,above_25mev,0.5,276,362,638,0.638,1,reference_oracle,total_budget,1.0,0.9948090617430297,
