dataset,fold,repeat,seed_label,seed_count,pool_count,total_count,method,selected_count,recall,impact
aimnet2,0,0,10,10,799,280,trees_log,270,0.2375,0.4534266707492762
aimnet2,0,0,10,10,799,280,trees_raw,270,0.25,0.45644446144725853
aimnet2,0,0,10,10,799,280,trees_physics,270,0.5625,0.34284846992553913
aimnet2,0,0,10,10,799,280,ridge,270,0.675,0.45809918694581847
aimnet2,0,0,10,10,799,280,mp_ridge,270,0.35,0.4617127372841988
aimnet2,0,0,10,10,799,280,net_force,280,0.8875,0.39706454520096246
aimnet2,0,0,10,10,799,280,rigid_force,280,0.975,0.4013885152516627
aimnet2,0,0,10,10,799,280,force_magnitude,280,0.4125,0.32523160067786033
aimnet2,0,0,10,10,799,280,random,280,0.3504380475594493,0.3504380475594493
aimnet2,0,0,20,20,799,280,trees_log,260,0.1875,0.4429086639596974
aimnet2,0,0,20,20,799,280,trees_raw,260,0.2125,0.44694355546585235
aimnet2,0,0,20,20,799,280,trees_physics,260,0.8875,0.378284848249446
aimnet2,0,0,20,20,799,280,ridge,260,0.2125,0.4307764656784305
aimnet2,0,0,20,20,799,280,mp_ridge,260,0.2125,0.43023512108909023
aimnet2,0,0,20,20,799,280,net_force,280,0.8875,0.39706454520096246
aimnet2,0,0,20,20,799,280,rigid_force,280,0.975,0.4013885152516627
aimnet2,0,0,20,20,799,280,force_magnitude,280,0.4125,0.32523160067786033
aimnet2,0,0,20,20,799,280,random,280,0.3504380475594493,0.3504380475594493
aimnet2,0,0,50,50,799,280,trees_log,230,0.9125,0.3704514747361725
aimnet2,0,0,50,50,799,280,trees_raw,230,0.9125,0.3598236366359964
aimnet2,0,0,50,50,799,280,trees_physics,230,0.95,0.35448292449878505
aimnet2,0,0,50,50,799,280,ridge,230,0.95,0.38033106241717535
aimnet2,0,0,50,50,799,280,mp_ridge,230,0.8375,0.38376054854672187
aimnet2,0,0,50,50,799,280,net_force,280,0.8875,0.39706454520096246
aimnet2,0,0,50,50,799,280,rigid_force,280,0.975,0.4013885152516627
aimnet2,0,0,50,50,799,280,force_magnitude,280,0.4125,0.32523160067786033
aimnet2,0,0,50,50,799,280,random,280,0.3504380475594493,0.3504380475594493
aimnet2,0,0,100,100,799,280,trees_log,180,0.8875,0.2963364443684651
aimnet2,0,0,100,100,799,280,trees_raw,180,0.9375,0.295871901135814
aimnet2,0,0,100,100,799,280,trees_physics,180,0.925,0.28737529035602377
aimnet2,0,0,100,100,799,280,ridge,180,0.9625,0.31877089936330405
aimnet2,0,0,100,100,799,280,mp_ridge,180,0.9375,0.31519498969834797
aimnet2,0,0,100,100,799,280,net_force,280,0.8875,0.39706454520096246
aimnet2,0,0,100,100,799,280,rigid_force,280,0.975,0.4013885152516627
aimnet2,0,0,100,100,799,280,force_magnitude,280,0.4125,0.32523160067786033
aimnet2,0,0,100,100,799,280,random,280,0.3504380475594493,0.3504380475594493
aimnet2,0,0,full,201,799,280,trees_log,79,0.7,0.17315839726790475
aimnet2,0,0,full,201,799,280,trees_raw,79,0.7,0.17259677431490897
aimnet2,0,0,full,201,799,280,trees_physics,79,0.675,0.15992505265156878
aimnet2,0,0,full,201,799,280,ridge,79,0.725,0.1872933180738544
aimnet2,0,0,full,201,799,280,mp_ridge,79,0.7125,0.18097102572184567
aimnet2,0,0,full,201,799,280,net_force,280,0.8875,0.39706454520096246
aimnet2,0,0,full,201,799,280,rigid_force,280,0.975,0.4013885152516627
aimnet2,0,0,full,201,799,280,force_magnitude,280,0.4125,0.32523160067786033
aimnet2,0,0,full,201,799,280,random,280,0.3504380475594493,0.3504380475594493
aimnet2,0,1,10,10,799,280,trees_log,270,0.725,0.2920444622413914
aimnet2,0,1,10,10,799,280,trees_raw,270,0.725,0.29218171917478786
aimnet2,0,1,10,10,799,280,trees_physics,270,0.8875,0.3864310281081884
aimnet2,0,1,10,10,799,280,ridge,270,0.8375,0.3096164256117379
aimnet2,0,1,10,10,799,280,mp_ridge,270,0.775,0.2831400906519264
aimnet2,0,1,10,10,799,280,net_force,280,0.8875,0.39706454520096246
aimnet2,0,1,10,10,799,280,rigid_force,280,0.975,0.4013885152516627
aimnet2,0,1,10,10,799,280,force_magnitude,280,0.4125,0.32523160067786033
aimnet2,0,1,10,10,799,280,random,280,0.3504380475594493,0.3504380475594493
aimnet2,0,1,20,20,799,280,trees_log,260,0.9375,0.37779263871135343
aimnet2,0,1,20,20,799,280,trees_raw,260,0.925,0.3690310182908492
aimnet2,0,1,20,20,799,280,trees_physics,260,0.9625,0.3801311406833851
aimnet2,0,1,20,20,799,280,ridge,260,0.8375,0.42861052360467655
aimnet2,0,1,20,20,799,280,mp_ridge,260,0.8125,0.29445649348965847
aimnet2,0,1,20,20,799,280,net_force,280,0.8875,0.39706454520096246
aimnet2,0,1,20,20,799,280,rigid_force,280,0.975,0.4013885152516627
aimnet2,0,1,20,20,799,280,force_magnitude,280,0.4125,0.32523160067786033
aimnet2,0,1,20,20,799,280,random,280,0.3504380475594493,0.3504380475594493
aimnet2,0,1,50,50,799,280,trees_log,230,0.9375,0.3394516112305779
aimnet2,0,1,50,50,799,280,trees_raw,230,0.925,0.3329270158059436
aimnet2,0,1,50,50,799,280,trees_physics,230,0.9625,0.3487040480021858
aimnet2,0,1,50,50,799,280,ridge,230,0.9625,0.36656468992980057
aimnet2,0,1,50,50,799,280,mp_ridge,230,0.8375,0.2686551295868285
aimnet2,0,1,50,50,799,280,net_force,280,0.8875,0.39706454520096246
aimnet2,0,1,50,50,799,280,rigid_force,280,0.975,0.4013885152516627
aimnet2,0,1,50,50,799,280,force_magnitude,280,0.4125,0.32523160067786033
aimnet2,0,1,50,50,799,280,random,280,0.3504380475594493,0.3504380475594493
aimnet2,0,1,100,100,799,280,trees_log,180,0.9625,0.31050633964305924
aimnet2,0,1,100,100,799,280,trees_raw,180,0.975,0.3073851269858669
aimnet2,0,1,100,100,799,280,trees_physics,180,0.9125,0.28300445756216164
aimnet2,0,1,100,100,799,280,ridge,180,0.95,0.32670486181745195
aimnet2,0,1,100,100,799,280,mp_ridge,180,0.8875,0.3354561274123431
aimnet2,0,1,100,100,799,280,net_force,280,0.8875,0.39706454520096246
aimnet2,0,1,100,100,799,280,rigid_force,280,0.975,0.4013885152516627
aimnet2,0,1,100,100,799,280,force_magnitude,280,0.4125,0.32523160067786033
aimnet2,0,1,100,100,799,280,random,280,0.3504380475594493,0.3504380475594493
aimnet2,0,1,full,201,799,280,trees_log,79,0.7,0.17315839726790477
aimnet2,0,1,full,201,799,280,trees_raw,79,0.7125,0.17448854977006598
aimnet2,0,1,full,201,799,280,trees_physics,79,0.675,0.1600100290003522
aimnet2,0,1,full,201,799,280,ridge,79,0.725,0.1872933180738544
aimnet2,0,1,full,201,799,280,mp_ridge,79,0.7125,0.18097102572184567
aimnet2,0,1,full,201,799,280,net_force,280,0.8875,0.39706454520096246
aimnet2,0,1,full,201,799,280,rigid_force,280,0.975,0.4013885152516627
aimnet2,0,1,full,201,799,280,force_magnitude,280,0.4125,0.32523160067786033
aimnet2,0,1,full,201,799,280,random,280,0.3504380475594493,0.3504380475594493
aimnet2,0,2,10,10,799,280,trees_log,270,0.1375,0.4013565719205716
aimnet2,0,2,10,10,799,280,trees_raw,270,0.1375,0.4023932581055044
aimnet2,0,2,10,10,799,280,trees_physics,270,0.7625,0.36235842744873226
aimnet2,0,2,10,10,799,280,ridge,270,0.8875,0.48059835655569977
aimnet2,0,2,10,10,799,280,mp_ridge,270,0.525,0.5015487347287518
aimnet2,0,2,10,10,799,280,net_force,280,0.8875,0.39706454520096246
aimnet2,0,2,10,10,799,280,rigid_force,280,0.975,0.4013885152516627
aimnet2,0,2,10,10,799,280,force_magnitude,280,0.4125,0.32523160067786033
aimnet2,0,2,10,10,799,280,random,280,0.3504380475594493,0.3504380475594493
aimnet2,0,2,20,20,799,280,trees_log,260,0.6875,0.4355132923145519
aimnet2,0,2,20,20,799,280,trees_raw,260,0.825,0.4407675710910162
aimnet2,0,2,20,20,799,280,trees_physics,260,0.975,0.3798691658499662
aimnet2,0,2,20,20,799,280,ridge,260,0.9375,0.4358492693143557
aimnet2,0,2,20,20,799,280,mp_ridge,260,0.5875,0.47789198831828783
aimnet2,0,2,20,20,799,280,net_force,280,0.8875,0.39706454520096246
aimnet2,0,2,20,20,799,280,rigid_force,280,0.975,0.4013885152516627
aimnet2,0,2,20,20,799,280,force_magnitude,280,0.4125,0.32523160067786033
aimnet2,0,2,20,20,799,280,random,280,0.3504380475594493,0.3504380475594493
aimnet2,0,2,50,50,799,280,trees_log,230,0.925,0.4176278338803285
aimnet2,0,2,50,50,799,280,trees_raw,230,0.95,0.41234524835236025
aimnet2,0,2,50,50,799,280,trees_physics,230,0.9625,0.34799389611501996
aimnet2,0,2,50,50,799,280,ridge,230,0.775,0.4266190515451492
aimnet2,0,2,50,50,799,280,mp_ridge,230,0.975,0.4037084830619048
aimnet2,0,2,50,50,799,280,net_force,280,0.8875,0.39706454520096246
aimnet2,0,2,50,50,799,280,rigid_force,280,0.975,0.4013885152516627
aimnet2,0,2,50,50,799,280,force_magnitude,280,0.4125,0.32523160067786033
aimnet2,0,2,50,50,799,280,random,280,0.3504380475594493,0.3504380475594493
aimnet2,0,2,100,100,799,280,trees_log,180,0.9625,0.3268644280859911
aimnet2,0,2,100,100,799,280,trees_raw,180,0.9625,0.3283805183749599
aimnet2,0,2,100,100,799,280,trees_physics,180,0.925,0.28835468230070593
aimnet2,0,2,100,100,799,280,ridge,180,0.9375,0.33759130393955394
aimnet2,0,2,100,100,799,280,mp_ridge,180,0.8875,0.33325606055905566
aimnet2,0,2,100,100,799,280,net_force,280,0.8875,0.39706454520096246
aimnet2,0,2,100,100,799,280,rigid_force,280,0.975,0.4013885152516627
aimnet2,0,2,100,100,799,280,force_magnitude,280,0.4125,0.32523160067786033
aimnet2,0,2,100,100,799,280,random,280,0.3504380475594493,0.3504380475594493
aimnet2,0,2,full,201,799,280,trees_log,79,0.7,0.17322583259225202
aimnet2,0,2,full,201,799,280,trees_raw,79,0.7,0.17259677431490897
aimnet2,0,2,full,201,799,280,trees_physics,79,0.675,0.15922542899874534
aimnet2,0,2,full,201,799,280,ridge,79,0.725,0.1872933180738544
aimnet2,0,2,full,201,799,280,mp_ridge,79,0.7125,0.18097102572184567
aimnet2,0,2,full,201,799,280,net_force,280,0.8875,0.39706454520096246
aimnet2,0,2,full,201,799,280,rigid_force,280,0.975,0.4013885152516627
aimnet2,0,2,full,201,799,280,force_magnitude,280,0.4125,0.32523160067786033
aimnet2,0,2,full,201,799,280,random,280,0.3504380475594493,0.3504380475594493
aimnet2,0,3,10,10,799,280,trees_log,270,0.575,0.30190334680513414
aimnet2,0,3,10,10,799,280,trees_raw,270,0.6375,0.2954532648537738
aimnet2,0,3,10,10,799,280,trees_physics,270,0.675,0.3527873378742231
aimnet2,0,3,10,10,799,280,ridge,270,0.6125,0.26561807115654784
aimnet2,0,3,10,10,799,280,mp_ridge,270,0.6125,0.26561807115654784
aimnet2,0,3,10,10,799,280,net_force,280,0.8875,0.39706454520096246
aimnet2,0,3,10,10,799,280,rigid_force,280,0.975,0.4013885152516627
aimnet2,0,3,10,10,799,280,force_magnitude,280,0.4125,0.32523160067786033
aimnet2,0,3,10,10,799,280,random,280,0.3504380475594493,0.3504380475594493
aimnet2,0,3,20,20,799,280,trees_log,260,0.8375,0.37118074359813347
aimnet2,0,3,20,20,799,280,trees_raw,260,0.85,0.36534694267328244
aimnet2,0,3,20,20,799,280,trees_physics,260,0.8875,0.37303915306875485
aimnet2,0,3,20,20,799,280,ridge,260,0.8875,0.3962895763353707
aimnet2,0,3,20,20,799,280,mp_ridge,260,0.6875,0.4154310133102543
aimnet2,0,3,20,20,799,280,net_force,280,0.8875,0.39706454520096246
aimnet2,0,3,20,20,799,280,rigid_force,280,0.975,0.4013885152516627
aimnet2,0,3,20,20,799,280,force_magnitude,280,0.4125,0.32523160067786033
aimnet2,0,3,20,20,799,280,random,280,0.3504380475594493,0.3504380475594493
aimnet2,0,3,50,50,799,280,trees_log,230,0.9125,0.3661831006888577
aimnet2,0,3,50,50,799,280,trees_raw,230,0.95,0.3648388091490576
aimnet2,0,3,50,50,799,280,trees_physics,230,0.9625,0.3483405999128249
aimnet2,0,3,50,50,799,280,ridge,230,0.95,0.39957439239874926
aimnet2,0,3,50,50,799,280,mp_ridge,230,0.8,0.404016878542702
aimnet2,0,3,50,50,799,280,net_force,280,0.8875,0.39706454520096246
aimnet2,0,3,50,50,799,280,rigid_force,280,0.975,0.4013885152516627
aimnet2,0,3,50,50,799,280,force_magnitude,280,0.4125,0.32523160067786033
aimnet2,0,3,50,50,799,280,random,280,0.3504380475594493,0.3504380475594493
aimnet2,0,3,100,100,799,280,trees_log,180,0.925,0.30223395851557994
aimnet2,0,3,100,100,799,280,trees_raw,180,0.9375,0.30163666094019304
aimnet2,0,3,100,100,799,280,trees_physics,180,0.925,0.2881939862703296
aimnet2,0,3,100,100,799,280,ridge,180,0.9375,0.3207899374945937
aimnet2,0,3,100,100,799,280,mp_ridge,180,0.8125,0.3141040554926209
aimnet2,0,3,100,100,799,280,net_force,280,0.8875,0.39706454520096246
aimnet2,0,3,100,100,799,280,rigid_force,280,0.975,0.4013885152516627
aimnet2,0,3,100,100,799,280,force_magnitude,280,0.4125,0.32523160067786033
aimnet2,0,3,100,100,799,280,random,280,0.3504380475594493,0.3504380475594493
aimnet2,0,3,full,201,799,280,trees_log,79,0.6875,0.1729633041991248
aimnet2,0,3,full,201,799,280,trees_raw,79,0.7125,0.17264520043253476
aimnet2,0,3,full,201,799,280,trees_physics,79,0.675,0.16005130189731756
aimnet2,0,3,full,201,799,280,ridge,79,0.725,0.1872933180738544
aimnet2,0,3,full,201,799,280,mp_ridge,79,0.7125,0.18097102572184567
aimnet2,0,3,full,201,799,280,net_force,280,0.8875,0.39706454520096246
aimnet2,0,3,full,201,799,280,rigid_force,280,0.975,0.4013885152516627
aimnet2,0,3,full,201,799,280,force_magnitude,280,0.4125,0.32523160067786033
aimnet2,0,3,full,201,799,280,random,280,0.3504380475594493,0.3504380475594493
aimnet2,0,4,10,10,799,280,trees_log,270,0.9625,0.4124082822296467
aimnet2,0,4,10,10,799,280,trees_raw,270,0.975,0.4128509656741282
aimnet2,0,4,10,10,799,280,trees_physics,270,0.9625,0.38935586906863706
aimnet2,0,4,10,10,799,280,ridge,270,0.9125,0.3955615551032292
aimnet2,0,4,10,10,799,280,mp_ridge,270,0.7125,0.4934719983768196
aimnet2,0,4,10,10,799,280,net_force,280,0.8875,0.39706454520096246
aimnet2,0,4,10,10,799,280,rigid_force,280,0.975,0.4013885152516627
aimnet2,0,4,10,10,799,280,force_magnitude,280,0.4125,0.32523160067786033
aimnet2,0,4,10,10,799,280,random,280,0.3504380475594493,0.3504380475594493
aimnet2,0,4,20,20,799,280,trees_log,260,0.9875,0.39607607684339396
aimnet2,0,4,20,20,799,280,trees_raw,260,0.9875,0.39847053492244733
aimnet2,0,4,20,20,799,280,trees_physics,260,0.9625,0.37740813152762565
aimnet2,0,4,20,20,799,280,ridge,260,0.925,0.4116626601990072
aimnet2,0,4,20,20,799,280,mp_ridge,260,0.8375,0.38496786374905745
aimnet2,0,4,20,20,799,280,net_force,280,0.8875,0.39706454520096246
aimnet2,0,4,20,20,799,280,rigid_force,280,0.975,0.4013885152516627
aimnet2,0,4,20,20,799,280,force_magnitude,280,0.4125,0.32523160067786033
aimnet2,0,4,20,20,799,280,random,280,0.3504380475594493,0.3504380475594493
aimnet2,0,4,50,50,799,280,trees_log,230,0.9625,0.3652558169874465
aimnet2,0,4,50,50,799,280,trees_raw,230,0.95,0.35336799383093637
aimnet2,0,4,50,50,799,280,trees_physics,230,0.975,0.3490522271478554
aimnet2,0,4,50,50,799,280,ridge,230,0.9625,0.388621484456948
aimnet2,0,4,50,50,799,280,mp_ridge,230,0.8875,0.38029083743233966
aimnet2,0,4,50,50,799,280,net_force,280,0.8875,0.39706454520096246
aimnet2,0,4,50,50,799,280,rigid_force,280,0.975,0.4013885152516627
aimnet2,0,4,50,50,799,280,force_magnitude,280,0.4125,0.32523160067786033
aimnet2,0,4,50,50,799,280,random,280,0.3504380475594493,0.3504380475594493
aimnet2,0,4,100,100,799,280,trees_log,180,0.9375,0.3064133314928311
aimnet2,0,4,100,100,799,280,trees_raw,180,0.975,0.30911069433994565
aimnet2,0,4,100,100,799,280,trees_physics,180,0.925,0.288541079519667
aimnet2,0,4,100,100,799,280,ridge,180,0.925,0.3285242212889618
aimnet2,0,4,100,100,799,280,mp_ridge,180,0.8875,0.31698235483477694
aimnet2,0,4,100,100,799,280,net_force,280,0.8875,0.39706454520096246
aimnet2,0,4,100,100,799,280,rigid_force,280,0.975,0.4013885152516627
aimnet2,0,4,100,100,799,280,force_magnitude,280,0.4125,0.32523160067786033
aimnet2,0,4,100,100,799,280,random,280,0.3504380475594493,0.3504380475594493
aimnet2,0,4,full,201,799,280,trees_log,79,0.6875,0.17234958052188148
aimnet2,0,4,full,201,799,280,trees_raw,79,0.7,0.17319084694072653
aimnet2,0,4,full,201,799,280,trees_physics,79,0.675,0.1598837797546034
aimnet2,0,4,full,201,799,280,ridge,79,0.725,0.1872933180738544
aimnet2,0,4,full,201,799,280,mp_ridge,79,0.7125,0.18097102572184567
aimnet2,0,4,full,201,799,280,net_force,280,0.8875,0.39706454520096246
aimnet2,0,4,full,201,799,280,rigid_force,280,0.975,0.4013885152516627
aimnet2,0,4,full,201,799,280,force_magnitude,280,0.4125,0.32523160067786033
aimnet2,0,4,full,201,799,280,random,280,0.3504380475594493,0.3504380475594493
aimnet2,1,0,10,10,798,280,trees_log,270,0.4625,0.30262518379311426
aimnet2,1,0,10,10,798,280,trees_raw,270,0.4625,0.30395695398768957
aimnet2,1,0,10,10,798,280,trees_physics,270,0.6625,0.35386232991307276
aimnet2,1,0,10,10,798,280,ridge,270,0.6,0.3567026196261249
aimnet2,1,0,10,10,798,280,mp_ridge,270,0.625,0.3045962124673314
aimnet2,1,0,10,10,798,280,net_force,280,0.8875,0.41386649060767855
aimnet2,1,0,10,10,798,280,rigid_force,280,0.95,0.4182358511373478
aimnet2,1,0,10,10,798,280,force_magnitude,280,0.3625,0.3245968044139289
aimnet2,1,0,10,10,798,280,random,280,0.3508771929824561,0.3508771929824561
aimnet2,1,0,20,20,798,280,trees_log,260,0.95,0.38965629377708494
aimnet2,1,0,20,20,798,280,trees_raw,260,0.95,0.38968581956816045
aimnet2,1,0,20,20,798,280,trees_physics,260,0.95,0.39128862466097647
aimnet2,1,0,20,20,798,280,ridge,260,0.95,0.46082591233730374
aimnet2,1,0,20,20,798,280,mp_ridge,260,0.875,0.3351918622984422
aimnet2,1,0,20,20,798,280,net_force,280,0.8875,0.41386649060767855
aimnet2,1,0,20,20,798,280,rigid_force,280,0.95,0.4182358511373478
aimnet2,1,0,20,20,798,280,force_magnitude,280,0.3625,0.3245968044139289
aimnet2,1,0,20,20,798,280,random,280,0.3508771929824561,0.3508771929824561
aimnet2,1,0,50,50,798,280,trees_log,230,0.95,0.38701094151391235
aimnet2,1,0,50,50,798,280,trees_raw,230,0.95,0.38435319120872274
aimnet2,1,0,50,50,798,280,trees_physics,230,0.95,0.36536124874735565
aimnet2,1,0,50,50,798,280,ridge,230,0.95,0.40721889024625113
aimnet2,1,0,50,50,798,280,mp_ridge,230,0.8875,0.4155240588392223
aimnet2,1,0,50,50,798,280,net_force,280,0.8875,0.41386649060767855
aimnet2,1,0,50,50,798,280,rigid_force,280,0.95,0.4182358511373478
aimnet2,1,0,50,50,798,280,force_magnitude,280,0.3625,0.3245968044139289
aimnet2,1,0,50,50,798,280,random,280,0.3508771929824561,0.3508771929824561
aimnet2,1,0,100,100,798,280,trees_log,180,0.95,0.32419507119968116
aimnet2,1,0,100,100,798,280,trees_raw,180,0.9375,0.3187694569041552
aimnet2,1,0,100,100,798,280,trees_physics,180,0.9125,0.29798545643199953
aimnet2,1,0,100,100,798,280,ridge,180,0.9,0.3535127728826591
aimnet2,1,0,100,100,798,280,mp_ridge,180,0.9125,0.33793036686658734
aimnet2,1,0,100,100,798,280,net_force,280,0.8875,0.41386649060767855
aimnet2,1,0,100,100,798,280,rigid_force,280,0.95,0.4182358511373478
aimnet2,1,0,100,100,798,280,force_magnitude,280,0.3625,0.3245968044139289
aimnet2,1,0,100,100,798,280,random,280,0.3508771929824561,0.3508771929824561
aimnet2,1,0,full,202,798,280,trees_log,78,0.6625,0.17634895775508894
aimnet2,1,0,full,202,798,280,trees_raw,78,0.7,0.17714461995231973
aimnet2,1,0,full,202,798,280,trees_physics,78,0.7,0.17651088822763267
aimnet2,1,0,full,202,798,280,ridge,78,0.7125,0.17866935109368515
aimnet2,1,0,full,202,798,280,mp_ridge,78,0.725,0.18555749178244002
aimnet2,1,0,full,202,798,280,net_force,280,0.8875,0.41386649060767855
aimnet2,1,0,full,202,798,280,rigid_force,280,0.95,0.4182358511373478
aimnet2,1,0,full,202,798,280,force_magnitude,280,0.3625,0.3245968044139289
aimnet2,1,0,full,202,798,280,random,280,0.3508771929824561,0.3508771929824561
aimnet2,1,1,10,10,798,280,trees_log,270,0.3,0.47491624794400955
aimnet2,1,1,10,10,798,280,trees_raw,270,0.3125,0.47215766245811247
aimnet2,1,1,10,10,798,280,trees_physics,270,0.7875,0.37531885370827467
aimnet2,1,1,10,10,798,280,ridge,270,0.95,0.4849339898288361
aimnet2,1,1,10,10,798,280,mp_ridge,270,0.9,0.5007281323153566
aimnet2,1,1,10,10,798,280,net_force,280,0.8875,0.41386649060767855
aimnet2,1,1,10,10,798,280,rigid_force,280,0.95,0.4182358511373478
aimnet2,1,1,10,10,798,280,force_magnitude,280,0.3625,0.3245968044139289
aimnet2,1,1,10,10,798,280,random,280,0.3508771929824561,0.3508771929824561
aimnet2,1,1,20,20,798,280,trees_log,260,0.9625,0.42132032368941674
aimnet2,1,1,20,20,798,280,trees_raw,260,0.9625,0.41828154449744326
aimnet2,1,1,20,20,798,280,trees_physics,260,0.95,0.393890686476994
aimnet2,1,1,20,20,798,280,ridge,260,0.8875,0.46189180851720224
aimnet2,1,1,20,20,798,280,mp_ridge,260,0.925,0.465676460116006
aimnet2,1,1,20,20,798,280,net_force,280,0.8875,0.41386649060767855
aimnet2,1,1,20,20,798,280,rigid_force,280,0.95,0.4182358511373478
aimnet2,1,1,20,20,798,280,force_magnitude,280,0.3625,0.3245968044139289
aimnet2,1,1,20,20,798,280,random,280,0.3508771929824561,0.3508771929824561
aimnet2,1,1,50,50,798,280,trees_log,230,0.95,0.3672987805302058
aimnet2,1,1,50,50,798,280,trees_raw,230,0.925,0.35539021096212287
aimnet2,1,1,50,50,798,280,trees_physics,230,0.95,0.36246878522227055
aimnet2,1,1,50,50,798,280,ridge,230,0.975,0.38486528938933295
aimnet2,1,1,50,50,798,280,mp_ridge,230,0.8375,0.28754397394209175
aimnet2,1,1,50,50,798,280,net_force,280,0.8875,0.41386649060767855
aimnet2,1,1,50,50,798,280,rigid_force,280,0.95,0.4182358511373478
aimnet2,1,1,50,50,798,280,force_magnitude,280,0.3625,0.3245968044139289
aimnet2,1,1,50,50,798,280,random,280,0.3508771929824561,0.3508771929824561
aimnet2,1,1,100,100,798,280,trees_log,180,0.925,0.3174874396776168
aimnet2,1,1,100,100,798,280,trees_raw,180,0.925,0.3148863471234364
aimnet2,1,1,100,100,798,280,trees_physics,180,0.925,0.30173637324487407
aimnet2,1,1,100,100,798,280,ridge,180,0.9375,0.33033344475861
aimnet2,1,1,100,100,798,280,mp_ridge,180,0.975,0.34821100032357194
aimnet2,1,1,100,100,798,280,net_force,280,0.8875,0.41386649060767855
aimnet2,1,1,100,100,798,280,rigid_force,280,0.95,0.4182358511373478
aimnet2,1,1,100,100,798,280,force_magnitude,280,0.3625,0.3245968044139289
aimnet2,1,1,100,100,798,280,random,280,0.3508771929824561,0.3508771929824561
aimnet2,1,1,full,202,798,280,trees_log,78,0.6625,0.17485242312594582
aimnet2,1,1,full,202,798,280,trees_raw,78,0.675,0.17345705165843336
aimnet2,1,1,full,202,798,280,trees_physics,78,0.7125,0.17693146260024428
aimnet2,1,1,full,202,798,280,ridge,78,0.7125,0.17866935109368515
aimnet2,1,1,full,202,798,280,mp_ridge,78,0.725,0.18555749178244002
aimnet2,1,1,full,202,798,280,net_force,280,0.8875,0.41386649060767855
aimnet2,1,1,full,202,798,280,rigid_force,280,0.95,0.4182358511373478
aimnet2,1,1,full,202,798,280,force_magnitude,280,0.3625,0.3245968044139289
aimnet2,1,1,full,202,798,280,random,280,0.3508771929824561,0.3508771929824561
aimnet2,1,2,10,10,798,280,trees_log,270,0.1,0.382019695140341
aimnet2,1,2,10,10,798,280,trees_raw,270,0.15,0.36757098564925433
aimnet2,1,2,10,10,798,280,trees_physics,270,0.0125,0.29961466005845744
aimnet2,1,2,10,10,798,280,ridge,270,0.2375,0.4358323714693874
aimnet2,1,2,10,10,798,280,mp_ridge,270,0.2375,0.4343601295172045
aimnet2,1,2,10,10,798,280,net_force,280,0.8875,0.41386649060767855
aimnet2,1,2,10,10,798,280,rigid_force,280,0.95,0.4182358511373478
aimnet2,1,2,10,10,798,280,force_magnitude,280,0.3625,0.3245968044139289
aimnet2,1,2,10,10,798,280,random,280,0.3508771929824561,0.3508771929824561
aimnet2,1,2,20,20,798,280,trees_log,260,0.925,0.43183531670377767
aimnet2,1,2,20,20,798,280,trees_raw,260,0.925,0.4271899989992013
aimnet2,1,2,20,20,798,280,trees_physics,260,0.9,0.39075937994759047
aimnet2,1,2,20,20,798,280,ridge,260,0.55,0.5016271005942441
aimnet2,1,2,20,20,798,280,mp_ridge,260,0.5625,0.5007995503637562
aimnet2,1,2,20,20,798,280,net_force,280,0.8875,0.41386649060767855
aimnet2,1,2,20,20,798,280,rigid_force,280,0.95,0.4182358511373478
aimnet2,1,2,20,20,798,280,force_magnitude,280,0.3625,0.3245968044139289
aimnet2,1,2,20,20,798,280,random,280,0.3508771929824561,0.3508771929824561
aimnet2,1,2,50,50,798,280,trees_log,230,0.9625,0.41714128011669344
aimnet2,1,2,50,50,798,280,trees_raw,230,0.95,0.41084239131065453
aimnet2,1,2,50,50,798,280,trees_physics,230,0.9375,0.36396406093032857
aimnet2,1,2,50,50,798,280,ridge,230,0.9375,0.4398058235127659
aimnet2,1,2,50,50,798,280,mp_ridge,230,0.8875,0.4432457822688672
aimnet2,1,2,50,50,798,280,net_force,280,0.8875,0.41386649060767855
aimnet2,1,2,50,50,798,280,rigid_force,280,0.95,0.4182358511373478
aimnet2,1,2,50,50,798,280,force_magnitude,280,0.3625,0.3245968044139289
aimnet2,1,2,50,50,798,280,random,280,0.3508771929824561,0.3508771929824561
aimnet2,1,2,100,100,798,280,trees_log,180,0.95,0.32194513133599467
aimnet2,1,2,100,100,798,280,trees_raw,180,0.9625,0.3243573258896883
aimnet2,1,2,100,100,798,280,trees_physics,180,0.925,0.30416200430567997
aimnet2,1,2,100,100,798,280,ridge,180,0.925,0.3532123214734297
aimnet2,1,2,100,100,798,280,mp_ridge,180,0.8875,0.3622278735372751
aimnet2,1,2,100,100,798,280,net_force,280,0.8875,0.41386649060767855
aimnet2,1,2,100,100,798,280,rigid_force,280,0.95,0.4182358511373478
aimnet2,1,2,100,100,798,280,force_magnitude,280,0.3625,0.3245968044139289
aimnet2,1,2,100,100,798,280,random,280,0.3508771929824561,0.3508771929824561
aimnet2,1,2,full,202,798,280,trees_log,78,0.6625,0.17485242312594582
aimnet2,1,2,full,202,798,280,trees_raw,78,0.6875,0.17570689339437592
aimnet2,1,2,full,202,798,280,trees_physics,78,0.7,0.17639096728494083
aimnet2,1,2,full,202,798,280,ridge,78,0.7125,0.17866935109368515
aimnet2,1,2,full,202,798,280,mp_ridge,78,0.725,0.18555749178244002
aimnet2,1,2,full,202,798,280,net_force,280,0.8875,0.41386649060767855
aimnet2,1,2,full,202,798,280,rigid_force,280,0.95,0.4182358511373478
aimnet2,1,2,full,202,798,280,force_magnitude,280,0.3625,0.3245968044139289
aimnet2,1,2,full,202,798,280,random,280,0.3508771929824561,0.3508771929824561
aimnet2,1,3,10,10,798,280,trees_log,270,0.5125,0.4043549031768293
aimnet2,1,3,10,10,798,280,trees_raw,270,0.5125,0.4028308658438869
aimnet2,1,3,10,10,798,280,trees_physics,270,0.95,0.4057026958390341
aimnet2,1,3,10,10,798,280,ridge,270,0.9,0.4433041834135678
aimnet2,1,3,10,10,798,280,mp_ridge,270,0.775,0.5073616193435793
aimnet2,1,3,10,10,798,280,net_force,280,0.8875,0.41386649060767855
aimnet2,1,3,10,10,798,280,rigid_force,280,0.95,0.4182358511373478
aimnet2,1,3,10,10,798,280,force_magnitude,280,0.3625,0.3245968044139289
aimnet2,1,3,10,10,798,280,random,280,0.3508771929824561,0.3508771929824561
aimnet2,1,3,20,20,798,280,trees_log,260,0.925,0.4059916087550818
aimnet2,1,3,20,20,798,280,trees_raw,260,0.9375,0.39587946933332474
aimnet2,1,3,20,20,798,280,trees_physics,260,0.9375,0.3947346165144612
aimnet2,1,3,20,20,798,280,ridge,260,0.925,0.427538561851412
aimnet2,1,3,20,20,798,280,mp_ridge,260,0.8875,0.34228336732499587
aimnet2,1,3,20,20,798,280,net_force,280,0.8875,0.41386649060767855
aimnet2,1,3,20,20,798,280,rigid_force,280,0.95,0.4182358511373478
aimnet2,1,3,20,20,798,280,force_magnitude,280,0.3625,0.3245968044139289
aimnet2,1,3,20,20,798,280,random,280,0.3508771929824561,0.3508771929824561
aimnet2,1,3,50,50,798,280,trees_log,230,0.9625,0.3820035469762317
aimnet2,1,3,50,50,798,280,trees_raw,230,0.975,0.38125696388556607
aimnet2,1,3,50,50,798,280,trees_physics,230,0.9375,0.35975531697402907
aimnet2,1,3,50,50,798,280,ridge,230,0.95,0.4058854565142248
aimnet2,1,3,50,50,798,280,mp_ridge,230,0.9,0.4264116218486542
aimnet2,1,3,50,50,798,280,net_force,280,0.8875,0.41386649060767855
aimnet2,1,3,50,50,798,280,rigid_force,280,0.95,0.4182358511373478
aimnet2,1,3,50,50,798,280,force_magnitude,280,0.3625,0.3245968044139289
aimnet2,1,3,50,50,798,280,random,280,0.3508771929824561,0.3508771929824561
aimnet2,1,3,100,100,798,280,trees_log,180,0.9375,0.3162211391361471
aimnet2,1,3,100,100,798,280,trees_raw,180,0.9375,0.3111884228707489
aimnet2,1,3,100,100,798,280,trees_physics,180,0.925,0.30347550388120176
aimnet2,1,3,100,100,798,280,ridge,180,0.925,0.3353742319868323
aimnet2,1,3,100,100,798,280,mp_ridge,180,0.9125,0.3519782062544634
aimnet2,1,3,100,100,798,280,net_force,280,0.8875,0.41386649060767855
aimnet2,1,3,100,100,798,280,rigid_force,280,0.95,0.4182358511373478
aimnet2,1,3,100,100,798,280,force_magnitude,280,0.3625,0.3245968044139289
aimnet2,1,3,100,100,798,280,random,280,0.3508771929824561,0.3508771929824561
aimnet2,1,3,full,202,798,280,trees_log,78,0.675,0.17747677740218543
aimnet2,1,3,full,202,798,280,trees_raw,78,0.6875,0.1768001161524771
aimnet2,1,3,full,202,798,280,trees_physics,78,0.7,0.17559059084099096
aimnet2,1,3,full,202,798,280,ridge,78,0.7125,0.17866935109368515
aimnet2,1,3,full,202,798,280,mp_ridge,78,0.725,0.18555749178244002
aimnet2,1,3,full,202,798,280,net_force,280,0.8875,0.41386649060767855
aimnet2,1,3,full,202,798,280,rigid_force,280,0.95,0.4182358511373478
aimnet2,1,3,full,202,798,280,force_magnitude,280,0.3625,0.3245968044139289
aimnet2,1,3,full,202,798,280,random,280,0.3508771929824561,0.3508771929824561
aimnet2,1,4,10,10,798,280,trees_log,270,0.2375,0.29619463941346513
aimnet2,1,4,10,10,798,280,trees_raw,270,0.2625,0.3044928213010827
aimnet2,1,4,10,10,798,280,trees_physics,270,0.4875,0.3237399511515196
aimnet2,1,4,10,10,798,280,ridge,270,0.425,0.3273551922277994
aimnet2,1,4,10,10,798,280,mp_ridge,270,0.325,0.2692567476090957
aimnet2,1,4,10,10,798,280,net_force,280,0.8875,0.41386649060767855
aimnet2,1,4,10,10,798,280,rigid_force,280,0.95,0.4182358511373478
aimnet2,1,4,10,10,798,280,force_magnitude,280,0.3625,0.3245968044139289
aimnet2,1,4,10,10,798,280,random,280,0.3508771929824561,0.3508771929824561
aimnet2,1,4,20,20,798,280,trees_log,260,0.575,0.2928318545012836
aimnet2,1,4,20,20,798,280,trees_raw,260,0.6125,0.29534307397220133
aimnet2,1,4,20,20,798,280,trees_physics,260,0.9,0.3903503849500391
aimnet2,1,4,20,20,798,280,ridge,260,0.5875,0.2524613751213916
aimnet2,1,4,20,20,798,280,mp_ridge,260,0.5875,0.25199975797114066
aimnet2,1,4,20,20,798,280,net_force,280,0.8875,0.41386649060767855
aimnet2,1,4,20,20,798,280,rigid_force,280,0.95,0.4182358511373478
aimnet2,1,4,20,20,798,280,force_magnitude,280,0.3625,0.3245968044139289
aimnet2,1,4,20,20,798,280,random,280,0.3508771929824561,0.3508771929824561
aimnet2,1,4,50,50,798,280,trees_log,230,0.9375,0.37320961421503474
aimnet2,1,4,50,50,798,280,trees_raw,230,0.9375,0.36880836508055437
aimnet2,1,4,50,50,798,280,trees_physics,230,0.95,0.36428988977907967
aimnet2,1,4,50,50,798,280,ridge,230,0.9375,0.41895387939467255
aimnet2,1,4,50,50,798,280,mp_ridge,230,0.8375,0.42982284425728967
aimnet2,1,4,50,50,798,280,net_force,280,0.8875,0.41386649060767855
aimnet2,1,4,50,50,798,280,rigid_force,280,0.95,0.4182358511373478
aimnet2,1,4,50,50,798,280,force_magnitude,280,0.3625,0.3245968044139289
aimnet2,1,4,50,50,798,280,random,280,0.3508771929824561,0.3508771929824561
aimnet2,1,4,100,100,798,280,trees_log,180,0.9375,0.3123251211296953
aimnet2,1,4,100,100,798,280,trees_raw,180,0.9375,0.3128212070596086
aimnet2,1,4,100,100,798,280,trees_physics,180,0.925,0.30292347109361484
aimnet2,1,4,100,100,798,280,ridge,180,0.9375,0.33356233440324545
aimnet2,1,4,100,100,798,280,mp_ridge,180,0.9125,0.35580629782830175
aimnet2,1,4,100,100,798,280,net_force,280,0.8875,0.41386649060767855
aimnet2,1,4,100,100,798,280,rigid_force,280,0.95,0.4182358511373478
aimnet2,1,4,100,100,798,280,force_magnitude,280,0.3625,0.3245968044139289
aimnet2,1,4,100,100,798,280,random,280,0.3508771929824561,0.3508771929824561
aimnet2,1,4,full,202,798,280,trees_log,78,0.6875,0.1797195321971019
aimnet2,1,4,full,202,798,280,trees_raw,78,0.675,0.1746918914045035
aimnet2,1,4,full,202,798,280,trees_physics,78,0.7,0.17559059084099093
aimnet2,1,4,full,202,798,280,ridge,78,0.7125,0.17866935109368515
aimnet2,1,4,full,202,798,280,mp_ridge,78,0.725,0.18555749178244002
aimnet2,1,4,full,202,798,280,net_force,280,0.8875,0.41386649060767855
aimnet2,1,4,full,202,798,280,rigid_force,280,0.95,0.4182358511373478
aimnet2,1,4,full,202,798,280,force_magnitude,280,0.3625,0.3245968044139289
aimnet2,1,4,full,202,798,280,random,280,0.3508771929824561,0.3508771929824561
aimnet2,2,0,10,10,776,280,trees_log,270,0.21794871794871795,0.4358195889063407
aimnet2,2,0,10,10,776,280,trees_raw,270,0.21794871794871795,0.4407966277342064
aimnet2,2,0,10,10,776,280,trees_physics,270,0.7692307692307693,0.395779917534377
aimnet2,2,0,10,10,776,280,ridge,270,0.717948717948718,0.4705206437795188
aimnet2,2,0,10,10,776,280,mp_ridge,270,0.44871794871794873,0.4854940037505312
aimnet2,2,0,10,10,776,280,net_force,280,0.8717948717948718,0.4247187657302218
aimnet2,2,0,10,10,776,280,rigid_force,280,0.9487179487179487,0.42385860286301474
aimnet2,2,0,10,10,776,280,force_magnitude,280,0.3974358974358974,0.33538409894293886
aimnet2,2,0,10,10,776,280,random,280,0.36082474226804123,0.36082474226804123
aimnet2,2,0,20,20,776,280,trees_log,260,0.2692307692307692,0.37208048022886236
aimnet2,2,0,20,20,776,280,trees_raw,260,0.3333333333333333,0.36728115666769057
aimnet2,2,0,20,20,776,280,trees_physics,260,0.3717948717948718,0.326010168772265
aimnet2,2,0,20,20,776,280,ridge,260,0.46153846153846156,0.4833000731631324
aimnet2,2,0,20,20,776,280,mp_ridge,260,0.48717948717948717,0.4841825277004513
aimnet2,2,0,20,20,776,280,net_force,280,0.8717948717948718,0.4247187657302218
aimnet2,2,0,20,20,776,280,rigid_force,280,0.9487179487179487,0.42385860286301474
aimnet2,2,0,20,20,776,280,force_magnitude,280,0.3974358974358974,0.33538409894293886
aimnet2,2,0,20,20,776,280,random,280,0.36082474226804123,0.36082474226804123
aimnet2,2,0,50,50,776,280,trees_log,230,0.8205128205128205,0.41339717483202354
aimnet2,2,0,50,50,776,280,trees_raw,230,0.8333333333333334,0.40650378032247464
aimnet2,2,0,50,50,776,280,trees_physics,230,0.9487179487179487,0.3681991934276196
aimnet2,2,0,50,50,776,280,ridge,230,0.8333333333333334,0.43763624164591214
aimnet2,2,0,50,50,776,280,mp_ridge,230,0.8461538461538461,0.42619682446044665
aimnet2,2,0,50,50,776,280,net_force,280,0.8717948717948718,0.4247187657302218
aimnet2,2,0,50,50,776,280,rigid_force,280,0.9487179487179487,0.42385860286301474
aimnet2,2,0,50,50,776,280,force_magnitude,280,0.3974358974358974,0.33538409894293886
aimnet2,2,0,50,50,776,280,random,280,0.36082474226804123,0.36082474226804123
aimnet2,2,0,100,100,776,280,trees_log,180,0.8974358974358975,0.32683895970803484
aimnet2,2,0,100,100,776,280,trees_raw,180,0.9102564102564102,0.31727513429913423
aimnet2,2,0,100,100,776,280,trees_physics,180,0.9102564102564102,0.30834965265187586
aimnet2,2,0,100,100,776,280,ridge,180,0.9487179487179487,0.35053216560768524
aimnet2,2,0,100,100,776,280,mp_ridge,180,0.8589743589743589,0.34837537620648745
aimnet2,2,0,100,100,776,280,net_force,280,0.8717948717948718,0.4247187657302218
aimnet2,2,0,100,100,776,280,rigid_force,280,0.9487179487179487,0.42385860286301474
aimnet2,2,0,100,100,776,280,force_magnitude,280,0.3974358974358974,0.33538409894293886
aimnet2,2,0,100,100,776,280,random,280,0.36082474226804123,0.36082474226804123
aimnet2,2,0,full,224,776,280,trees_log,56,0.5897435897435898,0.14090504300824536
aimnet2,2,0,full,224,776,280,trees_raw,56,0.6025641025641025,0.14152638856525274
aimnet2,2,0,full,224,776,280,trees_physics,56,0.5769230769230769,0.12832811169964717
aimnet2,2,0,full,224,776,280,ridge,56,0.5769230769230769,0.1520318420352464
aimnet2,2,0,full,224,776,280,mp_ridge,56,0.5769230769230769,0.14624454015586508
aimnet2,2,0,full,224,776,280,net_force,280,0.8717948717948718,0.4247187657302218
aimnet2,2,0,full,224,776,280,rigid_force,280,0.9487179487179487,0.42385860286301474
aimnet2,2,0,full,224,776,280,force_magnitude,280,0.3974358974358974,0.33538409894293886
aimnet2,2,0,full,224,776,280,random,280,0.36082474226804123,0.36082474226804123
aimnet2,2,1,10,10,776,280,trees_log,270,0.6538461538461539,0.3759990234250915
aimnet2,2,1,10,10,776,280,trees_raw,270,0.6282051282051282,0.36456029270190315
aimnet2,2,1,10,10,776,280,trees_physics,270,0.8717948717948718,0.4132917128423716
aimnet2,2,1,10,10,776,280,ridge,270,0.8846153846153846,0.43566180624781814
aimnet2,2,1,10,10,776,280,mp_ridge,270,0.8717948717948718,0.43143910126398477
aimnet2,2,1,10,10,776,280,net_force,280,0.8717948717948718,0.4247187657302218
aimnet2,2,1,10,10,776,280,rigid_force,280,0.9487179487179487,0.42385860286301474
aimnet2,2,1,10,10,776,280,force_magnitude,280,0.3974358974358974,0.33538409894293886
aimnet2,2,1,10,10,776,280,random,280,0.36082474226804123,0.36082474226804123
aimnet2,2,1,20,20,776,280,trees_log,260,0.9230769230769231,0.4075621295976261
aimnet2,2,1,20,20,776,280,trees_raw,260,0.9230769230769231,0.40991242543721634
aimnet2,2,1,20,20,776,280,trees_physics,260,0.8846153846153846,0.4008728873006999
aimnet2,2,1,20,20,776,280,ridge,260,0.9230769230769231,0.4085076948314776
aimnet2,2,1,20,20,776,280,mp_ridge,260,0.9230769230769231,0.4085076948314776
aimnet2,2,1,20,20,776,280,net_force,280,0.8717948717948718,0.4247187657302218
aimnet2,2,1,20,20,776,280,rigid_force,280,0.9487179487179487,0.42385860286301474
aimnet2,2,1,20,20,776,280,force_magnitude,280,0.3974358974358974,0.33538409894293886
aimnet2,2,1,20,20,776,280,random,280,0.36082474226804123,0.36082474226804123
aimnet2,2,1,50,50,776,280,trees_log,230,0.9230769230769231,0.38980093806186916
aimnet2,2,1,50,50,776,280,trees_raw,230,0.9230769230769231,0.391764928992275
aimnet2,2,1,50,50,776,280,trees_physics,230,0.8846153846153846,0.3625767945706127
aimnet2,2,1,50,50,776,280,ridge,230,0.9487179487179487,0.4060852514455544
aimnet2,2,1,50,50,776,280,mp_ridge,230,0.9102564102564102,0.3527826663316908
aimnet2,2,1,50,50,776,280,net_force,280,0.8717948717948718,0.4247187657302218
aimnet2,2,1,50,50,776,280,rigid_force,280,0.9487179487179487,0.42385860286301474
aimnet2,2,1,50,50,776,280,force_magnitude,280,0.3974358974358974,0.33538409894293886
aimnet2,2,1,50,50,776,280,random,280,0.36082474226804123,0.36082474226804123
aimnet2,2,1,100,100,776,280,trees_log,180,0.9102564102564102,0.31631014982609
aimnet2,2,1,100,100,776,280,trees_raw,180,0.9102564102564102,0.31708898529200813
aimnet2,2,1,100,100,776,280,trees_physics,180,0.9102564102564102,0.3083783614213948
aimnet2,2,1,100,100,776,280,ridge,180,0.8974358974358975,0.3336344331981492
aimnet2,2,1,100,100,776,280,mp_ridge,180,0.8846153846153846,0.34228414226475745
aimnet2,2,1,100,100,776,280,net_force,280,0.8717948717948718,0.4247187657302218
aimnet2,2,1,100,100,776,280,rigid_force,280,0.9487179487179487,0.42385860286301474
aimnet2,2,1,100,100,776,280,force_magnitude,280,0.3974358974358974,0.33538409894293886
aimnet2,2,1,100,100,776,280,random,280,0.36082474226804123,0.36082474226804123
aimnet2,2,1,full,224,776,280,trees_log,56,0.5897435897435898,0.13404331611624704
aimnet2,2,1,full,224,776,280,trees_raw,56,0.5897435897435898,0.13496707762711338
aimnet2,2,1,full,224,776,280,trees_physics,56,0.5769230769230769,0.12832811169964717
aimnet2,2,1,full,224,776,280,ridge,56,0.5769230769230769,0.1520318420352464
aimnet2,2,1,full,224,776,280,mp_ridge,56,0.5769230769230769,0.14624454015586508
aimnet2,2,1,full,224,776,280,net_force,280,0.8717948717948718,0.4247187657302218
aimnet2,2,1,full,224,776,280,rigid_force,280,0.9487179487179487,0.42385860286301474
aimnet2,2,1,full,224,776,280,force_magnitude,280,0.3974358974358974,0.33538409894293886
aimnet2,2,1,full,224,776,280,random,280,0.36082474226804123,0.36082474226804123
aimnet2,2,2,10,10,776,280,trees_log,270,0.5256410256410257,0.2391950516021632
aimnet2,2,2,10,10,776,280,trees_raw,270,0.5256410256410257,0.24141869455079087
aimnet2,2,2,10,10,776,280,trees_physics,270,0.6025641025641025,0.37492364091846175
aimnet2,2,2,10,10,776,280,ridge,270,0.44871794871794873,0.2854960482130962
aimnet2,2,2,10,10,776,280,mp_ridge,270,0.7051282051282052,0.3003535482079303
aimnet2,2,2,10,10,776,280,net_force,280,0.8717948717948718,0.4247187657302218
aimnet2,2,2,10,10,776,280,rigid_force,280,0.9487179487179487,0.42385860286301474
aimnet2,2,2,10,10,776,280,force_magnitude,280,0.3974358974358974,0.33538409894293886
aimnet2,2,2,10,10,776,280,random,280,0.36082474226804123,0.36082474226804123
aimnet2,2,2,20,20,776,280,trees_log,260,0.6794871794871795,0.3419412840326969
aimnet2,2,2,20,20,776,280,trees_raw,260,0.7051282051282052,0.34983811839253887
aimnet2,2,2,20,20,776,280,trees_physics,260,0.8717948717948718,0.40031112265427726
aimnet2,2,2,20,20,776,280,ridge,260,0.8076923076923077,0.39641730267715025
aimnet2,2,2,20,20,776,280,mp_ridge,260,0.8846153846153846,0.3396576922096532
aimnet2,2,2,20,20,776,280,net_force,280,0.8717948717948718,0.4247187657302218
aimnet2,2,2,20,20,776,280,rigid_force,280,0.9487179487179487,0.42385860286301474
aimnet2,2,2,20,20,776,280,force_magnitude,280,0.3974358974358974,0.33538409894293886
aimnet2,2,2,20,20,776,280,random,280,0.36082474226804123,0.36082474226804123
aimnet2,2,2,50,50,776,280,trees_log,230,0.9487179487179487,0.36888849464247864
aimnet2,2,2,50,50,776,280,trees_raw,230,0.9487179487179487,0.36853390801349617
aimnet2,2,2,50,50,776,280,trees_physics,230,0.9230769230769231,0.3638650942267925
aimnet2,2,2,50,50,776,280,ridge,230,0.9487179487179487,0.40454595167760776
aimnet2,2,2,50,50,776,280,mp_ridge,230,0.8333333333333334,0.3064069152052777
aimnet2,2,2,50,50,776,280,net_force,280,0.8717948717948718,0.4247187657302218
aimnet2,2,2,50,50,776,280,rigid_force,280,0.9487179487179487,0.42385860286301474
aimnet2,2,2,50,50,776,280,force_magnitude,280,0.3974358974358974,0.33538409894293886
aimnet2,2,2,50,50,776,280,random,280,0.36082474226804123,0.36082474226804123
aimnet2,2,2,100,100,776,280,trees_log,180,0.9230769230769231,0.31839484837211113
aimnet2,2,2,100,100,776,280,trees_raw,180,0.9230769230769231,0.3113517711362895
aimnet2,2,2,100,100,776,280,trees_physics,180,0.9230769230769231,0.31039407633707594
aimnet2,2,2,100,100,776,280,ridge,180,0.9358974358974359,0.3483692671375969
aimnet2,2,2,100,100,776,280,mp_ridge,180,0.9102564102564102,0.3508228776185363
aimnet2,2,2,100,100,776,280,net_force,280,0.8717948717948718,0.4247187657302218
aimnet2,2,2,100,100,776,280,rigid_force,280,0.9487179487179487,0.42385860286301474
aimnet2,2,2,100,100,776,280,force_magnitude,280,0.3974358974358974,0.33538409894293886
aimnet2,2,2,100,100,776,280,random,280,0.36082474226804123,0.36082474226804123
aimnet2,2,2,full,224,776,280,trees_log,56,0.5897435897435898,0.14090504300824536
aimnet2,2,2,full,224,776,280,trees_raw,56,0.5897435897435898,0.13556199757285772
aimnet2,2,2,full,224,776,280,trees_physics,56,0.5512820512820513,0.12690144899450342
aimnet2,2,2,full,224,776,280,ridge,56,0.5769230769230769,0.1520318420352464
aimnet2,2,2,full,224,776,280,mp_ridge,56,0.5769230769230769,0.14624454015586508
aimnet2,2,2,full,224,776,280,net_force,280,0.8717948717948718,0.4247187657302218
aimnet2,2,2,full,224,776,280,rigid_force,280,0.9487179487179487,0.42385860286301474
aimnet2,2,2,full,224,776,280,force_magnitude,280,0.3974358974358974,0.33538409894293886
aimnet2,2,2,full,224,776,280,random,280,0.36082474226804123,0.36082474226804123
aimnet2,2,3,10,10,776,280,trees_log,270,0.6282051282051282,0.43394540990379105
aimnet2,2,3,10,10,776,280,trees_raw,270,0.6282051282051282,0.43337141920503863
aimnet2,2,3,10,10,776,280,trees_physics,270,0.8717948717948718,0.41507213227526446
aimnet2,2,3,10,10,776,280,ridge,270,0.8717948717948718,0.4765916415690417
aimnet2,2,3,10,10,776,280,mp_ridge,270,0.9230769230769231,0.46521481599323516
aimnet2,2,3,10,10,776,280,net_force,280,0.8717948717948718,0.4247187657302218
aimnet2,2,3,10,10,776,280,rigid_force,280,0.9487179487179487,0.42385860286301474
aimnet2,2,3,10,10,776,280,force_magnitude,280,0.3974358974358974,0.33538409894293886
aimnet2,2,3,10,10,776,280,random,280,0.36082474226804123,0.36082474226804123
aimnet2,2,3,20,20,776,280,trees_log,260,0.9230769230769231,0.43131782792434226
aimnet2,2,3,20,20,776,280,trees_raw,260,0.9230769230769231,0.4319838947750436
aimnet2,2,3,20,20,776,280,trees_physics,260,0.9487179487179487,0.40222629802437787
aimnet2,2,3,20,20,776,280,ridge,260,0.9358974358974359,0.4703892209063673
aimnet2,2,3,20,20,776,280,mp_ridge,260,0.6923076923076923,0.49151563158992084
aimnet2,2,3,20,20,776,280,net_force,280,0.8717948717948718,0.4247187657302218
aimnet2,2,3,20,20,776,280,rigid_force,280,0.9487179487179487,0.42385860286301474
aimnet2,2,3,20,20,776,280,force_magnitude,280,0.3974358974358974,0.33538409894293886
aimnet2,2,3,20,20,776,280,random,280,0.36082474226804123,0.36082474226804123
aimnet2,2,3,50,50,776,280,trees_log,230,0.9102564102564102,0.3966534300927828
aimnet2,2,3,50,50,776,280,trees_raw,230,0.9230769230769231,0.392686453884691
aimnet2,2,3,50,50,776,280,trees_physics,230,0.9487179487179487,0.36793376693282787
aimnet2,2,3,50,50,776,280,ridge,230,0.9487179487179487,0.42375394633125535
aimnet2,2,3,50,50,776,280,mp_ridge,230,0.8205128205128205,0.38826180369036406
aimnet2,2,3,50,50,776,280,net_force,280,0.8717948717948718,0.4247187657302218
aimnet2,2,3,50,50,776,280,rigid_force,280,0.9487179487179487,0.42385860286301474
aimnet2,2,3,50,50,776,280,force_magnitude,280,0.3974358974358974,0.33538409894293886
aimnet2,2,3,50,50,776,280,random,280,0.36082474226804123,0.36082474226804123
aimnet2,2,3,100,100,776,280,trees_log,180,0.9102564102564102,0.32225073825476996
aimnet2,2,3,100,100,776,280,trees_raw,180,0.9230769230769231,0.32450960686874486
aimnet2,2,3,100,100,776,280,trees_physics,180,0.9230769230769231,0.3108373251915356
aimnet2,2,3,100,100,776,280,ridge,180,0.9102564102564102,0.3580213380058088
aimnet2,2,3,100,100,776,280,mp_ridge,180,0.8717948717948718,0.3547351596523807
aimnet2,2,3,100,100,776,280,net_force,280,0.8717948717948718,0.4247187657302218
aimnet2,2,3,100,100,776,280,rigid_force,280,0.9487179487179487,0.42385860286301474
aimnet2,2,3,100,100,776,280,force_magnitude,280,0.3974358974358974,0.33538409894293886
aimnet2,2,3,100,100,776,280,random,280,0.36082474226804123,0.36082474226804123
aimnet2,2,3,full,224,776,280,trees_log,56,0.5897435897435898,0.14124528617748547
aimnet2,2,3,full,224,776,280,trees_raw,56,0.5897435897435898,0.13891225628930004
aimnet2,2,3,full,224,776,280,trees_physics,56,0.5641025641025641,0.12973853431526244
aimnet2,2,3,full,224,776,280,ridge,56,0.5769230769230769,0.1520318420352464
aimnet2,2,3,full,224,776,280,mp_ridge,56,0.5769230769230769,0.14624454015586508
aimnet2,2,3,full,224,776,280,net_force,280,0.8717948717948718,0.4247187657302218
aimnet2,2,3,full,224,776,280,rigid_force,280,0.9487179487179487,0.42385860286301474
aimnet2,2,3,full,224,776,280,force_magnitude,280,0.3974358974358974,0.33538409894293886
aimnet2,2,3,full,224,776,280,random,280,0.36082474226804123,0.36082474226804123
aimnet2,2,4,10,10,776,280,trees_log,270,0.5,0.3318031847228874
aimnet2,2,4,10,10,776,280,trees_raw,270,0.5128205128205128,0.31830152495138353
aimnet2,2,4,10,10,776,280,trees_physics,270,0.8717948717948718,0.4185924679470073
aimnet2,2,4,10,10,776,280,ridge,270,0.41025641025641024,0.34146428905778947
aimnet2,2,4,10,10,776,280,mp_ridge,270,0.5256410256410257,0.33655810433304456
aimnet2,2,4,10,10,776,280,net_force,280,0.8717948717948718,0.4247187657302218
aimnet2,2,4,10,10,776,280,rigid_force,280,0.9487179487179487,0.42385860286301474
aimnet2,2,4,10,10,776,280,force_magnitude,280,0.3974358974358974,0.33538409894293886
aimnet2,2,4,10,10,776,280,random,280,0.36082474226804123,0.36082474226804123
aimnet2,2,4,20,20,776,280,trees_log,260,0.8717948717948718,0.3913427039703065
aimnet2,2,4,20,20,776,280,trees_raw,260,0.9487179487179487,0.40569189288712015
aimnet2,2,4,20,20,776,280,trees_physics,260,0.8974358974358975,0.39482983600225857
aimnet2,2,4,20,20,776,280,ridge,260,0.9615384615384616,0.3967465154726921
aimnet2,2,4,20,20,776,280,mp_ridge,260,0.8589743589743589,0.3399251085424756
aimnet2,2,4,20,20,776,280,net_force,280,0.8717948717948718,0.4247187657302218
aimnet2,2,4,20,20,776,280,rigid_force,280,0.9487179487179487,0.42385860286301474
aimnet2,2,4,20,20,776,280,force_magnitude,280,0.3974358974358974,0.33538409894293886
aimnet2,2,4,20,20,776,280,random,280,0.36082474226804123,0.36082474226804123
aimnet2,2,4,50,50,776,280,trees_log,230,0.9487179487179487,0.36779345743211317
aimnet2,2,4,50,50,776,280,trees_raw,230,0.9487179487179487,0.3683645979915767
aimnet2,2,4,50,50,776,280,trees_physics,230,0.9487179487179487,0.3674713915330297
aimnet2,2,4,50,50,776,280,ridge,230,0.9615384615384616,0.3832777942898968
aimnet2,2,4,50,50,776,280,mp_ridge,230,0.9358974358974359,0.3812538491813857
aimnet2,2,4,50,50,776,280,net_force,280,0.8717948717948718,0.4247187657302218
aimnet2,2,4,50,50,776,280,rigid_force,280,0.9487179487179487,0.42385860286301474
aimnet2,2,4,50,50,776,280,force_magnitude,280,0.3974358974358974,0.33538409894293886
aimnet2,2,4,50,50,776,280,random,280,0.36082474226804123,0.36082474226804123
aimnet2,2,4,100,100,776,280,trees_log,180,0.9230769230769231,0.32013026677613665
aimnet2,2,4,100,100,776,280,trees_raw,180,0.9230769230769231,0.315420969544244
aimnet2,2,4,100,100,776,280,trees_physics,180,0.9358974358974359,0.3124154471942368
aimnet2,2,4,100,100,776,280,ridge,180,0.9487179487179487,0.33879407105960957
aimnet2,2,4,100,100,776,280,mp_ridge,180,0.9487179487179487,0.3506645569801544
aimnet2,2,4,100,100,776,280,net_force,280,0.8717948717948718,0.4247187657302218
aimnet2,2,4,100,100,776,280,rigid_force,280,0.9487179487179487,0.42385860286301474
aimnet2,2,4,100,100,776,280,force_magnitude,280,0.3974358974358974,0.33538409894293886
aimnet2,2,4,100,100,776,280,random,280,0.36082474226804123,0.36082474226804123
aimnet2,2,4,full,224,776,280,trees_log,56,0.5641025641025641,0.1350155385898844
aimnet2,2,4,full,224,776,280,trees_raw,56,0.5897435897435898,0.1346382360619914
aimnet2,2,4,full,224,776,280,trees_physics,56,0.5512820512820513,0.12690144899450342
aimnet2,2,4,full,224,776,280,ridge,56,0.5769230769230769,0.1520318420352464
aimnet2,2,4,full,224,776,280,mp_ridge,56,0.5769230769230769,0.14624454015586508
aimnet2,2,4,full,224,776,280,net_force,280,0.8717948717948718,0.4247187657302218
aimnet2,2,4,full,224,776,280,rigid_force,280,0.9487179487179487,0.42385860286301474
aimnet2,2,4,full,224,776,280,force_magnitude,280,0.3974358974358974,0.33538409894293886
aimnet2,2,4,full,224,776,280,random,280,0.36082474226804123,0.36082474226804123
aimnet2,3,0,10,10,831,280,trees_log,270,0.4880952380952381,0.26102045681163805
aimnet2,3,0,10,10,831,280,trees_raw,270,0.5119047619047619,0.27376496719512866
aimnet2,3,0,10,10,831,280,trees_physics,270,0.6309523809523809,0.33699636238883723
aimnet2,3,0,10,10,831,280,ridge,270,0.9761904761904762,0.4252182029374374
aimnet2,3,0,10,10,831,280,mp_ridge,270,0.9761904761904762,0.42639427838629007
aimnet2,3,0,10,10,831,280,net_force,280,0.8809523809523809,0.4044762787043957
aimnet2,3,0,10,10,831,280,rigid_force,280,0.9404761904761905,0.406163320005652
aimnet2,3,0,10,10,831,280,force_magnitude,280,0.40476190476190477,0.3163458651270199
aimnet2,3,0,10,10,831,280,random,280,0.3369434416365824,0.3369434416365824
aimnet2,3,0,20,20,831,280,trees_log,260,0.6785714285714286,0.3712164408018984
aimnet2,3,0,20,20,831,280,trees_raw,260,0.6547619047619048,0.3650968214731508
aimnet2,3,0,20,20,831,280,trees_physics,260,0.9047619047619048,0.37514715593496806
aimnet2,3,0,20,20,831,280,ridge,260,0.9404761904761905,0.4337334013369898
aimnet2,3,0,20,20,831,280,mp_ridge,260,0.9642857142857143,0.4038707745789912
aimnet2,3,0,20,20,831,280,net_force,280,0.8809523809523809,0.4044762787043957
aimnet2,3,0,20,20,831,280,rigid_force,280,0.9404761904761905,0.406163320005652
aimnet2,3,0,20,20,831,280,force_magnitude,280,0.40476190476190477,0.3163458651270199
aimnet2,3,0,20,20,831,280,random,280,0.3369434416365824,0.3369434416365824
aimnet2,3,0,50,50,831,280,trees_log,230,0.9523809523809523,0.3930760635342034
aimnet2,3,0,50,50,831,280,trees_raw,230,0.9642857142857143,0.3911984755912077
aimnet2,3,0,50,50,831,280,trees_physics,230,0.9285714285714286,0.36057817134252235
aimnet2,3,0,50,50,831,280,ridge,230,0.9404761904761905,0.4030005629490313
aimnet2,3,0,50,50,831,280,mp_ridge,230,0.9047619047619048,0.40011136828514604
aimnet2,3,0,50,50,831,280,net_force,280,0.8809523809523809,0.4044762787043957
aimnet2,3,0,50,50,831,280,rigid_force,280,0.9404761904761905,0.406163320005652
aimnet2,3,0,50,50,831,280,force_magnitude,280,0.40476190476190477,0.3163458651270199
aimnet2,3,0,50,50,831,280,random,280,0.3369434416365824,0.3369434416365824
aimnet2,3,0,100,100,831,280,trees_log,180,0.9285714285714286,0.3204751269959728
aimnet2,3,0,100,100,831,280,trees_raw,180,0.9285714285714286,0.317419313038882
aimnet2,3,0,100,100,831,280,trees_physics,180,0.9047619047619048,0.300485700130635
aimnet2,3,0,100,100,831,280,ridge,180,0.9285714285714286,0.34016745285893235
aimnet2,3,0,100,100,831,280,mp_ridge,180,0.9047619047619048,0.34182416860349185
aimnet2,3,0,100,100,831,280,net_force,280,0.8809523809523809,0.4044762787043957
aimnet2,3,0,100,100,831,280,rigid_force,280,0.9404761904761905,0.406163320005652
aimnet2,3,0,100,100,831,280,force_magnitude,280,0.40476190476190477,0.3163458651270199
aimnet2,3,0,100,100,831,280,random,280,0.3369434416365824,0.3369434416365824
aimnet2,3,0,full,169,831,280,trees_log,111,0.7857142857142857,0.21666023715866276
aimnet2,3,0,full,169,831,280,trees_raw,111,0.7976190476190477,0.21920695931608158
aimnet2,3,0,full,169,831,280,trees_physics,111,0.7380952380952381,0.20533271586173713
aimnet2,3,0,full,169,831,280,ridge,111,0.8809523809523809,0.2523853069288498
aimnet2,3,0,full,169,831,280,mp_ridge,111,0.8333333333333334,0.23653645100715276
aimnet2,3,0,full,169,831,280,net_force,280,0.8809523809523809,0.4044762787043957
aimnet2,3,0,full,169,831,280,rigid_force,280,0.9404761904761905,0.406163320005652
aimnet2,3,0,full,169,831,280,force_magnitude,280,0.40476190476190477,0.3163458651270199
aimnet2,3,0,full,169,831,280,random,280,0.3369434416365824,0.3369434416365824
aimnet2,3,1,10,10,831,280,trees_log,270,0.5952380952380952,0.38123688526913424
aimnet2,3,1,10,10,831,280,trees_raw,270,0.5833333333333334,0.3790006312099743
aimnet2,3,1,10,10,831,280,trees_physics,270,0.42857142857142855,0.317060297891501
aimnet2,3,1,10,10,831,280,ridge,270,0.8333333333333334,0.39696795595157175
aimnet2,3,1,10,10,831,280,mp_ridge,270,0.8452380952380952,0.40099933516931974
aimnet2,3,1,10,10,831,280,net_force,280,0.8809523809523809,0.4044762787043957
aimnet2,3,1,10,10,831,280,rigid_force,280,0.9404761904761905,0.406163320005652
aimnet2,3,1,10,10,831,280,force_magnitude,280,0.40476190476190477,0.3163458651270199
aimnet2,3,1,10,10,831,280,random,280,0.3369434416365824,0.3369434416365824
aimnet2,3,1,20,20,831,280,trees_log,260,0.6071428571428571,0.4054372265969252
aimnet2,3,1,20,20,831,280,trees_raw,260,0.5952380952380952,0.4126355211173326
aimnet2,3,1,20,20,831,280,trees_physics,260,0.5595238095238095,0.3203938532622713
aimnet2,3,1,20,20,831,280,ridge,260,0.9761904761904762,0.42395262970463615
aimnet2,3,1,20,20,831,280,mp_ridge,260,0.9761904761904762,0.42395262970463615
aimnet2,3,1,20,20,831,280,net_force,280,0.8809523809523809,0.4044762787043957
aimnet2,3,1,20,20,831,280,rigid_force,280,0.9404761904761905,0.406163320005652
aimnet2,3,1,20,20,831,280,force_magnitude,280,0.40476190476190477,0.3163458651270199
aimnet2,3,1,20,20,831,280,random,280,0.3369434416365824,0.3369434416365824
aimnet2,3,1,50,50,831,280,trees_log,230,0.9166666666666666,0.3519503559576578
aimnet2,3,1,50,50,831,280,trees_raw,230,0.9285714285714286,0.35467576951249574
aimnet2,3,1,50,50,831,280,trees_physics,230,0.9404761904761905,0.3582221506576783
aimnet2,3,1,50,50,831,280,ridge,230,0.9523809523809523,0.38635133513858044
aimnet2,3,1,50,50,831,280,mp_ridge,230,0.8809523809523809,0.3934208434441864
aimnet2,3,1,50,50,831,280,net_force,280,0.8809523809523809,0.4044762787043957
aimnet2,3,1,50,50,831,280,rigid_force,280,0.9404761904761905,0.406163320005652
aimnet2,3,1,50,50,831,280,force_magnitude,280,0.40476190476190477,0.3163458651270199
aimnet2,3,1,50,50,831,280,random,280,0.3369434416365824,0.3369434416365824
aimnet2,3,1,100,100,831,280,trees_log,180,0.9047619047619048,0.311859718160199
aimnet2,3,1,100,100,831,280,trees_raw,180,0.9047619047619048,0.30927553511712796
aimnet2,3,1,100,100,831,280,trees_physics,180,0.8928571428571429,0.29235478671467774
aimnet2,3,1,100,100,831,280,ridge,180,0.9285714285714286,0.34032241954930254
aimnet2,3,1,100,100,831,280,mp_ridge,180,0.8214285714285714,0.3187485030687049
aimnet2,3,1,100,100,831,280,net_force,280,0.8809523809523809,0.4044762787043957
aimnet2,3,1,100,100,831,280,rigid_force,280,0.9404761904761905,0.406163320005652
aimnet2,3,1,100,100,831,280,force_magnitude,280,0.40476190476190477,0.3163458651270199
aimnet2,3,1,100,100,831,280,random,280,0.3369434416365824,0.3369434416365824
aimnet2,3,1,full,169,831,280,trees_log,111,0.7976190476190477,0.21871749250626124
aimnet2,3,1,full,169,831,280,trees_raw,111,0.7857142857142857,0.21561891543976167
aimnet2,3,1,full,169,831,280,trees_physics,111,0.7380952380952381,0.20558520622242665
aimnet2,3,1,full,169,831,280,ridge,111,0.8809523809523809,0.2523853069288498
aimnet2,3,1,full,169,831,280,mp_ridge,111,0.8333333333333334,0.23653645100715276
aimnet2,3,1,full,169,831,280,net_force,280,0.8809523809523809,0.4044762787043957
aimnet2,3,1,full,169,831,280,rigid_force,280,0.9404761904761905,0.406163320005652
aimnet2,3,1,full,169,831,280,force_magnitude,280,0.40476190476190477,0.3163458651270199
aimnet2,3,1,full,169,831,280,random,280,0.3369434416365824,0.3369434416365824
aimnet2,3,2,10,10,831,280,trees_log,270,0.7261904761904762,0.3093566773114069
aimnet2,3,2,10,10,831,280,trees_raw,270,0.7142857142857143,0.3091682478316384
aimnet2,3,2,10,10,831,280,trees_physics,270,0.8928571428571429,0.3889220496101822
aimnet2,3,2,10,10,831,280,ridge,270,0.9047619047619048,0.4161604815267267
aimnet2,3,2,10,10,831,280,mp_ridge,270,0.9047619047619048,0.3496588852196906
aimnet2,3,2,10,10,831,280,net_force,280,0.8809523809523809,0.4044762787043957
aimnet2,3,2,10,10,831,280,rigid_force,280,0.9404761904761905,0.406163320005652
aimnet2,3,2,10,10,831,280,force_magnitude,280,0.40476190476190477,0.3163458651270199
aimnet2,3,2,10,10,831,280,random,280,0.3369434416365824,0.3369434416365824
aimnet2,3,2,20,20,831,280,trees_log,260,0.7619047619047619,0.3650948305577581
aimnet2,3,2,20,20,831,280,trees_raw,260,0.75,0.3602519709005754
aimnet2,3,2,20,20,831,280,trees_physics,260,0.8809523809523809,0.3810896442803034
aimnet2,3,2,20,20,831,280,ridge,260,0.9285714285714286,0.42029317291188784
aimnet2,3,2,20,20,831,280,mp_ridge,260,0.9642857142857143,0.41819027956808963
aimnet2,3,2,20,20,831,280,net_force,280,0.8809523809523809,0.4044762787043957
aimnet2,3,2,20,20,831,280,rigid_force,280,0.9404761904761905,0.406163320005652
aimnet2,3,2,20,20,831,280,force_magnitude,280,0.40476190476190477,0.3163458651270199
aimnet2,3,2,20,20,831,280,random,280,0.3369434416365824,0.3369434416365824
aimnet2,3,2,50,50,831,280,trees_log,230,0.9404761904761905,0.3807600432615836
aimnet2,3,2,50,50,831,280,trees_raw,230,0.9404761904761905,0.3790236216063965
aimnet2,3,2,50,50,831,280,trees_physics,230,0.9166666666666666,0.34631956524187224
aimnet2,3,2,50,50,831,280,ridge,230,0.9642857142857143,0.39895213461067797
aimnet2,3,2,50,50,831,280,mp_ridge,230,0.9166666666666666,0.3767615531887128
aimnet2,3,2,50,50,831,280,net_force,280,0.8809523809523809,0.4044762787043957
aimnet2,3,2,50,50,831,280,rigid_force,280,0.9404761904761905,0.406163320005652
aimnet2,3,2,50,50,831,280,force_magnitude,280,0.40476190476190477,0.3163458651270199
aimnet2,3,2,50,50,831,280,random,280,0.3369434416365824,0.3369434416365824
aimnet2,3,2,100,100,831,280,trees_log,180,0.9166666666666666,0.3259377896160238
aimnet2,3,2,100,100,831,280,trees_raw,180,0.9285714285714286,0.31778794018396334
aimnet2,3,2,100,100,831,280,trees_physics,180,0.9047619047619048,0.2982339402906489
aimnet2,3,2,100,100,831,280,ridge,180,0.9404761904761905,0.34323782350799426
aimnet2,3,2,100,100,831,280,mp_ridge,180,0.9166666666666666,0.3382099643856515
aimnet2,3,2,100,100,831,280,net_force,280,0.8809523809523809,0.4044762787043957
aimnet2,3,2,100,100,831,280,rigid_force,280,0.9404761904761905,0.406163320005652
aimnet2,3,2,100,100,831,280,force_magnitude,280,0.40476190476190477,0.3163458651270199
aimnet2,3,2,100,100,831,280,random,280,0.3369434416365824,0.3369434416365824
aimnet2,3,2,full,169,831,280,trees_log,111,0.7976190476190477,0.21948951603271927
aimnet2,3,2,full,169,831,280,trees_raw,111,0.7857142857142857,0.214531035976134
aimnet2,3,2,full,169,831,280,trees_physics,111,0.7380952380952381,0.20533271586173715
aimnet2,3,2,full,169,831,280,ridge,111,0.8809523809523809,0.2523853069288498
aimnet2,3,2,full,169,831,280,mp_ridge,111,0.8333333333333334,0.23653645100715276
aimnet2,3,2,full,169,831,280,net_force,280,0.8809523809523809,0.4044762787043957
aimnet2,3,2,full,169,831,280,rigid_force,280,0.9404761904761905,0.406163320005652
aimnet2,3,2,full,169,831,280,force_magnitude,280,0.40476190476190477,0.3163458651270199
aimnet2,3,2,full,169,831,280,random,280,0.3369434416365824,0.3369434416365824
aimnet2,3,3,10,10,831,280,trees_log,270,0.8095238095238095,0.39156245267676826
aimnet2,3,3,10,10,831,280,trees_raw,270,0.7738095238095238,0.35877316388160824
aimnet2,3,3,10,10,831,280,trees_physics,270,0.6309523809523809,0.3370498505590317
aimnet2,3,3,10,10,831,280,ridge,270,0.7380952380952381,0.408466826200761
aimnet2,3,3,10,10,831,280,mp_ridge,270,0.7261904761904762,0.4050835565428092
aimnet2,3,3,10,10,831,280,net_force,280,0.8809523809523809,0.4044762787043957
aimnet2,3,3,10,10,831,280,rigid_force,280,0.9404761904761905,0.406163320005652
aimnet2,3,3,10,10,831,280,force_magnitude,280,0.40476190476190477,0.3163458651270199
aimnet2,3,3,10,10,831,280,random,280,0.3369434416365824,0.3369434416365824
aimnet2,3,3,20,20,831,280,trees_log,260,0.9166666666666666,0.4034341499568381
aimnet2,3,3,20,20,831,280,trees_raw,260,0.9404761904761905,0.4099616052894653
aimnet2,3,3,20,20,831,280,trees_physics,260,0.9285714285714286,0.38469097833684446
aimnet2,3,3,20,20,831,280,ridge,260,0.4523809523809524,0.3803674688410629
aimnet2,3,3,20,20,831,280,mp_ridge,260,0.7261904761904762,0.391260329489541
aimnet2,3,3,20,20,831,280,net_force,280,0.8809523809523809,0.4044762787043957
aimnet2,3,3,20,20,831,280,rigid_force,280,0.9404761904761905,0.406163320005652
aimnet2,3,3,20,20,831,280,force_magnitude,280,0.40476190476190477,0.3163458651270199
aimnet2,3,3,20,20,831,280,random,280,0.3369434416365824,0.3369434416365824
aimnet2,3,3,50,50,831,280,trees_log,230,0.9761904761904762,0.37844108918601466
aimnet2,3,3,50,50,831,280,trees_raw,230,0.9642857142857143,0.3736146600381539
aimnet2,3,3,50,50,831,280,trees_physics,230,0.9404761904761905,0.3558819158953024
aimnet2,3,3,50,50,831,280,ridge,230,0.9642857142857143,0.39438632319546757
aimnet2,3,3,50,50,831,280,mp_ridge,230,0.9761904761904762,0.39920899857130093
aimnet2,3,3,50,50,831,280,net_force,280,0.8809523809523809,0.4044762787043957
aimnet2,3,3,50,50,831,280,rigid_force,280,0.9404761904761905,0.406163320005652
aimnet2,3,3,50,50,831,280,force_magnitude,280,0.40476190476190477,0.3163458651270199
aimnet2,3,3,50,50,831,280,random,280,0.3369434416365824,0.3369434416365824
aimnet2,3,3,100,100,831,280,trees_log,180,0.9404761904761905,0.3232287227929536
aimnet2,3,3,100,100,831,280,trees_raw,180,0.9166666666666666,0.31054815274230035
aimnet2,3,3,100,100,831,280,trees_physics,180,0.9166666666666666,0.30118098891328393
aimnet2,3,3,100,100,831,280,ridge,180,0.9285714285714286,0.33976646886500045
aimnet2,3,3,100,100,831,280,mp_ridge,180,0.9166666666666666,0.34410263103231625
aimnet2,3,3,100,100,831,280,net_force,280,0.8809523809523809,0.4044762787043957
aimnet2,3,3,100,100,831,280,rigid_force,280,0.9404761904761905,0.406163320005652
aimnet2,3,3,100,100,831,280,force_magnitude,280,0.40476190476190477,0.3163458651270199
aimnet2,3,3,100,100,831,280,random,280,0.3369434416365824,0.3369434416365824
aimnet2,3,3,full,169,831,280,trees_log,111,0.8095238095238095,0.22310940252824693
aimnet2,3,3,full,169,831,280,trees_raw,111,0.7976190476190477,0.21698153582271407
aimnet2,3,3,full,169,831,280,trees_physics,111,0.7380952380952381,0.20658814543001916
aimnet2,3,3,full,169,831,280,ridge,111,0.8809523809523809,0.2523853069288498
aimnet2,3,3,full,169,831,280,mp_ridge,111,0.8333333333333334,0.23653645100715276
aimnet2,3,3,full,169,831,280,net_force,280,0.8809523809523809,0.4044762787043957
aimnet2,3,3,full,169,831,280,rigid_force,280,0.9404761904761905,0.406163320005652
aimnet2,3,3,full,169,831,280,force_magnitude,280,0.40476190476190477,0.3163458651270199
aimnet2,3,3,full,169,831,280,random,280,0.3369434416365824,0.3369434416365824
aimnet2,3,4,10,10,831,280,trees_log,270,0.6428571428571429,0.3432934870467289
aimnet2,3,4,10,10,831,280,trees_raw,270,0.6428571428571429,0.3451752346606652
aimnet2,3,4,10,10,831,280,trees_physics,270,0.8809523809523809,0.38839780352901404
aimnet2,3,4,10,10,831,280,ridge,270,0.7976190476190477,0.3801296802004848
aimnet2,3,4,10,10,831,280,mp_ridge,270,0.9523809523809523,0.3989543201830787
aimnet2,3,4,10,10,831,280,net_force,280,0.8809523809523809,0.4044762787043957
aimnet2,3,4,10,10,831,280,rigid_force,280,0.9404761904761905,0.406163320005652
aimnet2,3,4,10,10,831,280,force_magnitude,280,0.40476190476190477,0.3163458651270199
aimnet2,3,4,10,10,831,280,random,280,0.3369434416365824,0.3369434416365824
aimnet2,3,4,20,20,831,280,trees_log,260,0.6309523809523809,0.43432623341608445
aimnet2,3,4,20,20,831,280,trees_raw,260,0.7738095238095238,0.41305787089455803
aimnet2,3,4,20,20,831,280,trees_physics,260,0.8809523809523809,0.3790338434820231
aimnet2,3,4,20,20,831,280,ridge,260,0.9047619047619048,0.4419597388358151
aimnet2,3,4,20,20,831,280,mp_ridge,260,0.9166666666666666,0.4577877454494694
aimnet2,3,4,20,20,831,280,net_force,280,0.8809523809523809,0.4044762787043957
aimnet2,3,4,20,20,831,280,rigid_force,280,0.9404761904761905,0.406163320005652
aimnet2,3,4,20,20,831,280,force_magnitude,280,0.40476190476190477,0.3163458651270199
aimnet2,3,4,20,20,831,280,random,280,0.3369434416365824,0.3369434416365824
aimnet2,3,4,50,50,831,280,trees_log,230,0.9285714285714286,0.38565120519372337
aimnet2,3,4,50,50,831,280,trees_raw,230,0.9285714285714286,0.38885159252955687
aimnet2,3,4,50,50,831,280,trees_physics,230,0.9404761904761905,0.3575387432856966
aimnet2,3,4,50,50,831,280,ridge,230,0.9642857142857143,0.39865915613776953
aimnet2,3,4,50,50,831,280,mp_ridge,230,0.9523809523809523,0.3583478106613605
aimnet2,3,4,50,50,831,280,net_force,280,0.8809523809523809,0.4044762787043957
aimnet2,3,4,50,50,831,280,rigid_force,280,0.9404761904761905,0.406163320005652
aimnet2,3,4,50,50,831,280,force_magnitude,280,0.40476190476190477,0.3163458651270199
aimnet2,3,4,50,50,831,280,random,280,0.3369434416365824,0.3369434416365824
aimnet2,3,4,100,100,831,280,trees_log,180,0.9285714285714286,0.33653484172391696
aimnet2,3,4,100,100,831,280,trees_raw,180,0.9523809523809523,0.3275492469832611
aimnet2,3,4,100,100,831,280,trees_physics,180,0.8809523809523809,0.2971296915943019
aimnet2,3,4,100,100,831,280,ridge,180,0.9523809523809523,0.34828958914587016
aimnet2,3,4,100,100,831,280,mp_ridge,180,0.9404761904761905,0.34899390997444263
aimnet2,3,4,100,100,831,280,net_force,280,0.8809523809523809,0.4044762787043957
aimnet2,3,4,100,100,831,280,rigid_force,280,0.9404761904761905,0.406163320005652
aimnet2,3,4,100,100,831,280,force_magnitude,280,0.40476190476190477,0.3163458651270199
aimnet2,3,4,100,100,831,280,random,280,0.3369434416365824,0.3369434416365824
aimnet2,3,4,full,169,831,280,trees_log,111,0.7976190476190477,0.22122885148215335
aimnet2,3,4,full,169,831,280,trees_raw,111,0.7976190476190477,0.2164497943614523
aimnet2,3,4,full,169,831,280,trees_physics,111,0.75,0.2067654793610106
aimnet2,3,4,full,169,831,280,ridge,111,0.8809523809523809,0.2523853069288498
aimnet2,3,4,full,169,831,280,mp_ridge,111,0.8333333333333334,0.23653645100715276
aimnet2,3,4,full,169,831,280,net_force,280,0.8809523809523809,0.4044762787043957
aimnet2,3,4,full,169,831,280,rigid_force,280,0.9404761904761905,0.406163320005652
aimnet2,3,4,full,169,831,280,force_magnitude,280,0.40476190476190477,0.3163458651270199
aimnet2,3,4,full,169,831,280,random,280,0.3369434416365824,0.3369434416365824
aimnet2,4,0,10,10,796,280,trees_log,270,0.175,0.4616858652074353
aimnet2,4,0,10,10,796,280,trees_raw,270,0.175,0.4612156684876758
aimnet2,4,0,10,10,796,280,trees_physics,270,0.025,0.2975264229098827
aimnet2,4,0,10,10,796,280,ridge,270,0.2375,0.4737060569223856
aimnet2,4,0,10,10,796,280,mp_ridge,270,0.2375,0.4737060569223856
aimnet2,4,0,10,10,796,280,net_force,280,0.9,0.4253190321754719
aimnet2,4,0,10,10,796,280,rigid_force,280,0.9625,0.4226238910129872
aimnet2,4,0,10,10,796,280,force_magnitude,280,0.4,0.32911045661883237
aimnet2,4,0,10,10,796,280,random,280,0.35175879396984927,0.35175879396984927
aimnet2,4,0,20,20,796,280,trees_log,260,0.3125,0.4541421854458351
aimnet2,4,0,20,20,796,280,trees_raw,260,0.35,0.4497055447681159
aimnet2,4,0,20,20,796,280,trees_physics,260,0.925,0.4036607912529983
aimnet2,4,0,20,20,796,280,ridge,260,0.6,0.49950329389917053
aimnet2,4,0,20,20,796,280,mp_ridge,260,0.6,0.4995032938991706
aimnet2,4,0,20,20,796,280,net_force,280,0.9,0.4253190321754719
aimnet2,4,0,20,20,796,280,rigid_force,280,0.9625,0.4226238910129872
aimnet2,4,0,20,20,796,280,force_magnitude,280,0.4,0.32911045661883237
aimnet2,4,0,20,20,796,280,random,280,0.35175879396984927,0.35175879396984927
aimnet2,4,0,50,50,796,280,trees_log,230,0.925,0.41857156766625436
aimnet2,4,0,50,50,796,280,trees_raw,230,0.95,0.4096230421716912
aimnet2,4,0,50,50,796,280,trees_physics,230,0.975,0.368741932716093
aimnet2,4,0,50,50,796,280,ridge,230,0.925,0.4308253315567243
aimnet2,4,0,50,50,796,280,mp_ridge,230,0.8375,0.4273892996961608
aimnet2,4,0,50,50,796,280,net_force,280,0.9,0.4253190321754719
aimnet2,4,0,50,50,796,280,rigid_force,280,0.9625,0.4226238910129872
aimnet2,4,0,50,50,796,280,force_magnitude,280,0.4,0.32911045661883237
aimnet2,4,0,50,50,796,280,random,280,0.35175879396984927,0.35175879396984927
aimnet2,4,0,100,100,796,280,trees_log,180,0.9125,0.3444886386382741
aimnet2,4,0,100,100,796,280,trees_raw,180,0.925,0.34271236900142227
aimnet2,4,0,100,100,796,280,trees_physics,180,0.925,0.3124129783690887
aimnet2,4,0,100,100,796,280,ridge,180,0.925,0.35537719237066023
aimnet2,4,0,100,100,796,280,mp_ridge,180,0.875,0.34535196905900933
aimnet2,4,0,100,100,796,280,net_force,280,0.9,0.4253190321754719
aimnet2,4,0,100,100,796,280,rigid_force,280,0.9625,0.4226238910129872
aimnet2,4,0,100,100,796,280,force_magnitude,280,0.4,0.32911045661883237
aimnet2,4,0,100,100,796,280,random,280,0.35175879396984927,0.35175879396984927
aimnet2,4,0,full,204,796,280,trees_log,76,0.675,0.1671468437888996
aimnet2,4,0,full,204,796,280,trees_raw,76,0.6875,0.16521195584384235
aimnet2,4,0,full,204,796,280,trees_physics,76,0.6625,0.16181235365828284
aimnet2,4,0,full,204,796,280,ridge,76,0.6875,0.18412320764049928
aimnet2,4,0,full,204,796,280,mp_ridge,76,0.675,0.1825614257435885
aimnet2,4,0,full,204,796,280,net_force,280,0.9,0.4253190321754719
aimnet2,4,0,full,204,796,280,rigid_force,280,0.9625,0.4226238910129872
aimnet2,4,0,full,204,796,280,force_magnitude,280,0.4,0.32911045661883237
aimnet2,4,0,full,204,796,280,random,280,0.35175879396984927,0.35175879396984927
aimnet2,4,1,10,10,796,280,trees_log,270,0.225,0.4528193736590642
aimnet2,4,1,10,10,796,280,trees_raw,270,0.225,0.4535142679652489
aimnet2,4,1,10,10,796,280,trees_physics,270,0.0125,0.29966205058954554
aimnet2,4,1,10,10,796,280,ridge,270,0.55,0.40720908266862255
aimnet2,4,1,10,10,796,280,mp_ridge,270,0.4,0.4474046245325365
aimnet2,4,1,10,10,796,280,net_force,280,0.9,0.4253190321754719
aimnet2,4,1,10,10,796,280,rigid_force,280,0.9625,0.4226238910129872
aimnet2,4,1,10,10,796,280,force_magnitude,280,0.4,0.32911045661883237
aimnet2,4,1,10,10,796,280,random,280,0.35175879396984927,0.35175879396984927
aimnet2,4,1,20,20,796,280,trees_log,260,0.25,0.4414732813183193
aimnet2,4,1,20,20,796,280,trees_raw,260,0.25,0.44376807241790744
aimnet2,4,1,20,20,796,280,trees_physics,260,0.8875,0.40076755922633006
aimnet2,4,1,20,20,796,280,ridge,260,0.5375,0.44114896014635696
aimnet2,4,1,20,20,796,280,mp_ridge,260,0.35,0.44328002716647374
aimnet2,4,1,20,20,796,280,net_force,280,0.9,0.4253190321754719
aimnet2,4,1,20,20,796,280,rigid_force,280,0.9625,0.4226238910129872
aimnet2,4,1,20,20,796,280,force_magnitude,280,0.4,0.32911045661883237
aimnet2,4,1,20,20,796,280,random,280,0.35175879396984927,0.35175879396984927
aimnet2,4,1,50,50,796,280,trees_log,230,0.95,0.38966848688606437
aimnet2,4,1,50,50,796,280,trees_raw,230,0.95,0.3796319247106472
aimnet2,4,1,50,50,796,280,trees_physics,230,0.975,0.37177939400351184
aimnet2,4,1,50,50,796,280,ridge,230,0.8875,0.33034768886644567
aimnet2,4,1,50,50,796,280,mp_ridge,230,0.8875,0.32873572263144113
aimnet2,4,1,50,50,796,280,net_force,280,0.9,0.4253190321754719
aimnet2,4,1,50,50,796,280,rigid_force,280,0.9625,0.4226238910129872
aimnet2,4,1,50,50,796,280,force_magnitude,280,0.4,0.32911045661883237
aimnet2,4,1,50,50,796,280,random,280,0.35175879396984927,0.35175879396984927
aimnet2,4,1,100,100,796,280,trees_log,180,0.9,0.35227898344519243
aimnet2,4,1,100,100,796,280,trees_raw,180,0.9,0.3413597773878937
aimnet2,4,1,100,100,796,280,trees_physics,180,0.8875,0.30773432098718373
aimnet2,4,1,100,100,796,280,ridge,180,0.925,0.34510889040310005
aimnet2,4,1,100,100,796,280,mp_ridge,180,0.8875,0.3547582368429874
aimnet2,4,1,100,100,796,280,net_force,280,0.9,0.4253190321754719
aimnet2,4,1,100,100,796,280,rigid_force,280,0.9625,0.4226238910129872
aimnet2,4,1,100,100,796,280,force_magnitude,280,0.4,0.32911045661883237
aimnet2,4,1,100,100,796,280,random,280,0.35175879396984927,0.35175879396984927
aimnet2,4,1,full,204,796,280,trees_log,76,0.675,0.16458530171809801
aimnet2,4,1,full,204,796,280,trees_raw,76,0.675,0.16561338458217184
aimnet2,4,1,full,204,796,280,trees_physics,76,0.675,0.16423925562084954
aimnet2,4,1,full,204,796,280,ridge,76,0.6875,0.18412320764049928
aimnet2,4,1,full,204,796,280,mp_ridge,76,0.675,0.1825614257435885
aimnet2,4,1,full,204,796,280,net_force,280,0.9,0.4253190321754719
aimnet2,4,1,full,204,796,280,rigid_force,280,0.9625,0.4226238910129872
aimnet2,4,1,full,204,796,280,force_magnitude,280,0.4,0.32911045661883237
aimnet2,4,1,full,204,796,280,random,280,0.35175879396984927,0.35175879396984927
aimnet2,4,2,10,10,796,280,trees_log,270,0.6,0.3249570805505743
aimnet2,4,2,10,10,796,280,trees_raw,270,0.6125,0.32707294625385663
aimnet2,4,2,10,10,796,280,trees_physics,270,0.6,0.3484846257432448
aimnet2,4,2,10,10,796,280,ridge,270,0.8125,0.35576140536818973
aimnet2,4,2,10,10,796,280,mp_ridge,270,0.8125,0.3557614053681897
aimnet2,4,2,10,10,796,280,net_force,280,0.9,0.4253190321754719
aimnet2,4,2,10,10,796,280,rigid_force,280,0.9625,0.4226238910129872
aimnet2,4,2,10,10,796,280,force_magnitude,280,0.4,0.32911045661883237
aimnet2,4,2,10,10,796,280,random,280,0.35175879396984927,0.35175879396984927
aimnet2,4,2,20,20,796,280,trees_log,260,0.7125,0.40280939463885523
aimnet2,4,2,20,20,796,280,trees_raw,260,0.7,0.3842369584000862
aimnet2,4,2,20,20,796,280,trees_physics,260,0.9125,0.3937660286429314
aimnet2,4,2,20,20,796,280,ridge,260,0.95,0.4411852697409362
aimnet2,4,2,20,20,796,280,mp_ridge,260,0.9125,0.3909704470452368
aimnet2,4,2,20,20,796,280,net_force,280,0.9,0.4253190321754719
aimnet2,4,2,20,20,796,280,rigid_force,280,0.9625,0.4226238910129872
aimnet2,4,2,20,20,796,280,force_magnitude,280,0.4,0.32911045661883237
aimnet2,4,2,20,20,796,280,random,280,0.35175879396984927,0.35175879396984927
aimnet2,4,2,50,50,796,280,trees_log,230,0.8,0.4280262653113421
aimnet2,4,2,50,50,796,280,trees_raw,230,0.8375,0.4091715857788443
aimnet2,4,2,50,50,796,280,trees_physics,230,0.9375,0.3687282809558659
aimnet2,4,2,50,50,796,280,ridge,230,0.925,0.4205015673373623
aimnet2,4,2,50,50,796,280,mp_ridge,230,0.8875,0.42287403395960116
aimnet2,4,2,50,50,796,280,net_force,280,0.9,0.4253190321754719
aimnet2,4,2,50,50,796,280,rigid_force,280,0.9625,0.4226238910129872
aimnet2,4,2,50,50,796,280,force_magnitude,280,0.4,0.32911045661883237
aimnet2,4,2,50,50,796,280,random,280,0.35175879396984927,0.35175879396984927
aimnet2,4,2,100,100,796,280,trees_log,180,0.95,0.33306191274803626
aimnet2,4,2,100,100,796,280,trees_raw,180,0.9375,0.32222453868628015
aimnet2,4,2,100,100,796,280,trees_physics,180,0.95,0.3136792180125472
aimnet2,4,2,100,100,796,280,ridge,180,0.9,0.3358788342152626
aimnet2,4,2,100,100,796,280,mp_ridge,180,0.9,0.34852788704997595
aimnet2,4,2,100,100,796,280,net_force,280,0.9,0.4253190321754719
aimnet2,4,2,100,100,796,280,rigid_force,280,0.9625,0.4226238910129872
aimnet2,4,2,100,100,796,280,force_magnitude,280,0.4,0.32911045661883237
aimnet2,4,2,100,100,796,280,random,280,0.35175879396984927,0.35175879396984927
aimnet2,4,2,full,204,796,280,trees_log,76,0.675,0.16868084532602787
aimnet2,4,2,full,204,796,280,trees_raw,76,0.6875,0.16847499910715766
aimnet2,4,2,full,204,796,280,trees_physics,76,0.6625,0.16181235365828286
aimnet2,4,2,full,204,796,280,ridge,76,0.6875,0.18412320764049928
aimnet2,4,2,full,204,796,280,mp_ridge,76,0.675,0.1825614257435885
aimnet2,4,2,full,204,796,280,net_force,280,0.9,0.4253190321754719
aimnet2,4,2,full,204,796,280,rigid_force,280,0.9625,0.4226238910129872
aimnet2,4,2,full,204,796,280,force_magnitude,280,0.4,0.32911045661883237
aimnet2,4,2,full,204,796,280,random,280,0.35175879396984927,0.35175879396984927
aimnet2,4,3,10,10,796,280,trees_log,270,0.025,0.333529850551036
aimnet2,4,3,10,10,796,280,trees_raw,270,0.025,0.3315354550419268
aimnet2,4,3,10,10,796,280,trees_physics,270,0.025,0.29491948458281264
aimnet2,4,3,10,10,796,280,ridge,270,0.3,0.4714569008007204
aimnet2,4,3,10,10,796,280,mp_ridge,270,0.3,0.4725307370898752
aimnet2,4,3,10,10,796,280,net_force,280,0.9,0.4253190321754719
aimnet2,4,3,10,10,796,280,rigid_force,280,0.9625,0.4226238910129872
aimnet2,4,3,10,10,796,280,force_magnitude,280,0.4,0.32911045661883237
aimnet2,4,3,10,10,796,280,random,280,0.35175879396984927,0.35175879396984927
aimnet2,4,3,20,20,796,280,trees_log,260,0.0875,0.37406371423487417
aimnet2,4,3,20,20,796,280,trees_raw,260,0.0875,0.3755725508438287
aimnet2,4,3,20,20,796,280,trees_physics,260,0.0375,0.29494733239860427
aimnet2,4,3,20,20,796,280,ridge,260,0.525,0.4168173890766229
aimnet2,4,3,20,20,796,280,mp_ridge,260,0.3375,0.4458084031943197
aimnet2,4,3,20,20,796,280,net_force,280,0.9,0.4253190321754719
aimnet2,4,3,20,20,796,280,rigid_force,280,0.9625,0.4226238910129872
aimnet2,4,3,20,20,796,280,force_magnitude,280,0.4,0.32911045661883237
aimnet2,4,3,20,20,796,280,random,280,0.35175879396984927,0.35175879396984927
aimnet2,4,3,50,50,796,280,trees_log,230,0.9375,0.37959620539550654
aimnet2,4,3,50,50,796,280,trees_raw,230,0.9625,0.3806581800353923
aimnet2,4,3,50,50,796,280,trees_physics,230,0.9625,0.3727341337348649
aimnet2,4,3,50,50,796,280,ridge,230,0.9625,0.3872392241799449
aimnet2,4,3,50,50,796,280,mp_ridge,230,0.8375,0.38540925621939665
aimnet2,4,3,50,50,796,280,net_force,280,0.9,0.4253190321754719
aimnet2,4,3,50,50,796,280,rigid_force,280,0.9625,0.4226238910129872
aimnet2,4,3,50,50,796,280,force_magnitude,280,0.4,0.32911045661883237
aimnet2,4,3,50,50,796,280,random,280,0.35175879396984927,0.35175879396984927
aimnet2,4,3,100,100,796,280,trees_log,180,0.9125,0.326666423123447
aimnet2,4,3,100,100,796,280,trees_raw,180,0.9,0.3205344067735325
aimnet2,4,3,100,100,796,280,trees_physics,180,0.95,0.3127570350506846
aimnet2,4,3,100,100,796,280,ridge,180,0.9,0.3416971442789681
aimnet2,4,3,100,100,796,280,mp_ridge,180,0.875,0.3536905953041249
aimnet2,4,3,100,100,796,280,net_force,280,0.9,0.4253190321754719
aimnet2,4,3,100,100,796,280,rigid_force,280,0.9625,0.4226238910129872
aimnet2,4,3,100,100,796,280,force_magnitude,280,0.4,0.32911045661883237
aimnet2,4,3,100,100,796,280,random,280,0.35175879396984927,0.35175879396984927
aimnet2,4,3,full,204,796,280,trees_log,76,0.6875,0.16966913550741097
aimnet2,4,3,full,204,796,280,trees_raw,76,0.6625,0.1620966375981891
aimnet2,4,3,full,204,796,280,trees_physics,76,0.6625,0.1573018760379393
aimnet2,4,3,full,204,796,280,ridge,76,0.6875,0.18412320764049928
aimnet2,4,3,full,204,796,280,mp_ridge,76,0.675,0.1825614257435885
aimnet2,4,3,full,204,796,280,net_force,280,0.9,0.4253190321754719
aimnet2,4,3,full,204,796,280,rigid_force,280,0.9625,0.4226238910129872
aimnet2,4,3,full,204,796,280,force_magnitude,280,0.4,0.32911045661883237
aimnet2,4,3,full,204,796,280,random,280,0.35175879396984927,0.35175879396984927
aimnet2,4,4,10,10,796,280,trees_log,270,0.2875,0.3821547052961696
aimnet2,4,4,10,10,796,280,trees_raw,270,0.275,0.3800958290300023
aimnet2,4,4,10,10,796,280,trees_physics,270,0.0625,0.30769106876637714
aimnet2,4,4,10,10,796,280,ridge,270,0.575,0.46146170466256986
aimnet2,4,4,10,10,796,280,mp_ridge,270,0.4375,0.4898940711034461
aimnet2,4,4,10,10,796,280,net_force,280,0.9,0.4253190321754719
aimnet2,4,4,10,10,796,280,rigid_force,280,0.9625,0.4226238910129872
aimnet2,4,4,10,10,796,280,force_magnitude,280,0.4,0.32911045661883237
aimnet2,4,4,10,10,796,280,random,280,0.35175879396984927,0.35175879396984927
aimnet2,4,4,20,20,796,280,trees_log,260,0.7625,0.39050824994666317
aimnet2,4,4,20,20,796,280,trees_raw,260,0.825,0.3905880602721447
aimnet2,4,4,20,20,796,280,trees_physics,260,0.9125,0.40364527510686254
aimnet2,4,4,20,20,796,280,ridge,260,0.9375,0.4439964972463599
aimnet2,4,4,20,20,796,280,mp_ridge,260,0.9375,0.44461790419522906
aimnet2,4,4,20,20,796,280,net_force,280,0.9,0.4253190321754719
aimnet2,4,4,20,20,796,280,rigid_force,280,0.9625,0.4226238910129872
aimnet2,4,4,20,20,796,280,force_magnitude,280,0.4,0.32911045661883237
aimnet2,4,4,20,20,796,280,random,280,0.35175879396984927,0.35175879396984927
aimnet2,4,4,50,50,796,280,trees_log,230,0.9125,0.38783838595602566
aimnet2,4,4,50,50,796,280,trees_raw,230,0.925,0.37945160812178985
aimnet2,4,4,50,50,796,280,trees_physics,230,0.975,0.37061984058432207
aimnet2,4,4,50,50,796,280,ridge,230,0.9375,0.402648474578757
aimnet2,4,4,50,50,796,280,mp_ridge,230,0.8875,0.4057534507991988
aimnet2,4,4,50,50,796,280,net_force,280,0.9,0.4253190321754719
aimnet2,4,4,50,50,796,280,rigid_force,280,0.9625,0.4226238910129872
aimnet2,4,4,50,50,796,280,force_magnitude,280,0.4,0.32911045661883237
aimnet2,4,4,50,50,796,280,random,280,0.35175879396984927,0.35175879396984927
aimnet2,4,4,100,100,796,280,trees_log,180,0.9125,0.33719928948463673
aimnet2,4,4,100,100,796,280,trees_raw,180,0.9,0.3295487475124426
aimnet2,4,4,100,100,796,280,trees_physics,180,0.95,0.3117707787446521
aimnet2,4,4,100,100,796,280,ridge,180,0.925,0.34815523863255105
aimnet2,4,4,100,100,796,280,mp_ridge,180,0.9,0.35204437443757314
aimnet2,4,4,100,100,796,280,net_force,280,0.9,0.4253190321754719
aimnet2,4,4,100,100,796,280,rigid_force,280,0.9625,0.4226238910129872
aimnet2,4,4,100,100,796,280,force_magnitude,280,0.4,0.32911045661883237
aimnet2,4,4,100,100,796,280,random,280,0.35175879396984927,0.35175879396984927
aimnet2,4,4,full,204,796,280,trees_log,76,0.6875,0.1685568797297526
aimnet2,4,4,full,204,796,280,trees_raw,76,0.6625,0.1638670263249138
aimnet2,4,4,full,204,796,280,trees_physics,76,0.6625,0.16181235365828286
aimnet2,4,4,full,204,796,280,ridge,76,0.6875,0.18412320764049928
aimnet2,4,4,full,204,796,280,mp_ridge,76,0.675,0.1825614257435885
aimnet2,4,4,full,204,796,280,net_force,280,0.9,0.4253190321754719
aimnet2,4,4,full,204,796,280,rigid_force,280,0.9625,0.4226238910129872
aimnet2,4,4,full,204,796,280,force_magnitude,280,0.4,0.32911045661883237
aimnet2,4,4,full,204,796,280,random,280,0.35175879396984927,0.35175879396984927
transition1x,0,0,10,10,834,280,trees_log,270,0.38095238095238093,0.9880209844533361
transition1x,0,0,10,10,834,280,trees_raw,270,0.27380952380952384,0.006675672863279437
transition1x,0,0,10,10,834,280,trees_physics,270,0.30952380952380953,0.9870717206856144
transition1x,0,0,10,10,834,280,ridge,270,0.35714285714285715,0.9879233703335308
transition1x,0,0,10,10,834,280,mp_ridge,270,0.36904761904761907,0.9879211793114515
transition1x,0,0,10,10,834,280,net_force,280,0.3333333333333333,0.0066837761334251605
transition1x,0,0,10,10,834,280,rigid_force,280,0.34523809523809523,0.006705865002054444
transition1x,0,0,10,10,834,280,force_magnitude,280,0.39285714285714285,0.9873131158144801
transition1x,0,0,10,10,834,280,random,280,0.33573141486810554,0.33573141486810554
transition1x,0,0,20,20,834,280,trees_log,260,0.2976190476190476,0.006093862615875475
transition1x,0,0,20,20,834,280,trees_raw,260,0.2976190476190476,0.006137228451931222
transition1x,0,0,20,20,834,280,trees_physics,260,0.35714285714285715,0.006248562999129339
transition1x,0,0,20,20,834,280,ridge,260,0.32142857142857145,0.9875823108554261
transition1x,0,0,20,20,834,280,mp_ridge,260,0.3333333333333333,0.9875904340832418
transition1x,0,0,20,20,834,280,net_force,280,0.3333333333333333,0.0066837761334251605
transition1x,0,0,20,20,834,280,rigid_force,280,0.34523809523809523,0.006705865002054444
transition1x,0,0,20,20,834,280,force_magnitude,280,0.39285714285714285,0.9873131158144801
transition1x,0,0,20,20,834,280,random,280,0.33573141486810554,0.33573141486810554
transition1x,0,0,50,50,834,280,trees_log,230,0.38095238095238093,0.9866215655188094
transition1x,0,0,50,50,834,280,trees_raw,230,0.39285714285714285,0.9867185623557058
transition1x,0,0,50,50,834,280,trees_physics,230,0.30952380952380953,0.005617776296589043
transition1x,0,0,50,50,834,280,ridge,230,0.4523809523809524,0.9867215330664008
transition1x,0,0,50,50,834,280,mp_ridge,230,0.4523809523809524,0.9867169940025848
transition1x,0,0,50,50,834,280,net_force,280,0.3333333333333333,0.0066837761334251605
transition1x,0,0,50,50,834,280,rigid_force,280,0.34523809523809523,0.006705865002054444
transition1x,0,0,50,50,834,280,force_magnitude,280,0.39285714285714285,0.9873131158144801
transition1x,0,0,50,50,834,280,random,280,0.33573141486810554,0.33573141486810554
transition1x,0,0,100,100,834,280,trees_log,180,0.34523809523809523,0.004598124431506514
transition1x,0,0,100,100,834,280,trees_raw,180,0.30952380952380953,0.004549911292118494
transition1x,0,0,100,100,834,280,trees_physics,180,0.21428571428571427,0.004313085640500962
transition1x,0,0,100,100,834,280,ridge,180,0.38095238095238093,0.004636336990025598
transition1x,0,0,100,100,834,280,mp_ridge,180,0.30952380952380953,0.0045596532278460705
transition1x,0,0,100,100,834,280,net_force,280,0.3333333333333333,0.0066837761334251605
transition1x,0,0,100,100,834,280,rigid_force,280,0.34523809523809523,0.006705865002054444
transition1x,0,0,100,100,834,280,force_magnitude,280,0.39285714285714285,0.9873131158144801
transition1x,0,0,100,100,834,280,random,280,0.33573141486810554,0.33573141486810554
transition1x,0,0,full,166,834,280,trees_log,114,0.25,0.0029707032271637283
transition1x,0,0,full,166,834,280,trees_raw,114,0.2619047619047619,0.002899281449117513
transition1x,0,0,full,166,834,280,trees_physics,114,0.21428571428571427,0.0027644982637074246
transition1x,0,0,full,166,834,280,ridge,114,0.2619047619047619,0.0029461630559249018
transition1x,0,0,full,166,834,280,mp_ridge,114,0.21428571428571427,0.0031325291868031617
transition1x,0,0,full,166,834,280,net_force,280,0.3333333333333333,0.0066837761334251605
transition1x,0,0,full,166,834,280,rigid_force,280,0.34523809523809523,0.006705865002054444
transition1x,0,0,full,166,834,280,force_magnitude,280,0.39285714285714285,0.9873131158144801
transition1x,0,0,full,166,834,280,random,280,0.33573141486810554,0.33573141486810554
transition1x,0,1,10,10,834,280,trees_log,270,0.36904761904761907,0.0063822065615724965
transition1x,0,1,10,10,834,280,trees_raw,270,0.3333333333333333,0.0062369147906090935
transition1x,0,1,10,10,834,280,trees_physics,270,0.32142857142857145,0.006436604108901407
transition1x,0,1,10,10,834,280,ridge,270,0.40476190476190477,0.0066086950306138
transition1x,0,1,10,10,834,280,mp_ridge,270,0.40476190476190477,0.00660408073419185
transition1x,0,1,10,10,834,280,net_force,280,0.3333333333333333,0.0066837761334251605
transition1x,0,1,10,10,834,280,rigid_force,280,0.34523809523809523,0.006705865002054444
transition1x,0,1,10,10,834,280,force_magnitude,280,0.39285714285714285,0.9873131158144801
transition1x,0,1,10,10,834,280,random,280,0.33573141486810554,0.33573141486810554
transition1x,0,1,20,20,834,280,trees_log,260,0.4523809523809524,0.9878309463145124
transition1x,0,1,20,20,834,280,trees_raw,260,0.4166666666666667,0.9877794247010182
transition1x,0,1,20,20,834,280,trees_physics,260,0.35714285714285715,0.006359400419943722
transition1x,0,1,20,20,834,280,ridge,260,0.5476190476190477,0.006825553340744153
transition1x,0,1,20,20,834,280,mp_ridge,260,0.38095238095238093,0.0066168844374641525
transition1x,0,1,20,20,834,280,net_force,280,0.3333333333333333,0.0066837761334251605
transition1x,0,1,20,20,834,280,rigid_force,280,0.34523809523809523,0.006705865002054444
transition1x,0,1,20,20,834,280,force_magnitude,280,0.39285714285714285,0.9873131158144801
transition1x,0,1,20,20,834,280,random,280,0.33573141486810554,0.33573141486810554
transition1x,0,1,50,50,834,280,trees_log,230,0.39285714285714285,0.9871430664356807
transition1x,0,1,50,50,834,280,trees_raw,230,0.4166666666666667,0.9870888225870582
transition1x,0,1,50,50,834,280,trees_physics,230,0.32142857142857145,0.005615493606395635
transition1x,0,1,50,50,834,280,ridge,230,0.4880952380952381,0.9872901631976257
transition1x,0,1,50,50,834,280,mp_ridge,230,0.3333333333333333,0.006024371863236231
transition1x,0,1,50,50,834,280,net_force,280,0.3333333333333333,0.0066837761334251605
transition1x,0,1,50,50,834,280,rigid_force,280,0.34523809523809523,0.006705865002054444
transition1x,0,1,50,50,834,280,force_magnitude,280,0.39285714285714285,0.9873131158144801
transition1x,0,1,50,50,834,280,random,280,0.33573141486810554,0.33573141486810554
transition1x,0,1,100,100,834,280,trees_log,180,0.27380952380952384,0.004609574559661612
transition1x,0,1,100,100,834,280,trees_raw,180,0.30952380952380953,0.004650042298305061
transition1x,0,1,100,100,834,280,trees_physics,180,0.2619047619047619,0.004201460411068767
transition1x,0,1,100,100,834,280,ridge,180,0.2976190476190476,0.004576012282097146
transition1x,0,1,100,100,834,280,mp_ridge,180,0.2976190476190476,0.00490002699958992
transition1x,0,1,100,100,834,280,net_force,280,0.3333333333333333,0.0066837761334251605
transition1x,0,1,100,100,834,280,rigid_force,280,0.34523809523809523,0.006705865002054444
transition1x,0,1,100,100,834,280,force_magnitude,280,0.39285714285714285,0.9873131158144801
transition1x,0,1,100,100,834,280,random,280,0.33573141486810554,0.33573141486810554
transition1x,0,1,full,166,834,280,trees_log,114,0.2619047619047619,0.00297350330175555
transition1x,0,1,full,166,834,280,trees_raw,114,0.2619047619047619,0.002917655575821665
transition1x,0,1,full,166,834,280,trees_physics,114,0.21428571428571427,0.0027682210011110426
transition1x,0,1,full,166,834,280,ridge,114,0.2619047619047619,0.0029461630559249018
transition1x,0,1,full,166,834,280,mp_ridge,114,0.21428571428571427,0.0031325291868031617
transition1x,0,1,full,166,834,280,net_force,280,0.3333333333333333,0.0066837761334251605
transition1x,0,1,full,166,834,280,rigid_force,280,0.34523809523809523,0.006705865002054444
transition1x,0,1,full,166,834,280,force_magnitude,280,0.39285714285714285,0.9873131158144801
transition1x,0,1,full,166,834,280,random,280,0.33573141486810554,0.33573141486810554
transition1x,0,2,10,10,834,280,trees_log,270,0.35714285714285715,0.987470101022216
transition1x,0,2,10,10,834,280,trees_raw,270,0.35714285714285715,0.9875928179737427
transition1x,0,2,10,10,834,280,trees_physics,270,0.2857142857142857,0.006095046211045042
transition1x,0,2,10,10,834,280,ridge,270,0.2976190476190476,0.987465533868057
transition1x,0,2,10,10,834,280,mp_ridge,270,0.2976190476190476,0.9874655338680575
transition1x,0,2,10,10,834,280,net_force,280,0.3333333333333333,0.0066837761334251605
transition1x,0,2,10,10,834,280,rigid_force,280,0.34523809523809523,0.006705865002054444
transition1x,0,2,10,10,834,280,force_magnitude,280,0.39285714285714285,0.9873131158144801
transition1x,0,2,10,10,834,280,random,280,0.33573141486810554,0.33573141486810554
transition1x,0,2,20,20,834,280,trees_log,260,0.32142857142857145,0.00630187289702657
transition1x,0,2,20,20,834,280,trees_raw,260,0.32142857142857145,0.00631920154099229
transition1x,0,2,20,20,834,280,trees_physics,260,0.27380952380952384,0.006164361435399715
transition1x,0,2,20,20,834,280,ridge,260,0.36904761904761907,0.9879268620370918
transition1x,0,2,20,20,834,280,mp_ridge,260,0.36904761904761907,0.9879180649932388
transition1x,0,2,20,20,834,280,net_force,280,0.3333333333333333,0.0066837761334251605
transition1x,0,2,20,20,834,280,rigid_force,280,0.34523809523809523,0.006705865002054444
transition1x,0,2,20,20,834,280,force_magnitude,280,0.39285714285714285,0.9873131158144801
transition1x,0,2,20,20,834,280,random,280,0.33573141486810554,0.33573141486810554
transition1x,0,2,50,50,834,280,trees_log,230,0.4166666666666667,0.9868102926733042
transition1x,0,2,50,50,834,280,trees_raw,230,0.44047619047619047,0.9868628080632934
transition1x,0,2,50,50,834,280,trees_physics,230,0.27380952380952384,0.005519249904647684
transition1x,0,2,50,50,834,280,ridge,230,0.4523809523809524,0.9868024184248294
transition1x,0,2,50,50,834,280,mp_ridge,230,0.4523809523809524,0.9871509959546251
transition1x,0,2,50,50,834,280,net_force,280,0.3333333333333333,0.0066837761334251605
transition1x,0,2,50,50,834,280,rigid_force,280,0.34523809523809523,0.006705865002054444
transition1x,0,2,50,50,834,280,force_magnitude,280,0.39285714285714285,0.9873131158144801
transition1x,0,2,50,50,834,280,random,280,0.33573141486810554,0.33573141486810554
transition1x,0,2,100,100,834,280,trees_log,180,0.2976190476190476,0.9856496182005609
transition1x,0,2,100,100,834,280,trees_raw,180,0.3333333333333333,0.9856955007012942
transition1x,0,2,100,100,834,280,trees_physics,180,0.2857142857142857,0.004341937562062816
transition1x,0,2,100,100,834,280,ridge,180,0.2976190476190476,0.004669449060819422
transition1x,0,2,100,100,834,280,mp_ridge,180,0.2976190476190476,0.0046680760450783735
transition1x,0,2,100,100,834,280,net_force,280,0.3333333333333333,0.0066837761334251605
transition1x,0,2,100,100,834,280,rigid_force,280,0.34523809523809523,0.006705865002054444
transition1x,0,2,100,100,834,280,force_magnitude,280,0.39285714285714285,0.9873131158144801
transition1x,0,2,100,100,834,280,random,280,0.33573141486810554,0.33573141486810554
transition1x,0,2,full,166,834,280,trees_log,114,0.25,0.002871697014823523
transition1x,0,2,full,166,834,280,trees_raw,114,0.2619047619047619,0.002921526382727935
transition1x,0,2,full,166,834,280,trees_physics,114,0.19047619047619047,0.002717688855203605
transition1x,0,2,full,166,834,280,ridge,114,0.2619047619047619,0.0029461630559249018
transition1x,0,2,full,166,834,280,mp_ridge,114,0.21428571428571427,0.0031325291868031617
transition1x,0,2,full,166,834,280,net_force,280,0.3333333333333333,0.0066837761334251605
transition1x,0,2,full,166,834,280,rigid_force,280,0.34523809523809523,0.006705865002054444
transition1x,0,2,full,166,834,280,force_magnitude,280,0.39285714285714285,0.9873131158144801
transition1x,0,2,full,166,834,280,random,280,0.33573141486810554,0.33573141486810554
transition1x,0,3,10,10,834,280,trees_log,270,0.25,0.006843411514677053
transition1x,0,3,10,10,834,280,trees_raw,270,0.27380952380952384,0.0068404985316111175
transition1x,0,3,10,10,834,280,trees_physics,270,0.30952380952380953,0.006336913124680372
transition1x,0,3,10,10,834,280,ridge,270,0.38095238095238093,0.006686563653714355
transition1x,0,3,10,10,834,280,mp_ridge,270,0.38095238095238093,0.9875959471565672
transition1x,0,3,10,10,834,280,net_force,280,0.3333333333333333,0.0066837761334251605
transition1x,0,3,10,10,834,280,rigid_force,280,0.34523809523809523,0.006705865002054444
transition1x,0,3,10,10,834,280,force_magnitude,280,0.39285714285714285,0.9873131158144801
transition1x,0,3,10,10,834,280,random,280,0.33573141486810554,0.33573141486810554
transition1x,0,3,20,20,834,280,trees_log,260,0.39285714285714285,0.006114507265585997
transition1x,0,3,20,20,834,280,trees_raw,260,0.38095238095238093,0.006013824803161904
transition1x,0,3,20,20,834,280,trees_physics,260,0.3333333333333333,0.006307523486936437
transition1x,0,3,20,20,834,280,ridge,260,0.35714285714285715,0.98751699674976
transition1x,0,3,20,20,834,280,mp_ridge,260,0.35714285714285715,0.9875422613451199
transition1x,0,3,20,20,834,280,net_force,280,0.3333333333333333,0.0066837761334251605
transition1x,0,3,20,20,834,280,rigid_force,280,0.34523809523809523,0.006705865002054444
transition1x,0,3,20,20,834,280,force_magnitude,280,0.39285714285714285,0.9873131158144801
transition1x,0,3,20,20,834,280,random,280,0.33573141486810554,0.33573141486810554
transition1x,0,3,50,50,834,280,trees_log,230,0.3333333333333333,0.005482584753515799
transition1x,0,3,50,50,834,280,trees_raw,230,0.34523809523809523,0.005501247076744473
transition1x,0,3,50,50,834,280,trees_physics,230,0.35714285714285715,0.0056629704235241305
transition1x,0,3,50,50,834,280,ridge,230,0.32142857142857145,0.005333417166792647
transition1x,0,3,50,50,834,280,mp_ridge,230,0.32142857142857145,0.005331096557823137
transition1x,0,3,50,50,834,280,net_force,280,0.3333333333333333,0.0066837761334251605
transition1x,0,3,50,50,834,280,rigid_force,280,0.34523809523809523,0.006705865002054444
transition1x,0,3,50,50,834,280,force_magnitude,280,0.39285714285714285,0.9873131158144801
transition1x,0,3,50,50,834,280,random,280,0.33573141486810554,0.33573141486810554
transition1x,0,3,100,100,834,280,trees_log,180,0.34523809523809523,0.004502578359382023
transition1x,0,3,100,100,834,280,trees_raw,180,0.34523809523809523,0.004424068367124958
transition1x,0,3,100,100,834,280,trees_physics,180,0.2857142857142857,0.004436162569041786
transition1x,0,3,100,100,834,280,ridge,180,0.3333333333333333,0.004557191052289336
transition1x,0,3,100,100,834,280,mp_ridge,180,0.2976190476190476,0.004585003464039975
transition1x,0,3,100,100,834,280,net_force,280,0.3333333333333333,0.0066837761334251605
transition1x,0,3,100,100,834,280,rigid_force,280,0.34523809523809523,0.006705865002054444
transition1x,0,3,100,100,834,280,force_magnitude,280,0.39285714285714285,0.9873131158144801
transition1x,0,3,100,100,834,280,random,280,0.33573141486810554,0.33573141486810554
transition1x,0,3,full,166,834,280,trees_log,114,0.25,0.002938389767715282
transition1x,0,3,full,166,834,280,trees_raw,114,0.2857142857142857,0.0029070906777596555
transition1x,0,3,full,166,834,280,trees_physics,114,0.20238095238095238,0.0027313826952733416
transition1x,0,3,full,166,834,280,ridge,114,0.2619047619047619,0.0029461630559249018
transition1x,0,3,full,166,834,280,mp_ridge,114,0.21428571428571427,0.0031325291868031617
transition1x,0,3,full,166,834,280,net_force,280,0.3333333333333333,0.0066837761334251605
transition1x,0,3,full,166,834,280,rigid_force,280,0.34523809523809523,0.006705865002054444
transition1x,0,3,full,166,834,280,force_magnitude,280,0.39285714285714285,0.9873131158144801
transition1x,0,3,full,166,834,280,random,280,0.33573141486810554,0.33573141486810554
transition1x,0,4,10,10,834,280,trees_log,270,0.17857142857142858,0.006206607152874825
transition1x,0,4,10,10,834,280,trees_raw,270,0.17857142857142858,0.006196799342722893
transition1x,0,4,10,10,834,280,trees_physics,270,0.30952380952380953,0.006151646726896775
transition1x,0,4,10,10,834,280,ridge,270,0.27380952380952384,0.006271515587368572
transition1x,0,4,10,10,834,280,mp_ridge,270,0.27380952380952384,0.006273761500240697
transition1x,0,4,10,10,834,280,net_force,280,0.3333333333333333,0.0066837761334251605
transition1x,0,4,10,10,834,280,rigid_force,280,0.34523809523809523,0.006705865002054444
transition1x,0,4,10,10,834,280,force_magnitude,280,0.39285714285714285,0.9873131158144801
transition1x,0,4,10,10,834,280,random,280,0.33573141486810554,0.33573141486810554
transition1x,0,4,20,20,834,280,trees_log,260,0.35714285714285715,0.0054473339975098425
transition1x,0,4,20,20,834,280,trees_raw,260,0.34523809523809523,0.00542056314323618
transition1x,0,4,20,20,834,280,trees_physics,260,0.34523809523809523,0.006313866172743085
transition1x,0,4,20,20,834,280,ridge,260,0.35714285714285715,0.005900197995556056
transition1x,0,4,20,20,834,280,mp_ridge,260,0.35714285714285715,0.005927146054861402
transition1x,0,4,20,20,834,280,net_force,280,0.3333333333333333,0.0066837761334251605
transition1x,0,4,20,20,834,280,rigid_force,280,0.34523809523809523,0.006705865002054444
transition1x,0,4,20,20,834,280,force_magnitude,280,0.39285714285714285,0.9873131158144801
transition1x,0,4,20,20,834,280,random,280,0.33573141486810554,0.33573141486810554
transition1x,0,4,50,50,834,280,trees_log,230,0.5238095238095238,0.9864182305916561
transition1x,0,4,50,50,834,280,trees_raw,230,0.5357142857142857,0.9863989431898341
transition1x,0,4,50,50,834,280,trees_physics,230,0.2619047619047619,0.005202486041174572
transition1x,0,4,50,50,834,280,ridge,230,0.32142857142857145,0.005886982460580913
transition1x,0,4,50,50,834,280,mp_ridge,230,0.3333333333333333,0.0059036708003194
transition1x,0,4,50,50,834,280,net_force,280,0.3333333333333333,0.0066837761334251605
transition1x,0,4,50,50,834,280,rigid_force,280,0.34523809523809523,0.006705865002054444
transition1x,0,4,50,50,834,280,force_magnitude,280,0.39285714285714285,0.9873131158144801
transition1x,0,4,50,50,834,280,random,280,0.33573141486810554,0.33573141486810554
transition1x,0,4,100,100,834,280,trees_log,180,0.32142857142857145,0.9852965626841991
transition1x,0,4,100,100,834,280,trees_raw,180,0.32142857142857145,0.985442433247424
transition1x,0,4,100,100,834,280,trees_physics,180,0.25,0.004238057283310371
transition1x,0,4,100,100,834,280,ridge,180,0.32142857142857145,0.004905648472585486
transition1x,0,4,100,100,834,280,mp_ridge,180,0.32142857142857145,0.004909718074297857
transition1x,0,4,100,100,834,280,net_force,280,0.3333333333333333,0.0066837761334251605
transition1x,0,4,100,100,834,280,rigid_force,280,0.34523809523809523,0.006705865002054444
transition1x,0,4,100,100,834,280,force_magnitude,280,0.39285714285714285,0.9873131158144801
transition1x,0,4,100,100,834,280,random,280,0.33573141486810554,0.33573141486810554
transition1x,0,4,full,166,834,280,trees_log,114,0.27380952380952384,0.0029663954708324834
transition1x,0,4,full,166,834,280,trees_raw,114,0.27380952380952384,0.0028800238739891196
transition1x,0,4,full,166,834,280,trees_physics,114,0.21428571428571427,0.002738327787685778
transition1x,0,4,full,166,834,280,ridge,114,0.2619047619047619,0.0029461630559249018
transition1x,0,4,full,166,834,280,mp_ridge,114,0.21428571428571427,0.0031325291868031617
transition1x,0,4,full,166,834,280,net_force,280,0.3333333333333333,0.0066837761334251605
transition1x,0,4,full,166,834,280,rigid_force,280,0.34523809523809523,0.006705865002054444
transition1x,0,4,full,166,834,280,force_magnitude,280,0.39285714285714285,0.9873131158144801
transition1x,0,4,full,166,834,280,random,280,0.33573141486810554,0.33573141486810554
transition1x,1,0,10,10,787,280,trees_log,270,0.17721518987341772,0.38785547153182065
transition1x,1,0,10,10,787,280,trees_raw,270,0.17721518987341772,0.38758248206395013
transition1x,1,0,10,10,787,280,trees_physics,270,0.25316455696202533,0.32143118282710004
transition1x,1,0,10,10,787,280,ridge,270,0.31645569620253167,0.3929624044089836
transition1x,1,0,10,10,787,280,mp_ridge,270,0.31645569620253167,0.39279671835694446
transition1x,1,0,10,10,787,280,net_force,280,0.4050632911392405,0.37747988300618224
transition1x,1,0,10,10,787,280,rigid_force,280,0.3924050632911392,0.3773358130677387
transition1x,1,0,10,10,787,280,force_magnitude,280,0.35443037974683544,0.34607516842628694
transition1x,1,0,10,10,787,280,random,280,0.35578144853875476,0.35578144853875476
transition1x,1,0,20,20,787,280,trees_log,260,0.34177215189873417,0.3625489504028954
transition1x,1,0,20,20,787,280,trees_raw,260,0.34177215189873417,0.36228568098746994
transition1x,1,0,20,20,787,280,trees_physics,260,0.24050632911392406,0.3044072113547179
transition1x,1,0,20,20,787,280,ridge,260,0.34177215189873417,0.3792256192464201
transition1x,1,0,20,20,787,280,mp_ridge,260,0.34177215189873417,0.3792256192464201
transition1x,1,0,20,20,787,280,net_force,280,0.4050632911392405,0.37747988300618224
transition1x,1,0,20,20,787,280,rigid_force,280,0.3924050632911392,0.3773358130677387
transition1x,1,0,20,20,787,280,force_magnitude,280,0.35443037974683544,0.34607516842628694
transition1x,1,0,20,20,787,280,random,280,0.35578144853875476,0.35578144853875476
transition1x,1,0,50,50,787,280,trees_log,230,0.4050632911392405,0.3295150274153023
transition1x,1,0,50,50,787,280,trees_raw,230,0.4177215189873418,0.32890264271900654
transition1x,1,0,50,50,787,280,trees_physics,230,0.3037974683544304,0.2979965232524185
transition1x,1,0,50,50,787,280,ridge,230,0.35443037974683544,0.33734739201740316
transition1x,1,0,50,50,787,280,mp_ridge,230,0.34177215189873417,0.33636281247115307
transition1x,1,0,50,50,787,280,net_force,280,0.4050632911392405,0.37747988300618224
transition1x,1,0,50,50,787,280,rigid_force,280,0.3924050632911392,0.3773358130677387
transition1x,1,0,50,50,787,280,force_magnitude,280,0.35443037974683544,0.34607516842628694
transition1x,1,0,50,50,787,280,random,280,0.35578144853875476,0.35578144853875476
transition1x,1,0,100,100,787,280,trees_log,180,0.4430379746835443,0.27553968617303953
transition1x,1,0,100,100,787,280,trees_raw,180,0.4430379746835443,0.2689318743574084
transition1x,1,0,100,100,787,280,trees_physics,180,0.25316455696202533,0.24086464861684379
transition1x,1,0,100,100,787,280,ridge,180,0.4810126582278481,0.2746267907892067
transition1x,1,0,100,100,787,280,mp_ridge,180,0.4430379746835443,0.2693485513287035
transition1x,1,0,100,100,787,280,net_force,280,0.4050632911392405,0.37747988300618224
transition1x,1,0,100,100,787,280,rigid_force,280,0.3924050632911392,0.3773358130677387
transition1x,1,0,100,100,787,280,force_magnitude,280,0.35443037974683544,0.34607516842628694
transition1x,1,0,100,100,787,280,random,280,0.35578144853875476,0.35578144853875476
transition1x,1,0,full,213,787,280,trees_log,67,0.20253164556962025,0.08855716322439156
transition1x,1,0,full,213,787,280,trees_raw,67,0.0759493670886076,0.07813342932602381
transition1x,1,0,full,213,787,280,trees_physics,67,0.08860759493670886,0.08646740818318843
transition1x,1,0,full,213,787,280,ridge,67,0.1518987341772152,0.08839686380207751
transition1x,1,0,full,213,787,280,mp_ridge,67,0.1518987341772152,0.08998097379033078
transition1x,1,0,full,213,787,280,net_force,280,0.4050632911392405,0.37747988300618224
transition1x,1,0,full,213,787,280,rigid_force,280,0.3924050632911392,0.3773358130677387
transition1x,1,0,full,213,787,280,force_magnitude,280,0.35443037974683544,0.34607516842628694
transition1x,1,0,full,213,787,280,random,280,0.35578144853875476,0.35578144853875476
transition1x,1,1,10,10,787,280,trees_log,270,0.35443037974683544,0.29495839372147725
transition1x,1,1,10,10,787,280,trees_raw,270,0.35443037974683544,0.29473728245145836
transition1x,1,1,10,10,787,280,trees_physics,270,0.3924050632911392,0.36566309236242395
transition1x,1,1,10,10,787,280,ridge,270,0.4810126582278481,0.3381724961388238
transition1x,1,1,10,10,787,280,mp_ridge,270,0.4810126582278481,0.3394611458102099
transition1x,1,1,10,10,787,280,net_force,280,0.4050632911392405,0.37747988300618224
transition1x,1,1,10,10,787,280,rigid_force,280,0.3924050632911392,0.3773358130677387
transition1x,1,1,10,10,787,280,force_magnitude,280,0.35443037974683544,0.34607516842628694
transition1x,1,1,10,10,787,280,random,280,0.35578144853875476,0.35578144853875476
transition1x,1,1,20,20,787,280,trees_log,260,0.34177215189873417,0.3628485959321599
transition1x,1,1,20,20,787,280,trees_raw,260,0.379746835443038,0.357701368798346
transition1x,1,1,20,20,787,280,trees_physics,260,0.3924050632911392,0.3541687502752552
transition1x,1,1,20,20,787,280,ridge,260,0.43037974683544306,0.32820612280660005
transition1x,1,1,20,20,787,280,mp_ridge,260,0.43037974683544306,0.32728069695815537
transition1x,1,1,20,20,787,280,net_force,280,0.4050632911392405,0.37747988300618224
transition1x,1,1,20,20,787,280,rigid_force,280,0.3924050632911392,0.3773358130677387
transition1x,1,1,20,20,787,280,force_magnitude,280,0.35443037974683544,0.34607516842628694
transition1x,1,1,20,20,787,280,random,280,0.35578144853875476,0.35578144853875476
transition1x,1,1,50,50,787,280,trees_log,230,0.45569620253164556,0.3228479944858106
transition1x,1,1,50,50,787,280,trees_raw,230,0.4430379746835443,0.3181117278941834
transition1x,1,1,50,50,787,280,trees_physics,230,0.34177215189873417,0.28080019493526953
transition1x,1,1,50,50,787,280,ridge,230,0.43037974683544306,0.29308612232823467
transition1x,1,1,50,50,787,280,mp_ridge,230,0.46835443037974683,0.29457621336008005
transition1x,1,1,50,50,787,280,net_force,280,0.4050632911392405,0.37747988300618224
transition1x,1,1,50,50,787,280,rigid_force,280,0.3924050632911392,0.3773358130677387
transition1x,1,1,50,50,787,280,force_magnitude,280,0.35443037974683544,0.34607516842628694
transition1x,1,1,50,50,787,280,random,280,0.35578144853875476,0.35578144853875476
transition1x,1,1,100,100,787,280,trees_log,180,0.4177215189873418,0.2613569839165455
transition1x,1,1,100,100,787,280,trees_raw,180,0.4430379746835443,0.2641199529426439
transition1x,1,1,100,100,787,280,trees_physics,180,0.26582278481012656,0.22974157139225004
transition1x,1,1,100,100,787,280,ridge,180,0.4050632911392405,0.26539854106978394
transition1x,1,1,100,100,787,280,mp_ridge,180,0.4050632911392405,0.26539854106978394
transition1x,1,1,100,100,787,280,net_force,280,0.4050632911392405,0.37747988300618224
transition1x,1,1,100,100,787,280,rigid_force,280,0.3924050632911392,0.3773358130677387
transition1x,1,1,100,100,787,280,force_magnitude,280,0.35443037974683544,0.34607516842628694
transition1x,1,1,100,100,787,280,random,280,0.35578144853875476,0.35578144853875476
transition1x,1,1,full,213,787,280,trees_log,67,0.21518987341772153,0.09249876097124977
transition1x,1,1,full,213,787,280,trees_raw,67,0.0759493670886076,0.07656954859879621
transition1x,1,1,full,213,787,280,trees_physics,67,0.10126582278481013,0.0876089892271202
transition1x,1,1,full,213,787,280,ridge,67,0.1518987341772152,0.08839686380207751
transition1x,1,1,full,213,787,280,mp_ridge,67,0.1518987341772152,0.08998097379033078
transition1x,1,1,full,213,787,280,net_force,280,0.4050632911392405,0.37747988300618224
transition1x,1,1,full,213,787,280,rigid_force,280,0.3924050632911392,0.3773358130677387
transition1x,1,1,full,213,787,280,force_magnitude,280,0.35443037974683544,0.34607516842628694
transition1x,1,1,full,213,787,280,random,280,0.35578144853875476,0.35578144853875476
transition1x,1,2,10,10,787,280,trees_log,270,0.35443037974683544,0.3854594955116153
transition1x,1,2,10,10,787,280,trees_raw,270,0.379746835443038,0.38316466318024484
transition1x,1,2,10,10,787,280,trees_physics,270,0.25316455696202533,0.32540905137310777
transition1x,1,2,10,10,787,280,ridge,270,0.3670886075949367,0.3935224726476958
transition1x,1,2,10,10,787,280,mp_ridge,270,0.3670886075949367,0.39352247264769585
transition1x,1,2,10,10,787,280,net_force,280,0.4050632911392405,0.37747988300618224
transition1x,1,2,10,10,787,280,rigid_force,280,0.3924050632911392,0.3773358130677387
transition1x,1,2,10,10,787,280,force_magnitude,280,0.35443037974683544,0.34607516842628694
transition1x,1,2,10,10,787,280,random,280,0.35578144853875476,0.35578144853875476
transition1x,1,2,20,20,787,280,trees_log,260,0.379746835443038,0.3585431422842807
transition1x,1,2,20,20,787,280,trees_raw,260,0.4050632911392405,0.35387820454055696
transition1x,1,2,20,20,787,280,trees_physics,260,0.34177215189873417,0.34446102904656634
transition1x,1,2,20,20,787,280,ridge,260,0.3037974683544304,0.378496439245096
transition1x,1,2,20,20,787,280,mp_ridge,260,0.3037974683544304,0.3785775618717232
transition1x,1,2,20,20,787,280,net_force,280,0.4050632911392405,0.37747988300618224
transition1x,1,2,20,20,787,280,rigid_force,280,0.3924050632911392,0.3773358130677387
transition1x,1,2,20,20,787,280,force_magnitude,280,0.35443037974683544,0.34607516842628694
transition1x,1,2,20,20,787,280,random,280,0.35578144853875476,0.35578144853875476
transition1x,1,2,50,50,787,280,trees_log,230,0.22784810126582278,0.3397114375068927
transition1x,1,2,50,50,787,280,trees_raw,230,0.24050632911392406,0.34096883728112626
transition1x,1,2,50,50,787,280,trees_physics,230,0.34177215189873417,0.30835974529869076
transition1x,1,2,50,50,787,280,ridge,230,0.25316455696202533,0.35185758029991304
transition1x,1,2,50,50,787,280,mp_ridge,230,0.25316455696202533,0.3516137309829268
transition1x,1,2,50,50,787,280,net_force,280,0.4050632911392405,0.37747988300618224
transition1x,1,2,50,50,787,280,rigid_force,280,0.3924050632911392,0.3773358130677387
transition1x,1,2,50,50,787,280,force_magnitude,280,0.35443037974683544,0.34607516842628694
transition1x,1,2,50,50,787,280,random,280,0.35578144853875476,0.35578144853875476
transition1x,1,2,100,100,787,280,trees_log,180,0.3037974683544304,0.22627987990316653
transition1x,1,2,100,100,787,280,trees_raw,180,0.189873417721519,0.20468727161603492
transition1x,1,2,100,100,787,280,trees_physics,180,0.20253164556962025,0.22170725772681396
transition1x,1,2,100,100,787,280,ridge,180,0.26582278481012656,0.23097319142289113
transition1x,1,2,100,100,787,280,mp_ridge,180,0.34177215189873417,0.23038085872537312
transition1x,1,2,100,100,787,280,net_force,280,0.4050632911392405,0.37747988300618224
transition1x,1,2,100,100,787,280,rigid_force,280,0.3924050632911392,0.3773358130677387
transition1x,1,2,100,100,787,280,force_magnitude,280,0.35443037974683544,0.34607516842628694
transition1x,1,2,100,100,787,280,random,280,0.35578144853875476,0.35578144853875476
transition1x,1,2,full,213,787,280,trees_log,67,0.21518987341772153,0.08986985544168764
transition1x,1,2,full,213,787,280,trees_raw,67,0.0759493670886076,0.07628337054412547
transition1x,1,2,full,213,787,280,trees_physics,67,0.08860759493670886,0.08628510211599259
transition1x,1,2,full,213,787,280,ridge,67,0.1518987341772152,0.08839686380207751
transition1x,1,2,full,213,787,280,mp_ridge,67,0.1518987341772152,0.08998097379033078
transition1x,1,2,full,213,787,280,net_force,280,0.4050632911392405,0.37747988300618224
transition1x,1,2,full,213,787,280,rigid_force,280,0.3924050632911392,0.3773358130677387
transition1x,1,2,full,213,787,280,force_magnitude,280,0.35443037974683544,0.34607516842628694
transition1x,1,2,full,213,787,280,random,280,0.35578144853875476,0.35578144853875476
transition1x,1,3,10,10,787,280,trees_log,270,0.4177215189873418,0.3758717458192435
transition1x,1,3,10,10,787,280,trees_raw,270,0.4050632911392405,0.3740344389568373
transition1x,1,3,10,10,787,280,trees_physics,270,0.31645569620253167,0.32669459569349685
transition1x,1,3,10,10,787,280,ridge,270,0.45569620253164556,0.3485073404046172
transition1x,1,3,10,10,787,280,mp_ridge,270,0.4810126582278481,0.350037533527849
transition1x,1,3,10,10,787,280,net_force,280,0.4050632911392405,0.37747988300618224
transition1x,1,3,10,10,787,280,rigid_force,280,0.3924050632911392,0.3773358130677387
transition1x,1,3,10,10,787,280,force_magnitude,280,0.35443037974683544,0.34607516842628694
transition1x,1,3,10,10,787,280,random,280,0.35578144853875476,0.35578144853875476
transition1x,1,3,20,20,787,280,trees_log,260,0.45569620253164556,0.37123582157928997
transition1x,1,3,20,20,787,280,trees_raw,260,0.46835443037974683,0.37346039775772877
transition1x,1,3,20,20,787,280,trees_physics,260,0.3924050632911392,0.349976347999597
transition1x,1,3,20,20,787,280,ridge,260,0.4810126582278481,0.37226832754043726
transition1x,1,3,20,20,787,280,mp_ridge,260,0.4810126582278481,0.37226832754043726
transition1x,1,3,20,20,787,280,net_force,280,0.4050632911392405,0.37747988300618224
transition1x,1,3,20,20,787,280,rigid_force,280,0.3924050632911392,0.3773358130677387
transition1x,1,3,20,20,787,280,force_magnitude,280,0.35443037974683544,0.34607516842628694
transition1x,1,3,20,20,787,280,random,280,0.35578144853875476,0.35578144853875476
transition1x,1,3,50,50,787,280,trees_log,230,0.5189873417721519,0.3034404992989473
transition1x,1,3,50,50,787,280,trees_raw,230,0.5189873417721519,0.298724664694985
transition1x,1,3,50,50,787,280,trees_physics,230,0.35443037974683544,0.30169231093208376
transition1x,1,3,50,50,787,280,ridge,230,0.4810126582278481,0.30218182842106006
transition1x,1,3,50,50,787,280,mp_ridge,230,0.45569620253164556,0.31198146296997487
transition1x,1,3,50,50,787,280,net_force,280,0.4050632911392405,0.37747988300618224
transition1x,1,3,50,50,787,280,rigid_force,280,0.3924050632911392,0.3773358130677387
transition1x,1,3,50,50,787,280,force_magnitude,280,0.35443037974683544,0.34607516842628694
transition1x,1,3,50,50,787,280,random,280,0.35578144853875476,0.35578144853875476
transition1x,1,3,100,100,787,280,trees_log,180,0.379746835443038,0.23164492253325916
transition1x,1,3,100,100,787,280,trees_raw,180,0.189873417721519,0.20532353074504714
transition1x,1,3,100,100,787,280,trees_physics,180,0.1518987341772152,0.21872130125394684
transition1x,1,3,100,100,787,280,ridge,180,0.3037974683544304,0.2243877171935039
transition1x,1,3,100,100,787,280,mp_ridge,180,0.3037974683544304,0.2243877171935039
transition1x,1,3,100,100,787,280,net_force,280,0.4050632911392405,0.37747988300618224
transition1x,1,3,100,100,787,280,rigid_force,280,0.3924050632911392,0.3773358130677387
transition1x,1,3,100,100,787,280,force_magnitude,280,0.35443037974683544,0.34607516842628694
transition1x,1,3,100,100,787,280,random,280,0.35578144853875476,0.35578144853875476
transition1x,1,3,full,213,787,280,trees_log,67,0.22784810126582278,0.09017535055176903
transition1x,1,3,full,213,787,280,trees_raw,67,0.0759493670886076,0.07442756036970834
transition1x,1,3,full,213,787,280,trees_physics,67,0.10126582278481013,0.08738934050702657
transition1x,1,3,full,213,787,280,ridge,67,0.1518987341772152,0.08839686380207751
transition1x,1,3,full,213,787,280,mp_ridge,67,0.1518987341772152,0.08998097379033078
transition1x,1,3,full,213,787,280,net_force,280,0.4050632911392405,0.37747988300618224
transition1x,1,3,full,213,787,280,rigid_force,280,0.3924050632911392,0.3773358130677387
transition1x,1,3,full,213,787,280,force_magnitude,280,0.35443037974683544,0.34607516842628694
transition1x,1,3,full,213,787,280,random,280,0.35578144853875476,0.35578144853875476
transition1x,1,4,10,10,787,280,trees_log,270,0.4177215189873418,0.35681173998807797
transition1x,1,4,10,10,787,280,trees_raw,270,0.4050632911392405,0.35384894511601717
transition1x,1,4,10,10,787,280,trees_physics,270,0.2911392405063291,0.3131037957681919
transition1x,1,4,10,10,787,280,ridge,270,0.4430379746835443,0.3429900660792365
transition1x,1,4,10,10,787,280,mp_ridge,270,0.4430379746835443,0.3436695775242078
transition1x,1,4,10,10,787,280,net_force,280,0.4050632911392405,0.37747988300618224
transition1x,1,4,10,10,787,280,rigid_force,280,0.3924050632911392,0.3773358130677387
transition1x,1,4,10,10,787,280,force_magnitude,280,0.35443037974683544,0.34607516842628694
transition1x,1,4,10,10,787,280,random,280,0.35578144853875476,0.35578144853875476
transition1x,1,4,20,20,787,280,trees_log,260,0.5063291139240507,0.36077273894232165
transition1x,1,4,20,20,787,280,trees_raw,260,0.46835443037974683,0.3446203534850097
transition1x,1,4,20,20,787,280,trees_physics,260,0.25316455696202533,0.31076910553600773
transition1x,1,4,20,20,787,280,ridge,260,0.4177215189873418,0.32771384177493035
transition1x,1,4,20,20,787,280,mp_ridge,260,0.4177215189873418,0.3282921380531956
transition1x,1,4,20,20,787,280,net_force,280,0.4050632911392405,0.37747988300618224
transition1x,1,4,20,20,787,280,rigid_force,280,0.3924050632911392,0.3773358130677387
transition1x,1,4,20,20,787,280,force_magnitude,280,0.35443037974683544,0.34607516842628694
transition1x,1,4,20,20,787,280,random,280,0.35578144853875476,0.35578144853875476
transition1x,1,4,50,50,787,280,trees_log,230,0.4810126582278481,0.2821351929135977
transition1x,1,4,50,50,787,280,trees_raw,230,0.35443037974683544,0.2716935024167459
transition1x,1,4,50,50,787,280,trees_physics,230,0.21518987341772153,0.27614033406381217
transition1x,1,4,50,50,787,280,ridge,230,0.35443037974683544,0.29074053388724774
transition1x,1,4,50,50,787,280,mp_ridge,230,0.34177215189873417,0.27985573390920576
transition1x,1,4,50,50,787,280,net_force,280,0.4050632911392405,0.37747988300618224
transition1x,1,4,50,50,787,280,rigid_force,280,0.3924050632911392,0.3773358130677387
transition1x,1,4,50,50,787,280,force_magnitude,280,0.35443037974683544,0.34607516842628694
transition1x,1,4,50,50,787,280,random,280,0.35578144853875476,0.35578144853875476
transition1x,1,4,100,100,787,280,trees_log,180,0.3924050632911392,0.25179619781327883
transition1x,1,4,100,100,787,280,trees_raw,180,0.26582278481012656,0.2096881743738661
transition1x,1,4,100,100,787,280,trees_physics,180,0.1518987341772152,0.2117244646629516
transition1x,1,4,100,100,787,280,ridge,180,0.31645569620253167,0.23416986851404634
transition1x,1,4,100,100,787,280,mp_ridge,180,0.31645569620253167,0.23416986851404634
transition1x,1,4,100,100,787,280,net_force,280,0.4050632911392405,0.37747988300618224
transition1x,1,4,100,100,787,280,rigid_force,280,0.3924050632911392,0.3773358130677387
transition1x,1,4,100,100,787,280,force_magnitude,280,0.35443037974683544,0.34607516842628694
transition1x,1,4,100,100,787,280,random,280,0.35578144853875476,0.35578144853875476
transition1x,1,4,full,213,787,280,trees_log,67,0.20253164556962025,0.0907915692262559
transition1x,1,4,full,213,787,280,trees_raw,67,0.0759493670886076,0.07604529681100541
transition1x,1,4,full,213,787,280,trees_physics,67,0.10126582278481013,0.08845518461868808
transition1x,1,4,full,213,787,280,ridge,67,0.1518987341772152,0.08839686380207751
transition1x,1,4,full,213,787,280,mp_ridge,67,0.1518987341772152,0.08998097379033078
transition1x,1,4,full,213,787,280,net_force,280,0.4050632911392405,0.37747988300618224
transition1x,1,4,full,213,787,280,rigid_force,280,0.3924050632911392,0.3773358130677387
transition1x,1,4,full,213,787,280,force_magnitude,280,0.35443037974683544,0.34607516842628694
transition1x,1,4,full,213,787,280,random,280,0.35578144853875476,0.35578144853875476
transition1x,2,0,10,10,809,280,trees_log,270,0.5185185185185185,0.9880481566021259
transition1x,2,0,10,10,809,280,trees_raw,270,0.5061728395061729,0.9880114065172289
transition1x,2,0,10,10,809,280,trees_physics,270,0.25925925925925924,0.006280450357883613
transition1x,2,0,10,10,809,280,ridge,270,0.3950617283950617,0.006965944332060223
transition1x,2,0,10,10,809,280,mp_ridge,270,0.38271604938271603,0.006933318666976383
transition1x,2,0,10,10,809,280,net_force,280,0.32098765432098764,0.0066692439555346
transition1x,2,0,10,10,809,280,rigid_force,280,0.32098765432098764,0.006560304142904268
transition1x,2,0,10,10,809,280,force_magnitude,280,0.35802469135802467,0.9879146577894061
transition1x,2,0,10,10,809,280,random,280,0.34610630407911,0.34610630407911
transition1x,2,0,20,20,809,280,trees_log,260,0.3950617283950617,0.006163744188046737
transition1x,2,0,20,20,809,280,trees_raw,260,0.41975308641975306,0.006199008389412038
transition1x,2,0,20,20,809,280,trees_physics,260,0.3333333333333333,0.005915572525930636
transition1x,2,0,20,20,809,280,ridge,260,0.2716049382716049,0.988336504293447
transition1x,2,0,20,20,809,280,mp_ridge,260,0.24691358024691357,0.006356529261370026
transition1x,2,0,20,20,809,280,net_force,280,0.32098765432098764,0.0066692439555346
transition1x,2,0,20,20,809,280,rigid_force,280,0.32098765432098764,0.006560304142904268
transition1x,2,0,20,20,809,280,force_magnitude,280,0.35802469135802467,0.9879146577894061
transition1x,2,0,20,20,809,280,random,280,0.34610630407911,0.34610630407911
transition1x,2,0,50,50,809,280,trees_log,230,0.19753086419753085,0.00573401074817781
transition1x,2,0,50,50,809,280,trees_raw,230,0.2345679012345679,0.0058244624016073904
transition1x,2,0,50,50,809,280,trees_physics,230,0.2839506172839506,0.005395842008781958
transition1x,2,0,50,50,809,280,ridge,230,0.18518518518518517,0.005964905353521842
transition1x,2,0,50,50,809,280,mp_ridge,230,0.18518518518518517,0.005961051872568937
transition1x,2,0,50,50,809,280,net_force,280,0.32098765432098764,0.0066692439555346
transition1x,2,0,50,50,809,280,rigid_force,280,0.32098765432098764,0.006560304142904268
transition1x,2,0,50,50,809,280,force_magnitude,280,0.35802469135802467,0.9879146577894061
transition1x,2,0,50,50,809,280,random,280,0.34610630407911,0.34610630407911
transition1x,2,0,100,100,809,280,trees_log,180,0.41975308641975306,0.9866137441869558
transition1x,2,0,100,100,809,280,trees_raw,180,0.4567901234567901,0.9865173589260907
transition1x,2,0,100,100,809,280,trees_physics,180,0.24691358024691357,0.004279956569714425
transition1x,2,0,100,100,809,280,ridge,180,0.2962962962962963,0.0049719800013160054
transition1x,2,0,100,100,809,280,mp_ridge,180,0.2962962962962963,0.004971980001316006
transition1x,2,0,100,100,809,280,net_force,280,0.32098765432098764,0.0066692439555346
transition1x,2,0,100,100,809,280,rigid_force,280,0.32098765432098764,0.006560304142904268
transition1x,2,0,100,100,809,280,force_magnitude,280,0.35802469135802467,0.9879146577894061
transition1x,2,0,100,100,809,280,random,280,0.34610630407911,0.34610630407911
transition1x,2,0,full,191,809,280,trees_log,89,0.32098765432098764,0.9841198915220006
transition1x,2,0,full,191,809,280,trees_raw,89,0.32098765432098764,0.9840903156067434
transition1x,2,0,full,191,809,280,trees_physics,89,0.13580246913580246,0.002162921522036671
transition1x,2,0,full,191,809,280,ridge,89,0.18518518518518517,0.0023225385321755513
transition1x,2,0,full,191,809,280,mp_ridge,89,0.2345679012345679,0.002246887371014191
transition1x,2,0,full,191,809,280,net_force,280,0.32098765432098764,0.0066692439555346
transition1x,2,0,full,191,809,280,rigid_force,280,0.32098765432098764,0.006560304142904268
transition1x,2,0,full,191,809,280,force_magnitude,280,0.35802469135802467,0.9879146577894061
transition1x,2,0,full,191,809,280,random,280,0.34610630407911,0.34610630407911
transition1x,2,1,10,10,809,280,trees_log,270,0.2345679012345679,0.00653882400300625
transition1x,2,1,10,10,809,280,trees_raw,270,0.2345679012345679,0.006567679071279397
transition1x,2,1,10,10,809,280,trees_physics,270,0.30864197530864196,0.00637795998688203
transition1x,2,1,10,10,809,280,ridge,270,0.3333333333333333,0.007044362287270436
transition1x,2,1,10,10,809,280,mp_ridge,270,0.3333333333333333,0.007044362287270436
transition1x,2,1,10,10,809,280,net_force,280,0.32098765432098764,0.0066692439555346
transition1x,2,1,10,10,809,280,rigid_force,280,0.32098765432098764,0.006560304142904268
transition1x,2,1,10,10,809,280,force_magnitude,280,0.35802469135802467,0.9879146577894061
transition1x,2,1,10,10,809,280,random,280,0.34610630407911,0.34610630407911
transition1x,2,1,20,20,809,280,trees_log,260,0.37037037037037035,0.987851222345832
transition1x,2,1,20,20,809,280,trees_raw,260,0.35802469135802467,0.9876962993566388
transition1x,2,1,20,20,809,280,trees_physics,260,0.30864197530864196,0.006082696926507871
transition1x,2,1,20,20,809,280,ridge,260,0.48148148148148145,0.9878714593053157
transition1x,2,1,20,20,809,280,mp_ridge,260,0.4691358024691358,0.9878904497245078
transition1x,2,1,20,20,809,280,net_force,280,0.32098765432098764,0.0066692439555346
transition1x,2,1,20,20,809,280,rigid_force,280,0.32098765432098764,0.006560304142904268
transition1x,2,1,20,20,809,280,force_magnitude,280,0.35802469135802467,0.9879146577894061
transition1x,2,1,20,20,809,280,random,280,0.34610630407911,0.34610630407911
transition1x,2,1,50,50,809,280,trees_log,230,0.24691358024691357,0.005730351770543745
transition1x,2,1,50,50,809,280,trees_raw,230,0.24691358024691357,0.9874949811640541
transition1x,2,1,50,50,809,280,trees_physics,230,0.25925925925925924,0.00519058860740473
transition1x,2,1,50,50,809,280,ridge,230,0.2839506172839506,0.9869710419091423
transition1x,2,1,50,50,809,280,mp_ridge,230,0.2839506172839506,0.9869710419091424
transition1x,2,1,50,50,809,280,net_force,280,0.32098765432098764,0.0066692439555346
transition1x,2,1,50,50,809,280,rigid_force,280,0.32098765432098764,0.006560304142904268
transition1x,2,1,50,50,809,280,force_magnitude,280,0.35802469135802467,0.9879146577894061
transition1x,2,1,50,50,809,280,random,280,0.34610630407911,0.34610630407911
transition1x,2,1,100,100,809,280,trees_log,180,0.2345679012345679,0.9859095044576698
transition1x,2,1,100,100,809,280,trees_raw,180,0.2716049382716049,0.9859071110442489
transition1x,2,1,100,100,809,280,trees_physics,180,0.2222222222222222,0.004312463351843098
transition1x,2,1,100,100,809,280,ridge,180,0.2345679012345679,0.9856867946590927
transition1x,2,1,100,100,809,280,mp_ridge,180,0.2345679012345679,0.9857044821457002
transition1x,2,1,100,100,809,280,net_force,280,0.32098765432098764,0.0066692439555346
transition1x,2,1,100,100,809,280,rigid_force,280,0.32098765432098764,0.006560304142904268
transition1x,2,1,100,100,809,280,force_magnitude,280,0.35802469135802467,0.9879146577894061
transition1x,2,1,100,100,809,280,random,280,0.34610630407911,0.34610630407911
transition1x,2,1,full,191,809,280,trees_log,89,0.30864197530864196,0.9840833708653718
transition1x,2,1,full,191,809,280,trees_raw,89,0.3333333333333333,0.9840827989984896
transition1x,2,1,full,191,809,280,trees_physics,89,0.1111111111111111,0.0021585690343542056
transition1x,2,1,full,191,809,280,ridge,89,0.18518518518518517,0.0023225385321755513
transition1x,2,1,full,191,809,280,mp_ridge,89,0.2345679012345679,0.002246887371014191
transition1x,2,1,full,191,809,280,net_force,280,0.32098765432098764,0.0066692439555346
transition1x,2,1,full,191,809,280,rigid_force,280,0.32098765432098764,0.006560304142904268
transition1x,2,1,full,191,809,280,force_magnitude,280,0.35802469135802467,0.9879146577894061
transition1x,2,1,full,191,809,280,random,280,0.34610630407911,0.34610630407911
transition1x,2,2,10,10,809,280,trees_log,270,0.19753086419753085,0.00578161724842623
transition1x,2,2,10,10,809,280,trees_raw,270,0.20987654320987653,0.0057182297785892955
transition1x,2,2,10,10,809,280,trees_physics,270,0.2962962962962963,0.006423868310431908
transition1x,2,2,10,10,809,280,ridge,270,0.24691358024691357,0.005911122929836433
transition1x,2,2,10,10,809,280,mp_ridge,270,0.24691358024691357,0.005888428293334848
transition1x,2,2,10,10,809,280,net_force,280,0.32098765432098764,0.0066692439555346
transition1x,2,2,10,10,809,280,rigid_force,280,0.32098765432098764,0.006560304142904268
transition1x,2,2,10,10,809,280,force_magnitude,280,0.35802469135802467,0.9879146577894061
transition1x,2,2,10,10,809,280,random,280,0.34610630407911,0.34610630407911
transition1x,2,2,20,20,809,280,trees_log,260,0.16049382716049382,0.005251882469722004
transition1x,2,2,20,20,809,280,trees_raw,260,0.1728395061728395,0.005266764902604383
transition1x,2,2,20,20,809,280,trees_physics,260,0.2839506172839506,0.006160262416763303
transition1x,2,2,20,20,809,280,ridge,260,0.19753086419753085,0.005104353719663185
transition1x,2,2,20,20,809,280,mp_ridge,260,0.19753086419753085,0.005114351042104923
transition1x,2,2,20,20,809,280,net_force,280,0.32098765432098764,0.0066692439555346
transition1x,2,2,20,20,809,280,rigid_force,280,0.32098765432098764,0.006560304142904268
transition1x,2,2,20,20,809,280,force_magnitude,280,0.35802469135802467,0.9879146577894061
transition1x,2,2,20,20,809,280,random,280,0.34610630407911,0.34610630407911
transition1x,2,2,50,50,809,280,trees_log,230,0.2716049382716049,0.005524279068310576
transition1x,2,2,50,50,809,280,trees_raw,230,0.30864197530864196,0.0052598831223180775
transition1x,2,2,50,50,809,280,trees_physics,230,0.2839506172839506,0.005482011090554094
transition1x,2,2,50,50,809,280,ridge,230,0.32098765432098764,0.005283579409551634
transition1x,2,2,50,50,809,280,mp_ridge,230,0.25925925925925924,0.005268964701634818
transition1x,2,2,50,50,809,280,net_force,280,0.32098765432098764,0.0066692439555346
transition1x,2,2,50,50,809,280,rigid_force,280,0.32098765432098764,0.006560304142904268
transition1x,2,2,50,50,809,280,force_magnitude,280,0.35802469135802467,0.9879146577894061
transition1x,2,2,50,50,809,280,random,280,0.34610630407911,0.34610630407911
transition1x,2,2,100,100,809,280,trees_log,180,0.2839506172839506,0.004601063664819044
transition1x,2,2,100,100,809,280,trees_raw,180,0.345679012345679,0.004647493215279389
transition1x,2,2,100,100,809,280,trees_physics,180,0.2222222222222222,0.0043131018538231794
transition1x,2,2,100,100,809,280,ridge,180,0.25925925925925924,0.004713966138005742
transition1x,2,2,100,100,809,280,mp_ridge,180,0.2222222222222222,0.004597206640032784
transition1x,2,2,100,100,809,280,net_force,280,0.32098765432098764,0.0066692439555346
transition1x,2,2,100,100,809,280,rigid_force,280,0.32098765432098764,0.006560304142904268
transition1x,2,2,100,100,809,280,force_magnitude,280,0.35802469135802467,0.9879146577894061
transition1x,2,2,100,100,809,280,random,280,0.34610630407911,0.34610630407911
transition1x,2,2,full,191,809,280,trees_log,89,0.32098765432098764,0.984131176730781
transition1x,2,2,full,191,809,280,trees_raw,89,0.35802469135802467,0.9841476333113185
transition1x,2,2,full,191,809,280,trees_physics,89,0.12345679012345678,0.0021523916907165417
transition1x,2,2,full,191,809,280,ridge,89,0.18518518518518517,0.0023225385321755513
transition1x,2,2,full,191,809,280,mp_ridge,89,0.2345679012345679,0.002246887371014191
transition1x,2,2,full,191,809,280,net_force,280,0.32098765432098764,0.0066692439555346
transition1x,2,2,full,191,809,280,rigid_force,280,0.32098765432098764,0.006560304142904268
transition1x,2,2,full,191,809,280,force_magnitude,280,0.35802469135802467,0.9879146577894061
transition1x,2,2,full,191,809,280,random,280,0.34610630407911,0.34610630407911
transition1x,2,3,10,10,809,280,trees_log,270,0.38271604938271603,0.006901558681272675
transition1x,2,3,10,10,809,280,trees_raw,270,0.4074074074074074,0.9886048221592786
transition1x,2,3,10,10,809,280,trees_physics,270,0.4074074074074074,0.9876944923283788
transition1x,2,3,10,10,809,280,ridge,270,0.345679012345679,0.006710765531643157
transition1x,2,3,10,10,809,280,mp_ridge,270,0.345679012345679,0.006601531216255665
transition1x,2,3,10,10,809,280,net_force,280,0.32098765432098764,0.0066692439555346
transition1x,2,3,10,10,809,280,rigid_force,280,0.32098765432098764,0.006560304142904268
transition1x,2,3,10,10,809,280,force_magnitude,280,0.35802469135802467,0.9879146577894061
transition1x,2,3,10,10,809,280,random,280,0.34610630407911,0.34610630407911
transition1x,2,3,20,20,809,280,trees_log,260,0.3333333333333333,0.006667300318193665
transition1x,2,3,20,20,809,280,trees_raw,260,0.345679012345679,0.006653700128027205
transition1x,2,3,20,20,809,280,trees_physics,260,0.3333333333333333,0.9872031677487115
transition1x,2,3,20,20,809,280,ridge,260,0.35802469135802467,0.006436650774712593
transition1x,2,3,20,20,809,280,mp_ridge,260,0.38271604938271603,0.006572481226555967
transition1x,2,3,20,20,809,280,net_force,280,0.32098765432098764,0.0066692439555346
transition1x,2,3,20,20,809,280,rigid_force,280,0.32098765432098764,0.006560304142904268
transition1x,2,3,20,20,809,280,force_magnitude,280,0.35802469135802467,0.9879146577894061
transition1x,2,3,20,20,809,280,random,280,0.34610630407911,0.34610630407911
transition1x,2,3,50,50,809,280,trees_log,230,0.32098765432098764,0.005755596420739155
transition1x,2,3,50,50,809,280,trees_raw,230,0.3950617283950617,0.005753686017451144
transition1x,2,3,50,50,809,280,trees_physics,230,0.32098765432098764,0.9871267725454097
transition1x,2,3,50,50,809,280,ridge,230,0.3950617283950617,0.006098040129274774
transition1x,2,3,50,50,809,280,mp_ridge,230,0.3950617283950617,0.006098040129274774
transition1x,2,3,50,50,809,280,net_force,280,0.32098765432098764,0.0066692439555346
transition1x,2,3,50,50,809,280,rigid_force,280,0.32098765432098764,0.006560304142904268
transition1x,2,3,50,50,809,280,force_magnitude,280,0.35802469135802467,0.9879146577894061
transition1x,2,3,50,50,809,280,random,280,0.34610630407911,0.34610630407911
transition1x,2,3,100,100,809,280,trees_log,180,0.2962962962962963,0.003978493954505379
transition1x,2,3,100,100,809,280,trees_raw,180,0.32098765432098764,0.003853630859940887
transition1x,2,3,100,100,809,280,trees_physics,180,0.2345679012345679,0.004331012248015442
transition1x,2,3,100,100,809,280,ridge,180,0.2839506172839506,0.9855806184136798
transition1x,2,3,100,100,809,280,mp_ridge,180,0.2839506172839506,0.9855898174743637
transition1x,2,3,100,100,809,280,net_force,280,0.32098765432098764,0.0066692439555346
transition1x,2,3,100,100,809,280,rigid_force,280,0.32098765432098764,0.006560304142904268
transition1x,2,3,100,100,809,280,force_magnitude,280,0.35802469135802467,0.9879146577894061
transition1x,2,3,100,100,809,280,random,280,0.34610630407911,0.34610630407911
transition1x,2,3,full,191,809,280,trees_log,89,0.2962962962962963,0.984094861265402
transition1x,2,3,full,191,809,280,trees_raw,89,0.35802469135802467,0.9841836481120737
transition1x,2,3,full,191,809,280,trees_physics,89,0.1111111111111111,0.0021485514707790233
transition1x,2,3,full,191,809,280,ridge,89,0.18518518518518517,0.0023225385321755513
transition1x,2,3,full,191,809,280,mp_ridge,89,0.2345679012345679,0.002246887371014191
transition1x,2,3,full,191,809,280,net_force,280,0.32098765432098764,0.0066692439555346
transition1x,2,3,full,191,809,280,rigid_force,280,0.32098765432098764,0.006560304142904268
transition1x,2,3,full,191,809,280,force_magnitude,280,0.35802469135802467,0.9879146577894061
transition1x,2,3,full,191,809,280,random,280,0.34610630407911,0.34610630407911
transition1x,2,4,10,10,809,280,trees_log,270,0.4444444444444444,0.9876248225783407
transition1x,2,4,10,10,809,280,trees_raw,270,0.4444444444444444,0.9876248225783408
transition1x,2,4,10,10,809,280,trees_physics,270,0.35802469135802467,0.9875350823469858
transition1x,2,4,10,10,809,280,ridge,270,0.4074074074074074,0.006079777795462491
transition1x,2,4,10,10,809,280,mp_ridge,270,0.3950617283950617,0.00607783343430911
transition1x,2,4,10,10,809,280,net_force,280,0.32098765432098764,0.0066692439555346
transition1x,2,4,10,10,809,280,rigid_force,280,0.32098765432098764,0.006560304142904268
transition1x,2,4,10,10,809,280,force_magnitude,280,0.35802469135802467,0.9879146577894061
transition1x,2,4,10,10,809,280,random,280,0.34610630407911,0.34610630407911
transition1x,2,4,20,20,809,280,trees_log,260,0.345679012345679,0.005874334937655985
transition1x,2,4,20,20,809,280,trees_raw,260,0.35802469135802467,0.005887253205546124
transition1x,2,4,20,20,809,280,trees_physics,260,0.37037037037037035,0.9873795014424174
transition1x,2,4,20,20,809,280,ridge,260,0.4074074074074074,0.0064111887460642746
transition1x,2,4,20,20,809,280,mp_ridge,260,0.41975308641975306,0.006380873630537196
transition1x,2,4,20,20,809,280,net_force,280,0.32098765432098764,0.0066692439555346
transition1x,2,4,20,20,809,280,rigid_force,280,0.32098765432098764,0.006560304142904268
transition1x,2,4,20,20,809,280,force_magnitude,280,0.35802469135802467,0.9879146577894061
transition1x,2,4,20,20,809,280,random,280,0.34610630407911,0.34610630407911
transition1x,2,4,50,50,809,280,trees_log,230,0.41975308641975306,0.005786027581454497
transition1x,2,4,50,50,809,280,trees_raw,230,0.4567901234567901,0.0058320810587470405
transition1x,2,4,50,50,809,280,trees_physics,230,0.2962962962962963,0.004999167771065626
transition1x,2,4,50,50,809,280,ridge,230,0.3333333333333333,0.006137578208616413
transition1x,2,4,50,50,809,280,mp_ridge,230,0.3333333333333333,0.006126734516278679
transition1x,2,4,50,50,809,280,net_force,280,0.32098765432098764,0.0066692439555346
transition1x,2,4,50,50,809,280,rigid_force,280,0.32098765432098764,0.006560304142904268
transition1x,2,4,50,50,809,280,force_magnitude,280,0.35802469135802467,0.9879146577894061
transition1x,2,4,50,50,809,280,random,280,0.34610630407911,0.34610630407911
transition1x,2,4,100,100,809,280,trees_log,180,0.345679012345679,0.004680906357751892
transition1x,2,4,100,100,809,280,trees_raw,180,0.37037037037037035,0.0045729207259212305
transition1x,2,4,100,100,809,280,trees_physics,180,0.24691358024691357,0.004010910910757841
transition1x,2,4,100,100,809,280,ridge,180,0.2839506172839506,0.004634312702722357
transition1x,2,4,100,100,809,280,mp_ridge,180,0.2222222222222222,0.004872900717436233
transition1x,2,4,100,100,809,280,net_force,280,0.32098765432098764,0.0066692439555346
transition1x,2,4,100,100,809,280,rigid_force,280,0.32098765432098764,0.006560304142904268
transition1x,2,4,100,100,809,280,force_magnitude,280,0.35802469135802467,0.9879146577894061
transition1x,2,4,100,100,809,280,random,280,0.34610630407911,0.34610630407911
transition1x,2,4,full,191,809,280,trees_log,89,0.35802469135802467,0.9841252177102685
transition1x,2,4,full,191,809,280,trees_raw,89,0.345679012345679,0.9840987416507475
transition1x,2,4,full,191,809,280,trees_physics,89,0.12345679012345678,0.0021512650856752246
transition1x,2,4,full,191,809,280,ridge,89,0.18518518518518517,0.0023225385321755513
transition1x,2,4,full,191,809,280,mp_ridge,89,0.2345679012345679,0.002246887371014191
transition1x,2,4,full,191,809,280,net_force,280,0.32098765432098764,0.0066692439555346
transition1x,2,4,full,191,809,280,rigid_force,280,0.32098765432098764,0.006560304142904268
transition1x,2,4,full,191,809,280,force_magnitude,280,0.35802469135802467,0.9879146577894061
transition1x,2,4,full,191,809,280,random,280,0.34610630407911,0.34610630407911
transition1x,3,0,10,10,846,280,trees_log,270,0.43529411764705883,0.986976328147624
transition1x,3,0,10,10,846,280,trees_raw,270,0.43529411764705883,0.9871111420849069
transition1x,3,0,10,10,846,280,trees_physics,270,0.38823529411764707,0.9866975012384115
transition1x,3,0,10,10,846,280,ridge,270,0.47058823529411764,0.986194014344113
transition1x,3,0,10,10,846,280,mp_ridge,270,0.4117647058823529,0.9860248962998279
transition1x,3,0,10,10,846,280,net_force,280,0.3411764705882353,0.006751155350197579
transition1x,3,0,10,10,846,280,rigid_force,280,0.3764705882352941,0.006754485908537097
transition1x,3,0,10,10,846,280,force_magnitude,280,0.3411764705882353,0.9867945008577098
transition1x,3,0,10,10,846,280,random,280,0.3309692671394799,0.3309692671394799
transition1x,3,0,20,20,846,280,trees_log,260,0.4823529411764706,0.9855895568136323
transition1x,3,0,20,20,846,280,trees_raw,260,0.49411764705882355,0.9856658713891295
transition1x,3,0,20,20,846,280,trees_physics,260,0.2823529411764706,0.00589619227780534
transition1x,3,0,20,20,846,280,ridge,260,0.4117647058823529,0.9857108809526681
transition1x,3,0,20,20,846,280,mp_ridge,260,0.4,0.9856806934935809
transition1x,3,0,20,20,846,280,net_force,280,0.3411764705882353,0.006751155350197579
transition1x,3,0,20,20,846,280,rigid_force,280,0.3764705882352941,0.006754485908537097
transition1x,3,0,20,20,846,280,force_magnitude,280,0.3411764705882353,0.9867945008577098
transition1x,3,0,20,20,846,280,random,280,0.3309692671394799,0.3309692671394799
transition1x,3,0,50,50,846,280,trees_log,230,0.36470588235294116,0.004836897828275145
transition1x,3,0,50,50,846,280,trees_raw,230,0.36470588235294116,0.004789861068994703
transition1x,3,0,50,50,846,280,trees_physics,230,0.24705882352941178,0.005312595534106506
transition1x,3,0,50,50,846,280,ridge,230,0.32941176470588235,0.9853517972201375
transition1x,3,0,50,50,846,280,mp_ridge,230,0.32941176470588235,0.9853517972201375
transition1x,3,0,50,50,846,280,net_force,280,0.3411764705882353,0.006751155350197579
transition1x,3,0,50,50,846,280,rigid_force,280,0.3764705882352941,0.006754485908537097
transition1x,3,0,50,50,846,280,force_magnitude,280,0.3411764705882353,0.9867945008577098
transition1x,3,0,50,50,846,280,random,280,0.3309692671394799,0.3309692671394799
transition1x,3,0,100,100,846,280,trees_log,180,0.35294117647058826,0.004560236826414623
transition1x,3,0,100,100,846,280,trees_raw,180,0.3764705882352941,0.004580224305503248
transition1x,3,0,100,100,846,280,trees_physics,180,0.2,0.004157326595485107
transition1x,3,0,100,100,846,280,ridge,180,0.29411764705882354,0.9847967907945653
transition1x,3,0,100,100,846,280,mp_ridge,180,0.3058823529411765,0.9848258482604487
transition1x,3,0,100,100,846,280,net_force,280,0.3411764705882353,0.006751155350197579
transition1x,3,0,100,100,846,280,rigid_force,280,0.3764705882352941,0.006754485908537097
transition1x,3,0,100,100,846,280,force_magnitude,280,0.3411764705882353,0.9867945008577098
transition1x,3,0,100,100,846,280,random,280,0.3309692671394799,0.3309692671394799
transition1x,3,0,full,154,846,280,trees_log,126,0.21176470588235294,0.0029014327055010077
transition1x,3,0,full,154,846,280,trees_raw,126,0.2235294117647059,0.0029425917456602324
transition1x,3,0,full,154,846,280,trees_physics,126,0.16470588235294117,0.003020180744414821
transition1x,3,0,full,154,846,280,ridge,126,0.21176470588235294,0.003288823944452071
transition1x,3,0,full,154,846,280,mp_ridge,126,0.21176470588235294,0.0032102354068249592
transition1x,3,0,full,154,846,280,net_force,280,0.3411764705882353,0.006751155350197579
transition1x,3,0,full,154,846,280,rigid_force,280,0.3764705882352941,0.006754485908537097
transition1x,3,0,full,154,846,280,force_magnitude,280,0.3411764705882353,0.9867945008577098
transition1x,3,0,full,154,846,280,random,280,0.3309692671394799,0.3309692671394799
transition1x,3,1,10,10,846,280,trees_log,270,0.3176470588235294,0.9875906013986973
transition1x,3,1,10,10,846,280,trees_raw,270,0.27058823529411763,0.006883679615136331
transition1x,3,1,10,10,846,280,trees_physics,270,0.35294117647058826,0.006517924136990873
transition1x,3,1,10,10,846,280,ridge,270,0.3764705882352941,0.007072021265200057
transition1x,3,1,10,10,846,280,mp_ridge,270,0.3764705882352941,0.00707298449452146
transition1x,3,1,10,10,846,280,net_force,280,0.3411764705882353,0.006751155350197579
transition1x,3,1,10,10,846,280,rigid_force,280,0.3764705882352941,0.006754485908537097
transition1x,3,1,10,10,846,280,force_magnitude,280,0.3411764705882353,0.9867945008577098
transition1x,3,1,10,10,846,280,random,280,0.3309692671394799,0.3309692671394799
transition1x,3,1,20,20,846,280,trees_log,260,0.3058823529411765,0.00638064553383002
transition1x,3,1,20,20,846,280,trees_raw,260,0.3058823529411765,0.006440802207082131
transition1x,3,1,20,20,846,280,trees_physics,260,0.35294117647058826,0.0063504756583959805
transition1x,3,1,20,20,846,280,ridge,260,0.29411764705882354,0.006858341952252126
transition1x,3,1,20,20,846,280,mp_ridge,260,0.29411764705882354,0.006858341952252125
transition1x,3,1,20,20,846,280,net_force,280,0.3411764705882353,0.006751155350197579
transition1x,3,1,20,20,846,280,rigid_force,280,0.3764705882352941,0.006754485908537097
transition1x,3,1,20,20,846,280,force_magnitude,280,0.3411764705882353,0.9867945008577098
transition1x,3,1,20,20,846,280,random,280,0.3309692671394799,0.3309692671394799
transition1x,3,1,50,50,846,280,trees_log,230,0.27058823529411763,0.006068975753441174
transition1x,3,1,50,50,846,280,trees_raw,230,0.29411764705882354,0.006116508774700229
transition1x,3,1,50,50,846,280,trees_physics,230,0.35294117647058826,0.005637072951336435
transition1x,3,1,50,50,846,280,ridge,230,0.25882352941176473,0.00617365231529439
transition1x,3,1,50,50,846,280,mp_ridge,230,0.25882352941176473,0.006089361903734752
transition1x,3,1,50,50,846,280,net_force,280,0.3411764705882353,0.006751155350197579
transition1x,3,1,50,50,846,280,rigid_force,280,0.3764705882352941,0.006754485908537097
transition1x,3,1,50,50,846,280,force_magnitude,280,0.3411764705882353,0.9867945008577098
transition1x,3,1,50,50,846,280,random,280,0.3309692671394799,0.3309692671394799
transition1x,3,1,100,100,846,280,trees_log,180,0.25882352941176473,0.004195796892569073
transition1x,3,1,100,100,846,280,trees_raw,180,0.2823529411764706,0.0042175105380897445
transition1x,3,1,100,100,846,280,trees_physics,180,0.25882352941176473,0.004295522979716625
transition1x,3,1,100,100,846,280,ridge,180,0.2823529411764706,0.9851719225440292
transition1x,3,1,100,100,846,280,mp_ridge,180,0.27058823529411763,0.984813079613916
transition1x,3,1,100,100,846,280,net_force,280,0.3411764705882353,0.006751155350197579
transition1x,3,1,100,100,846,280,rigid_force,280,0.3764705882352941,0.006754485908537097
transition1x,3,1,100,100,846,280,force_magnitude,280,0.3411764705882353,0.9867945008577098
transition1x,3,1,100,100,846,280,random,280,0.3309692671394799,0.3309692671394799
transition1x,3,1,full,154,846,280,trees_log,126,0.2,0.0029461199943189
transition1x,3,1,full,154,846,280,trees_raw,126,0.2,0.0029369667379362235
transition1x,3,1,full,154,846,280,trees_physics,126,0.17647058823529413,0.0030220168341510934
transition1x,3,1,full,154,846,280,ridge,126,0.21176470588235294,0.003288823944452071
transition1x,3,1,full,154,846,280,mp_ridge,126,0.21176470588235294,0.0032102354068249592
transition1x,3,1,full,154,846,280,net_force,280,0.3411764705882353,0.006751155350197579
transition1x,3,1,full,154,846,280,rigid_force,280,0.3764705882352941,0.006754485908537097
transition1x,3,1,full,154,846,280,force_magnitude,280,0.3411764705882353,0.9867945008577098
transition1x,3,1,full,154,846,280,random,280,0.3309692671394799,0.3309692671394799
transition1x,3,2,10,10,846,280,trees_log,270,0.32941176470588235,0.006704114077129401
transition1x,3,2,10,10,846,280,trees_raw,270,0.32941176470588235,0.006711862381146989
transition1x,3,2,10,10,846,280,trees_physics,270,0.32941176470588235,0.006299293451794809
transition1x,3,2,10,10,846,280,ridge,270,0.36470588235294116,0.9870328016380427
transition1x,3,2,10,10,846,280,mp_ridge,270,0.36470588235294116,0.9870321590546242
transition1x,3,2,10,10,846,280,net_force,280,0.3411764705882353,0.006751155350197579
transition1x,3,2,10,10,846,280,rigid_force,280,0.3764705882352941,0.006754485908537097
transition1x,3,2,10,10,846,280,force_magnitude,280,0.3411764705882353,0.9867945008577098
transition1x,3,2,10,10,846,280,random,280,0.3309692671394799,0.3309692671394799
transition1x,3,2,20,20,846,280,trees_log,260,0.3411764705882353,0.006138645945416008
transition1x,3,2,20,20,846,280,trees_raw,260,0.35294117647058826,0.006114005848543642
transition1x,3,2,20,20,846,280,trees_physics,260,0.3411764705882353,0.0063036511933302975
transition1x,3,2,20,20,846,280,ridge,260,0.3411764705882353,0.9865479201095554
transition1x,3,2,20,20,846,280,mp_ridge,260,0.32941176470588235,0.9865521506416153
transition1x,3,2,20,20,846,280,net_force,280,0.3411764705882353,0.006751155350197579
transition1x,3,2,20,20,846,280,rigid_force,280,0.3764705882352941,0.006754485908537097
transition1x,3,2,20,20,846,280,force_magnitude,280,0.3411764705882353,0.9867945008577098
transition1x,3,2,20,20,846,280,random,280,0.3309692671394799,0.3309692671394799
transition1x,3,2,50,50,846,280,trees_log,230,0.3764705882352941,0.0060833542100115386
transition1x,3,2,50,50,846,280,trees_raw,230,0.36470588235294116,0.006069857528347503
transition1x,3,2,50,50,846,280,trees_physics,230,0.36470588235294116,0.005767777212603444
transition1x,3,2,50,50,846,280,ridge,230,0.3411764705882353,0.006024787849877486
transition1x,3,2,50,50,846,280,mp_ridge,230,0.3411764705882353,0.006024787849877486
transition1x,3,2,50,50,846,280,net_force,280,0.3411764705882353,0.006751155350197579
transition1x,3,2,50,50,846,280,rigid_force,280,0.3764705882352941,0.006754485908537097
transition1x,3,2,50,50,846,280,force_magnitude,280,0.3411764705882353,0.9867945008577098
transition1x,3,2,50,50,846,280,random,280,0.3309692671394799,0.3309692671394799
transition1x,3,2,100,100,846,280,trees_log,180,0.27058823529411763,0.004551771227347496
transition1x,3,2,100,100,846,280,trees_raw,180,0.2823529411764706,0.004516706630179307
transition1x,3,2,100,100,846,280,trees_physics,180,0.24705882352941178,0.004238865145035234
transition1x,3,2,100,100,846,280,ridge,180,0.29411764705882354,0.9855553494024415
transition1x,3,2,100,100,846,280,mp_ridge,180,0.29411764705882354,0.9855553494024417
transition1x,3,2,100,100,846,280,net_force,280,0.3411764705882353,0.006751155350197579
transition1x,3,2,100,100,846,280,rigid_force,280,0.3764705882352941,0.006754485908537097
transition1x,3,2,100,100,846,280,force_magnitude,280,0.3411764705882353,0.9867945008577098
transition1x,3,2,100,100,846,280,random,280,0.3309692671394799,0.3309692671394799
transition1x,3,2,full,154,846,280,trees_log,126,0.18823529411764706,0.0028516995431329007
transition1x,3,2,full,154,846,280,trees_raw,126,0.24705882352941178,0.0029254283320104923
transition1x,3,2,full,154,846,280,trees_physics,126,0.17647058823529413,0.0030181855125707485
transition1x,3,2,full,154,846,280,ridge,126,0.21176470588235294,0.003288823944452071
transition1x,3,2,full,154,846,280,mp_ridge,126,0.21176470588235294,0.0032102354068249592
transition1x,3,2,full,154,846,280,net_force,280,0.3411764705882353,0.006751155350197579
transition1x,3,2,full,154,846,280,rigid_force,280,0.3764705882352941,0.006754485908537097
transition1x,3,2,full,154,846,280,force_magnitude,280,0.3411764705882353,0.9867945008577098
transition1x,3,2,full,154,846,280,random,280,0.3309692671394799,0.3309692671394799
transition1x,3,3,10,10,846,280,trees_log,270,0.18823529411764706,0.005778027101602435
transition1x,3,3,10,10,846,280,trees_raw,270,0.18823529411764706,0.005802537235766805
transition1x,3,3,10,10,846,280,trees_physics,270,0.3411764705882353,0.0064449847918936825
transition1x,3,3,10,10,846,280,ridge,270,0.23529411764705882,0.00628668071752335
transition1x,3,3,10,10,846,280,mp_ridge,270,0.23529411764705882,0.006286680717523351
transition1x,3,3,10,10,846,280,net_force,280,0.3411764705882353,0.006751155350197579
transition1x,3,3,10,10,846,280,rigid_force,280,0.3764705882352941,0.006754485908537097
transition1x,3,3,10,10,846,280,force_magnitude,280,0.3411764705882353,0.9867945008577098
transition1x,3,3,10,10,846,280,random,280,0.3309692671394799,0.3309692671394799
transition1x,3,3,20,20,846,280,trees_log,260,0.2235294117647059,0.005981983674443238
transition1x,3,3,20,20,846,280,trees_raw,260,0.18823529411764706,0.0058529972161804845
transition1x,3,3,20,20,846,280,trees_physics,260,0.35294117647058826,0.0063016076278048574
transition1x,3,3,20,20,846,280,ridge,260,0.2235294117647059,0.006363900749857357
transition1x,3,3,20,20,846,280,mp_ridge,260,0.23529411764705882,0.006223005427154062
transition1x,3,3,20,20,846,280,net_force,280,0.3411764705882353,0.006751155350197579
transition1x,3,3,20,20,846,280,rigid_force,280,0.3764705882352941,0.006754485908537097
transition1x,3,3,20,20,846,280,force_magnitude,280,0.3411764705882353,0.9867945008577098
transition1x,3,3,20,20,846,280,random,280,0.3309692671394799,0.3309692671394799
transition1x,3,3,50,50,846,280,trees_log,230,0.32941176470588235,0.005543210030635986
transition1x,3,3,50,50,846,280,trees_raw,230,0.3764705882352941,0.005450194966303552
transition1x,3,3,50,50,846,280,trees_physics,230,0.3058823529411765,0.005584928852728862
transition1x,3,3,50,50,846,280,ridge,230,0.4,0.005728152381543625
transition1x,3,3,50,50,846,280,mp_ridge,230,0.4117647058823529,0.005739897284660957
transition1x,3,3,50,50,846,280,net_force,280,0.3411764705882353,0.006751155350197579
transition1x,3,3,50,50,846,280,rigid_force,280,0.3764705882352941,0.006754485908537097
transition1x,3,3,50,50,846,280,force_magnitude,280,0.3411764705882353,0.9867945008577098
transition1x,3,3,50,50,846,280,random,280,0.3309692671394799,0.3309692671394799
transition1x,3,3,100,100,846,280,trees_log,180,0.29411764705882354,0.004306966383583399
transition1x,3,3,100,100,846,280,trees_raw,180,0.32941176470588235,0.00424212523890772
transition1x,3,3,100,100,846,280,trees_physics,180,0.2235294117647059,0.004204786530943172
transition1x,3,3,100,100,846,280,ridge,180,0.3058823529411765,0.004340839119421207
transition1x,3,3,100,100,846,280,mp_ridge,180,0.3058823529411765,0.004351080488206688
transition1x,3,3,100,100,846,280,net_force,280,0.3411764705882353,0.006751155350197579
transition1x,3,3,100,100,846,280,rigid_force,280,0.3764705882352941,0.006754485908537097
transition1x,3,3,100,100,846,280,force_magnitude,280,0.3411764705882353,0.9867945008577098
transition1x,3,3,100,100,846,280,random,280,0.3309692671394799,0.3309692671394799
transition1x,3,3,full,154,846,280,trees_log,126,0.2235294117647059,0.0028893974485261448
transition1x,3,3,full,154,846,280,trees_raw,126,0.2235294117647059,0.0029655415993284024
transition1x,3,3,full,154,846,280,trees_physics,126,0.16470588235294117,0.003028208862082055
transition1x,3,3,full,154,846,280,ridge,126,0.21176470588235294,0.003288823944452071
transition1x,3,3,full,154,846,280,mp_ridge,126,0.21176470588235294,0.0032102354068249592
transition1x,3,3,full,154,846,280,net_force,280,0.3411764705882353,0.006751155350197579
transition1x,3,3,full,154,846,280,rigid_force,280,0.3764705882352941,0.006754485908537097
transition1x,3,3,full,154,846,280,force_magnitude,280,0.3411764705882353,0.9867945008577098
transition1x,3,3,full,154,846,280,random,280,0.3309692671394799,0.3309692671394799
transition1x,3,4,10,10,846,280,trees_log,270,0.43529411764705883,0.9867829250881623
transition1x,3,4,10,10,846,280,trees_raw,270,0.47058823529411764,0.9868240875041435
transition1x,3,4,10,10,846,280,trees_physics,270,0.3058823529411765,0.006351839558759557
transition1x,3,4,10,10,846,280,ridge,270,0.4235294117647059,0.9865949286725596
transition1x,3,4,10,10,846,280,mp_ridge,270,0.4117647058823529,0.9866493756389089
transition1x,3,4,10,10,846,280,net_force,280,0.3411764705882353,0.006751155350197579
transition1x,3,4,10,10,846,280,rigid_force,280,0.3764705882352941,0.006754485908537097
transition1x,3,4,10,10,846,280,force_magnitude,280,0.3411764705882353,0.9867945008577098
transition1x,3,4,10,10,846,280,random,280,0.3309692671394799,0.3309692671394799
transition1x,3,4,20,20,846,280,trees_log,260,0.3176470588235294,0.9866039828835196
transition1x,3,4,20,20,846,280,trees_raw,260,0.32941176470588235,0.9864847937683342
transition1x,3,4,20,20,846,280,trees_physics,260,0.32941176470588235,0.0062463160172432225
transition1x,3,4,20,20,846,280,ridge,260,0.4117647058823529,0.9874130517147355
transition1x,3,4,20,20,846,280,mp_ridge,260,0.4,0.9874232329103679
transition1x,3,4,20,20,846,280,net_force,280,0.3411764705882353,0.006751155350197579
transition1x,3,4,20,20,846,280,rigid_force,280,0.3764705882352941,0.006754485908537097
transition1x,3,4,20,20,846,280,force_magnitude,280,0.3411764705882353,0.9867945008577098
transition1x,3,4,20,20,846,280,random,280,0.3309692671394799,0.3309692671394799
transition1x,3,4,50,50,846,280,trees_log,230,0.3411764705882353,0.9862560111081947
transition1x,3,4,50,50,846,280,trees_raw,230,0.3058823529411765,0.9861149596516471
transition1x,3,4,50,50,846,280,trees_physics,230,0.35294117647058826,0.005595728102385911
transition1x,3,4,50,50,846,280,ridge,230,0.35294117647058826,0.9861830000566122
transition1x,3,4,50,50,846,280,mp_ridge,230,0.35294117647058826,0.9862002200581048
transition1x,3,4,50,50,846,280,net_force,280,0.3411764705882353,0.006751155350197579
transition1x,3,4,50,50,846,280,rigid_force,280,0.3764705882352941,0.006754485908537097
transition1x,3,4,50,50,846,280,force_magnitude,280,0.3411764705882353,0.9867945008577098
transition1x,3,4,50,50,846,280,random,280,0.3309692671394799,0.3309692671394799
transition1x,3,4,100,100,846,280,trees_log,180,0.25882352941176473,0.004544904627610467
transition1x,3,4,100,100,846,280,trees_raw,180,0.29411764705882354,0.004668473239787796
transition1x,3,4,100,100,846,280,trees_physics,180,0.25882352941176473,0.004420528877619983
transition1x,3,4,100,100,846,280,ridge,180,0.2823529411764706,0.9855169034002637
transition1x,3,4,100,100,846,280,mp_ridge,180,0.3058823529411765,0.9856116157964749
transition1x,3,4,100,100,846,280,net_force,280,0.3411764705882353,0.006751155350197579
transition1x,3,4,100,100,846,280,rigid_force,280,0.3764705882352941,0.006754485908537097
transition1x,3,4,100,100,846,280,force_magnitude,280,0.3411764705882353,0.9867945008577098
transition1x,3,4,100,100,846,280,random,280,0.3309692671394799,0.3309692671394799
transition1x,3,4,full,154,846,280,trees_log,126,0.17647058823529413,0.002927069710270222
transition1x,3,4,full,154,846,280,trees_raw,126,0.21176470588235294,0.0029136758946284405
transition1x,3,4,full,154,846,280,trees_physics,126,0.15294117647058825,0.0030221460327164375
transition1x,3,4,full,154,846,280,ridge,126,0.21176470588235294,0.003288823944452071
transition1x,3,4,full,154,846,280,mp_ridge,126,0.21176470588235294,0.0032102354068249592
transition1x,3,4,full,154,846,280,net_force,280,0.3411764705882353,0.006751155350197579
transition1x,3,4,full,154,846,280,rigid_force,280,0.3764705882352941,0.006754485908537097
transition1x,3,4,full,154,846,280,force_magnitude,280,0.3411764705882353,0.9867945008577098
transition1x,3,4,full,154,846,280,random,280,0.3309692671394799,0.3309692671394799
transition1x,4,0,10,10,724,280,trees_log,270,0.6575342465753424,0.9897685382159276
transition1x,4,0,10,10,724,280,trees_raw,270,0.6575342465753424,0.9897920894058031
transition1x,4,0,10,10,724,280,trees_physics,270,0.3561643835616438,0.006262529099233677
transition1x,4,0,10,10,724,280,ridge,270,0.4931506849315068,0.990482438091439
transition1x,4,0,10,10,724,280,mp_ridge,270,0.4931506849315068,0.9904758928581195
transition1x,4,0,10,10,724,280,net_force,280,0.3561643835616438,0.00649115152076026
transition1x,4,0,10,10,724,280,rigid_force,280,0.3698630136986301,0.006557874632282466
transition1x,4,0,10,10,724,280,force_magnitude,280,0.4246575342465753,0.9898161056031846
transition1x,4,0,10,10,724,280,random,280,0.3867403314917127,0.3867403314917127
transition1x,4,0,20,20,724,280,trees_log,260,0.2876712328767123,0.006213647342172241
transition1x,4,0,20,20,724,280,trees_raw,260,0.3287671232876712,0.006285311438578734
transition1x,4,0,20,20,724,280,trees_physics,260,0.3698630136986301,0.005975762731922363
transition1x,4,0,20,20,724,280,ridge,260,0.3150684931506849,0.9900983716061723
transition1x,4,0,20,20,724,280,mp_ridge,260,0.3150684931506849,0.9901054060497402
transition1x,4,0,20,20,724,280,net_force,280,0.3561643835616438,0.00649115152076026
transition1x,4,0,20,20,724,280,rigid_force,280,0.3698630136986301,0.006557874632282466
transition1x,4,0,20,20,724,280,force_magnitude,280,0.4246575342465753,0.9898161056031846
transition1x,4,0,20,20,724,280,random,280,0.3867403314917127,0.3867403314917127
transition1x,4,0,50,50,724,280,trees_log,230,0.2602739726027397,0.005801756858995566
transition1x,4,0,50,50,724,280,trees_raw,230,0.273972602739726,0.0058182502912871034
transition1x,4,0,50,50,724,280,trees_physics,230,0.2876712328767123,0.00525216122479907
transition1x,4,0,50,50,724,280,ridge,230,0.273972602739726,0.005877515424383502
transition1x,4,0,50,50,724,280,mp_ridge,230,0.273972602739726,0.005877139639935686
transition1x,4,0,50,50,724,280,net_force,280,0.3561643835616438,0.00649115152076026
transition1x,4,0,50,50,724,280,rigid_force,280,0.3698630136986301,0.006557874632282466
transition1x,4,0,50,50,724,280,force_magnitude,280,0.4246575342465753,0.9898161056031846
transition1x,4,0,50,50,724,280,random,280,0.3867403314917127,0.3867403314917127
transition1x,4,0,100,100,724,280,trees_log,180,0.4520547945205479,0.0044617469945725345
transition1x,4,0,100,100,724,280,trees_raw,180,0.4246575342465753,0.0044623414246421095
transition1x,4,0,100,100,724,280,trees_physics,180,0.2602739726027397,0.004225520946624025
transition1x,4,0,100,100,724,280,ridge,180,0.4520547945205479,0.988289586225147
transition1x,4,0,100,100,724,280,mp_ridge,180,0.3972602739726027,0.004334042368360409
transition1x,4,0,100,100,724,280,net_force,280,0.3561643835616438,0.00649115152076026
transition1x,4,0,100,100,724,280,rigid_force,280,0.3698630136986301,0.006557874632282466
transition1x,4,0,100,100,724,280,force_magnitude,280,0.4246575342465753,0.9898161056031846
transition1x,4,0,100,100,724,280,random,280,0.3867403314917127,0.3867403314917127
transition1x,4,0,full,276,724,280,trees_log,4,0.0273972602739726,0.00013209671848464797
transition1x,4,0,full,276,724,280,trees_raw,4,0.0273972602739726,0.00014265951147585248
transition1x,4,0,full,276,724,280,trees_physics,4,0.0136986301369863,7.93159092964175e-05
transition1x,4,0,full,276,724,280,ridge,4,0.0273972602739726,0.00011359565565003922
transition1x,4,0,full,276,724,280,mp_ridge,4,0.0273972602739726,0.00011359565565003922
transition1x,4,0,full,276,724,280,net_force,280,0.3561643835616438,0.00649115152076026
transition1x,4,0,full,276,724,280,rigid_force,280,0.3698630136986301,0.006557874632282466
transition1x,4,0,full,276,724,280,force_magnitude,280,0.4246575342465753,0.9898161056031846
transition1x,4,0,full,276,724,280,random,280,0.3867403314917127,0.3867403314917127
transition1x,4,1,10,10,724,280,trees_log,270,0.3698630136986301,0.9906088720075578
transition1x,4,1,10,10,724,280,trees_raw,270,0.3835616438356164,0.9904981929010898
transition1x,4,1,10,10,724,280,trees_physics,270,0.3561643835616438,0.006279679074676805
transition1x,4,1,10,10,724,280,ridge,270,0.2465753424657534,0.006327857876332867
transition1x,4,1,10,10,724,280,mp_ridge,270,0.2465753424657534,0.006374274845552025
transition1x,4,1,10,10,724,280,net_force,280,0.3561643835616438,0.00649115152076026
transition1x,4,1,10,10,724,280,rigid_force,280,0.3698630136986301,0.006557874632282466
transition1x,4,1,10,10,724,280,force_magnitude,280,0.4246575342465753,0.9898161056031846
transition1x,4,1,10,10,724,280,random,280,0.3867403314917127,0.3867403314917127
transition1x,4,1,20,20,724,280,trees_log,260,0.3561643835616438,0.006126883221590415
transition1x,4,1,20,20,724,280,trees_raw,260,0.3698630136986301,0.0060293358462466945
transition1x,4,1,20,20,724,280,trees_physics,260,0.3424657534246575,0.006058530660870988
transition1x,4,1,20,20,724,280,ridge,260,0.3424657534246575,0.005721904419356416
transition1x,4,1,20,20,724,280,mp_ridge,260,0.3287671232876712,0.005725741048538397
transition1x,4,1,20,20,724,280,net_force,280,0.3561643835616438,0.00649115152076026
transition1x,4,1,20,20,724,280,rigid_force,280,0.3698630136986301,0.006557874632282466
transition1x,4,1,20,20,724,280,force_magnitude,280,0.4246575342465753,0.9898161056031846
transition1x,4,1,20,20,724,280,random,280,0.3867403314917127,0.3867403314917127
transition1x,4,1,50,50,724,280,trees_log,230,0.547945205479452,0.9894154780903929
transition1x,4,1,50,50,724,280,trees_raw,230,0.5616438356164384,0.9893830014978404
transition1x,4,1,50,50,724,280,trees_physics,230,0.273972602739726,0.005435233225682954
transition1x,4,1,50,50,724,280,ridge,230,0.4657534246575342,0.98969692458301
transition1x,4,1,50,50,724,280,mp_ridge,230,0.4657534246575342,0.9896969245830098
transition1x,4,1,50,50,724,280,net_force,280,0.3561643835616438,0.00649115152076026
transition1x,4,1,50,50,724,280,rigid_force,280,0.3698630136986301,0.006557874632282466
transition1x,4,1,50,50,724,280,force_magnitude,280,0.4246575342465753,0.9898161056031846
transition1x,4,1,50,50,724,280,random,280,0.3867403314917127,0.3867403314917127
transition1x,4,1,100,100,724,280,trees_log,180,0.3013698630136986,0.004667162450233776
transition1x,4,1,100,100,724,280,trees_raw,180,0.2876712328767123,0.004693795126169459
transition1x,4,1,100,100,724,280,trees_physics,180,0.2191780821917808,0.004174191284583588
transition1x,4,1,100,100,724,280,ridge,180,0.2876712328767123,0.9887225415744504
transition1x,4,1,100,100,724,280,mp_ridge,180,0.2876712328767123,0.9887225415744504
transition1x,4,1,100,100,724,280,net_force,280,0.3561643835616438,0.00649115152076026
transition1x,4,1,100,100,724,280,rigid_force,280,0.3698630136986301,0.006557874632282466
transition1x,4,1,100,100,724,280,force_magnitude,280,0.4246575342465753,0.9898161056031846
transition1x,4,1,100,100,724,280,random,280,0.3867403314917127,0.3867403314917127
transition1x,4,1,full,276,724,280,trees_log,4,0.0410958904109589,0.00014545635812448796
transition1x,4,1,full,276,724,280,trees_raw,4,0.0410958904109589,0.00015423690455656356
transition1x,4,1,full,276,724,280,trees_physics,4,0.0136986301369863,7.93159092964175e-05
transition1x,4,1,full,276,724,280,ridge,4,0.0273972602739726,0.00011359565565003922
transition1x,4,1,full,276,724,280,mp_ridge,4,0.0273972602739726,0.00011359565565003922
transition1x,4,1,full,276,724,280,net_force,280,0.3561643835616438,0.00649115152076026
transition1x,4,1,full,276,724,280,rigid_force,280,0.3698630136986301,0.006557874632282466
transition1x,4,1,full,276,724,280,force_magnitude,280,0.4246575342465753,0.9898161056031846
transition1x,4,1,full,276,724,280,random,280,0.3867403314917127,0.3867403314917127
transition1x,4,2,10,10,724,280,trees_log,270,0.4383561643835616,0.005994852602280874
transition1x,4,2,10,10,724,280,trees_raw,270,0.4657534246575342,0.006069823874688535
transition1x,4,2,10,10,724,280,trees_physics,270,0.4520547945205479,0.9897697901099106
transition1x,4,2,10,10,724,280,ridge,270,0.4657534246575342,0.9901916223769769
transition1x,4,2,10,10,724,280,mp_ridge,270,0.4520547945205479,0.9901693764144157
transition1x,4,2,10,10,724,280,net_force,280,0.3561643835616438,0.00649115152076026
transition1x,4,2,10,10,724,280,rigid_force,280,0.3698630136986301,0.006557874632282466
transition1x,4,2,10,10,724,280,force_magnitude,280,0.4246575342465753,0.9898161056031846
transition1x,4,2,10,10,724,280,random,280,0.3867403314917127,0.3867403314917127
transition1x,4,2,20,20,724,280,trees_log,260,0.5068493150684932,0.006041687029942953
transition1x,4,2,20,20,724,280,trees_raw,260,0.4931506849315068,0.0060297523252145074
transition1x,4,2,20,20,724,280,trees_physics,260,0.3561643835616438,0.006045043492904117
transition1x,4,2,20,20,724,280,ridge,260,0.4657534246575342,0.006686447178490925
transition1x,4,2,20,20,724,280,mp_ridge,260,0.4794520547945205,0.9904736751640366
transition1x,4,2,20,20,724,280,net_force,280,0.3561643835616438,0.00649115152076026
transition1x,4,2,20,20,724,280,rigid_force,280,0.3698630136986301,0.006557874632282466
transition1x,4,2,20,20,724,280,force_magnitude,280,0.4246575342465753,0.9898161056031846
transition1x,4,2,20,20,724,280,random,280,0.3867403314917127,0.3867403314917127
transition1x,4,2,50,50,724,280,trees_log,230,0.3150684931506849,0.005447195478485785
transition1x,4,2,50,50,724,280,trees_raw,230,0.3424657534246575,0.00541467916913264
transition1x,4,2,50,50,724,280,trees_physics,230,0.3287671232876712,0.005399745307767853
transition1x,4,2,50,50,724,280,ridge,230,0.3972602739726027,0.005151391838353947
transition1x,4,2,50,50,724,280,mp_ridge,230,0.3972602739726027,0.005151391838353948
transition1x,4,2,50,50,724,280,net_force,280,0.3561643835616438,0.00649115152076026
transition1x,4,2,50,50,724,280,rigid_force,280,0.3698630136986301,0.006557874632282466
transition1x,4,2,50,50,724,280,force_magnitude,280,0.4246575342465753,0.9898161056031846
transition1x,4,2,50,50,724,280,random,280,0.3867403314917127,0.3867403314917127
transition1x,4,2,100,100,724,280,trees_log,180,0.3287671232876712,0.004428869188262455
transition1x,4,2,100,100,724,280,trees_raw,180,0.3561643835616438,0.004414246348256604
transition1x,4,2,100,100,724,280,trees_physics,180,0.2054794520547945,0.004076437950891981
transition1x,4,2,100,100,724,280,ridge,180,0.410958904109589,0.004550088013243177
transition1x,4,2,100,100,724,280,mp_ridge,180,0.410958904109589,0.00453311932750464
transition1x,4,2,100,100,724,280,net_force,280,0.3561643835616438,0.00649115152076026
transition1x,4,2,100,100,724,280,rigid_force,280,0.3698630136986301,0.006557874632282466
transition1x,4,2,100,100,724,280,force_magnitude,280,0.4246575342465753,0.9898161056031846
transition1x,4,2,100,100,724,280,random,280,0.3867403314917127,0.3867403314917127
transition1x,4,2,full,276,724,280,trees_log,4,0.0273972602739726,0.00014883018974058576
transition1x,4,2,full,276,724,280,trees_raw,4,0.0273972602739726,0.00014087726491672357
transition1x,4,2,full,276,724,280,trees_physics,4,0.0136986301369863,7.93159092964175e-05
transition1x,4,2,full,276,724,280,ridge,4,0.0273972602739726,0.00011359565565003922
transition1x,4,2,full,276,724,280,mp_ridge,4,0.0273972602739726,0.00011359565565003922
transition1x,4,2,full,276,724,280,net_force,280,0.3561643835616438,0.00649115152076026
transition1x,4,2,full,276,724,280,rigid_force,280,0.3698630136986301,0.006557874632282466
transition1x,4,2,full,276,724,280,force_magnitude,280,0.4246575342465753,0.9898161056031846
transition1x,4,2,full,276,724,280,random,280,0.3867403314917127,0.3867403314917127
transition1x,4,3,10,10,724,280,trees_log,270,0.5205479452054794,0.005235781897230599
transition1x,4,3,10,10,724,280,trees_raw,270,0.5205479452054794,0.005541234706287113
transition1x,4,3,10,10,724,280,trees_physics,270,0.3561643835616438,0.006304453918658161
transition1x,4,3,10,10,724,280,ridge,270,0.6575342465753424,0.9898188777468281
transition1x,4,3,10,10,724,280,mp_ridge,270,0.6575342465753424,0.9898072851357039
transition1x,4,3,10,10,724,280,net_force,280,0.3561643835616438,0.00649115152076026
transition1x,4,3,10,10,724,280,rigid_force,280,0.3698630136986301,0.006557874632282466
transition1x,4,3,10,10,724,280,force_magnitude,280,0.4246575342465753,0.9898161056031846
transition1x,4,3,10,10,724,280,random,280,0.3867403314917127,0.3867403314917127
transition1x,4,3,20,20,724,280,trees_log,260,0.5205479452054794,0.005014442349638618
transition1x,4,3,20,20,724,280,trees_raw,260,0.5342465753424658,0.00503674608281479
transition1x,4,3,20,20,724,280,trees_physics,260,0.3561643835616438,0.006085282234862986
transition1x,4,3,20,20,724,280,ridge,260,0.4931506849315068,0.9890546258121533
transition1x,4,3,20,20,724,280,mp_ridge,260,0.5068493150684932,0.9890602796729885
transition1x,4,3,20,20,724,280,net_force,280,0.3561643835616438,0.00649115152076026
transition1x,4,3,20,20,724,280,rigid_force,280,0.3698630136986301,0.006557874632282466
transition1x,4,3,20,20,724,280,force_magnitude,280,0.4246575342465753,0.9898161056031846
transition1x,4,3,20,20,724,280,random,280,0.3867403314917127,0.3867403314917127
transition1x,4,3,50,50,724,280,trees_log,230,0.3424657534246575,0.004471639050105652
transition1x,4,3,50,50,724,280,trees_raw,230,0.3698630136986301,0.00440097139075176
transition1x,4,3,50,50,724,280,trees_physics,230,0.3424657534246575,0.005397441921135499
transition1x,4,3,50,50,724,280,ridge,230,0.4383561643835616,0.004968667901329206
transition1x,4,3,50,50,724,280,mp_ridge,230,0.3424657534246575,0.0042776696055450095
transition1x,4,3,50,50,724,280,net_force,280,0.3561643835616438,0.00649115152076026
transition1x,4,3,50,50,724,280,rigid_force,280,0.3698630136986301,0.006557874632282466
transition1x,4,3,50,50,724,280,force_magnitude,280,0.4246575342465753,0.9898161056031846
transition1x,4,3,50,50,724,280,random,280,0.3867403314917127,0.3867403314917127
transition1x,4,3,100,100,724,280,trees_log,180,0.3424657534246575,0.004622530103916932
transition1x,4,3,100,100,724,280,trees_raw,180,0.3561643835616438,0.004516925535272319
transition1x,4,3,100,100,724,280,trees_physics,180,0.2191780821917808,0.004102611219831851
transition1x,4,3,100,100,724,280,ridge,180,0.3698630136986301,0.004772448685033643
transition1x,4,3,100,100,724,280,mp_ridge,180,0.3698630136986301,0.004717536012648618
transition1x,4,3,100,100,724,280,net_force,280,0.3561643835616438,0.00649115152076026
transition1x,4,3,100,100,724,280,rigid_force,280,0.3698630136986301,0.006557874632282466
transition1x,4,3,100,100,724,280,force_magnitude,280,0.4246575342465753,0.9898161056031846
transition1x,4,3,100,100,724,280,random,280,0.3867403314917127,0.3867403314917127
transition1x,4,3,full,276,724,280,trees_log,4,0.0273972602739726,0.00014883018974058576
transition1x,4,3,full,276,724,280,trees_raw,4,0.0410958904109589,0.00017506973230730334
transition1x,4,3,full,276,724,280,trees_physics,4,0.0136986301369863,7.93159092964175e-05
transition1x,4,3,full,276,724,280,ridge,4,0.0273972602739726,0.00011359565565003922
transition1x,4,3,full,276,724,280,mp_ridge,4,0.0273972602739726,0.00011359565565003922
transition1x,4,3,full,276,724,280,net_force,280,0.3561643835616438,0.00649115152076026
transition1x,4,3,full,276,724,280,rigid_force,280,0.3698630136986301,0.006557874632282466
transition1x,4,3,full,276,724,280,force_magnitude,280,0.4246575342465753,0.9898161056031846
transition1x,4,3,full,276,724,280,random,280,0.3867403314917127,0.3867403314917127
transition1x,4,4,10,10,724,280,trees_log,270,0.3287671232876712,0.006315123582875073
transition1x,4,4,10,10,724,280,trees_raw,270,0.3287671232876712,0.00633433451646756
transition1x,4,4,10,10,724,280,trees_physics,270,0.3150684931506849,0.006019487555545441
transition1x,4,4,10,10,724,280,ridge,270,0.3424657534246575,0.006723349741632477
transition1x,4,4,10,10,724,280,mp_ridge,270,0.3424657534246575,0.00672682645068902
transition1x,4,4,10,10,724,280,net_force,280,0.3561643835616438,0.00649115152076026
transition1x,4,4,10,10,724,280,rigid_force,280,0.3698630136986301,0.006557874632282466
transition1x,4,4,10,10,724,280,force_magnitude,280,0.4246575342465753,0.9898161056031846
transition1x,4,4,10,10,724,280,random,280,0.3867403314917127,0.3867403314917127
transition1x,4,4,20,20,724,280,trees_log,260,0.3698630136986301,0.0061991752412902225
transition1x,4,4,20,20,724,280,trees_raw,260,0.3561643835616438,0.006161148548039475
transition1x,4,4,20,20,724,280,trees_physics,260,0.3287671232876712,0.0061339593027508995
transition1x,4,4,20,20,724,280,ridge,260,0.3698630136986301,0.006948043980804358
transition1x,4,4,20,20,724,280,mp_ridge,260,0.3698630136986301,0.006960013326204582
transition1x,4,4,20,20,724,280,net_force,280,0.3561643835616438,0.00649115152076026
transition1x,4,4,20,20,724,280,rigid_force,280,0.3698630136986301,0.006557874632282466
transition1x,4,4,20,20,724,280,force_magnitude,280,0.4246575342465753,0.9898161056031846
transition1x,4,4,20,20,724,280,random,280,0.3867403314917127,0.3867403314917127
transition1x,4,4,50,50,724,280,trees_log,230,0.3835616438356164,0.005602086726641424
transition1x,4,4,50,50,724,280,trees_raw,230,0.3835616438356164,0.005594906626107149
transition1x,4,4,50,50,724,280,trees_physics,230,0.2602739726027397,0.005230304588299375
transition1x,4,4,50,50,724,280,ridge,230,0.4383561643835616,0.005652961834546274
transition1x,4,4,50,50,724,280,mp_ridge,230,0.4383561643835616,0.005643346063873403
transition1x,4,4,50,50,724,280,net_force,280,0.3561643835616438,0.00649115152076026
transition1x,4,4,50,50,724,280,rigid_force,280,0.3698630136986301,0.006557874632282466
transition1x,4,4,50,50,724,280,force_magnitude,280,0.4246575342465753,0.9898161056031846
transition1x,4,4,50,50,724,280,random,280,0.3867403314917127,0.3867403314917127
transition1x,4,4,100,100,724,280,trees_log,180,0.4383561643835616,0.004285986891923873
transition1x,4,4,100,100,724,280,trees_raw,180,0.4383561643835616,0.004231812407868426
transition1x,4,4,100,100,724,280,trees_physics,180,0.1917808219178082,0.004093112626950712
transition1x,4,4,100,100,724,280,ridge,180,0.410958904109589,0.0044575301685092425
transition1x,4,4,100,100,724,280,mp_ridge,180,0.3561643835616438,0.004447129019412777
transition1x,4,4,100,100,724,280,net_force,280,0.3561643835616438,0.00649115152076026
transition1x,4,4,100,100,724,280,rigid_force,280,0.3698630136986301,0.006557874632282466
transition1x,4,4,100,100,724,280,force_magnitude,280,0.4246575342465753,0.9898161056031846
transition1x,4,4,100,100,724,280,random,280,0.3867403314917127,0.3867403314917127
transition1x,4,4,full,276,724,280,trees_log,4,0.0273972602739726,0.00014883018974058576
transition1x,4,4,full,276,724,280,trees_raw,4,0.0410958904109589,0.00015423690455656353
transition1x,4,4,full,276,724,280,trees_physics,4,0.0136986301369863,7.93159092964175e-05
transition1x,4,4,full,276,724,280,ridge,4,0.0273972602739726,0.00011359565565003922
transition1x,4,4,full,276,724,280,mp_ridge,4,0.0273972602739726,0.00011359565565003922
transition1x,4,4,full,276,724,280,net_force,280,0.3561643835616438,0.00649115152076026
transition1x,4,4,full,276,724,280,rigid_force,280,0.3698630136986301,0.006557874632282466
transition1x,4,4,full,276,724,280,force_magnitude,280,0.4246575342465753,0.9898161056031846
transition1x,4,4,full,276,724,280,random,280,0.3867403314917127,0.3867403314917127
